# time theta_PINN velocity_PINN
0.000000000000000000e+00 3.143836259841918945e-01 -7.484728936105966568e-03
1.000000000000000021e-02 3.141524195671081543e-01 -3.874315321445465088e-02
2.000000000000000042e-02 3.136089146137237549e-01 -6.995441764593124390e-02
2.999999999999999889e-02 3.127536177635192871e-01 -1.010872945189476013e-01
4.000000000000000083e-02 3.115875124931335449e-01 -1.321108043193817139e-01
5.000000000000000278e-02 3.101118803024291992e-01 -1.629939228296279907e-01
5.999999999999999778e-02 3.083281815052032471e-01 -1.937060952186584473e-01
7.000000000000000666e-02 3.062384128570556641e-01 -2.242167443037033081e-01
8.000000000000000167e-02 3.038446605205535889e-01 -2.544956803321838379e-01
8.999999999999999667e-02 3.011493980884552002e-01 -2.845128774642944336e-01
1.000000000000000056e-01 2.981553971767425537e-01 -3.142388164997100830e-01
1.100000000000000006e-01 2.948656976222991943e-01 -3.436441123485565186e-01
1.199999999999999956e-01 2.912836372852325439e-01 -3.726997673511505127e-01
1.300000000000000044e-01 2.874129414558410645e-01 -4.013773202896118164e-01
1.400000000000000133e-01 2.832574248313903809e-01 -4.296486675739288330e-01
1.499999999999999944e-01 2.788214385509490967e-01 -4.574860334396362305e-01
1.600000000000000033e-01 2.741092741489410400e-01 -4.848622381687164307e-01
1.700000000000000122e-01 2.691257596015930176e-01 -5.117505788803100586e-01
1.799999999999999933e-01 2.638759911060333252e-01 -5.381248593330383301e-01
1.900000000000000022e-01 2.583650648593902588e-01 -5.639594793319702148e-01
2.000000000000000111e-01 2.525986731052398682e-01 -5.892292261123657227e-01
2.099999999999999922e-01 2.465824335813522339e-01 -6.139096021652221680e-01
2.200000000000000011e-01 2.403224855661392212e-01 -6.379767656326293945e-01
2.300000000000000100e-01 2.338250428438186646e-01 -6.614074707031250000e-01
2.399999999999999911e-01 2.270965576171875000e-01 -6.841791868209838867e-01
2.500000000000000000e-01 2.201437503099441528e-01 -7.062697410583496094e-01
2.600000000000000089e-01 2.129735052585601807e-01 -7.276580333709716797e-01
2.700000000000000178e-01 2.055930197238922119e-01 -7.483233809471130371e-01
2.800000000000000266e-01 1.980095356702804565e-01 -7.682459950447082520e-01
2.899999999999999800e-01 1.902306377887725830e-01 -7.874068021774291992e-01
2.999999999999999889e-01 1.822640001773834229e-01 -8.057874441146850586e-01
3.099999999999999978e-01 1.741175502538681030e-01 -8.233702182769775391e-01
3.200000000000000067e-01 1.657993048429489136e-01 -8.401386737823486328e-01
3.300000000000000155e-01 1.573175489902496338e-01 -8.560763597488403320e-01
3.400000000000000244e-01 1.486806273460388184e-01 -8.711682558059692383e-01
3.500000000000000333e-01 1.398970484733581543e-01 -8.854000568389892578e-01
3.599999999999999867e-01 1.309755146503448486e-01 -8.987580537796020508e-01
3.699999999999999956e-01 1.219248473644256592e-01 -9.112294912338256836e-01
3.800000000000000044e-01 1.127539277076721191e-01 -9.228026866912841797e-01
3.900000000000000133e-01 1.034718379378318787e-01 -9.334666728973388672e-01
4.000000000000000222e-01 9.408766031265258789e-02 -9.432110190391540527e-01
4.100000000000000311e-01 8.461069315671920776e-02 -9.520265460014343262e-01
4.199999999999999845e-01 7.505025714635848999e-02 -9.599051475524902344e-01
4.299999999999999933e-01 6.541575491428375244e-02 -9.668392539024353027e-01
4.400000000000000022e-01 5.571663752198219299e-02 -9.728219509124755859e-01
4.500000000000000111e-01 4.596249386668205261e-02 -9.778476357460021973e-01
4.600000000000000200e-01 3.616289049386978149e-02 -9.819117188453674316e-01
4.700000000000000289e-01 2.632747963070869446e-02 -9.850103259086608887e-01
4.799999999999999822e-01 1.646591909229755402e-02 -9.871402978897094727e-01
4.899999999999999911e-01 6.587907206267118454e-03 -9.882996678352355957e-01
5.000000000000000000e-01 -3.296832088381052017e-03 -9.884873032569885254e-01
5.100000000000000089e-01 -1.317860186100006104e-02 -9.877032041549682617e-01
5.200000000000000178e-01 -2.304765954613685608e-02 -9.859477281570434570e-01
5.300000000000000266e-01 -3.289431706070899963e-02 -9.832227230072021484e-01
5.400000000000000355e-01 -4.270888492465019226e-02 -9.795306324958801270e-01
5.500000000000000444e-01 -5.248172581195831299e-02 -9.748749732971191406e-01
5.600000000000000533e-01 -6.220320239663124084e-02 -9.692599177360534668e-01
5.700000000000000622e-01 -7.186374068260192871e-02 -9.626913070678710938e-01
5.799999999999999600e-01 -8.145387470722198486e-02 -9.551748037338256836e-01
5.899999999999999689e-01 -9.096411615610122681e-02 -9.467176795005798340e-01
5.999999999999999778e-01 -1.003851071000099182e-01 -9.373279213905334473e-01
6.099999999999999867e-01 -1.097075864672660828e-01 -9.270145297050476074e-01
6.199999999999999956e-01 -1.189223602414131165e-01 -9.157871603965759277e-01
6.300000000000000044e-01 -1.280203312635421753e-01 -9.036567211151123047e-01
6.400000000000000133e-01 -1.369925439357757568e-01 -8.906344771385192871e-01
6.500000000000000222e-01 -1.458300799131393433e-01 -8.767328858375549316e-01
6.600000000000000311e-01 -1.545242816209793091e-01 -8.619654774665832520e-01
6.700000000000000400e-01 -1.630665659904479980e-01 -8.463459610939025879e-01
6.800000000000000488e-01 -1.714483946561813354e-01 -8.298895359039306641e-01
6.900000000000000577e-01 -1.796616166830062866e-01 -8.126120567321777344e-01
7.000000000000000666e-01 -1.876979470252990723e-01 -7.945297360420227051e-01
7.099999999999999645e-01 -1.955495923757553101e-01 -7.756604552268981934e-01
7.199999999999999734e-01 -2.032085806131362915e-01 -7.560220360755920410e-01
7.299999999999999822e-01 -2.106675207614898682e-01 -7.356333136558532715e-01
7.399999999999999911e-01 -2.179188430309295654e-01 -7.145143747329711914e-01
7.500000000000000000e-01 -2.249554097652435303e-01 -6.926853656768798828e-01
7.600000000000000089e-01 -2.317702770233154297e-01 -6.701673865318298340e-01
7.700000000000000178e-01 -2.383565306663513184e-01 -6.469822525978088379e-01
7.800000000000000266e-01 -2.447077333927154541e-01 -6.231525540351867676e-01
7.900000000000000355e-01 -2.508175373077392578e-01 -5.987016558647155762e-01
8.000000000000000444e-01 -2.566797733306884766e-01 -5.736530423164367676e-01
8.100000000000000533e-01 -2.622886598110198975e-01 -5.480313897132873535e-01
8.200000000000000622e-01 -2.676385939121246338e-01 -5.218614935874938965e-01
8.300000000000000711e-01 -2.727241814136505127e-01 -4.951693117618560791e-01
8.399999999999999689e-01 -2.775402963161468506e-01 -4.679808020591735840e-01
8.499999999999999778e-01 -2.820822298526763916e-01 -4.403224885463714600e-01
8.599999999999999867e-01 -2.863452732563018799e-01 -4.122217595577239990e-01
8.699999999999999956e-01 -2.903252542018890381e-01 -3.837062418460845947e-01
8.800000000000000044e-01 -2.940181493759155273e-01 -3.548040688037872314e-01
8.900000000000000133e-01 -2.974201440811157227e-01 -3.255437016487121582e-01
9.000000000000000222e-01 -3.005279004573822021e-01 -2.959541082382202148e-01
9.100000000000000311e-01 -3.033382594585418701e-01 -2.660645544528961182e-01
9.200000000000000400e-01 -3.058483004570007324e-01 -2.359047234058380127e-01
9.300000000000000488e-01 -3.080555200576782227e-01 -2.055044621229171753e-01
9.400000000000000577e-01 -3.099576532840728760e-01 -1.748940348625183105e-01
9.500000000000000666e-01 -3.115528523921966553e-01 -1.441038697957992554e-01
9.599999999999999645e-01 -3.128392696380615234e-01 -1.131646111607551575e-01
9.699999999999999734e-01 -3.138157427310943604e-01 -8.210711926221847534e-02
9.799999999999999822e-01 -3.144811093807220459e-01 -5.096245929598808289e-02
9.899999999999999911e-01 -3.148347735404968262e-01 -1.976174861192703247e-02
1.000000000000000000e+00 -3.148762881755828857e-01 1.146401744335889816e-02
1.010000000000000009e+00 -3.146054744720458984e-01 4.268322512507438660e-02
1.020000000000000018e+00 -3.140227198600769043e-01 7.386482506990432739e-02
1.030000000000000027e+00 -3.131284117698669434e-01 1.049775257706642151e-01
1.040000000000000036e+00 -3.119235038757324219e-01 1.359901130199432373e-01
1.050000000000000044e+00 -3.104090392589569092e-01 1.668713241815567017e-01
1.060000000000000053e+00 -3.085866272449493408e-01 1.975902915000915527e-01
1.070000000000000062e+00 -3.064579069614410400e-01 2.281159907579421997e-01
1.080000000000000071e+00 -3.040250539779663086e-01 2.584177553653717041e-01
1.090000000000000080e+00 -3.012904226779937744e-01 2.884651422500610352e-01
1.100000000000000089e+00 -2.982566952705383301e-01 3.182278871536254883e-01
1.110000000000000098e+00 -2.949269115924835205e-01 3.476759195327758789e-01
1.120000000000000107e+00 -2.913043200969696045e-01 3.767797350883483887e-01
1.130000000000000115e+00 -2.873925566673278809e-01 4.055097699165344238e-01
1.140000000000000124e+00 -2.831954658031463623e-01 4.338373541831970215e-01
1.150000000000000133e+00 -2.787172496318817139e-01 4.617338776588439941e-01
1.159999999999999920e+00 -2.739623486995697021e-01 4.891711771488189697e-01
1.169999999999999929e+00 -2.689354717731475830e-01 5.161215066909790039e-01
1.179999999999999938e+00 -2.636416256427764893e-01 5.425578951835632324e-01
1.189999999999999947e+00 -2.580861151218414307e-01 5.684537887573242188e-01
1.199999999999999956e+00 -2.522744238376617432e-01 5.937828421592712402e-01
1.209999999999999964e+00 -2.462123930454254150e-01 6.185199022293090820e-01
1.219999999999999973e+00 -2.399061024188995361e-01 6.426398754119873047e-01
1.229999999999999982e+00 -2.333617806434631348e-01 6.661187410354614258e-01
1.239999999999999991e+00 -2.265859097242355347e-01 6.889327764511108398e-01
1.250000000000000000e+00 -2.195854187011718750e-01 7.110590934753417969e-01
1.260000000000000009e+00 -2.123671323060989380e-01 7.324756383895874023e-01
1.270000000000000018e+00 -2.049383074045181274e-01 7.531608939170837402e-01
1.280000000000000027e+00 -1.973064094781875610e-01 7.730942964553833008e-01
1.290000000000000036e+00 -1.894789934158325195e-01 7.922557592391967773e-01
1.300000000000000044e+00 -1.814639270305633545e-01 8.106264472007751465e-01
1.310000000000000053e+00 -1.732691973447799683e-01 8.281878829002380371e-01
1.320000000000000062e+00 -1.649029254913330078e-01 8.449228405952453613e-01
1.330000000000000071e+00 -1.563735008239746094e-01 8.608146309852600098e-01
1.340000000000000080e+00 -1.476895213127136230e-01 8.758472204208374023e-01
1.350000000000000089e+00 -1.388595104217529297e-01 8.900063037872314453e-01
1.360000000000000098e+00 -1.298923194408416748e-01 9.032776951789855957e-01
1.370000000000000107e+00 -1.207969337701797485e-01 9.156484007835388184e-01
1.380000000000000115e+00 -1.115824207663536072e-01 9.271066188812255859e-01
1.390000000000000124e+00 -1.022578924894332886e-01 9.376407265663146973e-01
1.400000000000000133e+00 -9.283269941806793213e-02 9.472408890724182129e-01
1.409999999999999920e+00 -8.331619203090667725e-02 9.558978080749511719e-01
1.419999999999999929e+00 -7.371791452169418335e-02 9.636029005050659180e-01
1.429999999999999938e+00 -6.404735893011093140e-02 9.703493118286132812e-01
1.439999999999999947e+00 -5.431415140628814697e-02 9.761302471160888672e-01
1.449999999999999956e+00 -4.452798515558242798e-02 9.809408187866210938e-01
1.459999999999999964e+00 -3.469857946038246155e-02 9.847764372825622559e-01
1.469999999999999973e+00 -2.483571879565715790e-02 9.876335859298706055e-01
1.479999999999999982e+00 -1.494919694960117340e-02 9.895099401473999023e-01
1.489999999999999991e+00 -5.048781633377075195e-03 9.904042482376098633e-01
1.500000000000000000e+00 4.855601582676172256e-03 9.903156757354736328e-01
1.510000000000000009e+00 1.475424505770206451e-02 9.892454147338867188e-01
1.520000000000000018e+00 2.463725768029689789e-02 9.871944189071655273e-01
1.530000000000000027e+00 3.449485823512077332e-02 9.841654300689697266e-01
1.540000000000000036e+00 4.431731626391410828e-02 9.801617860794067383e-01
1.550000000000000044e+00 5.409486591815948486e-02 9.751881361007690430e-01
1.560000000000000053e+00 6.381787359714508057e-02 9.692499041557312012e-01
1.570000000000000062e+00 7.347667962312698364e-02 9.623531699180603027e-01
1.580000000000000071e+00 8.306175470352172852e-02 9.545050263404846191e-01
1.590000000000000080e+00 9.256362915039062500e-02 9.457146525382995605e-01
1.600000000000000089e+00 1.019729375839233398e-01 9.359902143478393555e-01
1.610000000000000098e+00 1.112803444266319275e-01 9.253419637680053711e-01
1.620000000000000107e+00 1.204767301678657532e-01 9.137811064720153809e-01
1.630000000000000115e+00 1.295529603958129883e-01 9.013195037841796875e-01
1.640000000000000124e+00 1.385001391172409058e-01 8.879694938659667969e-01
1.650000000000000133e+00 1.473094671964645386e-01 8.737450242042541504e-01
1.660000000000000142e+00 1.559721827507019043e-01 8.586603403091430664e-01
1.669999999999999929e+00 1.644798368215560913e-01 8.427304625511169434e-01
1.679999999999999938e+00 1.728240400552749634e-01 8.259717822074890137e-01
1.689999999999999947e+00 1.809965819120407104e-01 8.084009289741516113e-01
1.699999999999999956e+00 1.889894157648086548e-01 7.900354266166687012e-01
1.709999999999999964e+00 1.967946887016296387e-01 7.708938717842102051e-01
1.719999999999999973e+00 2.044047713279724121e-01 7.509952783584594727e-01
1.729999999999999982e+00 2.118121236562728882e-01 7.303593754768371582e-01
1.739999999999999991e+00 2.190095335245132446e-01 7.090067267417907715e-01
1.750000000000000000e+00 2.259899526834487915e-01 6.869586110115051270e-01
1.760000000000000009e+00 2.327464520931243896e-01 6.642366051673889160e-01
1.770000000000000018e+00 2.392725050449371338e-01 6.408635377883911133e-01
1.780000000000000027e+00 2.455616593360900879e-01 6.168622970581054688e-01
1.790000000000000036e+00 2.516077458858489990e-01 5.922567248344421387e-01
1.800000000000000044e+00 2.574048638343811035e-01 5.670709609985351562e-01
1.810000000000000053e+00 2.629473209381103516e-01 5.413297414779663086e-01
1.820000000000000062e+00 2.682296633720397949e-01 5.150586962699890137e-01
1.830000000000000071e+00 2.732467651367187500e-01 4.882831871509552002e-01
1.840000000000000080e+00 2.779937684535980225e-01 4.610299766063690186e-01
1.850000000000000089e+00 2.824659049510955811e-01 4.333254694938659668e-01
1.860000000000000098e+00 2.866588830947875977e-01 4.051970243453979492e-01
1.870000000000000107e+00 2.905685305595397949e-01 3.766722083091735840e-01
1.880000000000000115e+00 2.941910624504089355e-01 3.477788865566253662e-01
1.890000000000000124e+00 2.975229620933532715e-01 3.185454010963439941e-01
1.900000000000000133e+00 3.005609214305877686e-01 2.890002727508544922e-01
1.910000000000000142e+00 3.033020198345184326e-01 2.591724991798400879e-01
1.919999999999999929e+00 3.057435452938079834e-01 2.290912717580795288e-01
1.929999999999999938e+00 3.078831136226654053e-01 1.987859606742858887e-01
1.939999999999999947e+00 3.097186386585235596e-01 1.682861894369125366e-01
1.949999999999999956e+00 3.112482726573944092e-01 1.376218050718307495e-01
1.959999999999999964e+00 3.124706149101257324e-01 1.068227142095565796e-01
1.969999999999999973e+00 3.133844137191772461e-01 7.591911405324935913e-02
1.979999999999999982e+00 3.139887452125549316e-01 4.494117200374603271e-02
1.989999999999999991e+00 3.142830431461334229e-01 1.391923800110816956e-02
2.000000000000000000e+00 3.142670989036560059e-01 -1.711638830602169037e-02
2.010000000000000231e+00 3.139407634735107422e-01 -4.813535511493682861e-02
2.020000000000000018e+00 3.133045434951782227e-01 -7.910729944705963135e-02
2.030000000000000249e+00 3.123589158058166504e-01 -1.100018993020057678e-01
2.040000000000000036e+00 3.111048638820648193e-01 -1.407889425754547119e-01
2.049999999999999822e+00 3.095435798168182373e-01 -1.714381724596023560e-01
2.060000000000000053e+00 3.076766133308410645e-01 -2.019196301698684692e-01
2.069999999999999840e+00 3.055058419704437256e-01 -2.322034388780593872e-01
2.080000000000000071e+00 3.030333220958709717e-01 -2.622598111629486084e-01
2.089999999999999858e+00 3.002614974975585938e-01 -2.920592725276947021e-01
2.100000000000000089e+00 2.971931099891662598e-01 -3.215726017951965332e-01
2.109999999999999876e+00 2.938311100006103516e-01 -3.507707417011260986e-01
2.120000000000000107e+00 2.901788353919982910e-01 -3.796249330043792725e-01
2.129999999999999893e+00 2.862398326396942139e-01 -4.081068038940429688e-01
2.140000000000000124e+00 2.820179760456085205e-01 -4.361882805824279785e-01
2.149999999999999911e+00 2.775175273418426514e-01 -4.638418257236480713e-01
2.160000000000000142e+00 2.727426588535308838e-01 -4.910398423671722412e-01
2.169999999999999929e+00 2.676983177661895752e-01 -5.177558660507202148e-01
2.180000000000000160e+00 2.623893022537231445e-01 -5.439631938934326172e-01
2.189999999999999947e+00 2.568207979202270508e-01 -5.696360468864440918e-01
2.200000000000000178e+00 2.509984374046325684e-01 -5.947489738464355469e-01
2.209999999999999964e+00 2.449277788400650024e-01 -6.192769408226013184e-01
2.220000000000000195e+00 2.386149168014526367e-01 -6.431957483291625977e-01
2.229999999999999982e+00 2.320659905672073364e-01 -6.664817333221435547e-01
2.240000000000000213e+00 2.252874672412872314e-01 -6.891117095947265625e-01
2.250000000000000000e+00 2.182860076427459717e-01 -7.110631465911865234e-01
2.260000000000000231e+00 2.110685557126998901e-01 -7.323141694068908691e-01
2.270000000000000018e+00 2.036421447992324829e-01 -7.528435587882995605e-01
2.280000000000000249e+00 1.960141509771347046e-01 -7.726309895515441895e-01
2.290000000000000036e+00 1.881920695304870605e-01 -7.916564941406250000e-01
2.300000000000000266e+00 1.801836192607879639e-01 -8.099011778831481934e-01
2.310000000000000053e+00 1.719967275857925415e-01 -8.273467421531677246e-01
2.319999999999999840e+00 1.636393964290618896e-01 -8.439758419990539551e-01
2.330000000000000071e+00 1.551199853420257568e-01 -8.597717285156250000e-01
2.339999999999999858e+00 1.464468389749526978e-01 -8.747187256813049316e-01
2.350000000000000089e+00 1.376284956932067871e-01 -8.888014554977416992e-01
2.359999999999999876e+00 1.286737024784088135e-01 -9.020058512687683105e-01
2.370000000000000107e+00 1.195913404226303101e-01 -9.143186211585998535e-01
2.379999999999999893e+00 1.103903502225875854e-01 -9.257274866104125977e-01
2.390000000000000124e+00 1.010798588395118713e-01 -9.362209439277648926e-01
2.399999999999999911e+00 9.166903048753738403e-02 -9.457883834838867188e-01
2.410000000000000142e+00 8.216720074415206909e-02 -9.544197916984558105e-01
2.419999999999999929e+00 7.258377224206924438e-02 -9.621068239212036133e-01
2.430000000000000160e+00 6.292824447154998779e-02 -9.688415527343750000e-01
2.439999999999999947e+00 5.321014299988746643e-02 -9.746170639991760254e-01
2.450000000000000178e+00 4.343910887837409973e-02 -9.794273972511291504e-01
2.459999999999999964e+00 3.362482413649559021e-02 -9.832677245140075684e-01
2.470000000000000195e+00 2.377700619399547577e-02 -9.861341714859008789e-01
2.479999999999999982e+00 1.390540320426225662e-02 -9.880235791206359863e-01
2.490000000000000213e+00 4.019796848297119141e-03 -9.889339804649353027e-01
2.500000000000000000e+00 -5.870006978511810303e-03 -9.888643026351928711e-01
2.510000000000000231e+00 -1.575422659516334534e-02 -9.878150224685668945e-01
2.520000000000000018e+00 -2.562304027378559113e-02 -9.857864975929260254e-01
2.530000000000000249e+00 -3.546669706702232361e-02 -9.827808141708374023e-01
2.540000000000000036e+00 -4.527540504932403564e-02 -9.788009524345397949e-01
2.550000000000000266e+00 -5.503948777914047241e-02 -9.738510251045227051e-01
2.560000000000000053e+00 -6.474922597408294678e-02 -9.679355025291442871e-01
2.569999999999999840e+00 -7.439499348402023315e-02 -9.610608220100402832e-01
2.580000000000000071e+00 -8.396726846694946289e-02 -9.532333612442016602e-01
2.589999999999999858e+00 -9.345652163028717041e-02 -9.444609880447387695e-01
2.600000000000000089e+00 -1.028533577919006348e-01 -9.347525238990783691e-01
2.609999999999999876e+00 -1.121484711766242981e-01 -9.241177439689636230e-01
2.620000000000000107e+00 -1.213326603174209595e-01 -9.125670790672302246e-01
2.629999999999999893e+00 -1.303967833518981934e-01 -9.001122117042541504e-01
2.640000000000000124e+00 -1.393319517374038696e-01 -8.867654800415039062e-01
2.649999999999999911e+00 -1.481291651725769043e-01 -8.725402355194091797e-01
2.660000000000000142e+00 -1.567798703908920288e-01 -8.574509620666503906e-01
2.669999999999999929e+00 -1.652754098176956177e-01 -8.415125012397766113e-01
2.680000000000000160e+00 -1.736073046922683716e-01 -8.247408270835876465e-01
2.689999999999999947e+00 -1.817674934864044189e-01 -8.071526885032653809e-01
2.700000000000000178e+00 -1.897477060556411743e-01 -7.887658476829528809e-01
2.709999999999999964e+00 -1.975402086973190308e-01 -7.695986628532409668e-01
2.720000000000000195e+00 -2.051371335983276367e-01 -7.496702671051025391e-01
2.729999999999999982e+00 -2.125311493873596191e-01 -7.290003895759582520e-01
2.740000000000000213e+00 -2.197147607803344727e-01 -7.076100111007690430e-01
2.750000000000000000e+00 -2.266809791326522827e-01 -6.855204701423645020e-01
2.760000000000000231e+00 -2.334229499101638794e-01 -6.627535820007324219e-01
2.770000000000000018e+00 -2.399338781833648682e-01 -6.393322348594665527e-01
2.780000000000000249e+00 -2.462074607610702515e-01 -6.152799129486083984e-01
2.790000000000000036e+00 -2.522374391555786133e-01 -5.906205773353576660e-01
2.800000000000000266e+00 -2.580179274082183838e-01 -5.653786063194274902e-01
2.810000000000000053e+00 -2.635431587696075439e-01 -5.395795106887817383e-01
2.819999999999999840e+00 -2.688077390193939209e-01 -5.132486224174499512e-01
2.830000000000000071e+00 -2.738064527511596680e-01 -4.864125251770019531e-01
2.839999999999999858e+00 -2.785343825817108154e-01 -4.590978026390075684e-01
2.850000000000000089e+00 -2.829869389533996582e-01 -4.313314855098724365e-01
2.859999999999999876e+00 -2.871595919132232666e-01 -4.031412601470947266e-01
2.870000000000000107e+00 -2.910484075546264648e-01 -3.745552003383636475e-01
2.879999999999999893e+00 -2.946495115756988525e-01 -3.456016778945922852e-01
2.890000000000000124e+00 -2.979592680931091309e-01 -3.163093626499176025e-01
2.899999999999999911e+00 -3.009746670722961426e-01 -2.867073416709899902e-01
2.910000000000000142e+00 -3.036925196647644043e-01 -2.568249404430389404e-01
2.919999999999999929e+00 -3.061103224754333496e-01 -2.266918569803237915e-01
2.930000000000000160e+00 -3.082256317138671875e-01 -1.963378190994262695e-01
2.939999999999999947e+00 -3.100364208221435547e-01 -1.657928824424743652e-01
2.950000000000000178e+00 -3.115409910678863525e-01 -1.350872516632080078e-01
2.959999999999999964e+00 -3.127377033233642578e-01 -1.042512655258178711e-01
2.970000000000000195e+00 -3.136256337165832520e-01 -7.331536710262298584e-02
2.979999999999999982e+00 -3.142037987709045410e-01 -4.231014102697372437e-02
2.990000000000000213e+00 -3.144717216491699219e-01 -1.126618776470422745e-02
3.000000000000000000e+00 -3.144291341304779053e-01 1.978610083460807800e-02
3.010000000000000231e+00 -3.140760064125061035e-01 5.081577599048614502e-02
3.020000000000000018e+00 -3.134129643440246582e-01 8.179250359535217285e-02
3.030000000000000249e+00 -3.124404549598693848e-01 1.126857846975326538e-01
3.040000000000000036e+00 -3.111596405506134033e-01 1.434652060270309448e-01
3.050000000000000266e+00 -3.095716536045074463e-01 1.741004437208175659e-01
3.060000000000000053e+00 -3.076781928539276123e-01 2.045614868402481079e-01
3.070000000000000284e+00 -3.054811060428619385e-01 2.348183244466781616e-01
3.080000000000000071e+00 -3.029825985431671143e-01 2.648411989212036133e-01
3.089999999999999858e+00 -3.001851737499237061e-01 2.946007847785949707e-01
3.100000000000000089e+00 -2.970915734767913818e-01 3.240677416324615479e-01
3.109999999999999876e+00 -2.937049269676208496e-01 3.532132506370544434e-01
3.120000000000000107e+00 -2.900284528732299805e-01 3.820087313652038574e-01
3.129999999999999893e+00 -2.860659956932067871e-01 4.104257225990295410e-01
3.140000000000000124e+00 -2.818213403224945068e-01 4.384368062019348145e-01
3.149999999999999911e+00 -2.772986888885498047e-01 4.660141468048095703e-01
3.160000000000000142e+00 -2.725025713443756104e-01 4.931310415267944336e-01
3.169999999999999929e+00 -2.674376964569091797e-01 5.197604894638061523e-01
3.180000000000000160e+00 -2.621090412139892578e-01 5.458766818046569824e-01
3.189999999999999947e+00 -2.565219104290008545e-01 5.714541673660278320e-01
3.200000000000000178e+00 -2.506818771362304688e-01 5.964674949645996094e-01
3.209999999999999964e+00 -2.445945739746093750e-01 6.208925247192382812e-01
3.220000000000000195e+00 -2.382660806179046631e-01 6.447051763534545898e-01
3.229999999999999982e+00 -2.317025810480117798e-01 6.678821444511413574e-01
3.240000000000000213e+00 -2.249106168746948242e-01 6.904007196426391602e-01
3.250000000000000000e+00 -2.178968191146850586e-01 7.122386097908020020e-01
3.260000000000000231e+00 -2.106682062149047852e-01 7.333748340606689453e-01
3.270000000000000018e+00 -2.032317072153091431e-01 7.537882328033447266e-01
3.280000000000000249e+00 -1.955948919057846069e-01 7.734590768814086914e-01
3.290000000000000036e+00 -1.877651214599609375e-01 7.923679351806640625e-01
3.300000000000000266e+00 -1.797501295804977417e-01 8.104962706565856934e-01
3.310000000000000053e+00 -1.715578734874725342e-01 8.278261423110961914e-01
3.320000000000000284e+00 -1.631963402032852173e-01 8.443408012390136719e-01
3.330000000000000071e+00 -1.546737849712371826e-01 8.600237965583801270e-01
3.339999999999999858e+00 -1.459986865520477295e-01 8.748595714569091797e-01
3.350000000000000089e+00 -1.371794939041137695e-01 8.888337612152099609e-01
3.359999999999999876e+00 -1.282249093055725098e-01 9.019321799278259277e-01
3.370000000000000107e+00 -1.191438063979148865e-01 9.141422510147094727e-01
3.379999999999999893e+00 -1.099450811743736267e-01 9.254521131515502930e-01
3.390000000000000124e+00 -1.006378158926963806e-01 9.358500838279724121e-01
3.399999999999999911e+00 -9.123115241527557373e-02 9.453258514404296875e-01
3.410000000000000142e+00 -8.173436671495437622e-02 9.538704156875610352e-01
3.419999999999999929e+00 -7.215686887502670288e-02 9.614748954772949219e-01
3.430000000000000160e+00 -6.250804662704467773e-02 9.681316018104553223e-01
3.439999999999999947e+00 -5.279742926359176636e-02 9.738343358039855957e-01
3.450000000000000178e+00 -4.303456470370292664e-02 9.785770177841186523e-01
3.459999999999999964e+00 -3.322910517454147339e-02 9.823547601699829102e-01
3.470000000000000195e+00 -2.339069545269012451e-02 9.851640462875366211e-01
3.479999999999999982e+00 -1.352907530963420868e-02 9.870016574859619141e-01
3.490000000000000213e+00 -3.653897671028971672e-03 9.878656864166259766e-01
3.500000000000000000e+00 6.224982906132936478e-03 9.877550601959228516e-01
3.510000000000000231e+00 1.609794050455093384e-02 9.866700172424316406e-01
3.520000000000000018e+00 2.595515362918376923e-02 9.846113324165344238e-01
3.530000000000000249e+00 3.578691557049751282e-02 9.815802574157714844e-01
3.540000000000000036e+00 4.558353126049041748e-02 9.775806665420532227e-01
3.550000000000000266e+00 5.533530563116073608e-02 9.726154804229736328e-01
3.560000000000000053e+00 6.503263860940933228e-02 9.666899442672729492e-01
3.570000000000000284e+00 7.466593384742736816e-02 9.598093628883361816e-01
3.580000000000000071e+00 8.422566205263137817e-02 9.519805312156677246e-01
3.589999999999999858e+00 9.370239078998565674e-02 9.432111382484436035e-01
3.600000000000000089e+00 1.030867770314216614e-01 9.335094690322875977e-01
3.609999999999999876e+00 1.123695075511932373e-01 9.228848218917846680e-01
3.620000000000000107e+00 1.215414255857467651e-01 9.113477468490600586e-01
3.629999999999999893e+00 1.305934637784957886e-01 8.989094495773315430e-01
3.640000000000000124e+00 1.395166516304016113e-01 8.855820894241333008e-01
3.649999999999999911e+00 1.483022123575210571e-01 8.713788986206054688e-01
3.660000000000000142e+00 1.569413393735885620e-01 8.563133478164672852e-01
3.669999999999999929e+00 1.654256284236907959e-01 8.404003977775573730e-01
3.680000000000000160e+00 1.737465858459472656e-01 8.236557245254516602e-01
3.689999999999999947e+00 1.818960309028625488e-01 8.060955405235290527e-01
3.700000000000000178e+00 1.898658573627471924e-01 7.877373099327087402e-01
3.709999999999999964e+00 1.976481825113296509e-01 7.685992717742919922e-01
3.720000000000000195e+00 2.052353024482727051e-01 7.486999630928039551e-01
3.729999999999999982e+00 2.126196771860122681e-01 7.280589938163757324e-01
3.740000000000000213e+00 2.197940349578857422e-01 7.066970467567443848e-01
3.750000000000000000e+00 2.267512828111648560e-01 6.846349239349365234e-01
3.760000000000000231e+00 2.334844917058944702e-01 6.618945002555847168e-01
3.770000000000000018e+00 2.399870008230209351e-01 6.384982466697692871e-01
3.780000000000000249e+00 2.462523579597473145e-01 6.144692301750183105e-01
3.790000000000000036e+00 2.522743642330169678e-01 5.898313522338867188e-01
3.800000000000000266e+00 2.580470740795135498e-01 5.646089911460876465e-01
3.810000000000000053e+00 2.635646760463714600e-01 5.388270020484924316e-01
3.820000000000000284e+00 2.688218057155609131e-01 5.125111341476440430e-01
3.830000000000000071e+00 2.738131880760192871e-01 4.856871366500854492e-01
3.839999999999999858e+00 2.785339653491973877e-01 4.583820104598999023e-01
3.850000000000000089e+00 2.829793393611907959e-01 4.306225478649139404e-01
3.859999999999999876e+00 2.871449589729309082e-01 4.024363756179809570e-01
3.870000000000000107e+00 2.910267114639282227e-01 3.738515675067901611e-01
3.879999999999999893e+00 2.946207523345947266e-01 3.448963165283203125e-01
3.890000000000000124e+00 2.979235053062438965e-01 3.155994713306427002e-01
3.899999999999999911e+00 3.009316921234130859e-01 2.859901189804077148e-01
3.910000000000000142e+00 3.036423921585083008e-01 2.560976147651672363e-01
3.919999999999999929e+00 3.060528039932250977e-01 2.259516716003417969e-01
3.930000000000000160e+00 3.081606924533843994e-01 1.955823004245758057e-01
3.939999999999999947e+00 3.099638223648071289e-01 1.650195866823196411e-01
3.950000000000000178e+00 3.114604949951171875e-01 1.342938542366027832e-01
3.959999999999999964e+00 3.126492500305175781e-01 1.034356057643890381e-01
3.970000000000000195e+00 3.135288953781127930e-01 7.247557491064071655e-02
3.979999999999999982e+00 3.140985369682312012e-01 4.144443571567535400e-02
3.990000000000000213e+00 3.143576383590698242e-01 1.037306617945432663e-02
4.000000000000000000e+00 3.143059611320495605e-01 -2.070773579180240631e-02
4.009999999999999787e+00 3.139435350894927979e-01 -5.176712572574615479e-02
4.020000000000000462e+00 3.132707774639129639e-01 -8.277427405118942261e-02
4.030000000000000249e+00 3.122883439064025879e-01 -1.136984452605247498e-01
4.040000000000000036e+00 3.109972178936004639e-01 -1.445089280605316162e-01
4.049999999999999822e+00 3.093986213207244873e-01 -1.751751601696014404e-01
4.060000000000000497e+00 3.074942827224731445e-01 -2.056667655706405640e-01
4.070000000000000284e+00 3.052859902381896973e-01 -2.359535545110702515e-01
4.080000000000000071e+00 3.027759790420532227e-01 -2.660055160522460938e-01
4.089999999999999858e+00 2.999667525291442871e-01 -2.957928180694580078e-01
4.099999999999999645e+00 2.968611121177673340e-01 -3.252860903739929199e-01
4.110000000000000320e+00 2.934621572494506836e-01 -3.544560074806213379e-01
4.120000000000000107e+00 2.897731661796569824e-01 -3.832738101482391357e-01
4.129999999999999893e+00 2.857979238033294678e-01 -4.117110669612884521e-01
4.139999999999999680e+00 2.815402746200561523e-01 -4.397395849227905273e-01
4.150000000000000355e+00 2.770045697689056396e-01 -4.673315286636352539e-01
4.160000000000000142e+00 2.721951901912689209e-01 -4.944599866867065430e-01
4.169999999999999929e+00 2.671170234680175781e-01 -5.210980176925659180e-01
4.179999999999999716e+00 2.617749571800231934e-01 -5.472193956375122070e-01
4.190000000000000391e+00 2.561743855476379395e-01 -5.727982521057128906e-01
4.200000000000000178e+00 2.503209114074707031e-01 -5.978094339370727539e-01
4.209999999999999964e+00 2.442201822996139526e-01 -6.222283244132995605e-01
4.219999999999999751e+00 2.378783673048019409e-01 -6.460307836532592773e-01
4.230000000000000426e+00 2.313017100095748901e-01 -6.691936254501342773e-01
4.240000000000000213e+00 2.244967520236968994e-01 -6.916940212249755859e-01
4.250000000000000000e+00 2.174701392650604248e-01 -7.135096788406372070e-01
4.259999999999999787e+00 2.102288752794265747e-01 -7.346194386482238770e-01
4.270000000000000462e+00 2.027801573276519775e-01 -7.550022006034851074e-01
4.280000000000000249e+00 1.951313316822052002e-01 -7.746384143829345703e-01
4.290000000000000036e+00 1.872899681329727173e-01 -7.935084104537963867e-01
4.299999999999999822e+00 1.792637705802917480e-01 -8.115939497947692871e-01
4.310000000000000497e+00 1.710607558488845825e-01 -8.288772106170654297e-01
4.320000000000000284e+00 1.626889556646347046e-01 -8.453415632247924805e-01
4.330000000000000071e+00 1.541567146778106689e-01 -8.609705567359924316e-01
4.339999999999999858e+00 1.454723775386810303e-01 -8.757491111755371094e-01
4.350000000000000533e+00 1.366446167230606079e-01 -8.896628618240356445e-01
4.360000000000000320e+00 1.276820749044418335e-01 -9.026979207992553711e-01
4.370000000000000107e+00 1.185936257243156433e-01 -9.148415923118591309e-01
4.379999999999999893e+00 1.093882396817207336e-01 -9.260823130607604980e-01
4.389999999999999680e+00 1.000750511884689331e-01 -9.364090561866760254e-01
4.400000000000000355e+00 9.066315740346908569e-02 -9.458115696907043457e-01
4.410000000000000142e+00 8.116190880537033081e-02 -9.542809128761291504e-01
4.419999999999999929e+00 7.158067077398300171e-02 -9.618089795112609863e-01
4.429999999999999716e+00 6.192889809608459473e-02 -9.683883786201477051e-01
4.440000000000000391e+00 5.221608653664588928e-02 -9.740122556686401367e-01
4.450000000000000178e+00 4.245185106992721558e-02 -9.786758422851562500e-01
4.459999999999999964e+00 3.264579176902770996e-02 -9.823743104934692383e-01
4.469999999999999751e+00 2.280759438872337341e-02 -9.851040840148925781e-01
4.480000000000000426e+00 1.294694747775793076e-02 -9.868628382682800293e-01
4.490000000000000213e+00 3.073580097407102585e-03 -9.876484870910644531e-01
4.500000000000000000e+00 -6.802772171795368195e-03 -9.874606132507324219e-01
4.509999999999999787e+00 -1.667238958179950714e-02 -9.862995743751525879e-01
4.520000000000000462e+00 -2.652552165091037750e-02 -9.841662645339965820e-01
4.530000000000000249e+00 -3.635247051715850830e-02 -9.810628890991210938e-01
4.540000000000000036e+00 -4.614354670047760010e-02 -9.769923686981201172e-01
4.549999999999999822e+00 -5.588912218809127808e-02 -9.719593524932861328e-01
4.560000000000000497e+00 -6.557955592870712280e-02 -9.659679532051086426e-01
4.570000000000000284e+00 -7.520530372858047485e-02 -9.590247869491577148e-01
4.580000000000000071e+00 -8.475691080093383789e-02 -9.511364698410034180e-01
4.589999999999999858e+00 -9.422491490840911865e-02 -9.423104524612426758e-01
4.600000000000000533e+00 -1.036000102758407593e-01 -9.325559139251708984e-01
4.610000000000000320e+00 -1.128729581832885742e-01 -9.218817949295043945e-01
4.620000000000000107e+00 -1.220346391201019287e-01 -9.102993011474609375e-01
4.629999999999999893e+00 -1.310759782791137695e-01 -8.978192210197448730e-01
4.639999999999999680e+00 -1.399880796670913696e-01 -8.844540715217590332e-01
4.650000000000000355e+00 -1.487621366977691650e-01 -8.702166676521301270e-01
4.660000000000000142e+00 -1.573895364999771118e-01 -8.551213741302490234e-01
4.669999999999999929e+00 -1.658617556095123291e-01 -8.391826748847961426e-01
4.679999999999999716e+00 -1.741703897714614868e-01 -8.224161863327026367e-01
4.690000000000000391e+00 -1.823073923587799072e-01 -8.048386573791503906e-01
4.700000000000000178e+00 -1.902645081281661987e-01 -7.864668965339660645e-01
4.709999999999999964e+00 -1.980341076850891113e-01 -7.673192024230957031e-01
4.719999999999999751e+00 -2.056083977222442627e-01 -7.474143505096435547e-01
4.730000000000000426e+00 -2.129799574613571167e-01 -7.267715930938720703e-01
4.740000000000000213e+00 -2.201414555311203003e-01 -7.054114937782287598e-01
4.750000000000000000e+00 -2.270858585834503174e-01 -6.833548545837402344e-01
4.759999999999999787e+00 -2.338063120841979980e-01 -6.606232523918151855e-01
4.770000000000000462e+00 -2.402961105108261108e-01 -6.372391581535339355e-01
4.780000000000000249e+00 -2.465489953756332397e-01 -6.132253408432006836e-01
4.790000000000000036e+00 -2.525586187839508057e-01 -5.886055231094360352e-01
4.799999999999999822e+00 -2.583191394805908203e-01 -5.634037256240844727e-01
4.810000000000000497e+00 -2.638248503208160400e-01 -5.376449823379516602e-01
4.820000000000000284e+00 -2.690702676773071289e-01 -5.113543868064880371e-01
4.830000000000000071e+00 -2.740502655506134033e-01 -4.845578372478485107e-01
4.839999999999999858e+00 -2.787598371505737305e-01 -4.572817683219909668e-01
4.850000000000000533e+00 -2.831943631172180176e-01 -4.295529723167419434e-01
4.860000000000000320e+00 -2.873494625091552734e-01 -4.013985693454742432e-01
4.870000000000000107e+00 -2.912209928035736084e-01 -3.728465139865875244e-01
4.879999999999999893e+00 -2.948051989078521729e-01 -3.439248800277709961e-01
4.889999999999999680e+00 -2.980983555316925049e-01 -3.146620690822601318e-01
4.900000000000000355e+00 -3.010973632335662842e-01 -2.850870192050933838e-01
4.910000000000000142e+00 -3.037991523742675781e-01 -2.552287876605987549e-01
4.919999999999999929e+00 -3.062011301517486572e-01 -2.251169681549072266e-01
4.929999999999999716e+00 -3.083007633686065674e-01 -1.947811096906661987e-01
4.940000000000000391e+00 -3.100960254669189453e-01 -1.642512828111648560e-01
4.950000000000000178e+00 -3.115852475166320801e-01 -1.335576027631759644e-01
4.959999999999999964e+00 -3.127667605876922607e-01 -1.027303040027618408e-01
4.969999999999999751e+00 -3.136395215988159180e-01 -7.179991155862808228e-02
4.980000000000000426e+00 -3.142025172710418701e-01 -4.079702123999595642e-02
4.990000000000000213e+00 -3.144553005695343018e-01 -9.752304293215274811e-03
5.000000000000000000e+00 -3.143976032733917236e-01 2.130375616252422333e-02
5.009999999999999787e+00 -3.140292465686798096e-01 5.234007537364959717e-02
5.020000000000000462e+00 -3.133509159088134766e-01 8.332619071006774902e-02
5.030000000000000249e+00 -3.123629689216613770e-01 1.142313778400421143e-01
5.040000000000000036e+00 -3.110666573047637939e-01 1.450250744819641113e-01
5.049999999999999822e+00 -3.094629943370819092e-01 1.756766736507415771e-01
5.060000000000000497e+00 -3.075537085533142090e-01 2.061559557914733887e-01
5.070000000000000284e+00 -3.053405582904815674e-01 2.364325672388076782e-01
5.080000000000000071e+00 -3.028258085250854492e-01 2.664766013622283936e-01
5.089999999999999858e+00 -3.000119328498840332e-01 2.962583005428314209e-01
5.100000000000000533e+00 -2.969016134738922119e-01 3.257480859756469727e-01
5.110000000000000320e+00 -2.934980392456054688e-01 3.549166917800903320e-01
5.120000000000000107e+00 -2.898043990135192871e-01 3.837353587150573730e-01
5.129999999999999893e+00 -2.858246266841888428e-01 4.121751785278320312e-01
5.139999999999999680e+00 -2.815623283386230469e-01 4.402083754539489746e-01
5.150000000000000355e+00 -2.770218849182128906e-01 4.678068757057189941e-01
5.160000000000000142e+00 -2.722077369689941406e-01 4.949434995651245117e-01
5.169999999999999929e+00 -2.671246230602264404e-01 5.215910077095031738e-01
5.179999999999999716e+00 -2.617775797843933105e-01 5.477232336997985840e-01
5.190000000000000391e+00 -2.561719715595245361e-01 5.733142495155334473e-01
5.200000000000000178e+00 -2.503132224082946777e-01 5.983384847640991211e-01
5.209999999999999964e+00 -2.442071288824081421e-01 6.227713823318481445e-01
5.219999999999999751e+00 -2.378598749637603760e-01 6.465885639190673828e-01
5.230000000000000426e+00 -2.312775403261184692e-01 6.697664856910705566e-01
5.240000000000000213e+00 -2.244666963815689087e-01 6.922821402549743652e-01
5.250000000000000000e+00 -2.174341529607772827e-01 7.141131758689880371e-01
5.259999999999999787e+00 -2.101868093013763428e-01 7.352381348609924316e-01
5.270000000000000462e+00 -2.027317881584167480e-01 7.556359767913818359e-01
5.280000000000000249e+00 -1.950765848159790039e-01 7.752863764762878418e-01
5.290000000000000036e+00 -1.872286498546600342e-01 7.941702008247375488e-01
5.299999999999999822e+00 -1.791957914829254150e-01 8.122685551643371582e-01
5.310000000000000497e+00 -1.709859669208526611e-01 8.295635581016540527e-01
5.320000000000000284e+00 -1.626072525978088379e-01 8.460382819175720215e-01
5.330000000000000071e+00 -1.540679782629013062e-01 8.616763353347778320e-01
5.339999999999999858e+00 -1.453765928745269775e-01 8.764619827270507812e-01
5.350000000000000533e+00 -1.365416496992111206e-01 8.903812170028686523e-01
5.360000000000000320e+00 -1.275718659162521362e-01 9.034199714660644531e-01
5.370000000000000107e+00 -1.184761896729469299e-01 9.155654907226562500e-01
5.379999999999999893e+00 -1.092635989189147949e-01 9.268058538436889648e-01
5.389999999999999680e+00 -9.994314610958099365e-02 9.371299743652343750e-01
5.400000000000000355e+00 -9.052408486604690552e-02 9.465275406837463379e-01
5.410000000000000142e+00 -8.101569116115570068e-02 9.549897909164428711e-01
5.419999999999999929e+00 -7.142742723226547241e-02 9.625080823898315430e-01
5.429999999999999716e+00 -6.176872551441192627e-02 9.690751433372497559e-01
5.440000000000000391e+00 -5.204912647604942322e-02 9.746847152709960938e-01
5.450000000000000178e+00 -4.227824136614799500e-02 9.793312549591064453e-01
5.459999999999999964e+00 -3.246572613716125488e-02 9.830101132392883301e-01
5.469999999999999751e+00 -2.262127585709095001e-02 9.857181310653686523e-01
5.480000000000000426e+00 -1.275462564080953598e-02 9.874525070190429688e-01
5.490000000000000213e+00 -2.875463338568806648e-03 9.882118105888366699e-01
5.500000000000000000e+00 7.006349973380565643e-03 9.879952073097229004e-01
5.509999999999999787e+00 1.688117347657680511e-02 9.868031144142150879e-01
5.520000000000000462e+00 2.673918381333351135e-02 9.846369624137878418e-01
5.530000000000000249e+00 3.657066449522972107e-02 9.814988970756530762e-01
5.540000000000000036e+00 4.636593163013458252e-02 9.773921370506286621e-01
5.549999999999999822e+00 5.611529573798179626e-02 9.723209738731384277e-01
5.560000000000000497e+00 6.580915302038192749e-02 9.662904143333435059e-01
5.570000000000000284e+00 7.543794065713882446e-02 9.593064188957214355e-01
5.580000000000000071e+00 8.499213308095932007e-02 9.513760209083557129e-01
5.589999999999999858e+00 9.446230530738830566e-02 9.425078034400939941e-01
5.600000000000000533e+00 1.038391813635826111e-01 9.327099323272705078e-01
5.610000000000000320e+00 1.131134629249572754e-01 9.219922423362731934e-01
5.620000000000000107e+00 1.222759857773780823e-01 9.103655219078063965e-01
5.629999999999999893e+00 1.313177794218063354e-01 8.978413939476013184e-01
5.639999999999999680e+00 1.402298808097839355e-01 8.844323754310607910e-01
5.650000000000000355e+00 1.490035206079483032e-01 8.701516389846801758e-01
5.660000000000000142e+00 1.576300412416458130e-01 8.550133705139160156e-01
5.669999999999999929e+00 1.661009788513183594e-01 8.390327692031860352e-01
5.679999999999999716e+00 1.744079589843750000e-01 8.222251534461975098e-01
5.690000000000000391e+00 1.825427860021591187e-01 8.046078681945800781e-01
5.700000000000000178e+00 1.904974877834320068e-01 7.861976623535156250e-01
5.709999999999999964e+00 1.982641518115997314e-01 7.670133709907531738e-01
5.719999999999999751e+00 2.058352231979370117e-01 7.470734119415283203e-01
5.730000000000000426e+00 2.132031470537185669e-01 7.263976335525512695e-01
5.740000000000000213e+00 2.203607410192489624e-01 7.050066590309143066e-01
5.750000000000000000e+00 2.273009717464447021e-01 6.829215288162231445e-01
5.759999999999999787e+00 2.340169101953506470e-01 6.601636409759521484e-01
5.770000000000000462e+00 2.405020892620086670e-01 6.367558836936950684e-01
5.780000000000000249e+00 2.467499971389770508e-01 6.127209663391113281e-01
5.790000000000000036e+00 2.527545094490051270e-01 5.880830287933349609e-01
5.799999999999999822e+00 2.585096955299377441e-01 5.628659129142761230e-01
5.810000000000000497e+00 2.640099525451660156e-01 5.370945334434509277e-01
5.820000000000000284e+00 2.692498564720153809e-01 5.107944011688232422e-01
5.830000000000000071e+00 2.742241919040679932e-01 4.839910864830017090e-01
5.839999999999999858e+00 2.789281308650970459e-01 4.567114114761352539e-01
5.850000000000000533e+00 2.833568751811981201e-01 4.289818108081817627e-01
5.860000000000000320e+00 2.875063419342041016e-01 4.008297622203826904e-01
5.870000000000000107e+00 2.913721799850463867e-01 3.722829520702362061e-01
5.879999999999999893e+00 2.949507534503936768e-01 3.433693647384643555e-01
5.889999999999999680e+00 2.982384562492370605e-01 3.141174316406250000e-01
5.900000000000000355e+00 3.012320399284362793e-01 2.845559120178222656e-01
5.910000000000000142e+00 3.039286434650421143e-01 2.547138333320617676e-01
5.919999999999999929e+00 3.063254952430725098e-01 2.246206700801849365e-01
5.929999999999999716e+00 3.084203004837036133e-01 1.943059414625167847e-01
5.940000000000000391e+00 3.102109730243682861e-01 1.637993752956390381e-01
5.950000000000000178e+00 3.116957545280456543e-01 1.331310421228408813e-01
5.959999999999999964e+00 3.128731846809387207e-01 1.023309901356697083e-01
5.969999999999999751e+00 3.137420713901519775e-01 7.142961025238037109e-02
5.980000000000000426e+00 3.143015205860137939e-01 4.045723378658294678e-02
5.990000000000000213e+00 3.145510554313659668e-01 9.444378316402435303e-03
6.000000000000000000e+00 3.144903481006622314e-01 -2.157849073410034180e-02
6.009999999999999787e+00 3.141195476055145264e-01 -5.258086323738098145e-02
6.020000000000000462e+00 3.134389221668243408e-01 -8.353223651647567749e-02
6.030000000000000249e+00 3.124491572380065918e-01 -1.144021674990653992e-01
6.040000000000000036e+00 3.111512362957000732e-01 -1.451602280139923096e-01
6.049999999999999822e+00 3.095464110374450684e-01 -1.757761389017105103e-01
6.060000000000000497e+00 3.076362907886505127e-01 -2.062198221683502197e-01
6.070000000000000284e+00 3.054227232933044434e-01 -2.364612072706222534e-01
6.080000000000000071e+00 3.029078543186187744e-01 -2.664705812931060791e-01
6.089999999999999858e+00 3.000941574573516846e-01 -2.962183058261871338e-01
6.100000000000000533e+00 2.969844639301300049e-01 -3.256751000881195068e-01
6.110000000000000320e+00 2.935817539691925049e-01 -3.548119664192199707e-01
6.120000000000000107e+00 2.898893654346466064e-01 -3.836000263690948486e-01
6.129999999999999893e+00 2.859109938144683838e-01 -4.120109677314758301e-01
6.140000000000000568e+00 2.816504836082458496e-01 -4.400167763233184814e-01
6.150000000000000355e+00 2.771120667457580566e-01 -4.675897955894470215e-01
6.160000000000000142e+00 2.723001837730407715e-01 -4.947027564048767090e-01
6.169999999999999929e+00 2.672196328639984131e-01 -5.213289260864257812e-01
6.179999999999999716e+00 2.618753910064697266e-01 -5.474420785903930664e-01
6.190000000000000391e+00 2.562725841999053955e-01 -5.730162262916564941e-01
6.200000000000000178e+00 2.504169046878814697e-01 -5.980261564254760742e-01
6.209999999999999964e+00 2.443140298128128052e-01 -6.224471330642700195e-01
6.219999999999999751e+00 2.379700094461441040e-01 -6.462549567222595215e-01
6.230000000000000426e+00 2.313910573720932007e-01 -6.694262623786926270e-01
6.240000000000000213e+00 2.245837152004241943e-01 -6.919378638267517090e-01
6.250000000000000000e+00 2.175545841455459595e-01 -7.137675881385803223e-01
6.259999999999999787e+00 2.103106826543807983e-01 -7.348938584327697754e-01
6.270000000000000462e+00 2.028591185808181763e-01 -7.552955150604248047e-01
6.280000000000000249e+00 1.952072679996490479e-01 -7.749525904655456543e-01
6.290000000000000036e+00 1.873626261949539185e-01 -7.938454151153564453e-01
6.299999999999999822e+00 1.793329715728759766e-01 -8.119553327560424805e-01
6.310000000000000497e+00 1.711262017488479614e-01 -8.292643427848815918e-01
6.320000000000000284e+00 1.627503931522369385e-01 -8.457553386688232422e-01
6.330000000000000071e+00 1.542138904333114624e-01 -8.614119887351989746e-01
6.339999999999999858e+00 1.455250233411788940e-01 -8.762184381484985352e-01
6.350000000000000533e+00 1.366923749446868896e-01 -8.901606202125549316e-01
6.360000000000000320e+00 1.277247220277786255e-01 -9.032239317893981934e-01
6.370000000000000107e+00 1.186309084296226501e-01 -9.153956770896911621e-01
6.379999999999999893e+00 1.094198226928710938e-01 -9.266635775566101074e-01
6.390000000000000568e+00 1.001006811857223511e-01 -9.370170831680297852e-01
6.400000000000000355e+00 9.068258106708526611e-02 -9.464451074600219727e-01
6.410000000000000142e+00 8.117488026618957520e-02 -9.549386501312255859e-01
6.419999999999999929e+00 7.158694416284561157e-02 -9.624893069267272949e-01
6.429999999999999716e+00 6.192826479673385620e-02 -9.690896272659301758e-01
6.440000000000000391e+00 5.220834910869598389e-02 -9.747328162193298340e-01
6.450000000000000178e+00 4.243681207299232483e-02 -9.794130325317382812e-01
6.459999999999999964e+00 3.262330219149589539e-02 -9.831260442733764648e-01
6.469999999999999751e+00 2.277753129601478577e-02 -9.858680367469787598e-01
6.480000000000000426e+00 1.290919724851846695e-02 -9.876362085342407227e-01
6.490000000000000213e+00 3.028057981282472610e-03 -9.884287118911743164e-01
6.500000000000000000e+00 -6.856117863208055496e-03 -9.882447123527526855e-01
6.509999999999999787e+00 -1.673358492553234100e-02 -9.870847463607788086e-01
6.520000000000000462e+00 -2.659456059336662292e-02 -9.849495887756347656e-01
6.530000000000000249e+00 -3.642932698130607605e-02 -9.818416833877563477e-01
6.540000000000000036e+00 -4.622815176844596863e-02 -9.777633547782897949e-01
6.549999999999999822e+00 -5.598138272762298584e-02 -9.727196097373962402e-01
6.560000000000000497e+00 -6.567936390638351440e-02 -9.667150378227233887e-01
6.570000000000000284e+00 -7.531249523162841797e-02 -9.597554206848144531e-01
6.580000000000000071e+00 -8.487131446599960327e-02 -9.518479108810424805e-01
6.589999999999999858e+00 -9.434633702039718628e-02 -9.430002570152282715e-01
6.600000000000000533e+00 -1.037282049655914307e-01 -9.332214593887329102e-01
6.610000000000000320e+00 -1.130076646804809570e-01 -9.225206971168518066e-01
6.620000000000000107e+00 -1.221755966544151306e-01 -9.109091758728027344e-01
6.629999999999999893e+00 -1.312228888273239136e-01 -8.983982205390930176e-01
6.640000000000000568e+00 -1.401406228542327881e-01 -8.850002884864807129e-01
6.650000000000000355e+00 -1.489199697971343994e-01 -8.707284927368164062e-01
6.660000000000000142e+00 -1.575522869825363159e-01 -8.555971384048461914e-01
6.669999999999999929e+00 -1.660290807485580444e-01 -8.396212458610534668e-01
6.679999999999999716e+00 -1.743419319391250610e-01 -8.228166103363037109e-01
6.690000000000000391e+00 -1.824827194213867188e-01 -8.051999807357788086e-01
6.700000000000000178e+00 -1.904432773590087891e-01 -7.867888212203979492e-01
6.709999999999999964e+00 -1.982159018516540527e-01 -7.676014304161071777e-01
6.719999999999999751e+00 -2.057927697896957397e-01 -7.476569414138793945e-01
6.730000000000000426e+00 -2.131665647029876709e-01 -7.269746661186218262e-01
6.740000000000000213e+00 -2.203298956155776978e-01 -7.055756449699401855e-01
6.750000000000000000e+00 -2.272757738828659058e-01 -6.834809184074401855e-01
6.759999999999999787e+00 -2.339973151683807373e-01 -6.607123017311096191e-01
6.770000000000000462e+00 -2.404878288507461548e-01 -6.372922062873840332e-01
6.780000000000000249e+00 -2.467410564422607422e-01 -6.132441163063049316e-01
6.790000000000000036e+00 -2.527506947517395020e-01 -5.885918140411376953e-01
6.799999999999999822e+00 -2.585109174251556396e-01 -5.633594393730163574e-01
6.810000000000000497e+00 -2.640160322189331055e-01 -5.375722646713256836e-01
6.820000000000000284e+00 -2.692606151103973389e-01 -5.112556219100952148e-01
6.830000000000000071e+00 -2.742394804954528809e-01 -4.844356179237365723e-01
6.839999999999999858e+00 -2.789477109909057617e-01 -4.571387171745300293e-01
6.850000000000000533e+00 -2.833807468414306641e-01 -4.293919205665588379e-01
6.860000000000000320e+00 -2.875341475009918213e-01 -4.012225866317749023e-01
6.870000000000000107e+00 -2.914038598537445068e-01 -3.726586699485778809e-01
6.879999999999999893e+00 -2.949861586093902588e-01 -3.437283337116241455e-01
6.890000000000000568e+00 -2.982773482799530029e-01 -3.144600689411163330e-01
6.900000000000000355e+00 -3.012742698192596436e-01 -2.848828136920928955e-01
6.910000000000000142e+00 -3.039740324020385742e-01 -2.550257444381713867e-01
6.919999999999999929e+00 -3.063739538192749023e-01 -2.249184250831604004e-01
6.929999999999999716e+00 -3.084716796875000000e-01 -1.945903599262237549e-01
6.940000000000000391e+00 -3.102651238441467285e-01 -1.640716046094894409e-01
6.950000000000000178e+00 -3.117526173591613770e-01 -1.333921551704406738e-01
6.959999999999999964e+00 -3.129325211048126221e-01 -1.025822758674621582e-01
6.969999999999999751e+00 -3.138038814067840576e-01 -7.167229056358337402e-02
6.980000000000000426e+00 -3.143657743930816650e-01 -4.069272056221961975e-02
6.990000000000000213e+00 -3.146176338195800781e-01 -9.674084372818470001e-03
7.000000000000000000e+00 -3.145592510700225830e-01 2.135329134762287140e-02
7.009999999999999787e+00 -3.141905963420867920e-01 5.235850065946578979e-02
7.020000000000000462e+00 -3.135122358798980713e-01 8.331127464771270752e-02
7.030000000000000249e+00 -3.125246465206146240e-01 1.141811236739158630e-01
7.040000000000000036e+00 -3.112289607524871826e-01 1.449376493692398071e-01
7.049999999999999822e+00 -3.096263706684112549e-01 1.755505502223968506e-01
7.060000000000000497e+00 -3.077185451984405518e-01 2.059897929430007935e-01
7.070000000000000284e+00 -3.055073022842407227e-01 2.362253665924072266e-01
7.080000000000000071e+00 -3.029947876930236816e-01 2.662275433540344238e-01
7.089999999999999858e+00 -3.001836240291595459e-01 2.959668636322021484e-01
7.100000000000000533e+00 -2.970764338970184326e-01 3.254140913486480713e-01
7.110000000000000320e+00 -2.936764061450958252e-01 3.545401394367218018e-01
7.120000000000000107e+00 -2.899867594242095947e-01 3.833166062831878662e-01
7.129999999999999893e+00 -2.860113382339477539e-01 4.117147922515869141e-01
7.140000000000000568e+00 -2.817538976669311523e-01 4.397073090076446533e-01
7.150000000000000355e+00 -2.772186398506164551e-01 4.672662615776062012e-01
7.160000000000000142e+00 -2.724100649356842041e-01 4.943648278713226318e-01
7.169999999999999929e+00 -2.673329412937164307e-01 5.209759473800659180e-01
7.179999999999999716e+00 -2.619922161102294922e-01 5.470737814903259277e-01
7.190000000000000391e+00 -2.563932538032531738e-01 5.726326704025268555e-01
7.200000000000000178e+00 -2.505415081977844238e-01 5.976271629333496094e-01
7.209999999999999964e+00 -2.444427162408828735e-01 6.220330595970153809e-01
7.219999999999999751e+00 -2.381028980016708374e-01 6.458260416984558105e-01
7.230000000000000426e+00 -2.315283119678497314e-01 6.689829230308532715e-01
7.240000000000000213e+00 -2.247254103422164917e-01 6.914808750152587891e-01
7.250000000000000000e+00 -2.177009731531143188e-01 7.132976055145263672e-01
7.259999999999999787e+00 -2.104618102312088013e-01 7.344117164611816406e-01
7.270000000000000462e+00 -2.030151188373565674e-01 7.548024654388427734e-01
7.280000000000000249e+00 -1.953682601451873779e-01 7.744496464729309082e-01
7.290000000000000036e+00 -1.875286847352981567e-01 7.933339476585388184e-01
7.299999999999999822e+00 -1.795041561126708984e-01 8.114368319511413574e-01
7.310000000000000497e+00 -1.713026314973831177e-01 8.287404179573059082e-01
7.320000000000000284e+00 -1.629320830106735229e-01 8.452274203300476074e-01
7.330000000000000071e+00 -1.544008255004882812e-01 8.608819246292114258e-01
7.339999999999999858e+00 -1.457173079252243042e-01 8.756878972053527832e-01
7.350000000000000533e+00 -1.368899792432785034e-01 8.896315097808837891e-01
7.360000000000000320e+00 -1.279275566339492798e-01 9.026983976364135742e-01
7.370000000000000107e+00 -1.188389509916305542e-01 9.148756861686706543e-01
7.379999999999999893e+00 -1.096330657601356506e-01 9.261514544486999512e-01
7.390000000000000568e+00 -1.003189608454704285e-01 9.365145564079284668e-01
7.400000000000000355e+00 -9.090584516525268555e-02 9.459544420242309570e-01
7.410000000000000142e+00 -8.140295743942260742e-02 9.544622898101806641e-01
7.419999999999999929e+00 -7.181973755359649658e-02 9.620289802551269531e-01
7.429999999999999716e+00 -6.216556951403617859e-02 9.686472415924072266e-01
7.440000000000000391e+00 -5.244997516274452209e-02 9.743106961250305176e-01
7.450000000000000178e+00 -4.268255457282066345e-02 9.790133833885192871e-01
7.459999999999999964e+00 -3.287292271852493286e-02 9.827507734298706055e-01
7.469999999999999751e+00 -2.303076535463333130e-02 9.855189323425292969e-01
7.480000000000000426e+00 -1.316580176353454590e-02 9.873149991035461426e-01
7.490000000000000213e+00 -3.287702798843383789e-03 9.881373643875122070e-01
7.500000000000000000e+00 6.593685131520032883e-03 9.879847168922424316e-01
7.509999999999999787e+00 1.646873168647289276e-02 9.868577122688293457e-01
7.520000000000000462e+00 2.632761187851428986e-02 9.847568869590759277e-01
7.530000000000000249e+00 3.616062179207801819e-02 9.816843271255493164e-01
7.540000000000000036e+00 4.595807194709777832e-02 9.776433110237121582e-01
7.549999999999999822e+00 5.571027845144271851e-02 9.726372957229614258e-01
7.560000000000000497e+00 6.540761888027191162e-02 9.666712880134582520e-01
7.570000000000000284e+00 7.504051923751831055e-02 9.597510695457458496e-01
7.580000000000000071e+00 8.459947258234024048e-02 9.518832564353942871e-01
7.589999999999999858e+00 9.407504647970199585e-02 9.430760741233825684e-01
7.600000000000000533e+00 1.034578979015350342e-01 9.333374500274658203e-01
7.610000000000000320e+00 1.127387285232543945e-01 9.226773977279663086e-01
7.620000000000000107e+00 1.219084039330482483e-01 9.111063480377197266e-01
7.629999999999999893e+00 1.309578716754913330e-01 8.986355066299438477e-01
7.640000000000000568e+00 1.398781388998031616e-01 8.852770328521728516e-01
7.650000000000000355e+00 1.486605107784271240e-01 8.710443973541259766e-01
7.660000000000000142e+00 1.572961658239364624e-01 8.559512495994567871e-01
7.669999999999999929e+00 1.657766997814178467e-01 8.400126695632934570e-01
7.679999999999999716e+00 1.740936636924743652e-01 8.232443332672119141e-01
7.690000000000000391e+00 1.822388768196105957e-01 8.056628108024597168e-01
7.700000000000000178e+00 1.902042776346206665e-01 7.872852683067321777e-01
7.709999999999999964e+00 1.979819834232330322e-01 7.681301832199096680e-01
7.719999999999999751e+00 2.055643498897552490e-01 7.482160925865173340e-01
7.730000000000000426e+00 2.129438370466232300e-01 7.275627255439758301e-01
7.740000000000000213e+00 2.201131731271743774e-01 7.061905860900878906e-01
7.750000000000000000e+00 2.270652800798416138e-01 6.841208338737487793e-01
7.759999999999999787e+00 2.337933480739593506e-01 6.613750457763671875e-01
7.770000000000000462e+00 2.402906715869903564e-01 6.379760503768920898e-01
7.780000000000000249e+00 2.465507537126541138e-01 6.139465570449829102e-01
7.790000000000000036e+00 2.525675594806671143e-01 5.893107652664184570e-01
7.799999999999999822e+00 2.583350241184234619e-01 5.640927553176879883e-01
7.810000000000000497e+00 2.638475596904754639e-01 5.383174419403076172e-01
7.820000000000000284e+00 2.690995931625366211e-01 5.120106339454650879e-01
7.830000000000000071e+00 2.740860879421234131e-01 4.851979911327362061e-01
7.839999999999999858e+00 2.788020074367523193e-01 4.579061865806579590e-01
7.850000000000000533e+00 2.832427024841308594e-01 4.301622807979583740e-01
7.860000000000000320e+00 2.874038517475128174e-01 4.019936323165893555e-01
7.870000000000000107e+00 2.912812530994415283e-01 3.734281659126281738e-01
7.879999999999999893e+00 2.948711216449737549e-01 3.444941341876983643e-01
7.890000000000000568e+00 2.981699705123901367e-01 3.152202367782592773e-01
7.900000000000000355e+00 3.011744916439056396e-01 2.856352925300598145e-01
7.910000000000000142e+00 3.038817942142486572e-01 2.557686567306518555e-01
7.919999999999999929e+00 3.062890470027923584e-01 2.256499230861663818e-01
7.930000000000000604e+00 3.083939850330352783e-01 1.953088641166687012e-01
7.940000000000000391e+00 3.101945817470550537e-01 1.647754609584808350e-01
7.950000000000000178e+00 3.116890192031860352e-01 1.340799331665039062e-01
7.959999999999999964e+00 3.128757476806640625e-01 1.032525971531867981e-01
7.969999999999999751e+00 3.137536942958831787e-01 7.232400029897689819e-02
7.980000000000000426e+00 3.143219947814941406e-01 4.132470116019248962e-02
7.990000000000000213e+00 3.145800828933715820e-01 1.028539892286062241e-02
8.000000000000000000e+00 3.145276606082916260e-01 -2.076326496899127960e-02
8.009999999999999787e+00 3.141648471355438232e-01 -5.179060995578765869e-02
8.019999999999999574e+00 3.134920001029968262e-01 -8.276597410440444946e-02
8.029999999999999361e+00 3.125098347663879395e-01 -1.136587485671043396e-01
8.040000000000000924e+00 3.112192451953887939e-01 -1.444384306669235229e-01
8.050000000000000711e+00 3.096215128898620605e-01 -1.750745475292205811e-01
8.060000000000000497e+00 3.077182769775390625e-01 -2.055369019508361816e-01
8.070000000000000284e+00 3.055114448070526123e-01 -2.357954531908035278e-01
8.080000000000000071e+00 3.030031621456146240e-01 -2.658203542232513428e-01
8.089999999999999858e+00 3.001959025859832764e-01 -2.955818176269531250e-01
8.099999999999999645e+00 2.970925569534301758e-01 -3.250506520271301270e-01
8.109999999999999432e+00 2.936960458755493164e-01 -3.541977107524871826e-01
8.120000000000000995e+00 2.900097370147705078e-01 -3.829942643642425537e-01
8.130000000000000782e+00 2.860373854637145996e-01 -4.114119410514831543e-01
8.140000000000000568e+00 2.817828357219696045e-01 -4.394227564334869385e-01
8.150000000000000355e+00 2.772503495216369629e-01 -4.669989645481109619e-01
8.160000000000000142e+00 2.724443674087524414e-01 -4.941135048866271973e-01
8.169999999999999929e+00 2.673696875572204590e-01 -5.207397937774658203e-01
8.179999999999999716e+00 2.620313465595245361e-01 -5.468514561653137207e-01
8.189999999999999503e+00 2.564345002174377441e-01 -5.724228024482727051e-01
8.199999999999999289e+00 2.505847215652465820e-01 -5.974286794662475586e-01
8.210000000000000853e+00 2.444878667593002319e-01 -6.218444705009460449e-01
8.220000000000000639e+00 2.381498962640762329e-01 -6.456461548805236816e-01
8.230000000000000426e+00 2.315770685672760010e-01 -6.688103079795837402e-01
8.240000000000000213e+00 2.247758954763412476e-01 -6.913142800331115723e-01
8.250000000000000000e+00 2.177530527114868164e-01 -7.131358385086059570e-01
8.259999999999999787e+00 2.105155736207962036e-01 -7.342535257339477539e-01
8.269999999999999574e+00 2.030704170465469360e-01 -7.546465992927551270e-01
8.279999999999999361e+00 1.954251080751419067e-01 -7.742950916290283203e-01
8.290000000000000924e+00 1.875870823860168457e-01 -7.931795716285705566e-01
8.300000000000000711e+00 1.795641183853149414e-01 -8.112815022468566895e-01
8.310000000000000497e+00 1.713641136884689331e-01 -8.285831809043884277e-01
8.320000000000000284e+00 1.629951745271682739e-01 -8.450678586959838867e-01
8.330000000000000071e+00 1.544655561447143555e-01 -8.607189059257507324e-01
8.339999999999999858e+00 1.457836478948593140e-01 -8.755212426185607910e-01
8.349999999999999645e+00 1.369580030441284180e-01 -8.894604444503784180e-01
8.359999999999999432e+00 1.279973387718200684e-01 -9.025223255157470703e-01
8.370000000000000995e+00 1.189105063676834106e-01 -9.146947264671325684e-01
8.380000000000000782e+00 1.097064539790153503e-01 -9.259651303291320801e-01
8.390000000000000568e+00 1.003942638635635376e-01 -9.363229274749755859e-01
8.400000000000000355e+00 9.098308533430099487e-02 -9.457575082778930664e-01
8.410000000000000142e+00 8.148220926523208618e-02 -9.542599320411682129e-01
8.419999999999999929e+00 7.190101593732833862e-02 -9.618219733238220215e-01
8.429999999999999716e+00 6.224894151091575623e-02 -9.684361219406127930e-01
8.439999999999999503e+00 5.253547057509422302e-02 -9.740957021713256836e-01
8.449999999999999289e+00 4.277022555470466614e-02 -9.787951707839965820e-01
8.460000000000000853e+00 3.296278789639472961e-02 -9.825299382209777832e-01
8.470000000000000639e+00 2.312285266816616058e-02 -9.852967262268066406e-01
8.480000000000000426e+00 1.326009817421436310e-02 -9.870921373367309570e-01
8.490000000000000213e+00 3.384250449016690254e-03 -9.879150986671447754e-01
8.500000000000000000e+00 -6.494952365756034851e-03 -9.877642393112182617e-01
8.509999999999999787e+00 -1.636779122054576874e-02 -9.866400957107543945e-01
8.519999999999999574e+00 -2.622451074421405792e-02 -9.845435023307800293e-01
8.529999999999999361e+00 -3.605541959404945374e-02 -9.814766645431518555e-01
8.540000000000000924e+00 -4.585081338882446289e-02 -9.774424433708190918e-01
8.550000000000000711e+00 -5.560106784105300903e-02 -9.724448919296264648e-01
8.560000000000000497e+00 -6.529654562473297119e-02 -9.664889574050903320e-01
8.570000000000000284e+00 -7.492765784263610840e-02 -9.595803618431091309e-01
8.580000000000000071e+00 -8.448498696088790894e-02 -9.517258405685424805e-01
8.589999999999999858e+00 -9.395906329154968262e-02 -9.429332017898559570e-01
8.599999999999999645e+00 -1.033405512571334839e-01 -9.332109093666076660e-01
8.609999999999999432e+00 -1.126202121376991272e-01 -9.225687384605407715e-01
8.620000000000000995e+00 -1.217888891696929932e-01 -9.110167622566223145e-01
8.630000000000000782e+00 -1.308375597000122070e-01 -8.985666632652282715e-01
8.640000000000000568e+00 -1.397572904825210571e-01 -8.852306604385375977e-01
8.650000000000000355e+00 -1.485392600297927856e-01 -8.710215687751770020e-01
8.660000000000000142e+00 -1.571748554706573486e-01 -8.559533953666687012e-01
8.669999999999999929e+00 -1.656555384397506714e-01 -8.400409221649169922e-01
8.679999999999999716e+00 -1.739728748798370361e-01 -8.232997655868530273e-01
8.689999999999999503e+00 -1.821188181638717651e-01 -8.057466149330139160e-01
8.700000000000001066e+00 -1.900851577520370483e-01 -7.873983383178710938e-01
8.710000000000000853e+00 -1.978642046451568604e-01 -7.682731747627258301e-01
8.720000000000000639e+00 -2.054480910301208496e-01 -7.483900189399719238e-01
8.730000000000000426e+00 -2.128295153379440308e-01 -7.277680635452270508e-01
8.740000000000000213e+00 -2.200010716915130615e-01 -7.064278721809387207e-01
8.750000000000000000e+00 -2.269557267427444458e-01 -6.843903660774230957e-01
8.759999999999999787e+00 -2.336866706609725952e-01 -6.616770625114440918e-01
8.769999999999999574e+00 -2.401871085166931152e-01 -6.383104324340820312e-01
8.779999999999999361e+00 -2.464507520198822021e-01 -6.143134832382202148e-01
8.790000000000000924e+00 -2.524713873863220215e-01 -5.897098779678344727e-01
8.800000000000000711e+00 -2.582430243492126465e-01 -5.645236968994140625e-01
8.810000000000000497e+00 -2.637599408626556396e-01 -5.387797951698303223e-01
8.820000000000000284e+00 -2.690168023109436035e-01 -5.125035643577575684e-01
8.830000000000000071e+00 -2.740083336830139160e-01 -4.857208728790283203e-01
8.839999999999999858e+00 -2.787296175956726074e-01 -4.584582448005676270e-01
8.849999999999999645e+00 -2.831760048866271973e-01 -4.307421743869781494e-01
8.859999999999999432e+00 -2.873430550098419189e-01 -4.026003181934356689e-01
8.870000000000000995e+00 -2.912267148494720459e-01 -3.740603327751159668e-01
8.880000000000000782e+00 -2.948230504989624023e-01 -3.451504409313201904e-01
8.890000000000000568e+00 -2.981285452842712402e-01 -3.158989548683166504e-01
8.900000000000000355e+00 -3.011399805545806885e-01 -2.863349318504333496e-01
8.910000000000000142e+00 -3.038543164730072021e-01 -2.564874887466430664e-01
8.919999999999999929e+00 -3.062688708305358887e-01 -2.263861447572708130e-01
8.929999999999999716e+00 -3.083812892436981201e-01 -1.960604786872863770e-01
8.939999999999999503e+00 -3.101894259452819824e-01 -1.655405610799789429e-01
8.950000000000001066e+00 -3.116915822029113770e-01 -1.348564773797988892e-01
8.960000000000000853e+00 -3.128860890865325928e-01 -1.040385589003562927e-01
8.970000000000000639e+00 -3.137719631195068359e-01 -7.311721891164779663e-02
8.980000000000000426e+00 -3.143481910228729248e-01 -4.212308675050735474e-02
8.990000000000000213e+00 -3.146143257617950439e-01 -1.108681503683328629e-02
9.000000000000000000e+00 -3.145699501037597656e-01 1.996115781366825104e-02
9.009999999999999787e+00 -3.142150938510894775e-01 5.098977684974670410e-02
9.019999999999999574e+00 -3.135502934455871582e-01 8.196859806776046753e-02
9.029999999999999361e+00 -3.125760257244110107e-01 1.128669753670692444e-01
9.040000000000000924e+00 -3.112933635711669922e-01 1.436543166637420654e-01
9.050000000000000711e+00 -3.097034096717834473e-01 1.743001639842987061e-01
9.060000000000000497e+00 -3.078078627586364746e-01 2.047742605209350586e-01
9.070000000000000284e+00 -3.056086003780364990e-01 2.350464016199111938e-01
9.080000000000000071e+00 -3.031077086925506592e-01 2.650866508483886719e-01
9.089999999999999858e+00 -3.003077805042266846e-01 2.948653697967529297e-01
9.099999999999999645e+00 -2.972113788127899170e-01 3.243530392646789551e-01
9.109999999999999432e+00 -2.938217818737030029e-01 3.535205125808715820e-01
9.120000000000000995e+00 -2.901421189308166504e-01 3.823390007019042969e-01
9.130000000000000782e+00 -2.861762046813964844e-01 4.107797145843505859e-01
9.140000000000000568e+00 -2.819279432296752930e-01 4.388150274753570557e-01
9.150000000000000355e+00 -2.774013578891754150e-01 4.664168357849121094e-01
9.160000000000000142e+00 -2.726011276245117188e-01 4.935580790042877197e-01
9.169999999999999929e+00 -2.675318419933319092e-01 5.202116370201110840e-01
9.179999999999999716e+00 -2.621985971927642822e-01 5.463513731956481934e-01
9.189999999999999503e+00 -2.566065788269042969e-01 5.719513297080993652e-01
9.200000000000001066e+00 -2.507614195346832275e-01 5.969862937927246094e-01
9.210000000000000853e+00 -2.446688711643218994e-01 6.214314699172973633e-01
9.220000000000000639e+00 -2.383349090814590454e-01 6.452628374099731445e-01
9.230000000000000426e+00 -2.317657172679901123e-01 6.684566140174865723e-01
9.240000000000000213e+00 -2.249679416418075562e-01 6.909901499748229980e-01
9.250000000000000000e+00 -2.179482132196426392e-01 7.128409743309020996e-01
9.259999999999999787e+00 -2.107134759426116943e-01 7.339877486228942871e-01
9.269999999999999574e+00 -2.032708227634429932e-01 7.544093132019042969e-01
9.279999999999999361e+00 -1.956277489662170410e-01 7.740857601165771484e-01
9.290000000000000924e+00 -1.877917051315307617e-01 7.929975986480712891e-01
9.300000000000000711e+00 -1.797704100608825684e-01 8.111261725425720215e-01
9.310000000000000497e+00 -1.715718656778335571e-01 8.284534811973571777e-01
9.320000000000000284e+00 -1.632040739059448242e-01 8.449629545211791992e-01
9.330000000000000071e+00 -1.546753495931625366e-01 8.606377840042114258e-01
9.339999999999999858e+00 -1.459941565990447998e-01 8.754625916481018066e-01
9.349999999999999645e+00 -1.371690034866333008e-01 8.894230127334594727e-01
9.359999999999999432e+00 -1.282086223363876343e-01 9.025050401687622070e-01
9.370000000000000995e+00 -1.191218495368957520e-01 9.146961569786071777e-01
9.380000000000000782e+00 -1.099177077412605286e-01 9.259844422340393066e-01
9.390000000000000568e+00 -1.006052270531654358e-01 9.363582730293273926e-01
9.400000000000000355e+00 -9.119361639022827148e-02 9.458079934120178223e-01
9.410000000000000142e+00 -8.169215172529220581e-02 9.543241858482360840e-01
9.419999999999999929e+00 -7.211027294397354126e-02 9.618983864784240723e-01
9.429999999999999716e+00 -6.245737150311470032e-02 9.685233235359191895e-01
9.439999999999999503e+00 -5.274299159646034241e-02 9.741924405097961426e-01
9.450000000000001066e+00 -4.297672584652900696e-02 9.789003729820251465e-01
9.460000000000000853e+00 -3.316820412874221802e-02 9.826425313949584961e-01
9.470000000000000639e+00 -2.332710847258567810e-02 9.854151010513305664e-01
9.480000000000000426e+00 -1.346315909177064896e-02 9.872155189514160156e-01
9.490000000000000213e+00 -3.586031962186098099e-03 9.880421757698059082e-01
9.500000000000000000e+00 6.294426508247852325e-03 9.878942370414733887e-01
9.509999999999999787e+00 1.616858690977096558e-02 9.867720603942871094e-01
9.519999999999999574e+00 2.602663822472095490e-02 9.846765398979187012e-01
9.529999999999999361e+00 3.585886955261230469e-02 9.816098213195800781e-01
9.540000000000000924e+00 4.565561190247535706e-02 9.775756597518920898e-01
9.550000000000000711e+00 5.540717765688896179e-02 9.725772142410278320e-01
9.560000000000000497e+00 6.510396301746368408e-02 9.666199684143066406e-01
9.570000000000000284e+00 7.473640888929367065e-02 9.597099423408508301e-01
9.580000000000000071e+00 8.429498970508575439e-02 9.518532752990722656e-01
9.589999999999999858e+00 9.377033263444900513e-02 9.430588483810424805e-01
9.599999999999999645e+00 1.031530871987342834e-01 9.333346486091613770e-01
9.609999999999999432e+00 1.124339550733566284e-01 9.226905107498168945e-01
9.620000000000000995e+00 1.216038540005683899e-01 9.111368060111999512e-01
9.630000000000000782e+00 1.306537091732025146e-01 8.986852169036865234e-01
9.640000000000000568e+00 1.395746022462844849e-01 8.853480219841003418e-01
9.650000000000000355e+00 1.483577787876129150e-01 8.711382746696472168e-01
9.660000000000000142e+00 1.569945067167282104e-01 8.560699224472045898e-01
9.669999999999999929e+00 1.654763370752334595e-01 8.401581048965454102e-01
9.679999999999999716e+00 1.737949103116989136e-01 8.234183192253112793e-01
9.689999999999999503e+00 1.819420158863067627e-01 8.058671355247497559e-01
9.700000000000001066e+00 1.899096071720123291e-01 7.875217795372009277e-01
9.710000000000000853e+00 1.976898610591888428e-01 7.684005498886108398e-01
9.720000000000000639e+00 2.052750736474990845e-01 7.485221028327941895e-01
9.730000000000000426e+00 2.126578539609909058e-01 7.279059886932373047e-01
9.740000000000000213e+00 2.198308110237121582e-01 7.065726518630981445e-01
9.750000000000000000e+00 2.267869263887405396e-01 6.845431327819824219e-01
9.759999999999999787e+00 2.335194349288940430e-01 6.618388295173645020e-01
9.769999999999999574e+00 2.400215715169906616e-01 6.384823918342590332e-01
9.779999999999999361e+00 2.462869882583618164e-01 6.144966483116149902e-01
9.790000000000000924e+00 2.523095011711120605e-01 5.899053215980529785e-01
9.800000000000000711e+00 2.580831944942474365e-01 5.647324919700622559e-01
9.810000000000000497e+00 2.636022865772247314e-01 5.390030145645141602e-01
9.820000000000000284e+00 2.688614726066589355e-01 5.127423405647277832e-01
9.830000000000000071e+00 2.738554179668426514e-01 4.859758317470550537e-01
9.839999999999999858e+00 2.785793542861938477e-01 4.587303698062896729e-01
9.849999999999999645e+00 2.830285429954528809e-01 4.310325086116790771e-01
9.859999999999999432e+00 2.871985733509063721e-01 4.029095172882080078e-01
9.870000000000000995e+00 2.910854220390319824e-01 3.743891119956970215e-01
9.880000000000000782e+00 2.946851551532745361e-01 3.454993665218353271e-01
9.890000000000000568e+00 2.979942560195922852e-01 3.162686824798583984e-01
9.900000000000000355e+00 3.010094761848449707e-01 2.867257595062255859e-01
9.910000000000000142e+00 3.037278354167938232e-01 2.568997442722320557e-01
9.919999999999999929e+00 3.061466217041015625e-01 2.268200367689132690e-01
9.929999999999999716e+00 3.082634806632995605e-01 1.965161859989166260e-01
9.939999999999999503e+00 3.100762963294982910e-01 1.660180240869522095e-01
9.950000000000001066e+00 3.115832805633544922e-01 1.353556066751480103e-01
9.960000000000000853e+00 3.127829730510711670e-01 1.045590564608573914e-01
9.970000000000000639e+00 3.136741518974304199e-01 7.365879416465759277e-02
9.980000000000000426e+00 3.142558634281158447e-01 4.268519580364227295e-02
9.990000000000000213e+00 3.145276904106140137e-01 1.166884042322635651e-02
1.000000000000000000e+01 3.144892156124114990e-01 -1.935975439846515656e-02
1.000999999999999979e+01 3.141405582427978516e-01 -5.037001892924308777e-02
1.001999999999999957e+01 3.134819865226745605e-01 -8.133139461278915405e-02
1.002999999999999936e+01 3.125141859054565430e-01 -1.122133284807205200e-01
1.004000000000000092e+01 3.112380504608154297e-01 -1.429854035377502441e-01
1.005000000000000071e+01 3.096549212932586670e-01 -1.736172735691070557e-01
1.006000000000000050e+01 3.077662885189056396e-01 -2.040787041187286377e-01
1.007000000000000028e+01 3.055740296840667725e-01 -2.343396842479705811e-01
1.008000000000000007e+01 3.030802607536315918e-01 -2.643702924251556396e-01
1.008999999999999986e+01 3.002875149250030518e-01 -2.941409647464752197e-01
1.009999999999999964e+01 2.971984446048736572e-01 -3.236223161220550537e-01
1.010999999999999943e+01 2.938161194324493408e-01 -3.527851700782775879e-01
1.012000000000000099e+01 2.901438772678375244e-01 -3.816007971763610840e-01
1.013000000000000078e+01 2.861853241920471191e-01 -4.100407063961029053e-01
1.014000000000000057e+01 2.819443941116333008e-01 -4.380768537521362305e-01
1.015000000000000036e+01 2.774252891540527344e-01 -4.656814336776733398e-01
1.016000000000000014e+01 2.726323008537292480e-01 -4.928273260593414307e-01
1.016999999999999993e+01 2.675702869892120361e-01 -5.194875001907348633e-01
1.017999999999999972e+01 2.622442841529846191e-01 -5.456358790397644043e-01
1.018999999999999950e+01 2.566593587398529053e-01 -5.712464451789855957e-01
1.020000000000000107e+01 2.508212029933929443e-01 -5.962937474250793457e-01
1.021000000000000085e+01 2.447354644536972046e-01 -6.207531690597534180e-01
1.022000000000000064e+01 2.384081780910491943e-01 -6.446005105972290039e-01
1.023000000000000043e+01 2.318455576896667480e-01 -6.678121685981750488e-01
1.024000000000000021e+01 2.250541150569915771e-01 -6.903652548789978027e-01
1.025000000000000000e+01 2.180405408143997192e-01 -7.122373580932617188e-01
1.025999999999999979e+01 2.108117192983627319e-01 -7.334067821502685547e-01
1.026999999999999957e+01 2.033748477697372437e-01 -7.538526058197021484e-01
1.027999999999999936e+01 1.957371830940246582e-01 -7.735546827316284180e-01
1.029000000000000092e+01 1.879062950611114502e-01 -7.924934625625610352e-01
1.030000000000000071e+01 1.798899173736572266e-01 -8.106501102447509766e-01
1.031000000000000050e+01 1.716959625482559204e-01 -8.280066251754760742e-01
1.032000000000000028e+01 1.633325070142745972e-01 -8.445462584495544434e-01
1.033000000000000007e+01 1.548078209161758423e-01 -8.602521419525146484e-01
1.033999999999999986e+01 1.461303085088729858e-01 -8.751087784767150879e-01
1.034999999999999964e+01 1.373085230588912964e-01 -8.891017436981201172e-01
1.035999999999999943e+01 1.283511817455291748e-01 -9.022167921066284180e-01
1.037000000000000099e+01 1.192671731114387512e-01 -9.144411683082580566e-01
1.038000000000000078e+01 1.100653782486915588e-01 -9.257626533508300781e-01
1.039000000000000057e+01 1.007549539208412170e-01 -9.361704587936401367e-01
1.040000000000000036e+01 9.134505689144134521e-02 -9.456534981727600098e-01
1.041000000000000014e+01 8.184498548507690430e-02 -9.542030096054077148e-01
1.041999999999999993e+01 7.226413488388061523e-02 -9.618104100227355957e-01
1.042999999999999972e+01 6.261195242404937744e-02 -9.684684276580810547e-01
1.043999999999999950e+01 5.289795249700546265e-02 -9.741697907447814941e-01
1.045000000000000107e+01 4.313175752758979797e-02 -9.789092540740966797e-01
1.046000000000000085e+01 3.332298621535301208e-02 -9.826821088790893555e-01
1.047000000000000064e+01 2.348135225474834442e-02 -9.854849576950073242e-01
1.048000000000000043e+01 1.361654140055179596e-02 -9.873145222663879395e-01
1.049000000000000021e+01 3.738307859748601913e-03 -9.881693124771118164e-01
1.050000000000000000e+01 -6.143589038401842117e-03 -9.880483150482177734e-01
1.050999999999999979e+01 -1.601940952241420746e-02 -9.869519472122192383e-01
1.051999999999999957e+01 -2.587938122451305389e-02 -9.848811030387878418e-01
1.052999999999999936e+01 -3.571378067135810852e-02 -9.818379878997802734e-01
1.054000000000000092e+01 -4.551290348172187805e-02 -9.778253436088562012e-01
1.055000000000000071e+01 -5.526707693934440613e-02 -9.728475213050842285e-01
1.056000000000000050e+01 -6.496667116880416870e-02 -9.669093489646911621e-01
1.057000000000000028e+01 -7.460208982229232788e-02 -9.600169658660888672e-01
1.058000000000000007e+01 -8.416385203599929810e-02 -9.521767497062683105e-01
1.058999999999999986e+01 -9.364249557256698608e-02 -9.433967471122741699e-01
1.059999999999999964e+01 -1.030286699533462524e-01 -9.336857199668884277e-01
1.060999999999999943e+01 -1.123131439089775085e-01 -9.230532050132751465e-01
1.062000000000000099e+01 -1.214867159724235535e-01 -9.115098118782043457e-01
1.063000000000000078e+01 -1.305403411388397217e-01 -8.990670442581176758e-01
1.064000000000000057e+01 -1.394651085138320923e-01 -8.857372999191284180e-01
1.065000000000000036e+01 -1.482521742582321167e-01 -8.715335726737976074e-01
1.066000000000000014e+01 -1.568928956985473633e-01 -8.564701080322265625e-01
1.066999999999999993e+01 -1.653787791728973389e-01 -8.405616879463195801e-01
1.067999999999999972e+01 -1.737013310194015503e-01 -8.238242268562316895e-01
1.068999999999999950e+01 -1.818525344133377075e-01 -8.062741756439208984e-01
1.070000000000000107e+01 -1.898241490125656128e-01 -7.879289388656616211e-01
1.071000000000000085e+01 -1.976085305213928223e-01 -7.688068747520446777e-01
1.072000000000000064e+01 -2.051977664232254028e-01 -7.489266991615295410e-01
1.073000000000000043e+01 -2.125845849514007568e-01 -7.283080220222473145e-01
1.074000000000000021e+01 -2.197615653276443481e-01 -7.069715857505798340e-01
1.075000000000000000e+01 -2.267216444015502930e-01 -6.849381923675537109e-01
1.075999999999999979e+01 -2.334581017494201660e-01 -6.622296571731567383e-01
1.076999999999999957e+01 -2.399641126394271851e-01 -6.388684511184692383e-01
1.077999999999999936e+01 -2.462333142757415771e-01 -6.148776412010192871e-01
1.079000000000000092e+01 -2.522596120834350586e-01 -5.902811288833618164e-01
1.080000000000000071e+01 -2.580370008945465088e-01 -5.651029348373413086e-01
1.081000000000000050e+01 -2.635598480701446533e-01 -5.393680334091186523e-01
1.082000000000000028e+01 -2.688226103782653809e-01 -5.131018161773681641e-01
1.083000000000000007e+01 -2.738201916217803955e-01 -4.863304197788238525e-01
1.083999999999999986e+01 -2.785476148128509521e-01 -4.590799808502197266e-01
1.084999999999999964e+01 -2.830002903938293457e-01 -4.313774406909942627e-01
1.085999999999999943e+01 -2.871737480163574219e-01 -4.032501578330993652e-01
1.087000000000000099e+01 -2.910639345645904541e-01 -3.747259080410003662e-01
1.088000000000000078e+01 -2.946670651435852051e-01 -3.458328843116760254e-01
1.089000000000000057e+01 -2.979794740676879883e-01 -3.165994882583618164e-01
1.090000000000000036e+01 -3.009980022907257080e-01 -2.870545387268066406e-01
1.091000000000000014e+01 -3.037196099758148193e-01 -2.572271525859832764e-01
1.091999999999999993e+01 -3.061417043209075928e-01 -2.271468490362167358e-01
1.092999999999999972e+01 -3.082618415355682373e-01 -1.968430727720260620e-01
1.093999999999999950e+01 -3.100779354572296143e-01 -1.663458347320556641e-01
1.095000000000000107e+01 -3.115882277488708496e-01 -1.356851011514663696e-01
1.096000000000000085e+01 -3.127911984920501709e-01 -1.048910766839981079e-01
1.097000000000000064e+01 -3.136856853961944580e-01 -7.399409264326095581e-02
1.098000000000000043e+01 -3.142708241939544678e-01 -4.302464053034782410e-02
1.099000000000000021e+01 -3.145460486412048340e-01 -1.201319973915815353e-02
1.100000000000000000e+01 -3.145110309123992920e-01 1.900989003479480743e-02
1.100999999999999979e+01 -3.141658902168273926e-01 5.001373216509819031e-02
1.101999999999999957e+01 -3.135108947753906250e-01 8.096803724765777588e-02
1.102999999999999936e+01 -3.125467598438262939e-01 1.118423044681549072e-01
1.104000000000000092e+01 -3.112744688987731934e-01 1.426061689853668213e-01
1.105000000000000071e+01 -3.096951246261596680e-01 1.732292175292968750e-01
1.106000000000000050e+01 -3.078104555606842041e-01 2.036814689636230469e-01
1.107000000000000028e+01 -3.056221902370452881e-01 2.339327782392501831e-01
1.108000000000000007e+01 -3.031325638294219971e-01 2.639534473419189453e-01
1.108999999999999986e+01 -3.003439903259277344e-01 2.937139570713043213e-01
1.109999999999999964e+01 -2.972592115402221680e-01 3.231849968433380127e-01
1.110999999999999943e+01 -2.938813567161560059e-01 3.523374795913696289e-01
1.112000000000000099e+01 -2.902136147022247314e-01 3.811428248882293701e-01
1.113000000000000078e+01 -2.862597703933715820e-01 4.095724821090698242e-01
1.114000000000000057e+01 -2.820235192775726318e-01 4.375986754894256592e-01
1.115000000000000036e+01 -2.775091826915740967e-01 4.651937484741210938e-01
1.116000000000000014e+01 -2.727212309837341309e-01 4.923304915428161621e-01
1.116999999999999993e+01 -2.676641941070556641e-01 5.189819931983947754e-01
1.117999999999999972e+01 -2.623432874679565430e-01 5.451223254203796387e-01
1.118999999999999950e+01 -2.567635774612426758e-01 5.707255601882934570e-01
1.120000000000000107e+01 -2.509306073188781738e-01 5.957663655281066895e-01
1.121000000000000085e+01 -2.448501884937286377e-01 6.202202439308166504e-01
1.122000000000000064e+01 -2.385282665491104126e-01 6.440629959106445312e-01
1.123000000000000043e+01 -2.319710850715637207e-01 6.672711968421936035e-01
1.124000000000000021e+01 -2.251850217580795288e-01 6.898219585418701172e-01
1.125000000000000000e+01 -2.181769013404846191e-01 7.116928100585937500e-01
1.125999999999999979e+01 -2.109535038471221924e-01 7.328624129295349121e-01
1.126999999999999957e+01 -2.035220116376876831e-01 7.533099055290222168e-01
1.127999999999999936e+01 -1.958898156881332397e-01 7.730148434638977051e-01
1.129000000000000092e+01 -1.880642771720886230e-01 7.919579744338989258e-01
1.130000000000000071e+01 -1.800532191991806030e-01 8.101207017898559570e-01
1.131000000000000050e+01 -1.718645393848419189e-01 8.274847269058227539e-01
1.132000000000000028e+01 -1.635062396526336670e-01 8.440331816673278809e-01
1.133000000000000007e+01 -1.549866199493408203e-01 8.597497940063476562e-01
1.133999999999999986e+01 -1.463141143321990967e-01 8.746185302734375000e-01
1.134999999999999964e+01 -1.374971568584442139e-01 8.886251449584960938e-01
1.135999999999999943e+01 -1.285445094108581543e-01 9.017554521560668945e-01
1.137000000000000099e+01 -1.194649860262870789e-01 9.139967560768127441e-01
1.138000000000000078e+01 -1.102675721049308777e-01 9.253370165824890137e-01
1.139000000000000057e+01 -1.009612977504730225e-01 9.357644319534301758e-01
1.140000000000000036e+01 -9.155534952878952026e-02 9.452691078186035156e-01
1.141000000000000014e+01 -8.205899596214294434e-02 9.538415074348449707e-01
1.141999999999999993e+01 -7.248165458440780640e-02 9.614728093147277832e-01
1.142999999999999972e+01 -6.283272057771682739e-02 9.681560993194580078e-01
1.143999999999999950e+01 -5.312172695994377136e-02 9.738840460777282715e-01
1.145000000000000107e+01 -4.335824027657508850e-02 9.786513447761535645e-01
1.146000000000000085e+01 -3.355190902948379517e-02 9.824532270431518555e-01
1.147000000000000064e+01 -2.371241152286529541e-02 9.852856397628784180e-01
1.148000000000000043e+01 -1.384945679455995560e-02 9.871459007263183594e-01
1.149000000000000021e+01 -3.972729202359914780e-03 9.880319833755493164e-01
1.150000000000000000e+01 5.907922051846981049e-03 9.879429340362548828e-01
1.150999999999999979e+01 1.578286476433277130e-02 9.868790507316589355e-01
1.151999999999999957e+01 2.564227208495140076e-02 9.848411083221435547e-01
1.152999999999999936e+01 3.547643497586250305e-02 9.818310141563415527e-01
1.154000000000000092e+01 4.527566581964492798e-02 9.778519272804260254e-01
1.155000000000000071e+01 5.503026023507118225e-02 9.729076623916625977e-01
1.156000000000000050e+01 6.473062932491302490e-02 9.670031070709228516e-01
1.157000000000000028e+01 7.436715066432952881e-02 9.601437449455261230e-01
1.158000000000000007e+01 8.393033593893051147e-02 9.523361921310424805e-01
1.158999999999999986e+01 9.341073036193847656e-02 9.435889124870300293e-01
1.159999999999999964e+01 1.027990058064460754e-01 9.339099526405334473e-01
1.160999999999999943e+01 1.120858490467071533e-01 9.233085513114929199e-01
1.162000000000000099e+01 1.212621554732322693e-01 9.117959737777709961e-01
1.163000000000000078e+01 1.303187757730484009e-01 8.993830084800720215e-01
1.164000000000000057e+01 1.392468065023422241e-01 8.860819339752197266e-01
1.165000000000000036e+01 1.480375230312347412e-01 8.719059228897094727e-01
1.166000000000000014e+01 1.566821038722991943e-01 8.568691015243530273e-01
1.166999999999999993e+01 1.651720702648162842e-01 8.409860134124755859e-01
1.167999999999999972e+01 1.734990477561950684e-01 8.242727518081665039e-01
1.168999999999999950e+01 1.816548109054565430e-01 8.067455291748046875e-01
1.170000000000000107e+01 1.896313130855560303e-01 7.884216308593750000e-01
1.171000000000000085e+01 1.974206417798995972e-01 7.693193554878234863e-01
1.172000000000000064e+01 2.050151526927947998e-01 7.494576573371887207e-01
1.173000000000000043e+01 2.124073207378387451e-01 7.288557291030883789e-01
1.174000000000000021e+01 2.195898443460464478e-01 7.075343728065490723e-01
1.175000000000000000e+01 2.265557050704956055e-01 6.855145692825317383e-01
1.175999999999999979e+01 2.332978397607803345e-01 6.628178358078002930e-01
1.176999999999999957e+01 2.398098558187484741e-01 6.394670009613037109e-01
1.177999999999999936e+01 2.460851520299911499e-01 6.154848337173461914e-01
1.179000000000000092e+01 2.521175146102905273e-01 5.908952355384826660e-01
1.180000000000000071e+01 2.579011023044586182e-01 5.657225251197814941e-01
1.181000000000000050e+01 2.634301483631134033e-01 5.399913787841796875e-01
1.182000000000000028e+01 2.686991393566131592e-01 5.137276053428649902e-01
1.183000000000000007e+01 2.737029492855072021e-01 4.869567751884460449e-01
1.183999999999999986e+01 2.784366607666015625e-01 4.597057402133941650e-01
1.184999999999999964e+01 2.828955948352813721e-01 4.320011734962463379e-01
1.185999999999999943e+01 2.870753407478332520e-01 4.038704633712768555e-01
1.187000000000000099e+01 2.909716367721557617e-01 3.753416538238525391e-01
1.188000000000000078e+01 2.945809066295623779e-01 3.464427590370178223e-01
1.189000000000000057e+01 2.978993952274322510e-01 3.172024786472320557e-01
1.190000000000000036e+01 3.009238839149475098e-01 2.876495122909545898e-01
1.191000000000000014e+01 3.036514222621917725e-01 2.578132450580596924e-01
1.191999999999999993e+01 3.060793280601501465e-01 2.277231216430664062e-01
1.192999999999999972e+01 3.082051575183868408e-01 1.974088400602340698e-01
1.193999999999999950e+01 3.100268542766571045e-01 1.669003814458847046e-01
1.195000000000000107e+01 3.115426003932952881e-01 1.362278759479522705e-01
1.196000000000000085e+01 3.127509653568267822e-01 1.054215952754020691e-01
1.197000000000000064e+01 3.136506974697113037e-01 7.451198250055313110e-02
1.198000000000000043e+01 3.142409622669219971e-01 4.352956265211105347e-02
1.199000000000000021e+01 3.145211338996887207e-01 1.250496879220008850e-02
1.200000000000000000e+01 3.144910335540771484e-01 -1.853121072053909302e-02
1.200999999999999979e+01 3.141505420207977295e-01 -4.954835027456283569e-02
1.201999999999999957e+01 3.135002255439758301e-01 -8.051583170890808105e-02
1.203000000000000114e+01 3.125405311584472656e-01 -1.114031001925468445e-01
1.204000000000000092e+01 3.112725019454956055e-01 -1.421797126531600952e-01
1.205000000000000071e+01 3.096973896026611328e-01 -1.728152185678482056e-01
1.206000000000000050e+01 3.078167736530303955e-01 -2.032794803380966187e-01
1.207000000000000028e+01 3.056324422359466553e-01 -2.335424572229385376e-01
1.208000000000000007e+01 3.031466603279113770e-01 -2.635743021965026855e-01
1.208999999999999986e+01 3.003618717193603516e-01 -2.933453023433685303e-01
1.209999999999999964e+01 2.972807884216308594e-01 -3.228263258934020996e-01
1.210999999999999943e+01 2.939064204692840576e-01 -3.519882559776306152e-01
1.212000000000000099e+01 2.902421355247497559e-01 -3.808021545410156250e-01
1.213000000000000078e+01 2.862916290760040283e-01 -4.092398881912231445e-01
1.214000000000000057e+01 2.820586860179901123e-01 -4.372732937335968018e-01
1.215000000000000036e+01 2.775475680828094482e-01 -4.648748338222503662e-01
1.216000000000000014e+01 2.727626860141754150e-01 -4.920172691345214844e-01
1.216999999999999993e+01 2.677088379859924316e-01 -5.186740159988403320e-01
1.217999999999999972e+01 2.623909711837768555e-01 -5.448187589645385742e-01
1.218999999999999950e+01 2.568142414093017578e-01 -5.704256892204284668e-01
1.220000000000000107e+01 2.509843111038208008e-01 -5.954695940017700195e-01
1.221000000000000085e+01 2.449067980051040649e-01 -6.199258565902709961e-01
1.222000000000000064e+01 2.385878562927246094e-01 -6.437703371047973633e-01
1.223000000000000043e+01 2.320335358381271362e-01 -6.669797897338867188e-01
1.224000000000000021e+01 2.252504378557205200e-01 -6.895312070846557617e-01
1.225000000000000000e+01 2.182451635599136353e-01 -7.114025950431823730e-01
1.225999999999999979e+01 2.110247313976287842e-01 -7.325720787048339844e-01
1.226999999999999957e+01 2.035961747169494629e-01 -7.530190944671630859e-01
1.228000000000000114e+01 1.959668248891830444e-01 -7.727235555648803711e-01
1.229000000000000092e+01 1.881442368030548096e-01 -7.916659116744995117e-01
1.230000000000000071e+01 1.801361143589019775e-01 -8.098276257514953613e-01
1.231000000000000050e+01 1.719503551721572876e-01 -8.271908164024353027e-01
1.232000000000000028e+01 1.635950207710266113e-01 -8.437384366989135742e-01
1.233000000000000007e+01 1.550783663988113403e-01 -8.594540953636169434e-01
1.233999999999999986e+01 1.464087665081024170e-01 -8.743227124214172363e-01
1.234999999999999964e+01 1.375947892665863037e-01 -8.883291482925415039e-01
1.235999999999999943e+01 1.286450922489166260e-01 -9.014597535133361816e-01
1.237000000000000099e+01 1.195685490965843201e-01 -9.137017130851745605e-01
1.238000000000000078e+01 1.103740707039833069e-01 -9.250431656837463379e-01
1.239000000000000057e+01 1.010707393288612366e-01 -9.354724287986755371e-01
1.240000000000000036e+01 9.166769683361053467e-02 -9.449796676635742188e-01
1.241000000000000014e+01 8.217424154281616211e-02 -9.535552263259887695e-01
1.241999999999999993e+01 7.259972393512725830e-02 -9.611909985542297363e-01
1.242999999999999972e+01 6.295359134674072266e-02 -9.678793549537658691e-01
1.243999999999999950e+01 5.324531719088554382e-02 -9.736135601997375488e-01
1.245000000000000107e+01 4.348450526595115662e-02 -9.783879518508911133e-01
1.246000000000000085e+01 3.368077054619789124e-02 -9.821976423263549805e-01
1.247000000000000064e+01 2.384378388524055481e-02 -9.850393533706665039e-01
1.248000000000000043e+01 1.398322544991970062e-02 -9.869099259376525879e-01
1.249000000000000021e+01 4.108826164156198502e-03 -9.878073930740356445e-01
1.250000000000000000e+01 -5.769672803580760956e-03 -9.877310991287231445e-01
1.250999999999999979e+01 -1.564255170524120331e-02 -9.866811037063598633e-01
1.251999999999999957e+01 -2.550004795193672180e-02 -9.846581816673278809e-01
1.253000000000000114e+01 -3.533247113227844238e-02 -9.816643595695495605e-01
1.254000000000000092e+01 -4.513010010123252869e-02 -9.777024984359741211e-01
1.255000000000000071e+01 -5.488332360982894897e-02 -9.727767109870910645e-01
1.256000000000000050e+01 -6.458245962858200073e-02 -9.668916463851928711e-01
1.257000000000000028e+01 -7.421796023845672607e-02 -9.600530862808227539e-01
1.258000000000000007e+01 -8.378037065267562866e-02 -9.522676467895507812e-01
1.258999999999999986e+01 -9.326020628213882446e-02 -9.435429573059082031e-01
1.259999999999999964e+01 -1.026481017470359802e-01 -9.338876008987426758e-01
1.260999999999999943e+01 -1.119348704814910889e-01 -9.233111143112182617e-01
1.262000000000000099e+01 -1.211113035678863525e-01 -9.118239283561706543e-01
1.263000000000000078e+01 -1.301683485507965088e-01 -8.994371891021728516e-01
1.264000000000000057e+01 -1.390971094369888306e-01 -8.861629366874694824e-01
1.265000000000000036e+01 -1.478886902332305908e-01 -8.720144033432006836e-01
1.266000000000000014e+01 -1.565345227718353271e-01 -8.570056557655334473e-01
1.266999999999999993e+01 -1.650260090827941895e-01 -8.411509394645690918e-01
1.267999999999999972e+01 -1.733547300100326538e-01 -8.244662880897521973e-01
1.268999999999999950e+01 -1.815126240253448486e-01 -8.069677352905273438e-01
1.270000000000000107e+01 -1.894914358854293823e-01 -7.886728048324584961e-01
1.271000000000000085e+01 -1.972834616899490356e-01 -7.695996165275573730e-01
1.272000000000000064e+01 -2.048808783292770386e-01 -7.497666478157043457e-01
1.273000000000000043e+01 -2.122763544321060181e-01 -7.291933894157409668e-01
1.274000000000000021e+01 -2.194623798131942749e-01 -7.079003453254699707e-01
1.275000000000000000e+01 -2.264319807291030884e-01 -6.859083771705627441e-01
1.275999999999999979e+01 -2.331783324480056763e-01 -6.632390022277832031e-01
1.276999999999999957e+01 -2.396945953369140625e-01 -6.399146318435668945e-01
1.278000000000000114e+01 -2.459745109081268311e-01 -6.159584522247314453e-01
1.279000000000000092e+01 -2.520117759704589844e-01 -5.913939476013183594e-01
1.280000000000000071e+01 -2.578003704547882080e-01 -5.662451386451721191e-01
1.281000000000000050e+01 -2.633347809314727783e-01 -5.405372977256774902e-01
1.282000000000000028e+01 -2.686093747615814209e-01 -5.142952799797058105e-01
1.283000000000000007e+01 -2.736189961433410645e-01 -4.875453114509582520e-01
1.283999999999999986e+01 -2.783586680889129639e-01 -4.603136181831359863e-01
1.284999999999999964e+01 -2.828238010406494141e-01 -4.326271414756774902e-01
1.285999999999999943e+01 -2.870097756385803223e-01 -4.045131206512451172e-01
1.287000000000000099e+01 -2.909126579761505127e-01 -3.759994506835937500e-01
1.288000000000000078e+01 -2.945285439491271973e-01 -3.471142053604125977e-01
1.289000000000000057e+01 -2.978537976741790771e-01 -3.178858458995819092e-01
1.290000000000000036e+01 -3.008852601051330566e-01 -2.883433103561401367e-01
1.291000000000000014e+01 -3.036197125911712646e-01 -2.585157752037048340e-01
1.291999999999999993e+01 -3.060546517372131348e-01 -2.284327894449234009e-01
1.292999999999999972e+01 -3.081876039505004883e-01 -1.981238722801208496e-01
1.293999999999999950e+01 -3.100165128707885742e-01 -1.676191091537475586e-01
1.295000000000000107e+01 -3.115394711494445801e-01 -1.369486302137374878e-01
1.296000000000000085e+01 -3.127549588680267334e-01 -1.061426624655723572e-01
1.297000000000000064e+01 -3.136619329452514648e-01 -7.523170858621597290e-02
1.298000000000000043e+01 -3.142593801021575928e-01 -4.424632340669631958e-02
1.299000000000000021e+01 -3.145467638969421387e-01 -1.321718096733093262e-02
1.300000000000000000e+01 -3.145237267017364502e-01 1.782529242336750031e-02
1.300999999999999979e+01 -3.141902387142181396e-01 4.885005205869674683e-02
1.301999999999999957e+01 -3.135468661785125732e-01 7.982667535543441772e-02
1.303000000000000114e+01 -3.125939965248107910e-01 1.107245236635208130e-01
1.304000000000000092e+01 -3.113327622413635254e-01 1.415130347013473511e-01
1.305000000000000071e+01 -3.097641766071319580e-01 1.721617281436920166e-01
1.306000000000000050e+01 -3.078900575637817383e-01 2.026404291391372681e-01
1.307000000000000028e+01 -3.057120442390441895e-01 2.329188883304595947e-01
1.308000000000000007e+01 -3.032324612140655518e-01 2.629671990871429443e-01
1.308999999999999986e+01 -3.004536032676696777e-01 2.927557826042175293e-01
1.309999999999999964e+01 -2.973783016204833984e-01 3.222550749778747559e-01
1.310999999999999943e+01 -2.940096259117126465e-01 3.514359891414642334e-01
1.312000000000000099e+01 -2.903507351875305176e-01 3.802697658538818359e-01
1.313000000000000078e+01 -2.864054441452026367e-01 4.087276458740234375e-01
1.314000000000000057e+01 -2.821775674819946289e-01 4.367819130420684814e-01
1.315000000000000036e+01 -2.776712477207183838e-01 4.644046127796173096e-01
1.316000000000000014e+01 -2.728910148143768311e-01 4.915686845779418945e-01
1.316999999999999993e+01 -2.678414583206176758e-01 5.182468891143798828e-01
1.317999999999999972e+01 -2.625277638435363770e-01 5.444132089614868164e-01
1.318999999999999950e+01 -2.569549679756164551e-01 5.700417757034301758e-01
1.320000000000000107e+01 -2.511287927627563477e-01 5.951071977615356445e-01
1.321000000000000085e+01 -2.450548261404037476e-01 6.195847988128662109e-01
1.322000000000000064e+01 -2.387391477823257446e-01 6.434505581855773926e-01
1.323000000000000043e+01 -2.321879267692565918e-01 6.666807532310485840e-01
1.324000000000000021e+01 -2.254077345132827759e-01 6.892526149749755859e-01
1.325000000000000000e+01 -2.184051424264907837e-01 7.111436128616333008e-01
1.325999999999999979e+01 -2.111871987581253052e-01 7.323325276374816895e-01
1.326999999999999957e+01 -2.037608474493026733e-01 7.527981400489807129e-01
1.328000000000000114e+01 -1.961337178945541382e-01 7.725206613540649414e-01
1.329000000000000092e+01 -1.883130371570587158e-01 7.914803624153137207e-01
1.330000000000000071e+01 -1.803066879510879517e-01 8.096586465835571289e-01
1.331000000000000050e+01 -1.721225529909133911e-01 8.270375728607177734e-01
1.332000000000000028e+01 -1.637686640024185181e-01 8.436003923416137695e-01
1.333000000000000007e+01 -1.552532762289047241e-01 8.593302369117736816e-01
1.333999999999999986e+01 -1.465848982334136963e-01 8.742119073867797852e-01
1.334999999999999964e+01 -1.377719491720199585e-01 8.882309198379516602e-01
1.335999999999999943e+01 -1.288231760263442993e-01 9.013731479644775391e-01
1.337000000000000099e+01 -1.197474300861358643e-01 9.136258363723754883e-01
1.338000000000000078e+01 -1.105536818504333496e-01 9.249774217605590820e-01
1.339000000000000057e+01 -1.012509539723396301e-01 9.354159832000732422e-01
1.340000000000000036e+01 -9.184842556715011597e-02 9.449316263198852539e-01
1.341000000000000014e+01 -8.235539495944976807e-02 9.535151124000549316e-01
1.341999999999999993e+01 -7.278125733137130737e-02 9.611579775810241699e-01
1.342999999999999972e+01 -6.313541531562805176e-02 9.678524136543273926e-01
1.343999999999999950e+01 -5.342739820480346680e-02 9.735925793647766113e-01
1.345000000000000107e+01 -4.366677254438400269e-02 9.783722162246704102e-01
1.346000000000000085e+01 -3.386317193508148193e-02 9.821867942810058594e-01
1.347000000000000064e+01 -2.402625791728496552e-02 9.850327968597412109e-01
1.348000000000000043e+01 -1.416576467454433441e-02 9.869074821472167969e-01
1.349000000000000021e+01 -4.291344434022903442e-03 9.878088831901550293e-01
1.350000000000000000e+01 5.587156396359205246e-03 9.877359867095947266e-01
1.350999999999999979e+01 1.546011492609977722e-02 9.866894483566284180e-01
1.351999999999999957e+01 2.531771734356880188e-02 9.846699237823486328e-01
1.353000000000000114e+01 3.515026718378067017e-02 9.816792607307434082e-01
1.354000000000000092e+01 4.494807869195938110e-02 9.777211546897888184e-01
1.355000000000000071e+01 5.470146983861923218e-02 9.727988243103027344e-01
1.356000000000000050e+01 6.440086662769317627e-02 9.669175744056701660e-01
1.357000000000000028e+01 7.403665781021118164e-02 9.600830674171447754e-01
1.358000000000000007e+01 8.359936624765396118e-02 9.523019194602966309e-01
1.358999999999999986e+01 9.307955205440521240e-02 9.435821771621704102e-01
1.359999999999999964e+01 1.024679169058799744e-01 9.339324235916137695e-01
1.360999999999999943e+01 1.117551252245903015e-01 9.233617186546325684e-01
1.362000000000000099e+01 1.209321171045303345e-01 9.118807315826416016e-01
1.363000000000000078e+01 1.299897581338882446e-01 8.995009660720825195e-01
1.364000000000000057e+01 1.389191746711730957e-01 8.862346410751342773e-01
1.365000000000000036e+01 1.477115452289581299e-01 8.720946311950683594e-01
1.366000000000000014e+01 1.563581675291061401e-01 8.570948839187622070e-01
1.366999999999999993e+01 1.648506224155426025e-01 8.412501811981201172e-01
1.367999999999999972e+01 1.731804460287094116e-01 8.245764374732971191e-01
1.368999999999999950e+01 1.813394427299499512e-01 8.070894479751586914e-01
1.370000000000000107e+01 1.893195807933807373e-01 7.888068556785583496e-01
1.371000000000000085e+01 1.971129775047302246e-01 7.697468400001525879e-01
1.372000000000000064e+01 2.047119885683059692e-01 7.499278187751770020e-01
1.373000000000000043e+01 2.121090292930603027e-01 7.293692827224731445e-01
1.374000000000000021e+01 2.192969173192977905e-01 7.080917954444885254e-01
1.375000000000000000e+01 2.262685447931289673e-01 6.861160397529602051e-01
1.375999999999999979e+01 2.330170422792434692e-01 6.634635329246520996e-01
1.376999999999999957e+01 2.395356595516204834e-01 6.401569843292236328e-01
1.378000000000000114e+01 2.458180636167526245e-01 6.162188649177551270e-01
1.379000000000000092e+01 2.518580257892608643e-01 5.916731953620910645e-01
1.380000000000000071e+01 2.576496005058288574e-01 5.665438175201416016e-01
1.381000000000000050e+01 2.631870508193969727e-01 5.408555269241333008e-01
1.382000000000000028e+01 2.684649229049682617e-01 5.146336555480957031e-01
1.383000000000000007e+01 2.734780013561248779e-01 4.879039824008941650e-01
1.383999999999999986e+01 2.782214283943176270e-01 4.606929719448089600e-01
1.384999999999999964e+01 2.826903462409973145e-01 4.330271780490875244e-01
1.385999999999999943e+01 2.868805229663848877e-01 4.049339592456817627e-01
1.387000000000000099e+01 2.907876968383789062e-01 3.764410912990570068e-01
1.388000000000000078e+01 2.944080829620361328e-01 3.475764095783233643e-01
1.389000000000000057e+01 2.977380454540252686e-01 3.183685243129730225e-01
1.390000000000000036e+01 3.007743954658508301e-01 2.888461351394653320e-01
1.391000000000000014e+01 3.035140931606292725e-01 2.590382695198059082e-01
1.391999999999999993e+01 3.059543073177337646e-01 2.289744317531585693e-01
1.392999999999999972e+01 3.080928027629852295e-01 1.986841857433319092e-01
1.393999999999999950e+01 3.099273741245269775e-01 1.681973785161972046e-01
1.395000000000000107e+01 3.114561736583709717e-01 1.375440508127212524e-01
1.396000000000000085e+01 3.126778006553649902e-01 1.067543551325798035e-01
1.397000000000000064e+01 3.135909736156463623e-01 7.585877180099487305e-02
1.398000000000000043e+01 3.141947090625762939e-01 4.488768801093101501e-02
1.399000000000000021e+01 3.144885003566741943e-01 1.387172099202871323e-02
1.400000000000000000e+01 3.144721090793609619e-01 -1.715859025716781616e-02
1.400999999999999979e+01 3.141454160213470459e-01 -4.817263782024383545e-02
1.401999999999999957e+01 3.135087788105010986e-01 -7.913981378078460693e-02
1.403000000000000114e+01 3.125628829002380371e-01 -1.100295782089233398e-01
1.404000000000000092e+01 3.113085329532623291e-01 -1.408114135265350342e-01
1.405000000000000071e+01 3.097470998764038086e-01 -1.714549213647842407e-01
1.406000000000000050e+01 3.078799843788146973e-01 -2.019298970699310303e-01
1.407000000000000028e+01 3.057091832160949707e-01 -2.322062700986862183e-01
1.408000000000000007e+01 3.032366335391998291e-01 -2.622540593147277832e-01
1.408999999999999986e+01 3.004649281501770020e-01 -2.920436561107635498e-01
1.409999999999999964e+01 2.973967194557189941e-01 -3.215456902980804443e-01
1.410999999999999943e+01 2.940351068973541260e-01 -3.507308959960937500e-01
1.412000000000000099e+01 2.903832793235778809e-01 -3.795704841613769531e-01
1.413000000000000078e+01 2.864449322223663330e-01 -4.080360233783721924e-01
1.414000000000000057e+01 2.822238802909851074e-01 -4.360992908477783203e-01
1.415000000000000036e+01 2.777243554592132568e-01 -4.637326002120971680e-01
1.416000000000000014e+01 2.729507386684417725e-01 -4.909086823463439941e-01
1.416999999999999993e+01 2.679077684879302979e-01 -5.176006555557250977e-01
1.417999999999999972e+01 2.626004517078399658e-01 -5.437821745872497559e-01
1.418999999999999950e+01 2.570339143276214600e-01 -5.694272518157958984e-01
1.420000000000000107e+01 2.512137889862060547e-01 -5.945105552673339844e-01
1.421000000000000085e+01 2.451456785202026367e-01 -6.190072894096374512e-01
1.422000000000000064e+01 2.388356328010559082e-01 -6.428931951522827148e-01
1.423000000000000043e+01 2.322899103164672852e-01 -6.661447882652282715e-01
1.424000000000000021e+01 2.255149781703948975e-01 -6.887391209602355957e-01
1.425000000000000000e+01 2.185174226760864258e-01 -7.106536626815795898e-01
1.425999999999999979e+01 2.113042175769805908e-01 -7.318668961524963379e-01
1.426999999999999957e+01 2.038825005292892456e-01 -7.523576617240905762e-01
1.428000000000000114e+01 1.962595582008361816e-01 -7.721058726310729980e-01
1.429000000000000092e+01 1.884429454803466797e-01 -7.910917997360229492e-01
1.430000000000000071e+01 1.804403215646743774e-01 -8.092969655990600586e-01
1.431000000000000050e+01 1.722596585750579834e-01 -8.267031908035278320e-01
1.432000000000000028e+01 1.639089733362197876e-01 -8.432933092117309570e-01
1.433000000000000007e+01 1.553965657949447632e-01 -8.590509295463562012e-01
1.433999999999999986e+01 1.467307955026626587e-01 -8.739604949951171875e-01
1.434999999999999964e+01 1.379202306270599365e-01 -8.880075216293334961e-01
1.435999999999999943e+01 1.289735734462738037e-01 -9.011775255203247070e-01
1.437000000000000099e+01 1.198996677994728088e-01 -9.134578108787536621e-01
1.438000000000000078e+01 1.107074096798896790e-01 -9.248363971710205078e-01
1.439000000000000057e+01 1.014059931039810181e-01 -9.353020191192626953e-01
1.440000000000000036e+01 9.200445562601089478e-02 -9.448440074920654297e-01
1.441000000000000014e+01 8.251218497753143311e-02 -9.534534215927124023e-01
1.441999999999999993e+01 7.293853163719177246e-02 -9.611215591430664062e-01
1.442999999999999972e+01 6.329292804002761841e-02 -9.678409695625305176e-01
1.443999999999999950e+01 5.358489230275154114e-02 -9.736047387123107910e-01
1.445000000000000107e+01 4.382403939962387085e-02 -9.784073829650878906e-01
1.446000000000000085e+01 3.401996567845344543e-02 -9.822441935539245605e-01
1.447000000000000064e+01 2.418238110840320587e-02 -9.851114749908447266e-01
1.448000000000000043e+01 1.432098075747489929e-02 -9.870064258575439453e-01
1.449000000000000021e+01 4.445501137524843216e-03 -9.879270195960998535e-01
1.450000000000000000e+01 -5.434305407106876373e-03 -9.878725409507751465e-01
1.450999999999999979e+01 -1.530870329588651657e-02 -9.868434071540832520e-01
1.451999999999999957e+01 -2.516792528331279755e-02 -9.848400354385375977e-01
1.453000000000000114e+01 -3.500225767493247986e-02 -9.818649291992187500e-01
1.454000000000000092e+01 -4.480198398232460022e-02 -9.779204726219177246e-01
1.455000000000000071e+01 -5.455745756626129150e-02 -9.730113744735717773e-01
1.456000000000000050e+01 -6.425902247428894043e-02 -9.671418666839599609e-01
1.457000000000000028e+01 -7.389710843563079834e-02 -9.603184461593627930e-01
1.458000000000000007e+01 -8.346224576234817505e-02 -9.525474309921264648e-01
1.458999999999999986e+01 -9.294493496417999268e-02 -9.438365101814270020e-01
1.459999999999999964e+01 -1.023358553647994995e-01 -9.341946840286254883e-01
1.460999999999999943e+01 -1.116257533431053162e-01 -9.236312508583068848e-01
1.462000000000000099e+01 -1.208054646849632263e-01 -9.121566414833068848e-01
1.463000000000000078e+01 -1.298658996820449829e-01 -8.997824192047119141e-01
1.464000000000000057e+01 -1.387981474399566650e-01 -8.865208029747009277e-01
1.465000000000000036e+01 -1.475934088230133057e-01 -8.723847270011901855e-01
1.466000000000000014e+01 -1.562429666519165039e-01 -8.573884367942810059e-01
1.466999999999999993e+01 -1.647383570671081543e-01 -8.415467739105224609e-01
1.467999999999999972e+01 -1.730711162090301514e-01 -8.248749971389770508e-01
1.468999999999999950e+01 -1.812331676483154297e-01 -8.073900938034057617e-01
1.470000000000000107e+01 -1.892162412405014038e-01 -7.891091704368591309e-01
1.471000000000000085e+01 -1.970127075910568237e-01 -7.700502276420593262e-01
1.472000000000000064e+01 -2.046147435903549194e-01 -7.502322196960449219e-01
1.473000000000000043e+01 -2.120148837566375732e-01 -7.296745181083679199e-01
1.474000000000000021e+01 -2.192058563232421875e-01 -7.083978056907653809e-01
1.475000000000000000e+01 -2.261805087327957153e-01 -6.864227652549743652e-01
1.475999999999999979e+01 -2.329320758581161499e-01 -6.637711524963378906e-01
1.476999999999999957e+01 -2.394537329673767090e-01 -6.404653787612915039e-01
1.478000000000000114e+01 -2.457392513751983643e-01 -6.165283918380737305e-01
1.479000000000000092e+01 -2.517823278903961182e-01 -5.919839143753051758e-01
1.480000000000000071e+01 -2.575769722461700439e-01 -5.668560266494750977e-01
1.481000000000000050e+01 -2.631175518035888672e-01 -5.411697030067443848e-01
1.482000000000000028e+01 -2.683986127376556396e-01 -5.149500370025634766e-01
1.483000000000000007e+01 -2.734148800373077393e-01 -4.882230758666992188e-01
1.483999999999999986e+01 -2.781614363193511963e-01 -4.610150754451751709e-01
1.484999999999999964e+01 -2.826336622238159180e-01 -4.333530068397521973e-01
1.485999999999999943e+01 -2.868270874023437500e-01 -4.052638113498687744e-01
1.487000000000000099e+01 -2.907375693321228027e-01 -3.767754435539245605e-01
1.488000000000000078e+01 -2.943613827228546143e-01 -3.479159772396087646e-01
1.489000000000000057e+01 -2.976947724819183350e-01 -3.187137246131896973e-01
1.490000000000000036e+01 -3.007345795631408691e-01 -2.891975343227386475e-01
1.491000000000000014e+01 -3.034777641296386719e-01 -2.593964338302612305e-01
1.491999999999999993e+01 -3.059216737747192383e-01 -2.293398380279541016e-01
1.492999999999999972e+01 -3.080637753009796143e-01 -1.990572959184646606e-01
1.493999999999999950e+01 -3.099021613597869873e-01 -1.685787439346313477e-01
1.495000000000000107e+01 -3.114348649978637695e-01 -1.379341036081314087e-01
1.496000000000000085e+01 -3.126603662967681885e-01 -1.071535274386405945e-01
1.497000000000000064e+01 -3.135775923728942871e-01 -7.626738399267196655e-02
1.498000000000000043e+01 -3.141854703426361084e-01 -4.530613124370574951e-02
1.499000000000000021e+01 -3.144835531711578369e-01 -1.430027466267347336e-02
1.500000000000000000e+01 -3.144714832305908203e-01 1.671987585723400116e-02
1.500999999999999979e+01 -3.141491711139678955e-01 4.772340878844261169e-02
1.501999999999999957e+01 -3.135170936584472656e-01 7.868002355098724365e-02
1.503000000000000114e+01 -3.125757873058319092e-01 1.095592156052589417e-01
1.504000000000000092e+01 -3.113263249397277832e-01 1.403305679559707642e-01
1.505000000000000071e+01 -3.097696602344512939e-01 1.709636300802230835e-01
1.506000000000000050e+01 -3.079076111316680908e-01 2.014284431934356689e-01
1.507000000000000028e+01 -3.057417869567871094e-01 2.316948473453521729e-01
1.508000000000000007e+01 -3.032744526863098145e-01 2.617330253124237061e-01
1.508999999999999986e+01 -3.005079925060272217e-01 2.915135025978088379e-01
1.509999999999999964e+01 -2.974451184272766113e-01 3.210068047046661377e-01
1.510999999999999943e+01 -2.940889298915863037e-01 3.501838743686676025e-01
1.512000000000000099e+01 -2.904425561428070068e-01 3.790161609649658203e-01
1.513000000000000078e+01 -2.865098714828491211e-01 4.074748158454895020e-01
1.514000000000000057e+01 -2.822945117950439453e-01 4.355322718620300293e-01
1.515000000000000036e+01 -2.778006494045257568e-01 4.631605744361877441e-01
1.516000000000000014e+01 -2.730327546596527100e-01 4.903327524662017822e-01
1.516999999999999993e+01 -2.679955661296844482e-01 5.170215964317321777e-01
1.517999999999999972e+01 -2.626940011978149414e-01 5.432010293006896973e-01
1.518999999999999950e+01 -2.571333050727844238e-01 5.688452720642089844e-01
1.520000000000000107e+01 -2.513189911842346191e-01 5.939288735389709473e-01
1.521000000000000085e+01 -2.452566772699356079e-01 6.184272766113281250e-01
1.522000000000000064e+01 -2.389525026082992554e-01 6.423161029815673828e-01
1.523000000000000043e+01 -2.324125170707702637e-01 6.655719280242919922e-01
1.524000000000000021e+01 -2.256432026624679565e-01 6.881716251373291016e-01
1.525000000000000000e+01 -2.186513394117355347e-01 7.100930213928222656e-01
1.525999999999999979e+01 -2.114437222480773926e-01 7.313143610954284668e-01
1.526999999999999957e+01 -2.040274143218994141e-01 7.518149018287658691e-01
1.528000000000000114e+01 -1.964098811149597168e-01 7.715740799903869629e-01
1.529000000000000092e+01 -1.885984987020492554e-01 7.905725836753845215e-01
1.530000000000000071e+01 -1.806010156869888306e-01 8.087915182113647461e-01
1.531000000000000050e+01 -1.724253445863723755e-01 8.262128829956054688e-01
1.532000000000000028e+01 -1.640794724225997925e-01 8.428196310997009277e-01
1.533000000000000007e+01 -1.555716842412948608e-01 8.585951924324035645e-01
1.533999999999999986e+01 -1.469104290008544922e-01 8.735238313674926758e-01
1.534999999999999964e+01 -1.381041109561920166e-01 8.875908851623535156e-01
1.535999999999999943e+01 -1.291614770889282227e-01 9.007824063301086426e-01
1.537000000000000099e+01 -1.200914010405540466e-01 9.130854010581970215e-01
1.538000000000000078e+01 -1.109028011560440063e-01 9.244876503944396973e-01
1.539000000000000057e+01 -1.016047000885009766e-01 9.349778890609741211e-01
1.540000000000000036e+01 -9.220630675554275513e-02 9.445456862449645996e-01
1.541000000000000014e+01 -8.271687477827072144e-02 9.531816244125366211e-01
1.541999999999999993e+01 -7.314580678939819336e-02 9.608768224716186523e-01
1.542999999999999972e+01 -6.350251287221908569e-02 9.676240086555480957e-01
1.543999999999999950e+01 -5.379651859402656555e-02 9.734165072441101074e-01
1.545000000000000107e+01 -4.403739050030708313e-02 9.782481193542480469e-01
1.546000000000000085e+01 -3.423476964235305786e-02 9.821142554283142090e-01
1.547000000000000064e+01 -2.439833618700504303e-02 9.850112795829772949e-01
1.548000000000000043e+01 -1.453780289739370346e-02 9.869362115859985352e-01
1.549000000000000021e+01 -4.662846215069293976e-03 9.878869652748107910e-01
1.550000000000000000e+01 5.216678604483604431e-03 9.878626465797424316e-01
1.550999999999999979e+01 1.509114075452089310e-02 9.868631362915039062e-01
1.551999999999999957e+01 2.495071478188037872e-02 9.848897457122802734e-01
1.553000000000000114e+01 3.478568792343139648e-02 9.819440245628356934e-01
1.554000000000000092e+01 4.458636790513992310e-02 9.780289530754089355e-01
1.555000000000000071e+01 5.434305220842361450e-02 9.731485843658447266e-01
1.556000000000000050e+01 6.404614448547363281e-02 9.673075079917907715e-01
1.557000000000000028e+01 7.368603348731994629e-02 9.605115056037902832e-01
1.558000000000000007e+01 8.325320482254028320e-02 9.527671337127685547e-01
1.558999999999999986e+01 9.273822605609893799e-02 9.440824985504150391e-01
1.559999999999999964e+01 1.021317467093467712e-01 9.344658255577087402e-01
1.561000000000000121e+01 1.114244759082794189e-01 9.239266514778137207e-01
1.562000000000000099e+01 1.206072345376014709e-01 9.124752879142761230e-01
1.563000000000000078e+01 1.296709626913070679e-01 9.001231193542480469e-01
1.564000000000000057e+01 1.386067420244216919e-01 8.868826031684875488e-01
1.565000000000000036e+01 1.474057286977767944e-01 8.727665543556213379e-01
1.566000000000000014e+01 1.560591906309127808e-01 8.577888607978820801e-01
1.566999999999999993e+01 1.645586639642715454e-01 8.419646024703979492e-01
1.567999999999999972e+01 1.728957295417785645e-01 8.253091573715209961e-01
1.568999999999999950e+01 1.810621470212936401e-01 8.078392744064331055e-01
1.570000000000000107e+01 1.890498697757720947e-01 7.895718812942504883e-01
1.571000000000000085e+01 1.968509703874588013e-01 7.705255150794982910e-01
1.572000000000000064e+01 2.044578194618225098e-01 7.507185339927673340e-01
1.573000000000000043e+01 2.118628621101379395e-01 7.301706075668334961e-01
1.574000000000000021e+01 2.190587818622589111e-01 7.089022994041442871e-01
1.575000000000000000e+01 2.260385900735855103e-01 6.869346499443054199e-01
1.575999999999999979e+01 2.327952384948730469e-01 6.642889380455017090e-01
1.576999999999999957e+01 2.393221855163574219e-01 6.409880518913269043e-01
1.578000000000000114e+01 2.456129044294357300e-01 6.170547008514404297e-01
1.579000000000000092e+01 2.516612708568572998e-01 5.925128459930419922e-01
1.580000000000000071e+01 2.574612498283386230e-01 5.673863887786865234e-01
1.581000000000000050e+01 2.630071043968200684e-01 5.417004227638244629e-01
1.582000000000000028e+01 2.682934701442718506e-01 5.154802203178405762e-01
1.583000000000000007e+01 2.733150124549865723e-01 4.887517392635345459e-01
1.583999999999999986e+01 2.780668735504150391e-01 4.615415036678314209e-01
1.584999999999999964e+01 2.825443148612976074e-01 4.338761568069458008e-01
1.586000000000000121e+01 2.867430150508880615e-01 4.057832062244415283e-01
1.587000000000000099e+01 2.906586825847625732e-01 3.772904574871063232e-01
1.588000000000000078e+01 2.942875325679779053e-01 3.484259247779846191e-01
1.589000000000000057e+01 2.976260185241699219e-01 3.192180991172790527e-01
1.590000000000000036e+01 3.006708323955535889e-01 2.896959483623504639e-01
1.591000000000000014e+01 3.034190237522125244e-01 2.598884701728820801e-01
1.591999999999999993e+01 3.058677613735198975e-01 2.298252433538436890e-01
1.592999999999999972e+01 3.080147504806518555e-01 1.995359063148498535e-01
1.593999999999999950e+01 3.098578453063964844e-01 1.690503358840942383e-01
1.595000000000000107e+01 3.113951981067657471e-01 1.383986026048660278e-01
1.596000000000000085e+01 3.126253783702850342e-01 1.076109483838081360e-01
1.597000000000000064e+01 3.135471045970916748e-01 7.671779394149780273e-02
1.598000000000000043e+01 3.141594529151916504e-01 4.574957862496376038e-02
1.599000000000000021e+01 3.144619166851043701e-01 1.473690755665302277e-02
1.600000000000000000e+01 3.144541680812835693e-01 -1.628966629505157471e-02
1.601000000000000156e+01 3.141361773014068604e-01 -4.729955270886421204e-02
1.601999999999999957e+01 3.135083019733428955e-01 -7.826216518878936768e-02
1.603000000000000114e+01 3.125711977481842041e-01 -1.091469973325729370e-01
1.603999999999999915e+01 3.113257586956024170e-01 -1.399235725402832031e-01
1.605000000000000071e+01 3.097731471061706543e-01 -1.705615371465682983e-01
1.605999999999999872e+01 3.079150915145874023e-01 -2.010307610034942627e-01
1.607000000000000028e+01 3.057532310485839844e-01 -2.313011437654495239e-01
1.608000000000000185e+01 3.032898008823394775e-01 -2.613429427146911621e-01
1.608999999999999986e+01 3.005272150039672852e-01 -2.911264598369598389e-01
1.610000000000000142e+01 2.974682152271270752e-01 -3.206224441528320312e-01
1.610999999999999943e+01 2.941158711910247803e-01 -3.498018085956573486e-01
1.612000000000000099e+01 2.904733717441558838e-01 -3.786357045173645020e-01
1.612999999999999901e+01 2.865443825721740723e-01 -4.070959091186523438e-01
1.614000000000000057e+01 2.823327183723449707e-01 -4.351542890071868896e-01
1.614999999999999858e+01 2.778427302837371826e-01 -4.627831876277923584e-01
1.616000000000000014e+01 2.730786204338073730e-01 -4.899554550647735596e-01
1.617000000000000171e+01 2.680451869964599609e-01 -5.166443586349487305e-01
1.617999999999999972e+01 2.627474367618560791e-01 -5.428237318992614746e-01
1.619000000000000128e+01 2.571904957294464111e-01 -5.684673786163330078e-01
1.619999999999999929e+01 2.513799369335174561e-01 -5.935504436492919922e-01
1.621000000000000085e+01 2.453214526176452637e-01 -6.180480718612670898e-01
1.621999999999999886e+01 2.390210330486297607e-01 -6.419361233711242676e-01
1.623000000000000043e+01 2.324848324060440063e-01 -6.651911735534667969e-01
1.624000000000000199e+01 2.257194072008132935e-01 -6.877903342247009277e-01
1.625000000000000000e+01 2.187313139438629150e-01 -7.097112536430358887e-01
1.626000000000000156e+01 2.115275114774703979e-01 -7.309324741363525391e-01
1.626999999999999957e+01 2.041150778532028198e-01 -7.514329552650451660e-01
1.628000000000000114e+01 1.965013146400451660e-01 -7.711925506591796875e-01
1.628999999999999915e+01 1.886937469244003296e-01 -7.901917099952697754e-01
1.630000000000000071e+01 1.807000935077667236e-01 -8.084118962287902832e-01
1.630999999999999872e+01 1.725281774997711182e-01 -8.258351087570190430e-01
1.632000000000000028e+01 1.641860753297805786e-01 -8.424442410469055176e-01
1.633000000000000185e+01 1.556820571422576904e-01 -8.582226634025573730e-01
1.633999999999999986e+01 1.470244675874710083e-01 -8.731552362442016602e-01
1.635000000000000142e+01 1.382218301296234131e-01 -8.872269392013549805e-01
1.635999999999999943e+01 1.292828619480133057e-01 -9.004238247871398926e-01
1.637000000000000099e+01 1.202163323760032654e-01 -9.127330780029296875e-01
1.637999999999999901e+01 1.110311895608901978e-01 -9.241423606872558594e-01
1.639000000000000057e+01 1.017365306615829468e-01 -9.346408843994140625e-01
1.639999999999999858e+01 9.234144538640975952e-02 -9.442176222801208496e-01
1.641000000000000014e+01 8.285526186227798462e-02 -9.528635740280151367e-01
1.642000000000000171e+01 7.328730076551437378e-02 -9.605699777603149414e-01
1.642999999999999972e+01 6.364701688289642334e-02 -9.673295617103576660e-01
1.644000000000000128e+01 5.394388735294342041e-02 -9.731352329254150391e-01
1.644999999999999929e+01 4.418750479817390442e-02 -9.779812097549438477e-01
1.646000000000000085e+01 3.438748046755790710e-02 -9.818628430366516113e-01
1.646999999999999886e+01 2.455347962677478790e-02 -9.847764372825622559e-01
1.648000000000000043e+01 1.469519175589084625e-02 -9.867188334465026855e-01
1.649000000000000199e+01 4.822343122214078903e-03 -9.876882433891296387e-01
1.650000000000000000e+01 -5.055321846157312393e-03 -9.876833558082580566e-01
1.651000000000000156e+01 -1.492807921022176743e-02 -9.867046475410461426e-01
1.651999999999999957e+01 -2.478616870939731598e-02 -9.847525954246520996e-01
1.653000000000000114e+01 -3.461988642811775208e-02 -9.818294644355773926e-01
1.653999999999999915e+01 -4.441951960325241089e-02 -9.779374599456787109e-01
1.655000000000000071e+01 -5.417542532086372375e-02 -9.730811119079589844e-01
1.655999999999999872e+01 -6.387796252965927124e-02 -9.672647118568420410e-01
1.657000000000000028e+01 -7.351753860712051392e-02 -9.604941010475158691e-01
1.658000000000000185e+01 -8.308469504117965698e-02 -9.527759552001953125e-01
1.658999999999999986e+01 -9.256993234157562256e-02 -9.441177248954772949e-01
1.660000000000000142e+01 -1.019639223814010620e-01 -9.345279932022094727e-01
1.660999999999999943e+01 -1.112574040889739990e-01 -9.240159988403320312e-01
1.662000000000000099e+01 -1.204412356019020081e-01 -9.125923514366149902e-01
1.662999999999999901e+01 -1.295062750577926636e-01 -9.002680182456970215e-01
1.664000000000000057e+01 -1.384436339139938354e-01 -8.870554566383361816e-01
1.664999999999999858e+01 -1.472444534301757812e-01 -8.729671835899353027e-01
1.666000000000000014e+01 -1.559000909328460693e-01 -8.580174446105957031e-01
1.667000000000000171e+01 -1.644019782543182373e-01 -8.422207832336425781e-01
1.667999999999999972e+01 -1.727417111396789551e-01 -8.255927562713623047e-01
1.669000000000000128e+01 -1.809111237525939941e-01 -8.081496953964233398e-01
1.669999999999999929e+01 -1.889020353555679321e-01 -7.899089455604553223e-01
1.671000000000000085e+01 -1.967066973447799683e-01 -7.708883881568908691e-01
1.671999999999999886e+01 -2.043172419071197510e-01 -7.511069178581237793e-01
1.673000000000000043e+01 -2.117263674736022949e-01 -7.305836677551269531e-01
1.674000000000000199e+01 -2.189265638589859009e-01 -7.093392014503479004e-01
1.675000000000000000e+01 -2.259108126163482666e-01 -6.873944401741027832e-01
1.676000000000000156e+01 -2.326722145080566406e-01 -6.647709012031555176e-01
1.676999999999999957e+01 -2.392040044069290161e-01 -6.414908766746520996e-01
1.678000000000000114e+01 -2.454998940229415894e-01 -6.175774931907653809e-01
1.678999999999999915e+01 -2.515535652637481689e-01 -5.930543541908264160e-01
1.680000000000000071e+01 -2.573590278625488281e-01 -5.679454207420349121e-01
1.680999999999999872e+01 -2.629105746746063232e-01 -5.422757863998413086e-01
1.682000000000000028e+01 -2.682027518749237061e-01 -5.160705447196960449e-01
1.683000000000000185e+01 -2.732303142547607422e-01 -4.893558323383331299e-01
1.683999999999999986e+01 -2.779882550239562988e-01 -4.621577560901641846e-01
1.685000000000000142e+01 -2.824719250202178955e-01 -4.345033466815948486e-01
1.685999999999999943e+01 -2.866768836975097656e-01 -4.064197838306427002e-01
1.687000000000000099e+01 -2.905989587306976318e-01 -3.779349625110626221e-01
1.687999999999999901e+01 -2.942343950271606445e-01 -3.490769565105438232e-01
1.689000000000000057e+01 -2.975793480873107910e-01 -3.198742270469665527e-01
1.689999999999999858e+01 -3.006307482719421387e-01 -2.903556227684020996e-01
1.691000000000000014e+01 -3.033855259418487549e-01 -2.605504095554351807e-01
1.692000000000000171e+01 -3.058409094810485840e-01 -2.304880321025848389e-01
1.692999999999999972e+01 -3.079945147037506104e-01 -2.001980543136596680e-01
1.694000000000000128e+01 -3.098442256450653076e-01 -1.697105616331100464e-01
1.694999999999999929e+01 -3.113881945610046387e-01 -1.390555649995803833e-01
1.696000000000000085e+01 -3.126248419284820557e-01 -1.082633733749389648e-01
1.696999999999999886e+01 -3.135530650615692139e-01 -7.736441493034362793e-02
1.698000000000000043e+01 -3.141719400882720947e-01 -4.638927802443504333e-02
1.699000000000000199e+01 -3.144807517528533936e-01 -1.536857243627309799e-02
1.700000000000000000e+01 -3.144792616367340088e-01 1.566726900637149811e-02
1.701000000000000156e+01 -3.141674101352691650e-01 4.668722674250602722e-02
1.701999999999999957e+01 -3.135456740856170654e-01 7.766089588403701782e-02
1.703000000000000114e+01 -3.126144707202911377e-01 1.085576638579368591e-01
1.703999999999999915e+01 -3.113748431205749512e-01 1.393469721078872681e-01
1.705000000000000071e+01 -3.098279833793640137e-01 1.699983328580856323e-01
1.705999999999999872e+01 -3.079754412174224854e-01 2.004816532135009766e-01
1.707000000000000028e+01 -3.058190345764160156e-01 2.307666689157485962e-01
1.708000000000000185e+01 -3.033608794212341309e-01 2.608234882354736328e-01
1.708999999999999986e+01 -3.006034493446350098e-01 2.906225025653839111e-01
1.710000000000000142e+01 -2.975493371486663818e-01 3.201343119144439697e-01
1.710999999999999943e+01 -2.942017912864685059e-01 3.493295907974243164e-01
1.712000000000000099e+01 -2.905639111995697021e-01 3.781798779964447021e-01
1.712999999999999901e+01 -2.866394817829132080e-01 4.066561758518218994e-01
1.714000000000000057e+01 -2.824321687221527100e-01 4.347309470176696777e-01
1.715000000000000213e+01 -2.779462635517120361e-01 4.623761475086212158e-01
1.716000000000000014e+01 -2.731861770153045654e-01 4.895647466182708740e-01
1.717000000000000171e+01 -2.681565880775451660e-01 5.162695646286010742e-01
1.717999999999999972e+01 -2.628624439239501953e-01 5.424644351005554199e-01
1.719000000000000128e+01 -2.573090493679046631e-01 5.681236982345581055e-01
1.719999999999999929e+01 -2.515018582344055176e-01 5.932217836380004883e-01
1.721000000000000085e+01 -2.454465776681900024e-01 6.177341341972351074e-01
1.721999999999999886e+01 -2.391492426395416260e-01 6.416364908218383789e-01
1.723000000000000043e+01 -2.326159626245498657e-01 6.649054288864135742e-01
1.724000000000000199e+01 -2.258532941341400146e-01 6.875178813934326172e-01
1.725000000000000000e+01 -2.188678830862045288e-01 7.094516158103942871e-01
1.726000000000000156e+01 -2.116665989160537720e-01 7.306849360466003418e-01
1.726999999999999957e+01 -2.042565494775772095e-01 7.511972188949584961e-01
1.728000000000000114e+01 -1.966451406478881836e-01 7.709679603576660156e-01
1.728999999999999915e+01 -1.888397634029388428e-01 7.899777889251708984e-01
1.730000000000000071e+01 -1.808481663465499878e-01 8.082080483436584473e-01
1.730999999999999872e+01 -1.726782768964767456e-01 8.256406784057617188e-01
1.732000000000000028e+01 -1.643380671739578247e-01 8.422588706016540527e-01
1.733000000000000185e+01 -1.558358371257781982e-01 8.580457568168640137e-01
1.733999999999999986e+01 -1.471800208091735840e-01 8.729860186576843262e-01
1.735000000000000142e+01 -1.383790075778961182e-01 8.870652914047241211e-01
1.735999999999999943e+01 -1.294416040182113647e-01 9.002692103385925293e-01
1.737000000000000099e+01 -1.203765720129013062e-01 9.125850200653076172e-01
1.737999999999999901e+01 -1.111929044127464294e-01 9.240007400512695312e-01
1.739000000000000057e+01 -1.018995940685272217e-01 9.345051646232604980e-01
1.740000000000000213e+01 -9.250586479902267456e-02 9.440876841545104980e-01
1.741000000000000014e+01 -8.302092552185058594e-02 9.527392387390136719e-01
1.742000000000000171e+01 -7.345421612262725830e-02 9.604510664939880371e-01
1.742999999999999972e+01 -6.381509453058242798e-02 9.672155976295471191e-01
1.744000000000000128e+01 -5.411307886242866516e-02 9.730264544486999512e-01
1.744999999999999929e+01 -4.435775801539421082e-02 9.778779149055480957e-01
1.746000000000000085e+01 -3.455873206257820129e-02 9.817647933959960938e-01
1.746999999999999886e+01 -2.472568675875663757e-02 9.846838712692260742e-01
1.748000000000000043e+01 -1.486831344664096832e-02 9.866319298744201660e-01
1.749000000000000199e+01 -4.996280651539564133e-03 9.876071214675903320e-01
1.750000000000000000e+01 4.880572203546762466e-03 9.876083731651306152e-01
1.751000000000000156e+01 1.475262735038995743e-02 9.866362214088439941e-01
1.751999999999999957e+01 2.461007051169872284e-02 9.846909642219543457e-01
1.753000000000000114e+01 3.444320335984230042e-02 9.817751646041870117e-01
1.753999999999999915e+01 4.424234479665756226e-02 9.778912663459777832e-01
1.755000000000000071e+01 5.399781838059425354e-02 9.730433225631713867e-01
1.755999999999999872e+01 6.370002031326293945e-02 9.672359228134155273e-01
1.757000000000000028e+01 7.333935797214508057e-02 9.604748487472534180e-01
1.758000000000000185e+01 8.290634304285049438e-02 9.527666568756103516e-01
1.758999999999999986e+01 9.239155799150466919e-02 9.441196918487548828e-01
1.760000000000000142e+01 1.017856374382972717e-01 9.345414042472839355e-01
1.760999999999999943e+01 1.110793203115463257e-01 9.240418672561645508e-01
1.762000000000000099e+01 1.202634349465370178e-01 9.126311540603637695e-01
1.762999999999999901e+01 1.293289512395858765e-01 9.003207087516784668e-01
1.764000000000000057e+01 1.382668912410736084e-01 8.871224522590637207e-01
1.765000000000000213e+01 1.470684856176376343e-01 8.730494976043701172e-01
1.766000000000000014e+01 1.557250022888183594e-01 8.581156134605407715e-01
1.767000000000000171e+01 1.642279475927352905e-01 8.423356413841247559e-01
1.767999999999999972e+01 1.725689470767974854e-01 8.257248997688293457e-01
1.769000000000000128e+01 1.807397603988647461e-01 8.082997798919677734e-01
1.769999999999999929e+01 1.887323111295700073e-01 7.900775074958801270e-01
1.771000000000000085e+01 1.965387016534805298e-01 7.710762023925781250e-01
1.771999999999999886e+01 2.041512578725814819e-01 7.513142228126525879e-01
1.773000000000000043e+01 2.115625143051147461e-01 7.308111190795898438e-01
1.774000000000000199e+01 2.187650650739669800e-01 7.095871567726135254e-01
1.775000000000000000e+01 2.257518917322158813e-01 6.876632571220397949e-01
1.776000000000000156e+01 2.325160652399063110e-01 6.650606989860534668e-01
1.776999999999999957e+01 2.390509396791458130e-01 6.418023109436035156e-01
1.778000000000000114e+01 2.453500181436538696e-01 6.179103255271911621e-01
1.778999999999999915e+01 2.514071166515350342e-01 5.934088826179504395e-01
1.780000000000000071e+01 2.572162449359893799e-01 5.683216452598571777e-01
1.780999999999999872e+01 2.627716660499572754e-01 5.426734685897827148e-01
1.782000000000000028e+01 2.680679261684417725e-01 5.164898633956909180e-01
1.783000000000000185e+01 2.730998098850250244e-01 4.897961318492889404e-01
1.783999999999999986e+01 2.778622806072235107e-01 4.626189768314361572e-01
1.785000000000000142e+01 2.823506593704223633e-01 4.349851012229919434e-01
1.785999999999999943e+01 2.865605652332305908e-01 4.069215357303619385e-01
1.787000000000000099e+01 2.904877364635467529e-01 3.784561455249786377e-01
1.787999999999999901e+01 2.941283881664276123e-01 3.496168851852416992e-01
1.789000000000000057e+01 2.974789142608642578e-01 3.204322755336761475e-01
1.790000000000000213e+01 3.005359172821044922e-01 2.909309864044189453e-01
1.791000000000000014e+01 3.032966554164886475e-01 2.611421644687652588e-01
1.792000000000000171e+01 3.057579696178436279e-01 2.310951799154281616e-01
1.792999999999999972e+01 3.079176843166351318e-01 2.008196860551834106e-01
1.794000000000000128e+01 3.097737133502960205e-01 1.703455448150634766e-01
1.794999999999999929e+01 3.113241195678710938e-01 1.397027522325515747e-01
1.796000000000000085e+01 3.125672936439514160e-01 1.089215427637100220e-01
1.796999999999999886e+01 3.135021626949310303e-01 7.803238183259963989e-02
1.798000000000000043e+01 3.141277134418487549e-01 4.706566780805587769e-02
1.799000000000000199e+01 3.144432902336120605e-01 1.605204492807388306e-02
1.800000000000000000e+01 3.144486844539642334e-01 -1.497792173177003860e-02
1.801000000000000156e+01 3.141437768936157227e-01 -4.599360376596450806e-02
1.801999999999999957e+01 3.135289251804351807e-01 -7.696438580751419067e-02
1.803000000000000114e+01 3.126047551631927490e-01 -1.078596636652946472e-01
1.803999999999999915e+01 3.113721013069152832e-01 -1.386489570140838623e-01
1.805000000000000071e+01 3.098322153091430664e-01 -1.693018078804016113e-01
1.805999999999999872e+01 3.079866170883178711e-01 -1.997879892587661743e-01
1.807000000000000028e+01 3.058370947837829590e-01 -2.300773561000823975e-01
1.808000000000000185e+01 3.033857941627502441e-01 -2.601400911808013916e-01
1.808999999999999986e+01 3.006351590156555176e-01 -2.899463176727294922e-01
1.810000000000000142e+01 2.975878715515136719e-01 -3.194666802883148193e-01
1.810999999999999943e+01 2.942469120025634766e-01 -3.486720919609069824e-01
1.812000000000000099e+01 2.906155586242675781e-01 -3.775335550308227539e-01
1.812999999999999901e+01 2.866974771022796631e-01 -4.060226082801818848e-01
1.814000000000000057e+01 2.824964225292205811e-01 -4.341111779212951660e-01
1.815000000000000213e+01 2.780166566371917725e-01 -4.617713391780853271e-01
1.816000000000000014e+01 2.732625007629394531e-01 -4.889758527278900146e-01
1.817000000000000171e+01 2.682387530803680420e-01 -5.156979560852050781e-01
1.817999999999999972e+01 2.629503011703491211e-01 -5.419111251831054688e-01
1.819000000000000128e+01 2.574023008346557617e-01 -5.675894021987915039e-01
1.819999999999999929e+01 2.516003251075744629e-01 -5.927075147628784180e-01
1.821000000000000085e+01 2.455500662326812744e-01 -6.172404885292053223e-01
1.821999999999999886e+01 2.392575591802597046e-01 -6.411641240119934082e-01
1.823000000000000043e+01 2.327288985252380371e-01 -6.644549965858459473e-01
1.824000000000000199e+01 2.259706258773803711e-01 -6.870899796485900879e-01
1.825000000000000000e+01 2.189893722534179688e-01 -7.090466618537902832e-01
1.826000000000000156e+01 2.117920815944671631e-01 -7.303033471107482910e-01
1.826999999999999957e+01 2.043857276439666748e-01 -7.508391141891479492e-01
1.828000000000000114e+01 1.967777609825134277e-01 -7.706335783004760742e-01
1.828999999999999915e+01 1.889756172895431519e-01 -7.896671891212463379e-01
1.830000000000000071e+01 1.809870004653930664e-01 -8.079212903976440430e-01
1.830999999999999872e+01 1.728198379278182983e-01 -8.253777027130126953e-01
1.832000000000000028e+01 1.644821763038635254e-01 -8.420194387435913086e-01
1.833000000000000185e+01 1.559822410345077515e-01 -8.578297495841979980e-01
1.833999999999999986e+01 1.473284214735031128e-01 -8.727933168411254883e-01
1.835000000000000142e+01 1.385292559862136841e-01 -8.868952989578247070e-01
1.835999999999999943e+01 1.295934319496154785e-01 -9.001215696334838867e-01
1.837000000000000099e+01 1.205297708511352539e-01 -9.124595522880554199e-01
1.837999999999999901e+01 1.113472357392311096e-01 -9.238964319229125977e-01
1.839000000000000057e+01 1.020548865199089050e-01 -9.344216585159301758e-01
1.840000000000000213e+01 9.266187995672225952e-02 -9.440243840217590332e-01
1.841000000000000014e+01 8.317749947309494019e-02 -9.526953101158142090e-01
1.842000000000000171e+01 7.361110299825668335e-02 -9.604259729385375977e-01
1.842999999999999972e+01 6.397214531898498535e-02 -9.672087430953979492e-01
1.844000000000000128e+01 5.427011474967002869e-02 -9.730367660522460938e-01
1.844999999999999929e+01 4.451461136341094971e-02 -9.779046773910522461e-01
1.846000000000000085e+01 3.471524268388748169e-02 -9.818071722984313965e-01
1.846999999999999886e+01 2.488169632852077484e-02 -9.847412705421447754e-01
1.848000000000000043e+01 1.502366177737712860e-02 -9.867032766342163086e-01
1.849000000000000199e+01 5.150874145328998566e-03 -9.876917600631713867e-01
1.850000000000000000e+01 -4.726919345557689667e-03 -9.877055287361145020e-01
1.851000000000000156e+01 -1.459999196231365204e-02 -9.867451190948486328e-01
1.851999999999999957e+01 -2.445857413113117218e-02 -9.848108887672424316e-01
1.853000000000000114e+01 -3.429296612739562988e-02 -9.819052219390869141e-01
1.853999999999999915e+01 -4.409344494342803955e-02 -9.780308604240417480e-01
1.855000000000000071e+01 -5.385037139058113098e-02 -9.731915593147277832e-01
1.855999999999999872e+01 -6.355410069227218628e-02 -9.673923850059509277e-01
1.857000000000000028e+01 -7.319503277540206909e-02 -9.606391191482543945e-01
1.858000000000000185e+01 -8.276371657848358154e-02 -9.529381394386291504e-01
1.858999999999999986e+01 -9.225067496299743652e-02 -9.442975521087646484e-01
1.860000000000000142e+01 -1.016465499997138977e-01 -9.347252845764160156e-01
1.860999999999999943e+01 -1.109421104192733765e-01 -9.242314100265502930e-01
1.862000000000000099e+01 -1.201281473040580750e-01 -9.128260612487792969e-01
1.862999999999999901e+01 -1.291956305503845215e-01 -9.005206823348999023e-01
1.864000000000000057e+01 -1.381356269121170044e-01 -8.873273134231567383e-01
1.865000000000000213e+01 -1.469392627477645874e-01 -8.732590675354003906e-01
1.866000000000000014e+01 -1.555979251861572266e-01 -8.583296537399291992e-01
1.867000000000000171e+01 -1.641030609607696533e-01 -8.425541520118713379e-01
1.867999999999999972e+01 -1.724462062120437622e-01 -8.259477615356445312e-01
1.869000000000000128e+01 -1.806193143129348755e-01 -8.085272312164306641e-01
1.869999999999999929e+01 -1.886141002178192139e-01 -7.903094887733459473e-01
1.871000000000000085e+01 -1.964228898286819458e-01 -7.713127732276916504e-01
1.871999999999999886e+01 -2.040377855300903320e-01 -7.515558004379272461e-01
1.873000000000000043e+01 -2.114515304565429688e-01 -7.310578227043151855e-01
1.874000000000000199e+01 -2.186565548181533813e-01 -7.098392248153686523e-01
1.875000000000000000e+01 -2.256459444761276245e-01 -6.879210472106933594e-01
1.876000000000000156e+01 -2.324127852916717529e-01 -6.653246283531188965e-01
1.876999999999999957e+01 -2.389502376317977905e-01 -6.420723795890808105e-01
1.878000000000000114e+01 -2.452520877122879028e-01 -6.181873679161071777e-01
1.878999999999999915e+01 -2.513120174407958984e-01 -5.936930775642395020e-01
1.880000000000000071e+01 -2.571240067481994629e-01 -5.686134099960327148e-01
1.880999999999999872e+01 -2.626823782920837402e-01 -5.429733991622924805e-01
1.882000000000000028e+01 -2.679816782474517822e-01 -5.167981982231140137e-01
1.883000000000000185e+01 -2.730166316032409668e-01 -4.901135563850402832e-01
1.883999999999999986e+01 -2.777823209762573242e-01 -4.629458785057067871e-01
1.885000000000000142e+01 -2.822740375995635986e-01 -4.353217780590057373e-01
1.885999999999999943e+01 -2.864873707294464111e-01 -4.072684943675994873e-01
1.887000000000000099e+01 -2.904180884361267090e-01 -3.788138329982757568e-01
1.887999999999999901e+01 -2.940624058246612549e-01 -3.499856591224670410e-01
1.889000000000000057e+01 -2.974166274070739746e-01 -3.208124041557312012e-01
1.890000000000000213e+01 -3.004775941371917725e-01 -2.913228571414947510e-01
1.891000000000000014e+01 -3.032421469688415527e-01 -2.615459561347961426e-01
1.892000000000000171e+01 -3.057076334953308105e-01 -2.315112203359603882e-01
1.892999999999999972e+01 -3.078715801239013672e-01 -2.012480348348617554e-01
1.894000000000000128e+01 -3.097319304943084717e-01 -1.707863360643386841e-01
1.894999999999999929e+01 -3.112868070602416992e-01 -1.401560753583908081e-01
1.896000000000000085e+01 -3.125345706939697266e-01 -1.093874499201774597e-01
1.896999999999999886e+01 -3.134741485118865967e-01 -7.851073145866394043e-02
1.898000000000000043e+01 -3.141044974327087402e-01 -4.755639657378196716e-02
1.899000000000000199e+01 -3.144251406192779541e-01 -1.655497588217258453e-02
1.900000000000000000e+01 -3.144356012344360352e-01 1.446322165429592133e-02
1.901000000000000156e+01 -3.141358792781829834e-01 4.546727612614631653e-02
1.901999999999999957e+01 -3.135264217853546143e-01 7.642686367034912109e-02
1.903000000000000114e+01 -3.126076161861419678e-01 1.073114722967147827e-01
1.903999999999999915e+01 -3.113805651664733887e-01 1.380905956029891968e-01
1.905000000000000071e+01 -3.098462224006652832e-01 1.687339246273040771e-01
1.905999999999999872e+01 -3.080063462257385254e-01 1.992112696170806885e-01
1.907000000000000028e+01 -3.058627247810363770e-01 2.294925749301910400e-01
1.908000000000000185e+01 -3.034172654151916504e-01 2.595478892326354980e-01
1.908999999999999986e+01 -3.006726205348968506e-01 2.893477380275726318e-01
1.910000000000000142e+01 -2.976312637329101562e-01 3.188626766204833984e-01
1.910999999999999943e+01 -2.942964136600494385e-01 3.480635285377502441e-01
1.912000000000000099e+01 -2.906711697578430176e-01 3.769216835498809814e-01
1.912999999999999901e+01 -2.867591977119445801e-01 4.054082632064819336e-01
1.914000000000000057e+01 -2.825643718242645264e-01 4.334957003593444824e-01
1.915000000000000213e+01 -2.780906856060028076e-01 4.611558616161346436e-01
1.916000000000000014e+01 -2.733427286148071289e-01 4.883618652820587158e-01
1.917000000000000171e+01 -2.683250904083251953e-01 5.150862932205200195e-01
1.917999999999999972e+01 -2.630426883697509766e-01 5.413032174110412598e-01
1.919000000000000128e+01 -2.575007677078247070e-01 5.669865012168884277e-01
1.919999999999999929e+01 -2.517048120498657227e-01 5.921109318733215332e-01
1.921000000000000085e+01 -2.456605136394500732e-01 6.166516542434692383e-01
1.921999999999999886e+01 -2.393738478422164917e-01 6.405845284461975098e-01
1.923000000000000043e+01 -2.328509241342544556e-01 6.638857722282409668e-01
1.924000000000000199e+01 -2.260982841253280640e-01 6.865323781967163086e-01
1.925000000000000000e+01 -2.191225588321685791e-01 7.085019350051879883e-01
1.926000000000000156e+01 -2.119306027889251709e-01 7.297729849815368652e-01
1.926999999999999957e+01 -2.045294344425201416e-01 7.503241896629333496e-01
1.928000000000000114e+01 -1.969265639781951904e-01 7.701354026794433594e-01
1.928999999999999915e+01 -1.891293078660964966e-01 7.891870141029357910e-01
1.930000000000000071e+01 -1.811453998088836670e-01 8.074601292610168457e-01
1.930999999999999872e+01 -1.729827523231506348e-01 8.249366283416748047e-01
1.932000000000000028e+01 -1.646493822336196899e-01 8.415995836257934570e-01
1.933000000000000185e+01 -1.561535298824310303e-01 8.574321866035461426e-01
1.933999999999999986e+01 -1.475035846233367920e-01 8.724186420440673828e-01
1.935000000000000142e+01 -1.387080401182174683e-01 8.865445256233215332e-01
1.935999999999999943e+01 -1.297755986452102661e-01 8.997952938079833984e-01
1.937000000000000099e+01 -1.207150742411613464e-01 9.121584892272949219e-01
1.937999999999999901e+01 -1.115354225039482117e-01 9.236217737197875977e-01
1.939000000000000057e+01 -1.022456958889961243e-01 9.341732263565063477e-01
1.940000000000000213e+01 -9.285503625869750977e-02 9.438028335571289062e-01
1.941000000000000014e+01 -8.337271213531494141e-02 9.525010585784912109e-01
1.942000000000000171e+01 -7.380814105272293091e-02 9.602593779563903809e-01
1.942999999999999972e+01 -6.417070329189300537e-02 9.670695066452026367e-01
1.944000000000000128e+01 -5.446993932127952576e-02 9.729255437850952148e-01
1.944999999999999929e+01 -4.471539333462715149e-02 9.778211712837219238e-01
1.946000000000000085e+01 -3.491672500967979431e-02 9.817518591880798340e-01
1.946999999999999886e+01 -2.508359029889106750e-02 9.847133755683898926e-01
1.948000000000000043e+01 -1.522571500390768051e-02 9.867026209831237793e-01
1.949000000000000199e+01 -5.352771840989589691e-03 9.877182245254516602e-01
1.950000000000000000e+01 4.525390453636646271e-03 9.877589344978332520e-01
1.951000000000000156e+01 1.439913734793663025e-02 9.868245124816894531e-01
1.951999999999999957e+01 2.425864897668361664e-02 9.849159717559814453e-01
1.953000000000000114e+01 3.409420698881149292e-02 9.820350408554077148e-01
1.953999999999999915e+01 4.389612004160881042e-02 9.781852364540100098e-01
1.955000000000000071e+01 5.365469679236412048e-02 9.733695983886718750e-01
1.955999999999999872e+01 6.336031109094619751e-02 9.675931334495544434e-01
1.957000000000000028e+01 7.300338894128799438e-02 9.608618021011352539e-01
1.958000000000000185e+01 8.257437497377395630e-02 9.531818032264709473e-01
1.958999999999999986e+01 9.206386655569076538e-02 9.445611834526062012e-01
1.960000000000000142e+01 1.014625057578086853e-01 9.350083470344543457e-01
1.960999999999999943e+01 1.107609570026397705e-01 9.245324730873107910e-01
1.962000000000000099e+01 1.199501082301139832e-01 9.131441116333007812e-01
1.962999999999999901e+01 1.290208399295806885e-01 9.008546471595764160e-01
1.964000000000000057e+01 1.379642337560653687e-01 8.876762390136718750e-01
1.965000000000000213e+01 1.467714756727218628e-01 8.736216425895690918e-01
1.966000000000000014e+01 1.554337888956069946e-01 8.587050437927246094e-01
1.967000000000000171e+01 1.639427244663238525e-01 8.429409861564636230e-01
1.967999999999999972e+01 1.722898334264755249e-01 8.263455033302307129e-01
1.969000000000000128e+01 1.804669201374053955e-01 8.089343905448913574e-01
1.969999999999999929e+01 1.884658932685852051e-01 7.907252311706542969e-01
1.971000000000000085e+01 1.962788254022598267e-01 7.717360854148864746e-01
1.971999999999999886e+01 2.038980573415756226e-01 7.519855499267578125e-01
1.973000000000000043e+01 2.113160640001296997e-01 7.314931750297546387e-01
1.974000000000000199e+01 2.185255140066146851e-01 7.102792859077453613e-01
1.975000000000000000e+01 2.255192846059799194e-01 6.883649230003356934e-01
1.976000000000000156e+01 2.322905510663986206e-01 6.657715439796447754e-01
1.976999999999999957e+01 2.388325333595275879e-01 6.425216197967529297e-01
1.978000000000000114e+01 2.451388835906982422e-01 6.186380982398986816e-01
1.978999999999999915e+01 2.512032687664031982e-01 5.941446423530578613e-01
1.980000000000000071e+01 2.570198476314544678e-01 5.690652728080749512e-01
1.980999999999999872e+01 2.625827193260192871e-01 5.434249639511108398e-01
1.982000000000000028e+01 2.678865492343902588e-01 5.172490477561950684e-01
1.983000000000000185e+01 2.729259431362152100e-01 4.905631244182586670e-01
1.983999999999999986e+01 2.776961922645568848e-01 4.633938372135162354e-01
1.985000000000000142e+01 2.821923494338989258e-01 4.357678592205047607e-01
1.985999999999999943e+01 2.864100933074951172e-01 4.077125191688537598e-01
1.987000000000000099e+01 2.903452813625335693e-01 3.792555630207061768e-01
1.987999999999999901e+01 2.939939498901367188e-01 3.504249155521392822e-01
1.989000000000000057e+01 2.973526418209075928e-01 3.212491571903228760e-01
1.990000000000000213e+01 3.004178702831268311e-01 2.917570471763610840e-01
1.991000000000000014e+01 3.031868040561676025e-01 2.619776725769042969e-01
1.992000000000000171e+01 3.056565523147583008e-01 2.319404482841491699e-01
1.992999999999999972e+01 3.078248202800750732e-01 2.016749531030654907e-01
1.994000000000000128e+01 3.096894323825836182e-01 1.712111085653305054e-01
1.994999999999999929e+01 3.112485110759735107e-01 1.405788660049438477e-01
1.996000000000000085e+01 3.125005662441253662e-01 1.098084598779678345e-01
1.996999999999999886e+01 3.134443163871765137e-01 7.893027365207672119e-02
1.998000000000000043e+01 3.140788376331329346e-01 4.797470569610595703e-02
1.999000000000000199e+01 3.144036233425140381e-01 1.697232574224472046e-02
2.000000000000000000e+01 3.144182860851287842e-01 -1.404633745551109314e-02
2.001000000000000156e+01 3.141227364540100098e-01 -4.505072534084320068e-02
2.001999999999999957e+01 3.135173916816711426e-01 -7.601027935743331909e-02
2.003000000000000114e+01 3.126027882099151611e-01 -1.068944782018661499e-01
2.003999999999999915e+01 3.113798499107360840e-01 -1.376729160547256470e-01
2.005000000000000071e+01 3.098497688770294189e-01 -1.683151870965957642e-01
2.005999999999999872e+01 3.080140650272369385e-01 -1.987912207841873169e-01
2.007000000000000028e+01 3.058746159076690674e-01 -2.290709167718887329e-01
2.008000000000000185e+01 3.034334480762481689e-01 -2.591244578361511230e-01
2.008999999999999986e+01 3.006929755210876465e-01 -2.889221906661987305e-01
2.010000000000000142e+01 2.976559996604919434e-01 -3.184348940849304199e-01
2.010999999999999943e+01 2.943253219127655029e-01 -3.476333916187286377e-01
2.012000000000000099e+01 2.907043993473052979e-01 -3.764889240264892578e-01
2.012999999999999901e+01 2.867968082427978516e-01 -4.049730896949768066e-01
2.014000000000000057e+01 2.826063036918640137e-01 -4.330578148365020752e-01
2.015000000000000213e+01 2.781370878219604492e-01 -4.607154726982116699e-01
2.016000000000000014e+01 2.733934819698333740e-01 -4.879188239574432373e-01
2.017000000000000171e+01 2.683802545070648193e-01 -5.146409869194030762e-01
2.017999999999999972e+01 2.631023824214935303e-01 -5.408558249473571777e-01
2.019000000000000128e+01 2.575649321079254150e-01 -5.665373206138610840e-01
2.019999999999999929e+01 2.517734766006469727e-01 -5.916602611541748047e-01
2.021000000000000085e+01 2.457336336374282837e-01 -6.161998510360717773e-01
2.021999999999999886e+01 2.394515126943588257e-01 -6.401318907737731934e-01
2.023000000000000043e+01 2.329331189393997192e-01 -6.634328365325927734e-01
2.024000000000000199e+01 2.261850237846374512e-01 -6.860798597335815430e-01
2.025000000000000000e+01 2.192138135433197021e-01 -7.080504298210144043e-01
2.026000000000000156e+01 2.120263427495956421e-01 -7.293229699134826660e-01
2.026999999999999957e+01 2.046297639608383179e-01 -7.498764991760253906e-01
2.028000000000000114e+01 1.970313042402267456e-01 -7.696907520294189453e-01
2.028999999999999915e+01 1.892384886741638184e-01 -7.887462973594665527e-01
2.030000000000000071e+01 1.812589615583419800e-01 -8.070241212844848633e-01
2.030999999999999872e+01 1.731006503105163574e-01 -8.245063424110412598e-01
2.032000000000000028e+01 1.647715568542480469e-01 -8.411759734153747559e-01
2.033000000000000185e+01 1.562799215316772461e-01 -8.570159673690795898e-01
2.033999999999999986e+01 1.476340591907501221e-01 -8.720110058784484863e-01
2.035000000000000142e+01 1.388425379991531372e-01 -8.861466646194458008e-01
2.035999999999999943e+01 1.299140304327011108e-01 -8.994082808494567871e-01
2.037000000000000099e+01 1.208573430776596069e-01 -9.117830991744995117e-01
2.037999999999999901e+01 1.116813719272613525e-01 -9.232588410377502441e-01
2.039000000000000057e+01 1.023952066898345947e-01 -9.338244199752807617e-01
2.040000000000000213e+01 9.300795942544937134e-02 -9.434688091278076172e-01
2.041000000000000014e+01 8.352891355752944946e-02 -9.521830677986145020e-01
2.042000000000000171e+01 7.396742701530456543e-02 -9.599581956863403320e-01
2.042999999999999972e+01 6.433291733264923096e-02 -9.667868614196777344e-01
2.044000000000000128e+01 5.463486909866333008e-02 -9.726617932319641113e-01
2.044999999999999929e+01 4.488287121057510376e-02 -9.775773286819458008e-01
2.046000000000000085e+01 3.508653119206428528e-02 -9.815287590026855469e-01
2.046999999999999886e+01 2.525552548468112946e-02 -9.845122694969177246e-01
2.048000000000000043e+01 1.539953239262104034e-02 -9.865242838859558105e-01
2.049000000000000199e+01 5.528279580175876617e-03 -9.875632524490356445e-01
2.050000000000000000e+01 -4.348482936620712280e-03 -9.876279234886169434e-01
2.051000000000000156e+01 -1.422103401273488998e-02 -9.867185354232788086e-01
2.051999999999999957e+01 -2.407960779964923859e-02 -9.848354458808898926e-01
2.053000000000000114e+01 -3.391449898481369019e-02 -9.819807410240173340e-01
2.053999999999999915e+01 -4.371598362922668457e-02 -9.781571030616760254e-01
2.055000000000000071e+01 -5.347442626953125000e-02 -9.733684062957763672e-01
2.055999999999999872e+01 -6.318017095327377319e-02 -9.676190018653869629e-01
2.057000000000000028e+01 -7.282362133264541626e-02 -9.609150290489196777e-01
2.058000000000000185e+01 -8.239530771970748901e-02 -9.532626867294311523e-01
2.058999999999999986e+01 -9.188574552536010742e-02 -9.446694850921630859e-01
2.060000000000000142e+01 -1.012855842709541321e-01 -9.351441860198974609e-01
2.060999999999999943e+01 -1.105855554342269897e-01 -9.246957898139953613e-01
2.062000000000000099e+01 -1.197764724493026733e-01 -9.133347272872924805e-01
2.062999999999999901e+01 -1.288492381572723389e-01 -9.010723233222961426e-01
2.064000000000000057e+01 -1.377949565649032593e-01 -8.879203796386718750e-01
2.065000000000000213e+01 -1.466047316789627075e-01 -8.738920688629150391e-01
2.066000000000000014e+01 -1.552699059247970581e-01 -8.590012192726135254e-01
2.067000000000000171e+01 -1.637819409370422363e-01 -8.432622551918029785e-01
2.067999999999999972e+01 -1.721323579549789429e-01 -8.266909122467041016e-01
2.069000000000000128e+01 -1.803130358457565308e-01 -8.093034625053405762e-01
2.069999999999999929e+01 -1.883157491683959961e-01 -7.911170721054077148e-01
2.071000000000000085e+01 -1.961327791213989258e-01 -7.721496820449829102e-01
2.071999999999999886e+01 -2.037561982870101929e-01 -7.524201869964599609e-01
2.073000000000000043e+01 -2.111786752939224243e-01 -7.319476604461669922e-01
2.074000000000000199e+01 -2.183927893638610840e-01 -7.107527256011962891e-01
2.075000000000000000e+01 -2.253913730382919312e-01 -6.888560652732849121e-01
2.076000000000000156e+01 -2.321676462888717651e-01 -6.662792563438415527e-01
2.076999999999999957e+01 -2.387147843837738037e-01 -6.430447697639465332e-01
2.078000000000000114e+01 -2.450263798236846924e-01 -6.191753149032592773e-01
2.078999999999999915e+01 -2.510962486267089844e-01 -5.946949124336242676e-01
2.080000000000000071e+01 -2.569183409214019775e-01 -5.696272253990173340e-01
2.080999999999999872e+01 -2.624869048595428467e-01 -5.439973473548889160e-01
2.082000000000000028e+01 -2.677964866161346436e-01 -5.178304314613342285e-01
2.083000000000000185e+01 -2.728418409824371338e-01 -4.911524653434753418e-01
2.083999999999999986e+01 -2.776179015636444092e-01 -4.639896750450134277e-01
2.085000000000000142e+01 -2.821201086044311523e-01 -4.363689720630645752e-01
2.085999999999999943e+01 -2.863438725471496582e-01 -4.083175063133239746e-01
2.087000000000000099e+01 -2.902850806713104248e-01 -3.798632025718688965e-01
2.087999999999999901e+01 -2.939399182796478271e-01 -3.510341048240661621e-01
2.089000000000000057e+01 -2.973046600818634033e-01 -3.218586444854736328e-01
2.090000000000000213e+01 -3.003759980201721191e-01 -2.923656702041625977e-01
2.091000000000000014e+01 -3.031509816646575928e-01 -2.625842690467834473e-01
2.092000000000000171e+01 -3.056268393993377686e-01 -2.325440645217895508e-01
2.092999999999999972e+01 -3.078010976314544678e-01 -2.022745013236999512e-01
2.094000000000000128e+01 -3.096716105937957764e-01 -1.718055903911590576e-01
2.094999999999999929e+01 -3.112366497516632080e-01 -1.411674171686172485e-01
2.096000000000000085e+01 -3.124945461750030518e-01 -1.103902161121368408e-01
2.096999999999999886e+01 -3.134441077709197998e-01 -7.950442284345626831e-02
2.098000000000000043e+01 -3.140843808650970459e-01 -4.854055494070053101e-02
2.099000000000000199e+01 -3.144147694110870361e-01 -1.752922497689723969e-02
2.100000000000000000e+01 -3.144349157810211182e-01 1.349916309118270874e-02
2.101000000000000156e+01 -3.141447901725769043e-01 4.451361671090126038e-02
2.101999999999999957e+01 -3.135447800159454346e-01 7.548374682664871216e-02
2.103000000000000114e+01 -3.126353323459625244e-01 1.063789427280426025e-01
2.103999999999999915e+01 -3.114175498485565186e-01 1.371687203645706177e-01
2.105000000000000071e+01 -3.098924160003662109e-01 1.678225845098495483e-01
2.105999999999999872e+01 -3.080616295337677002e-01 1.983104348182678223e-01
2.107000000000000028e+01 -3.059268891811370850e-01 2.286020219326019287e-01
2.108000000000000185e+01 -3.034903407096862793e-01 2.586675584316253662e-01
2.108999999999999986e+01 -3.007544279098510742e-01 2.884773612022399902e-01
2.110000000000000142e+01 -2.977217435836791992e-01 3.180020451545715332e-01
2.110999999999999943e+01 -2.943954169750213623e-01 3.472123146057128906e-01
2.112000000000000099e+01 -2.907786369323730469e-01 3.760796487331390381e-01
2.112999999999999901e+01 -2.868750393390655518e-01 4.045752882957458496e-01
2.114000000000000057e+01 -2.826884686946868896e-01 4.326713383197784424e-01
2.115000000000000213e+01 -2.782230377197265625e-01 4.603401720523834229e-01
2.116000000000000014e+01 -2.734832167625427246e-01 4.875542819499969482e-01
2.117000000000000171e+01 -2.684735655784606934e-01 5.142868161201477051e-01
2.117999999999999972e+01 -2.631991505622863770e-01 5.405116677284240723e-01
2.119000000000000128e+01 -2.576651275157928467e-01 5.662029385566711426e-01
2.119999999999999929e+01 -2.518769800662994385e-01 5.913349390029907227e-01
2.121000000000000085e+01 -2.458403557538986206e-01 6.158834695816040039e-01
2.121999999999999886e+01 -2.395613193511962891e-01 6.398240327835083008e-01
2.123000000000000043e+01 -2.330460101366043091e-01 6.631332039833068848e-01
2.124000000000000199e+01 -2.263008207082748413e-01 6.857877969741821289e-01
2.125000000000000000e+01 -2.193325161933898926e-01 7.077656388282775879e-01
2.126000000000000156e+01 -2.121478766202926636e-01 7.290452122688293457e-01
2.126999999999999957e+01 -2.047539800405502319e-01 7.496052980422973633e-01
2.128000000000000114e+01 -1.971582174301147461e-01 7.694258689880371094e-01
2.128999999999999915e+01 -1.893679946660995483e-01 7.884872555732727051e-01
2.130000000000000071e+01 -1.813910454511642456e-01 8.067709803581237793e-01
2.130999999999999872e+01 -1.732352674007415771e-01 8.242586851119995117e-01
2.132000000000000028e+01 -1.649085879325866699e-01 8.409333825111389160e-01
2.133000000000000185e+01 -1.564193218946456909e-01 8.567786812782287598e-01
2.133999999999999986e+01 -1.477758437395095825e-01 8.717787861824035645e-01
2.135000000000000142e+01 -1.389866322278976440e-01 8.859192132949829102e-01
2.135999999999999943e+01 -1.300603449344635010e-01 8.991857171058654785e-01
2.137000000000000099e+01 -1.210058405995368958e-01 9.115656018257141113e-01
2.137999999999999901e+01 -1.118320524692535400e-01 9.230466485023498535e-01
2.139000000000000057e+01 -1.025479733943939209e-01 9.336171746253967285e-01
2.140000000000000213e+01 -9.316277503967285156e-02 9.432671666145324707e-01
2.141000000000000014e+01 -8.368569612503051758e-02 9.519872069358825684e-01
2.142000000000000171e+01 -7.412615418434143066e-02 9.597681164741516113e-01
2.142999999999999972e+01 -6.449350714683532715e-02 9.666029214859008789e-01
2.144000000000000128e+01 -5.479728430509567261e-02 9.724846482276916504e-01
2.144999999999999929e+01 -4.504701867699623108e-02 9.774075150489807129e-01
2.146000000000000085e+01 -3.525234013795852661e-02 9.813664555549621582e-01
2.146999999999999886e+01 -2.542291209101676941e-02 9.843580722808837891e-01
2.148000000000000043e+01 -1.556843053549528122e-02 9.863789081573486328e-01
2.149000000000000199e+01 -5.698563065379858017e-03 9.874272942543029785e-01
2.150000000000000000e+01 4.176857881247997284e-03 9.875019192695617676e-01
2.151000000000000156e+01 1.404821407049894333e-02 9.866030812263488770e-01
2.151999999999999957e+01 2.390569634735584259e-02 9.847314357757568359e-01
2.153000000000000114e+01 3.373959288001060486e-02 9.818886518478393555e-01
2.153999999999999915e+01 4.354023933410644531e-02 9.780778884887695312e-01
2.155000000000000071e+01 5.329794064164161682e-02 9.733026027679443359e-01
2.155999999999999872e+01 6.300310790538787842e-02 9.675677418708801270e-01
2.157000000000000028e+01 7.264612615108489990e-02 9.608787894248962402e-01
2.158000000000000185e+01 8.221751451492309570e-02 9.532418847084045410e-01
2.158999999999999986e+01 9.170781075954437256e-02 9.446654915809631348e-01
2.160000000000000142e+01 1.011077091097831726e-01 9.351574182510375977e-01
2.160999999999999943e+01 1.104078814387321472e-01 9.247267246246337891e-01
2.162000000000000099e+01 1.195992305874824524e-01 9.133843779563903809e-01
2.162999999999999901e+01 1.286725848913192749e-01 9.011411666870117188e-01
2.164000000000000057e+01 1.376190483570098877e-01 8.880090713500976562e-01
2.165000000000000213e+01 1.464298665523529053e-01 8.740012645721435547e-01
2.166000000000000014e+01 1.550962179899215698e-01 8.591313362121582031e-01
2.167000000000000171e+01 1.636096388101577759e-01 8.434137701988220215e-01
2.167999999999999972e+01 1.719617396593093872e-01 8.268643617630004883e-01
2.169000000000000128e+01 1.801442056894302368e-01 8.094992041587829590e-01
2.169999999999999929e+01 1.881490498781204224e-01 7.913352847099304199e-01
2.171000000000000085e+01 1.959683150053024292e-01 7.723907232284545898e-01
2.171999999999999886e+01 2.035943120718002319e-01 7.526841163635253906e-01
2.173000000000000043e+01 2.110195308923721313e-01 7.322346568107604980e-01
2.174000000000000199e+01 2.182365953922271729e-01 7.110627293586730957e-01
2.175000000000000000e+01 2.252384424209594727e-01 6.891891956329345703e-01
2.176000000000000156e+01 2.320180833339691162e-01 6.666351556777954102e-01
2.176999999999999957e+01 2.385689169168472290e-01 6.434233784675598145e-01
2.178000000000000114e+01 2.448844611644744873e-01 6.195764541625976562e-01
2.178999999999999915e+01 2.509584426879882812e-01 5.951179862022399902e-01
2.180000000000000071e+01 2.567848861217498779e-01 5.700719952583312988e-01
2.180999999999999872e+01 2.623580098152160645e-01 5.444630980491638184e-01
2.182000000000000028e+01 2.676723301410675049e-01 5.183168053627014160e-01
2.183000000000000185e+01 2.727226018905639648e-01 4.916585385799407959e-01
2.183999999999999986e+01 2.775039076805114746e-01 4.645148813724517822e-01
2.185000000000000142e+01 2.820114195346832275e-01 4.369124472141265869e-01
2.185999999999999943e+01 2.862407267093658447e-01 4.088783562183380127e-01
2.187000000000000099e+01 2.901876270771026611e-01 3.804405331611633301e-01
2.187999999999999901e+01 2.938482463359832764e-01 3.516268730163574219e-01
2.189000000000000057e+01 2.972190380096435547e-01 3.224658071994781494e-01
2.190000000000000213e+01 3.002965152263641357e-01 2.929860651493072510e-01
2.191000000000000014e+01 3.030777573585510254e-01 2.632167339324951172e-01
2.192000000000000171e+01 3.055599629878997803e-01 2.331873476505279541e-01
2.192999999999999972e+01 3.077407181262969971e-01 2.029273808002471924e-01
2.194000000000000128e+01 3.096178770065307617e-01 1.724667847156524658e-01
2.194999999999999929e+01 3.111895024776458740e-01 1.418355703353881836e-01
2.196000000000000085e+01 3.124541044235229492e-01 1.110640093684196472e-01
2.196999999999999886e+01 3.134104311466217041e-01 8.018247038125991821e-02
2.198000000000000043e+01 3.140574991703033447e-01 4.922146722674369812e-02
2.199000000000000199e+01 3.143946528434753418e-01 1.821159943938255310e-02
2.200000000000000000e+01 3.144216537475585938e-01 -1.281653717160224915e-02
2.201000000000000156e+01 3.141383826732635498e-01 -4.383230954408645630e-02
2.201999999999999957e+01 3.135451376438140869e-01 -7.480507344007492065e-02
2.203000000000000114e+01 3.126425147056579590e-01 -1.057042479515075684e-01
2.203999999999999915e+01 3.114314079284667969e-01 -1.364992707967758179e-01
2.205000000000000071e+01 3.099129796028137207e-01 -1.671597659587860107e-01
2.205999999999999872e+01 3.080887496471405029e-01 -1.976554244756698608e-01
2.207000000000000028e+01 3.059604763984680176e-01 -2.279561012983322144e-01
2.208000000000000185e+01 3.035303652286529541e-01 -2.580319643020629883e-01
2.208999999999999986e+01 3.008007407188415527e-01 -2.878530323505401611e-01
2.210000000000000142e+01 2.977743148803710938e-01 -3.173902034759521484e-01
2.210999999999999943e+01 2.944540083408355713e-01 -3.466140925884246826e-01
2.212000000000000099e+01 2.908430993556976318e-01 -3.754957914352416992e-01
2.212999999999999901e+01 2.869453132152557373e-01 -4.040068984031677246e-01
2.214000000000000057e+01 2.827642858028411865e-01 -4.321191310882568359e-01
2.215000000000000213e+01 2.783043086528778076e-01 -4.598048627376556396e-01
2.216000000000000014e+01 2.735697031021118164e-01 -4.870364665985107422e-01
2.217000000000000171e+01 2.685652077198028564e-01 -5.137874484062194824e-01
2.217999999999999972e+01 2.632957100868225098e-01 -5.400310754776000977e-01
2.219000000000000128e+01 2.577663362026214600e-01 -5.657415390014648438e-01
2.219999999999999929e+01 2.519827187061309814e-01 -5.908935070037841797e-01
2.221000000000000085e+01 2.459504306316375732e-01 -6.154620051383972168e-01
2.221999999999999886e+01 2.396755069494247437e-01 -6.394227147102355957e-01
2.223000000000000043e+01 2.331640571355819702e-01 -6.627521514892578125e-01
2.224000000000000199e+01 2.264226078987121582e-01 -6.854273080825805664e-01
2.225000000000000000e+01 2.194577604532241821e-01 -7.074258327484130859e-01
2.226000000000000156e+01 2.122764587402343750e-01 -7.287257909774780273e-01
2.226999999999999957e+01 2.048856914043426514e-01 -7.493062615394592285e-01
2.228000000000000114e+01 1.972928047180175781e-01 -7.691470384597778320e-01
2.228999999999999915e+01 1.895052641630172729e-01 -7.882284522056579590e-01
2.230000000000000071e+01 1.815308034420013428e-01 -8.065316677093505859e-01
2.230999999999999872e+01 1.733773201704025269e-01 -8.240387439727783203e-01
2.232000000000000028e+01 1.650527566671371460e-01 -8.407325148582458496e-01
2.233000000000000185e+01 1.565654277801513672e-01 -8.565960526466369629e-01
2.233999999999999986e+01 1.479236781597137451e-01 -8.716143369674682617e-01
2.235000000000000142e+01 1.391360014677047729e-01 -8.857721686363220215e-01
2.235999999999999943e+01 1.302111148834228516e-01 -8.990558385848999023e-01
2.237000000000000099e+01 1.211578473448753357e-01 -9.114518165588378906e-01
2.237999999999999901e+01 1.119850799441337585e-01 -9.229485988616943359e-01
2.239000000000000057e+01 1.027019247412681580e-01 -9.335343241691589355e-01
2.240000000000000213e+01 9.331747889518737793e-02 -9.431989192962646484e-01
2.241000000000000014e+01 8.384104073047637939e-02 -9.519326090812683105e-01
2.242000000000000171e+01 7.428195327520370483e-02 -9.597269296646118164e-01
2.242999999999999972e+01 6.464966386556625366e-02 -9.665746092796325684e-01
2.244000000000000128e+01 5.495364218950271606e-02 -9.724681377410888672e-01
2.244999999999999929e+01 4.520348832011222839e-02 -9.774023890495300293e-01
2.246000000000000085e+01 3.540880978107452393e-02 -9.813722372055053711e-01
2.246999999999999886e+01 2.557927370071411133e-02 -9.843739867210388184e-01
2.248000000000000043e+01 1.572457142174243927e-02 -9.864046573638916016e-01
2.249000000000000199e+01 5.854424089193344116e-03 -9.874621033668518066e-01
2.250000000000000000e+01 -4.021421074867248535e-03 -9.875456094741821289e-01
2.251000000000000156e+01 -1.389324013143777847e-02 -9.866549372673034668e-01
2.251999999999999957e+01 -2.375127561390399933e-02 -9.847912788391113281e-01
2.253000000000000114e+01 -3.358582034707069397e-02 -9.819560050964355469e-01
2.253999999999999915e+01 -4.338715970516204834e-02 -9.781523942947387695e-01
2.255000000000000071e+01 -5.314566567540168762e-02 -9.733842611312866211e-01
2.255999999999999872e+01 -6.285166740417480469e-02 -9.676560163497924805e-01
2.257000000000000028e+01 -7.249559462070465088e-02 -9.609735012054443359e-01
2.258000000000000185e+01 -8.206798136234283447e-02 -9.533435106277465820e-01
2.258999999999999986e+01 -9.155935049057006836e-02 -9.447733163833618164e-01
2.260000000000000142e+01 -1.009603217244148254e-01 -9.352715611457824707e-01
2.260999999999999943e+01 -1.102616935968399048e-01 -9.248476624488830566e-01
2.262000000000000099e+01 -1.194542422890663147e-01 -9.135116934776306152e-01
2.262999999999999901e+01 -1.285289078950881958e-01 -9.012750983238220215e-01
2.264000000000000057e+01 -1.374768167734146118e-01 -8.881499767303466797e-01
2.265000000000000213e+01 -1.462889909744262695e-01 -8.741490244865417480e-01
2.266000000000000014e+01 -1.549569070339202881e-01 -8.592864871025085449e-01
2.267000000000000171e+01 -1.634719371795654297e-01 -8.435765504837036133e-01
2.267999999999999972e+01 -1.718256324529647827e-01 -8.270350098609924316e-01
2.269000000000000128e+01 -1.800099164247512817e-01 -8.096780776977539062e-01
2.269999999999999929e+01 -1.880165189504623413e-01 -7.915229201316833496e-01
2.271000000000000085e+01 -1.958377510309219360e-01 -7.725874185562133789e-01
2.271999999999999886e+01 -2.034657150506973267e-01 -7.528903484344482422e-01
2.273000000000000043e+01 -2.108931094408035278e-01 -7.324508428573608398e-01
2.274000000000000199e+01 -2.181123793125152588e-01 -7.112893462181091309e-01
2.275000000000000000e+01 -2.251165211200714111e-01 -6.894266605377197266e-01
2.276000000000000156e+01 -2.318986803293228149e-01 -6.668840646743774414e-01
2.276999999999999957e+01 -2.384520471096038818e-01 -6.436839699745178223e-01
2.278000000000000114e+01 -2.447702139616012573e-01 -6.198493242263793945e-01
2.278999999999999915e+01 -2.508469521999359131e-01 -5.954035520553588867e-01
2.280000000000000071e+01 -2.566763162612915039e-01 -5.703704357147216797e-01
2.280999999999999872e+01 -2.622525095939636230e-01 -5.447753071784973145e-01
2.282000000000000028e+01 -2.675700485706329346e-01 -5.186426043510437012e-01
2.283000000000000185e+01 -2.726236581802368164e-01 -4.919985830783843994e-01
2.283999999999999986e+01 -2.774083316326141357e-01 -4.648693203926086426e-01
2.285000000000000142e+01 -2.819195389747619629e-01 -4.372815787792205811e-01
2.285999999999999943e+01 -2.861525416374206543e-01 -4.092624187469482422e-01
2.287000000000000099e+01 -2.901033759117126465e-01 -3.808395862579345703e-01
2.287999999999999901e+01 -2.937681674957275391e-01 -3.520410656929016113e-01
2.289000000000000057e+01 -2.971430420875549316e-01 -3.228951096534729004e-01
2.290000000000000213e+01 -3.002249896526336670e-01 -2.934305369853973389e-01
2.291000000000000014e+01 -3.030107021331787109e-01 -2.636763155460357666e-01
2.292000000000000171e+01 -3.054976165294647217e-01 -2.336618155241012573e-01
2.292999999999999972e+01 -3.076831698417663574e-01 -2.034165561199188232e-01
2.294000000000000128e+01 -3.095652759075164795e-01 -1.729703694581985474e-01
2.294999999999999929e+01 -3.111420273780822754e-01 -1.423532366752624512e-01
2.296000000000000085e+01 -3.124118447303771973e-01 -1.115953475236892700e-01
2.296999999999999886e+01 -3.133735358715057373e-01 -8.072698116302490234e-02
2.298000000000000043e+01 -3.140261173248291016e-01 -4.977861046791076660e-02
2.299000000000000199e+01 -3.143689632415771484e-01 -1.878078281879425049e-02
2.300000000000000000e+01 -3.144017159938812256e-01 1.223618164658546448e-02
2.301000000000000156e+01 -3.141241967678070068e-01 4.324134439229965210e-02
2.301999999999999957e+01 -3.135370016098022461e-01 7.420437037944793701e-02
2.303000000000000114e+01 -3.126403987407684326e-01 1.050947010517120361e-01
2.303999999999999915e+01 -3.114354610443115234e-01 1.358818560838699341e-01
2.305000000000000071e+01 -3.099232017993927002e-01 1.665354371070861816e-01
2.305999999999999872e+01 -3.081052601337432861e-01 1.970252692699432373e-01
2.307000000000000028e+01 -3.059833645820617676e-01 2.273212075233459473e-01
2.308000000000000185e+01 -3.035596013069152832e-01 2.573933899402618408e-01
2.308999999999999986e+01 -3.008363544940948486e-01 2.872121632099151611e-01
2.310000000000000142e+01 -2.978163063526153564e-01 3.167480528354644775e-01
2.310999999999999943e+01 -2.945024669170379639e-01 3.459719121456146240e-01
2.312000000000000099e+01 -2.908979952335357666e-01 3.748550117015838623e-01
2.312999999999999901e+01 -2.870065867900848389e-01 4.033685922622680664e-01
2.314000000000000057e+01 -2.828319966793060303e-01 4.314848482608795166e-01
2.315000000000000213e+01 -2.783783078193664551e-01 4.591757357120513916e-01
2.316000000000000014e+01 -2.736499607563018799e-01 4.864141941070556641e-01
2.317000000000000171e+01 -2.686516046524047852e-01 5.131728649139404297e-01
2.317999999999999972e+01 -2.633881866931915283e-01 5.394256711006164551e-01
2.319000000000000128e+01 -2.578648328781127930e-01 5.651466250419616699e-01
2.319999999999999929e+01 -2.520871162414550781e-01 5.903102159500122070e-01
2.321000000000000085e+01 -2.460606098175048828e-01 6.148916482925415039e-01
2.321999999999999886e+01 -2.397913336753845215e-01 6.388667225837707520e-01
2.323000000000000043e+01 -2.332853674888610840e-01 6.622116565704345703e-01
2.324000000000000199e+01 -2.265492379665374756e-01 6.849033832550048828e-01
2.325000000000000000e+01 -2.195895761251449585e-01 7.069193124771118164e-01
2.326000000000000156e+01 -2.124132066965103149e-01 7.282380461692810059e-01
2.326999999999999957e+01 -2.050271481275558472e-01 7.488381862640380859e-01
2.328000000000000114e+01 -1.974388957023620605e-01 7.686995863914489746e-01
2.328999999999999915e+01 -1.896557360887527466e-01 7.878024578094482422e-01
2.330000000000000071e+01 -1.816854178905487061e-01 8.061280846595764160e-01
2.330999999999999872e+01 -1.735358387231826782e-01 8.236581087112426758e-01
2.332000000000000028e+01 -1.652149707078933716e-01 8.403754830360412598e-01
2.333000000000000185e+01 -1.567310690879821777e-01 8.562633395195007324e-01
2.333999999999999986e+01 -1.480925381183624268e-01 8.713062405586242676e-01
2.335000000000000142e+01 -1.393078118562698364e-01 8.854893445968627930e-01
2.335999999999999943e+01 -1.303856372833251953e-01 8.987982273101806641e-01
2.337000000000000099e+01 -1.213348209857940674e-01 9.112200140953063965e-01
2.337999999999999901e+01 -1.121642515063285828e-01 9.227428436279296875e-01
2.339000000000000057e+01 -1.028830185532569885e-01 9.333545565605163574e-01
2.340000000000000213e+01 -9.350022673606872559e-02 9.430450797080993652e-01
2.341000000000000014e+01 -8.402516692876815796e-02 9.518049359321594238e-01
2.342000000000000171e+01 -7.446724921464920044e-02 9.596252441406250000e-01
2.342999999999999972e+01 -6.483584642410278320e-02 9.664980173110961914e-01
2.344000000000000128e+01 -5.514048412442207336e-02 9.724171757698059082e-01
2.344999999999999929e+01 -4.539071023464202881e-02 9.773763418197631836e-01
2.346000000000000085e+01 -3.559616953134536743e-02 9.813707470893859863e-01
2.346999999999999886e+01 -2.576651796698570251e-02 9.843964576721191406e-01
2.348000000000000043e+01 -1.591149158775806427e-02 9.864506721496582031e-01
2.349000000000000199e+01 -6.040743552148342133e-03 9.875310063362121582e-01
2.350000000000000000e+01 3.835871117189526558e-03 9.876366257667541504e-01
2.351000000000000156e+01 1.370872464030981064e-02 9.867674708366394043e-01
2.351999999999999957e+01 2.356799319386482239e-02 9.849245548248291016e-01
2.353000000000000114e+01 3.340395912528038025e-02 9.821091294288635254e-01
2.353999999999999915e+01 4.320694506168365479e-02 9.783247709274291992e-01
2.355000000000000071e+01 5.296724289655685425e-02 9.735747575759887695e-01
2.355999999999999872e+01 6.267523765563964844e-02 9.678638577461242676e-01
2.357000000000000028e+01 7.232134044170379639e-02 9.611979126930236816e-01
2.358000000000000185e+01 8.189602941274642944e-02 9.535831809043884277e-01
2.358999999999999986e+01 9.138985723257064819e-02 9.450277090072631836e-01
2.360000000000000142e+01 1.007934808731079102e-01 9.355396032333374023e-01
2.360999999999999943e+01 1.100975647568702698e-01 9.251282811164855957e-01
2.362000000000000099e+01 1.192930042743682861e-01 9.138042926788330078e-01
2.362999999999999901e+01 1.283706575632095337e-01 9.015786051750183105e-01
2.364000000000000057e+01 1.373216211795806885e-01 8.884634375572204590e-01
2.365000000000000213e+01 1.461370140314102173e-01 8.744719624519348145e-01
2.366000000000000014e+01 1.548081487417221069e-01 8.596174716949462891e-01
2.367000000000000171e+01 1.633265167474746704e-01 8.439152240753173828e-01
2.367999999999999972e+01 1.716836988925933838e-01 8.273804187774658203e-01
2.369000000000000128e+01 1.798714250326156616e-01 8.100295066833496094e-01
2.369999999999999929e+01 1.878816485404968262e-01 7.918796539306640625e-01
2.371000000000000085e+01 1.957064121961593628e-01 7.729489803314208984e-01
2.371999999999999886e+01 2.033380568027496338e-01 7.532559633255004883e-01
2.373000000000000043e+01 2.107690125703811646e-01 7.328200340270996094e-01
2.374000000000000199e+01 2.179920375347137451e-01 7.116615772247314453e-01
2.375000000000000000e+01 2.249999493360519409e-01 6.898015141487121582e-01
2.376000000000000156e+01 2.317858040332794189e-01 6.672611236572265625e-01
2.376999999999999957e+01 2.383429855108261108e-01 6.440629959106445312e-01
2.378000000000000114e+01 2.446649670600891113e-01 6.202298998832702637e-01
2.378999999999999915e+01 2.507455348968505859e-01 5.957854390144348145e-01
2.380000000000000071e+01 2.565787136554718018e-01 5.707537531852722168e-01
2.380999999999999872e+01 2.621587514877319336e-01 5.451593399047851562e-01
2.382000000000000028e+01 2.674801051616668701e-01 5.190278291702270508e-01
2.383000000000000185e+01 2.725375294685363770e-01 4.923847019672393799e-01
2.383999999999999986e+01 2.773262262344360352e-01 4.652564227581024170e-01
2.385000000000000142e+01 2.818411886692047119e-01 4.376697242259979248e-01
2.385999999999999943e+01 2.860781550407409668e-01 4.096517562866210938e-01
2.387000000000000099e+01 2.900328636169433594e-01 3.812302052974700928e-01
2.387999999999999901e+01 2.937014698982238770e-01 3.524330556392669678e-01
2.389000000000000057e+01 2.970803976058959961e-01 3.232887983322143555e-01
2.390000000000000213e+01 3.001661896705627441e-01 2.938260734081268311e-01
2.391000000000000014e+01 3.029559552669525146e-01 2.640739977359771729e-01
2.392000000000000171e+01 3.054468035697937012e-01 2.340618818998336792e-01
2.392999999999999972e+01 3.076364099979400635e-01 2.038193345069885254e-01
2.394000000000000128e+01 3.095225393772125244e-01 1.733761429786682129e-01
2.394999999999999929e+01 3.111033439636230469e-01 1.427623182535171509e-01
2.396000000000000085e+01 3.123773038387298584e-01 1.120079457759857178e-01
2.396999999999999886e+01 3.133431673049926758e-01 8.114345371723175049e-02
2.398000000000000043e+01 3.139999210834503174e-01 5.019920691847801208e-02
2.399000000000000199e+01 3.143469393253326416e-01 1.920575276017189026e-02
2.400000000000000000e+01 3.143840134143829346e-01 -1.180642563849687576e-02
2.401000000000000156e+01 3.141108453273773193e-01 -4.280677437782287598e-02
2.401999999999999957e+01 3.135279417037963867e-01 -7.376474142074584961e-02
2.403000000000000114e+01 3.126358389854431152e-01 -1.046498268842697144e-01
2.403999999999999915e+01 3.114353120326995850e-01 -1.354316323995590210e-01
2.405000000000000071e+01 3.099276423454284668e-01 -1.660797446966171265e-01
2.406000000000000227e+01 3.081142604351043701e-01 -1.965640187263488770e-01
2.407000000000000028e+01 3.059970140457153320e-01 -2.268544882535934448e-01
2.408000000000000185e+01 3.035778999328613281e-01 -2.569212317466735840e-01
2.408999999999999986e+01 3.008594214916229248e-01 -2.867346704006195068e-01
2.410000000000000142e+01 2.978441715240478516e-01 -3.162654042243957520e-01
2.410999999999999943e+01 2.945351600646972656e-01 -3.454843163490295410e-01
2.412000000000000099e+01 2.909356355667114258e-01 -3.743626475334167480e-01
2.412999999999999901e+01 2.870491445064544678e-01 -4.028720259666442871e-01
2.414000000000000057e+01 2.828794717788696289e-01 -4.309842288494110107e-01
2.415000000000000213e+01 2.784308493137359619e-01 -4.586714804172515869e-01
2.416000000000000014e+01 2.737075388431549072e-01 -4.859067797660827637e-01
2.417000000000000171e+01 2.687143087387084961e-01 -5.126631855964660645e-01
2.417999999999999972e+01 2.634560167789459229e-01 -5.389140844345092773e-01
2.419000000000000128e+01 2.579377889633178711e-01 -5.646338462829589844e-01
2.419999999999999929e+01 2.521651983261108398e-01 -5.897970795631408691e-01
2.421000000000000085e+01 2.461437731981277466e-01 -6.143789291381835938e-01
2.421999999999999886e+01 2.398795783519744873e-01 -6.383551359176635742e-01
2.423000000000000043e+01 2.333787828683853149e-01 -6.617020368576049805e-01
2.424000000000000199e+01 2.266477793455123901e-01 -6.843968629837036133e-01
2.425000000000000000e+01 2.196931093931198120e-01 -7.064167857170104980e-01
2.426000000000000156e+01 2.125217169523239136e-01 -7.277405858039855957e-01
2.426999999999999957e+01 2.051406949758529663e-01 -7.483466863632202148e-01
2.428000000000000114e+01 1.975572556257247925e-01 -7.682151794433593750e-01
2.428999999999999915e+01 1.897789388895034790e-01 -7.873260974884033203e-01
2.430000000000000071e+01 1.818133294582366943e-01 -8.056608438491821289e-01
2.431000000000000227e+01 1.736683696508407593e-01 -8.232011795043945312e-01
2.432000000000000028e+01 1.653520166873931885e-01 -8.399299383163452148e-01
2.433000000000000185e+01 1.568725258111953735e-01 -8.558304309844970703e-01
2.433999999999999986e+01 1.482382118701934814e-01 -8.708869814872741699e-01
2.435000000000000142e+01 1.394576430320739746e-01 -8.850849270820617676e-01
2.435999999999999943e+01 1.305394470691680908e-01 -8.984099626541137695e-01
2.437000000000000099e+01 1.214924007654190063e-01 -9.108487367630004883e-01
2.437999999999999901e+01 1.123254373669624329e-01 -9.223893284797668457e-01
2.439000000000000057e+01 1.030476689338684082e-01 -9.330202937126159668e-01
2.440000000000000213e+01 9.366812556982040405e-02 -9.427307248115539551e-01
2.441000000000000014e+01 8.419612795114517212e-02 -9.515113234519958496e-01
2.442000000000000171e+01 7.464101910591125488e-02 -9.593533873558044434e-01
2.442999999999999972e+01 6.501222401857376099e-02 -9.662492871284484863e-01
2.444000000000000128e+01 5.531921237707138062e-02 -9.721917510032653809e-01
2.444999999999999929e+01 4.557158425450325012e-02 -9.771750569343566895e-01
2.446000000000000085e+01 3.577892854809761047e-02 -9.811943173408508301e-01
2.446999999999999886e+01 2.595092356204986572e-02 -9.842454791069030762e-01
2.448000000000000043e+01 1.609725691378116608e-02 -9.863256812095642090e-01
2.449000000000000199e+01 6.227655801922082901e-03 -9.874323010444641113e-01
2.450000000000000000e+01 -3.648137906566262245e-03 -9.875648021697998047e-01
2.451000000000000156e+01 -1.352039445191621780e-02 -9.867229461669921875e-01
2.451999999999999957e+01 -2.337934635579586029e-02 -9.849070906639099121e-01
2.453000000000000114e+01 -3.321528807282447815e-02 -9.821193814277648926e-01
2.453999999999999915e+01 -4.301849752664566040e-02 -9.783622026443481445e-01
2.455000000000000071e+01 -5.277932435274124146e-02 -9.736398458480834961e-01
2.456000000000000227e+01 -6.248810887336730957e-02 -9.679561257362365723e-01
2.457000000000000028e+01 -7.213525474071502686e-02 -9.613172411918640137e-01
2.458000000000000185e+01 -8.171129971742630005e-02 -9.537296891212463379e-01
2.458999999999999986e+01 -9.120672196149826050e-02 -9.452005624771118164e-01
2.460000000000000142e+01 -1.006121858954429626e-01 -9.357386231422424316e-01
2.460999999999999943e+01 -1.099184080958366394e-01 -9.253529310226440430e-01
2.462000000000000099e+01 -1.191162094473838806e-01 -9.140539765357971191e-01
2.462999999999999901e+01 -1.281964927911758423e-01 -9.018527269363403320e-01
2.464000000000000057e+01 -1.371503174304962158e-01 -8.887612223625183105e-01
2.465000000000000213e+01 -1.459687948226928711e-01 -8.747923374176025391e-01
2.466000000000000014e+01 -1.546432524919509888e-01 -8.599599599838256836e-01
2.467000000000000171e+01 -1.631651669740676880e-01 -8.442788720130920410e-01
2.467999999999999972e+01 -1.715260297060012817e-01 -8.277641534805297852e-01
2.469000000000000128e+01 -1.797177344560623169e-01 -8.104323744773864746e-01
2.469999999999999929e+01 -1.877319961786270142e-01 -7.923006415367126465e-01
2.471000000000000085e+01 -1.955611109733581543e-01 -7.733868956565856934e-01
2.471999999999999886e+01 -2.031971961259841919e-01 -7.537097930908203125e-01
2.473000000000000043e+01 -2.106328308582305908e-01 -7.332886457443237305e-01
2.474000000000000199e+01 -2.178605943918228149e-01 -7.121438384056091309e-01
2.475000000000000000e+01 -2.248733639717102051e-01 -6.902960538864135742e-01
2.476000000000000156e+01 -2.316642701625823975e-01 -6.677670478820800781e-01
2.476999999999999957e+01 -2.382264882326126099e-01 -6.445789337158203125e-01
2.478000000000000114e+01 -2.445537000894546509e-01 -6.207546591758728027e-01
2.478999999999999915e+01 -2.506395578384399414e-01 -5.963179469108581543e-01
2.480000000000000071e+01 -2.564780712127685547e-01 -5.712926387786865234e-01
2.481000000000000227e+01 -2.620635330677032471e-01 -5.457038283348083496e-01
2.482000000000000028e+01 -2.673903703689575195e-01 -5.195764303207397461e-01
2.483000000000000185e+01 -2.724533975124359131e-01 -4.929365217685699463e-01
2.483999999999999986e+01 -2.772474884986877441e-01 -4.658103287220001221e-01
2.485000000000000142e+01 -2.817680537700653076e-01 -4.382247030735015869e-01
2.485999999999999943e+01 -2.860105335712432861e-01 -4.102066755294799805e-01
2.487000000000000099e+01 -2.899707853794097900e-01 -3.817842602729797363e-01
2.487999999999999901e+01 -2.936449944972991943e-01 -3.529854118824005127e-01
2.489000000000000057e+01 -2.970293760299682617e-01 -3.238385021686553955e-01
2.490000000000000213e+01 -3.001206517219543457e-01 -2.943723797798156738e-01
2.491000000000000014e+01 -3.029158413410186768e-01 -2.646161913871765137e-01
2.492000000000000171e+01 -3.054121136665344238e-01 -2.345992624759674072e-01
2.492999999999999972e+01 -3.076070249080657959e-01 -2.043512165546417236e-01
2.494000000000000128e+01 -3.094984591007232666e-01 -1.739020347595214844e-01
2.494999999999999929e+01 -3.110845386981964111e-01 -1.432816982269287109e-01
2.496000000000000085e+01 -3.123636543750762939e-01 -1.125204414129257202e-01
2.496999999999999886e+01 -3.133345842361450195e-01 -8.164864778518676758e-02
2.498000000000000043e+01 -3.139963448047637939e-01 -5.069682002067565918e-02
2.499000000000000199e+01 -3.143483400344848633e-01 -1.969554461538791656e-02
2.500000000000000000e+01 -3.143902420997619629e-01 1.132481358945369720e-02
2.501000000000000156e+01 -3.141218423843383789e-01 4.233327880501747131e-02
2.501999999999999957e+01 -3.135436773300170898e-01 7.329948246479034424e-02
2.503000000000000114e+01 -3.126560747623443604e-01 1.041928678750991821e-01
2.503999999999999915e+01 -3.114601373672485352e-01 1.349829584360122681e-01
2.505000000000000071e+01 -3.099569082260131836e-01 1.656392365694046021e-01
2.506000000000000227e+01 -3.081479072570800781e-01 1.961316913366317749e-01
2.507000000000000028e+01 -3.060349524021148682e-01 2.264300286769866943e-01
2.508000000000000185e+01 -3.036200404167175293e-01 2.565044760704040527e-01
2.508999999999999986e+01 -3.009057044982910156e-01 2.863254547119140625e-01
2.510000000000000142e+01 -2.978944778442382812e-01 3.158634305000305176e-01
2.510999999999999943e+01 -2.945894896984100342e-01 3.450892865657806396e-01
2.512000000000000099e+01 -2.909938097000122070e-01 3.739744424819946289e-01
2.512999999999999901e+01 -2.871112525463104248e-01 4.024899899959564209e-01
2.514000000000000057e+01 -2.829454243183135986e-01 4.306083917617797852e-01
2.515000000000000213e+01 -2.785004675388336182e-01 4.583014547824859619e-01
2.516000000000000014e+01 -2.737808823585510254e-01 4.855422377586364746e-01
2.517000000000000171e+01 -2.687911987304687500e-01 5.123036503791809082e-01
2.517999999999999972e+01 -2.635364532470703125e-01 5.385593771934509277e-01
2.519000000000000128e+01 -2.580217719078063965e-01 5.642836689949035645e-01
2.519999999999999929e+01 -2.522526383399963379e-01 5.894510746002197266e-01
2.521000000000000085e+01 -2.462346553802490234e-01 6.140369176864624023e-01
2.521999999999999886e+01 -2.399739474058151245e-01 6.380168795585632324e-01
2.523000000000000043e+01 -2.334764599800109863e-01 6.613674759864807129e-01
2.524000000000000199e+01 -2.267487198114395142e-01 6.840655803680419922e-01
2.525000000000000000e+01 -2.197974026203155518e-01 7.060887813568115234e-01
2.526000000000000156e+01 -2.126292884349822998e-01 7.274156212806701660e-01
2.526999999999999957e+01 -2.052514553070068359e-01 7.480249404907226562e-01
2.528000000000000114e+01 -1.976712644100189209e-01 7.678965330123901367e-01
2.528999999999999915e+01 -1.898960918188095093e-01 7.870106697082519531e-01
2.530000000000000071e+01 -1.819336265325546265e-01 8.053487539291381836e-01
2.531000000000000227e+01 -1.737917661666870117e-01 8.228926658630371094e-01
2.532000000000000028e+01 -1.654784828424453735e-01 8.396250605583190918e-01
2.533000000000000185e+01 -1.570020169019699097e-01 8.555295467376708984e-01
2.533999999999999986e+01 -1.483707427978515625e-01 8.705902099609375000e-01
2.535000000000000142e+01 -1.395930796861648560e-01 8.847926259040832520e-01
2.535999999999999943e+01 -1.306777447462081909e-01 8.981224298477172852e-01
2.537000000000000099e+01 -1.216335520148277283e-01 9.105667471885681152e-01
2.537999999999999901e+01 -1.124694272875785828e-01 9.221133589744567871e-01
2.539000000000000057e+01 -1.031943485140800476e-01 9.327507615089416504e-01
2.540000000000000213e+01 -9.381747245788574219e-02 9.424682259559631348e-01
2.541000000000000014e+01 -8.434805274009704590e-02 9.512568116188049316e-01
2.542000000000000171e+01 -7.479546219110488892e-02 9.591071009635925293e-01
2.542999999999999972e+01 -6.516908109188079834e-02 9.660118818283081055e-01
2.544000000000000128e+01 -5.547840893268585205e-02 9.719641208648681641e-01
2.544999999999999929e+01 -4.573299735784530640e-02 9.769580960273742676e-01
2.546000000000000085e+01 -3.594245389103889465e-02 9.809886217117309570e-01
2.546999999999999886e+01 -2.611644193530082703e-02 9.840521216392517090e-01
2.548000000000000043e+01 -1.626466400921344757e-02 9.861450791358947754e-01
2.549000000000000199e+01 -6.396771408617496490e-03 9.872657060623168945e-01
2.550000000000000000e+01 3.477397374808788300e-03 9.874128699302673340e-01
2.551000000000000156e+01 1.334822550415992737e-02 9.865863323211669922e-01
2.551999999999999957e+01 2.320589683949947357e-02 9.847868084907531738e-01
2.553000000000000114e+01 3.304071724414825439e-02 9.820162057876586914e-01
2.553999999999999915e+01 4.284299165010452271e-02 9.782770276069641113e-01
2.555000000000000071e+01 5.260304361581802368e-02 9.735733270645141602e-01
2.556000000000000227e+01 6.231125816702842712e-02 9.679092764854431152e-01
2.557000000000000028e+01 7.195805758237838745e-02 9.612904191017150879e-01
2.558000000000000185e+01 8.153390139341354370e-02 9.537234306335449219e-01
2.558999999999999986e+01 9.102936834096908569e-02 9.452160596847534180e-01
2.560000000000000142e+01 1.004351153969764709e-01 9.357761740684509277e-01
2.560999999999999943e+01 1.097418293356895447e-01 9.254131317138671875e-01
2.562000000000000099e+01 1.189403384923934937e-01 9.141370058059692383e-01
2.562999999999999901e+01 1.280215531587600708e-01 9.019592404365539551e-01
2.564000000000000057e+01 1.369765549898147583e-01 8.888916969299316406e-01
2.565000000000000213e+01 1.457964777946472168e-01 8.749470710754394531e-01
2.566000000000000014e+01 1.544726192951202393e-01 8.601391315460205078e-01
2.567000000000000171e+01 1.629964262247085571e-01 8.444824814796447754e-01
2.567999999999999972e+01 1.713594943284988403e-01 8.279923796653747559e-01
2.569000000000000128e+01 1.795535534620285034e-01 8.106853961944580078e-01
2.569999999999999929e+01 1.875705420970916748e-01 7.925782203674316406e-01
2.571000000000000085e+01 1.954025030136108398e-01 7.736890316009521484e-01
2.571999999999999886e+01 2.030417621135711670e-01 7.540360689163208008e-01
2.573000000000000043e+01 2.104807347059249878e-01 7.336388230323791504e-01
2.574000000000000199e+01 2.177120745182037354e-01 7.125174999237060547e-01
2.575000000000000000e+01 2.247287482023239136e-01 6.906930208206176758e-01
2.576000000000000156e+01 2.315236777067184448e-01 6.681863069534301758e-01
2.576999999999999957e+01 2.380902767181396484e-01 6.450201869010925293e-01
2.578000000000000114e+01 2.444219887256622314e-01 6.212171316146850586e-01
2.578999999999999915e+01 2.505125701427459717e-01 5.968009829521179199e-01
2.580000000000000071e+01 2.563560605049133301e-01 5.717953443527221680e-01
2.581000000000000227e+01 2.619465887546539307e-01 5.462251901626586914e-01
2.582000000000000028e+01 2.672787606716156006e-01 5.201156735420227051e-01
2.583000000000000185e+01 2.723472118377685547e-01 4.934924244880676270e-01
2.583999999999999986e+01 2.771470248699188232e-01 4.663819670677185059e-01
2.585000000000000142e+01 2.816732823848724365e-01 4.388108253479003906e-01
2.585999999999999943e+01 2.859217524528503418e-01 4.108063280582427979e-01
2.587000000000000099e+01 2.898880839347839355e-01 3.823961317539215088e-01
2.587999999999999901e+01 2.935684323310852051e-01 3.536081910133361816e-01
2.589000000000000057e+01 2.969590723514556885e-01 3.244710266590118408e-01
2.590000000000000213e+01 3.000567257404327393e-01 2.950132787227630615e-01
2.591000000000000014e+01 3.028584122657775879e-01 2.652640938758850098e-01
2.592000000000000171e+01 3.053611516952514648e-01 2.352529168128967285e-01
2.592999999999999972e+01 3.075626790523529053e-01 2.050093412399291992e-01
2.594000000000000128e+01 3.094606995582580566e-01 1.745631992816925049e-01
2.594999999999999929e+01 3.110533356666564941e-01 1.439446061849594116e-01
2.596000000000000085e+01 3.123391270637512207e-01 1.131837144494056702e-01
2.596999999999999886e+01 3.133167028427124023e-01 8.231101185083389282e-02
2.598000000000000043e+01 3.139850497245788574e-01 5.135694518685340881e-02
2.599000000000000199e+01 3.143436312675476074e-01 2.035215124487876892e-02
2.600000000000000000e+01 3.143920004367828369e-01 -1.067279186099767685e-02
2.601000000000000156e+01 3.141301572322845459e-01 -4.168723523616790771e-02
2.601999999999999957e+01 3.135584294795989990e-01 -7.266053557395935059e-02
2.603000000000000114e+01 3.126772344112396240e-01 -1.035620942711830139e-01
2.603999999999999915e+01 3.114874958992004395e-01 -1.343614012002944946e-01
2.605000000000000071e+01 3.099904060363769531e-01 -1.650279760360717773e-01
2.606000000000000227e+01 3.081874847412109375e-01 -1.955315768718719482e-01
2.607000000000000028e+01 3.060804605484008789e-01 -2.258420139551162720e-01
2.608000000000000185e+01 3.036713898181915283e-01 -2.559294998645782471e-01
2.608999999999999986e+01 3.009626865386962891e-01 -2.857640683650970459e-01
2.610000000000000142e+01 2.979570627212524414e-01 -3.153165280818939209e-01
2.610999999999999943e+01 2.946574687957763672e-01 -3.445574641227722168e-01
2.612000000000000099e+01 2.910670340061187744e-01 -3.734580874443054199e-01
2.612999999999999901e+01 2.871894836425781250e-01 -4.019898772239685059e-01
2.614000000000000057e+01 2.830285429954528809e-01 -4.301246404647827148e-01
2.615000000000000213e+01 2.785883843898773193e-01 -4.578346014022827148e-01
2.616000000000000014e+01 2.738733291625976562e-01 -4.850923717021942139e-01
2.617000000000000171e+01 2.688881158828735352e-01 -5.118711590766906738e-01
2.617999999999999972e+01 2.636376321315765381e-01 -5.381444692611694336e-01
2.619000000000000128e+01 2.581270337104797363e-01 -5.638862252235412598e-01
2.619999999999999929e+01 2.523617744445800781e-01 -5.890712141990661621e-01
2.621000000000000085e+01 2.463475316762924194e-01 -6.136744618415832520e-01
2.621999999999999886e+01 2.400902956724166870e-01 -6.376718282699584961e-01
2.623000000000000043e+01 2.335961908102035522e-01 -6.610395312309265137e-01
2.624000000000000199e+01 2.268716990947723389e-01 -6.837545633316040039e-01
2.625000000000000000e+01 2.199233323335647583e-01 -7.057945728302001953e-01
2.626000000000000156e+01 2.127580940723419189e-01 -7.271378040313720703e-01
2.626999999999999957e+01 2.053829729557037354e-01 -7.477630972862243652e-01
2.628000000000000114e+01 1.978053152561187744e-01 -7.676503062248229980e-01
2.628999999999999915e+01 1.900325268507003784e-01 -7.867796421051025391e-01
2.630000000000000071e+01 1.820723265409469604e-01 -8.051323294639587402e-01
2.631000000000000227e+01 1.739325225353240967e-01 -8.226904273033142090e-01
2.632000000000000028e+01 1.656212061643600464e-01 -8.394365310668945312e-01
2.633000000000000185e+01 1.571465730667114258e-01 -8.553542494773864746e-01
2.633999999999999986e+01 1.485169529914855957e-01 -8.704277276992797852e-01
2.635000000000000142e+01 1.397408843040466309e-01 -8.846423625946044922e-01
2.635999999999999943e+01 1.308270245790481567e-01 -8.979839682579040527e-01
2.637000000000000099e+01 1.217841729521751404e-01 -9.104394316673278809e-01
2.637999999999999901e+01 1.126212105154991150e-01 -9.219963550567626953e-01
2.639000000000000057e+01 1.033472716808319092e-01 -9.326440095901489258e-01
2.640000000000000213e+01 9.397141635417938232e-02 -9.423712491989135742e-01
2.641000000000000014e+01 8.450293540954589844e-02 -9.511686563491821289e-01
2.642000000000000171e+01 7.495115697383880615e-02 -9.590281248092651367e-01
2.642999999999999972e+01 6.532552838325500488e-02 -9.659413695335388184e-01
2.644000000000000128e+01 5.563551560044288635e-02 -9.719018340110778809e-01
2.644999999999999929e+01 4.589068517088890076e-02 -9.769033789634704590e-01
2.646000000000000085e+01 3.610065206885337830e-02 -9.809414744377136230e-01
2.646999999999999886e+01 2.627508156001567841e-02 -9.840123057365417480e-01
2.648000000000000043e+01 1.642365008592605591e-02 -9.861122965812683105e-01
2.649000000000000199e+01 6.556074135005474091e-03 -9.872401356697082520e-01
2.650000000000000000e+01 -3.317902563139796257e-03 -9.873939156532287598e-01
2.651000000000000156e+01 -1.318856142461299896e-02 -9.865742921829223633e-01
2.651999999999999957e+01 -2.304614521563053131e-02 -9.847816228866577148e-01
2.653000000000000114e+01 -3.288095071911811829e-02 -9.820180535316467285e-01
2.653999999999999915e+01 -4.268326610326766968e-02 -9.782857298851013184e-01
2.655000000000000071e+01 -5.244345590472221375e-02 -9.735890626907348633e-01
2.656000000000000227e+01 -6.215187162160873413e-02 -9.679322838783264160e-01
2.657000000000000028e+01 -7.179892063140869141e-02 -9.613212943077087402e-01
2.658000000000000185e+01 -8.137513697147369385e-02 -9.537622928619384766e-01
2.658999999999999986e+01 -9.087104350328445435e-02 -9.452630877494812012e-01
2.660000000000000142e+01 -1.002772748470306396e-01 -9.358317255973815918e-01
2.660999999999999943e+01 -1.095845922827720642e-01 -9.254776239395141602e-01
2.662000000000000099e+01 -1.187838092446327209e-01 -9.142109155654907227e-01
2.662999999999999901e+01 -1.278658360242843628e-01 -9.020432233810424805e-01
2.664000000000000057e+01 -1.368217319250106812e-01 -8.889859914779663086e-01
2.665000000000000213e+01 -1.456426084041595459e-01 -8.750522136688232422e-01
2.666000000000000014e+01 -1.543198674917221069e-01 -8.602557182312011719e-01
2.667000000000000171e+01 -1.628448963165283203e-01 -8.446109294891357422e-01
2.667999999999999972e+01 -1.712092906236648560e-01 -8.281334042549133301e-01
2.669000000000000128e+01 -1.794048696756362915e-01 -8.108393549919128418e-01
2.669999999999999929e+01 -1.874233931303024292e-01 -7.927457094192504883e-01
2.671000000000000085e+01 -1.952571421861648560e-01 -7.738704681396484375e-01
2.671999999999999886e+01 -2.028982639312744141e-01 -7.542322278022766113e-01
2.673000000000000043e+01 -2.103393226861953735e-01 -7.338500022888183594e-01
2.674000000000000199e+01 -2.175728678703308105e-01 -7.127442955970764160e-01
2.675000000000000000e+01 -2.245918661355972290e-01 -6.909356117248535156e-01
2.676000000000000156e+01 -2.313893288373947144e-01 -6.684455275535583496e-01
2.676999999999999957e+01 -2.379585653543472290e-01 -6.452961564064025879e-01
2.678000000000000114e+01 -2.442931383848190308e-01 -6.215102076530456543e-01
2.678999999999999915e+01 -2.503867447376251221e-01 -5.971114635467529297e-01
2.680000000000000071e+01 -2.562333643436431885e-01 -5.721234083175659180e-01
2.681000000000000227e+01 -2.618273198604583740e-01 -5.465711951255798340e-01
2.682000000000000028e+01 -2.671630084514617920e-01 -5.204795598983764648e-01
2.683000000000000185e+01 -2.722351849079132080e-01 -4.938745498657226562e-01
2.683999999999999986e+01 -2.770388722419738770e-01 -4.667821228504180908e-01
2.685000000000000142e+01 -2.815693020820617676e-01 -4.392290413379669189e-01
2.685999999999999943e+01 -2.858219742774963379e-01 -4.112424254417419434e-01
2.687000000000000099e+01 -2.897927761077880859e-01 -3.828498125076293945e-01
2.687999999999999901e+01 -2.934777736663818359e-01 -3.540793657302856445e-01
2.689000000000000057e+01 -2.968732118606567383e-01 -3.249592483043670654e-01
2.690000000000000213e+01 -2.999758422374725342e-01 -2.955181598663330078e-01
2.691000000000000014e+01 -3.027825951576232910e-01 -2.657851874828338623e-01
2.692000000000000171e+01 -3.052906692028045654e-01 -2.357896864414215088e-01
2.692999999999999972e+01 -3.074975907802581787e-01 -2.055611461400985718e-01
2.694000000000000128e+01 -3.094012141227722168e-01 -1.751293390989303589e-01
2.694999999999999929e+01 -3.109996616840362549e-01 -1.445243209600448608e-01
2.696000000000000085e+01 -3.122912347316741943e-01 -1.137762442231178284e-01
2.696999999999999886e+01 -3.132747411727905273e-01 -8.291538059711456299e-02
2.698000000000000043e+01 -3.139492571353912354e-01 -5.197227001190185547e-02
2.699000000000000199e+01 -3.143140673637390137e-01 -2.097743377089500427e-02
2.700000000000000000e+01 -3.143687546253204346e-01 1.003878004848957062e-02
2.701000000000000156e+01 -3.141132593154907227e-01 4.104541242122650146e-02
2.701999999999999957e+01 -3.135479986667633057e-01 7.201210409402847290e-02
2.703000000000000114e+01 -3.126732707023620605e-01 1.029082983732223511e-01
2.703999999999999915e+01 -3.114901185035705566e-01 1.337034553289413452e-01
2.705000000000000071e+01 -3.099996447563171387e-01 1.643671393394470215e-01
2.706000000000000227e+01 -3.082033097743988037e-01 1.948691904544830322e-01
2.707000000000000028e+01 -3.061029314994812012e-01 2.251793891191482544e-01
2.708000000000000185e+01 -3.037004768848419189e-01 2.552678287029266357e-01
2.708999999999999986e+01 -3.009984195232391357e-01 2.851049005985260010e-01
2.710000000000000142e+01 -2.979992926120758057e-01 3.146610856056213379e-01
2.710999999999999943e+01 -2.947062551975250244e-01 3.439070880413055420e-01
2.712000000000000099e+01 -2.911222577095031738e-01 3.728142678737640381e-01
2.712999999999999901e+01 -2.872511744499206543e-01 4.013536572456359863e-01
2.714000000000000057e+01 -2.830965816974639893e-01 4.294976592063903809e-01
2.715000000000000213e+01 -2.786626219749450684e-01 4.572178721427917480e-01
2.716000000000000014e+01 -2.739537060260772705e-01 4.844874739646911621e-01
2.717000000000000171e+01 -2.689744830131530762e-01 5.112790465354919434e-01
2.717999999999999972e+01 -2.637297511100769043e-01 5.375661849975585938e-01
2.719000000000000128e+01 -2.582249045372009277e-01 5.633232593536376953e-01
2.719999999999999929e+01 -2.524652183055877686e-01 5.885244011878967285e-01
2.721000000000000085e+01 -2.464563697576522827e-01 6.131450533866882324e-01
2.721999999999999886e+01 -2.402043342590332031e-01 6.371605992317199707e-01
2.723000000000000043e+01 -2.337152510881423950e-01 6.605474352836608887e-01
2.724000000000000199e+01 -2.269955277442932129e-01 6.832826137542724609e-01
2.725000000000000000e+01 -2.200518548488616943e-01 7.053433060646057129e-01
2.726000000000000156e+01 -2.128909826278686523e-01 7.267079353332519531e-01
2.726999999999999957e+01 -2.055200636386871338e-01 7.473555207252502441e-01
2.728000000000000114e+01 -1.979463398456573486e-01 7.672653198242187500e-01
2.728999999999999915e+01 -1.901772916316986084e-01 7.864178419113159180e-01
2.730000000000000071e+01 -1.822205632925033569e-01 8.047942519187927246e-01
2.731000000000000227e+01 -1.740840673446655273e-01 8.223762512207031250e-01
2.732000000000000028e+01 -1.657757461071014404e-01 8.391465544700622559e-01
2.733000000000000185e+01 -1.573038697242736816e-01 8.550885319709777832e-01
2.733999999999999986e+01 -1.486768424510955811e-01 8.701863288879394531e-01
2.735000000000000142e+01 -1.399030387401580811e-01 8.844252824783325195e-01
2.735999999999999943e+01 -1.309911906719207764e-01 8.977912068367004395e-01
2.737000000000000099e+01 -1.219501420855522156e-01 9.102706909179687500e-01
2.737999999999999901e+01 -1.127888038754463196e-01 9.218519330024719238e-01
2.739000000000000057e+01 -1.035161316394805908e-01 9.325230121612548828e-01
2.740000000000000213e+01 -9.414139389991760254e-02 9.422736167907714844e-01
2.741000000000000014e+01 -8.467376232147216797e-02 9.510943293571472168e-01
2.742000000000000171e+01 -7.512263953685760498e-02 9.589758515357971191e-01
2.742999999999999972e+01 -6.549741327762603760e-02 9.659110307693481445e-01
2.744000000000000128e+01 -5.580759793519973755e-02 9.718927741050720215e-01
2.744999999999999929e+01 -4.606276005506515503e-02 9.769151806831359863e-01
2.746000000000000085e+01 -3.627250343561172485e-02 9.809734821319580078e-01
2.746999999999999886e+01 -2.644651196897029877e-02 9.840634465217590332e-01
2.748000000000000043e+01 -1.659449189901351929e-02 9.861822724342346191e-01
2.749000000000000199e+01 -6.726102903485298157e-03 9.873276948928833008e-01
2.750000000000000000e+01 3.148805117234587669e-03 9.874987006187438965e-01
2.751000000000000156e+01 1.302060671150684357e-02 9.866952896118164062e-01
2.751999999999999957e+01 2.287948317825794220e-02 9.849179387092590332e-01
2.753000000000000114e+01 3.271571919322013855e-02 9.821687936782836914e-01
2.753999999999999915e+01 4.251962900161743164e-02 9.784507751464843750e-01
2.755000000000000071e+01 5.228151753544807434e-02 9.737669825553894043e-01
2.756000000000000227e+01 6.199176609516143799e-02 9.681226611137390137e-01
2.757000000000000028e+01 7.164078950881958008e-02 9.615227580070495605e-01
2.758000000000000185e+01 8.121905475854873657e-02 9.539743065834045410e-01
2.758999999999999986e+01 9.071711450815200806e-02 9.454849362373352051e-01
2.760000000000000142e+01 1.001256480813026428e-01 9.360626935958862305e-01
2.760999999999999943e+01 1.094352975487709045e-01 9.257169961929321289e-01
2.762000000000000099e+01 1.186369508504867554e-01 9.144581556320190430e-01
2.762999999999999901e+01 1.277214735746383667e-01 9.022976160049438477e-01
2.764000000000000057e+01 1.366799026727676392e-01 8.892468810081481934e-01
2.765000000000000213e+01 1.455035060644149780e-01 8.753191232681274414e-01
2.766000000000000014e+01 1.541834175586700439e-01 8.605281114578247070e-01
2.767000000000000171e+01 1.627112030982971191e-01 8.448884487152099609e-01
2.767999999999999972e+01 1.710784286260604858e-01 8.284156322479248047e-01
2.769000000000000128e+01 1.792768090963363647e-01 8.111259341239929199e-01
2.769999999999999929e+01 1.872982978820800781e-01 7.930364608764648438e-01
2.771000000000000085e+01 1.951349377632141113e-01 7.741651535034179688e-01
2.771999999999999886e+01 2.027790248394012451e-01 7.545304894447326660e-01
2.773000000000000043e+01 2.102230489253997803e-01 7.341518998146057129e-01
2.774000000000000199e+01 2.174596190452575684e-01 7.130495309829711914e-01
2.775000000000000000e+01 2.244816869497299194e-01 6.912443637847900391e-01
2.776000000000000156e+01 2.312822490930557251e-01 6.687576174736022949e-01
2.776999999999999957e+01 2.378546744585037231e-01 6.456118226051330566e-01
2.778000000000000114e+01 2.441923767328262329e-01 6.218294501304626465e-01
2.778999999999999915e+01 2.502892017364501953e-01 5.974344015121459961e-01
2.780000000000000071e+01 2.561390995979309082e-01 5.724503993988037109e-01
2.781000000000000227e+01 2.617363035678863525e-01 5.469021797180175781e-01
2.782000000000000028e+01 2.670753598213195801e-01 5.208151936531066895e-01
2.783000000000000185e+01 2.721509337425231934e-01 4.942145943641662598e-01
2.783999999999999986e+01 2.769580483436584473e-01 4.671271741390228271e-01
2.785000000000000142e+01 2.814919352531433105e-01 4.395792782306671143e-01
2.785999999999999943e+01 2.857482135295867920e-01 4.115982353687286377e-01
2.787000000000000099e+01 2.897225618362426758e-01 3.832116425037384033e-01
2.787999999999999901e+01 2.934111058712005615e-01 3.544473946094512939e-01
2.789000000000000057e+01 2.968103289604187012e-01 3.253339231014251709e-01
2.790000000000000213e+01 2.999166846275329590e-01 2.958998084068298340e-01
2.791000000000000014e+01 3.027273714542388916e-01 2.661741077899932861e-01
2.792000000000000171e+01 3.052393496036529541e-01 2.361861765384674072e-01
2.792999999999999972e+01 3.074502944946289062e-01 2.059655040502548218e-01
2.794000000000000128e+01 3.093579709529876709e-01 1.755418479442596436e-01
2.794999999999999929e+01 3.109605908393859863e-01 1.449452042579650879e-01
2.796000000000000085e+01 3.122564256191253662e-01 1.142056733369827271e-01
2.796999999999999886e+01 3.132443428039550781e-01 8.335359394550323486e-02
2.798000000000000043e+01 3.139232099056243896e-01 5.241934210062026978e-02
2.799000000000000199e+01 3.142924904823303223e-01 2.143342606723308563e-02
2.800000000000000000e+01 3.143518269062042236e-01 -9.573660790920257568e-03
2.801000000000000156e+01 3.141010403633117676e-01 -4.057137295603752136e-02
2.801999999999999957e+01 3.135404884815216064e-01 -7.152917236089706421e-02
2.803000000000000114e+01 3.126707077026367188e-01 -1.024165600538253784e-01
2.803999999999999915e+01 3.114925026893615723e-01 -1.332031041383743286e-01
2.805000000000000071e+01 3.100070357322692871e-01 -1.638584285974502563e-01
2.806000000000000227e+01 3.082158863544464111e-01 -1.943524032831192017e-01
2.807000000000000028e+01 3.061206638813018799e-01 -2.246548980474472046e-01
2.808000000000000185e+01 3.037235140800476074e-01 -2.547361850738525391e-01
2.808999999999999986e+01 3.010267615318298340e-01 -2.845664620399475098e-01
2.810000000000000142e+01 2.980331778526306152e-01 -3.141163885593414307e-01
2.810999999999999943e+01 2.947455346584320068e-01 -3.433568775653839111e-01
2.812000000000000099e+01 2.911671102046966553e-01 -3.722590208053588867e-01
2.812999999999999901e+01 2.873015403747558594e-01 -4.007944464683532715e-01
2.814000000000000057e+01 2.831525206565856934e-01 -4.289349615573883057e-01
2.815000000000000213e+01 2.787242233753204346e-01 -4.566527605056762695e-01
2.816000000000000014e+01 2.740209698677062988e-01 -4.839205443859100342e-01
2.817000000000000171e+01 2.690474092960357666e-01 -5.107114911079406738e-01
2.817999999999999972e+01 2.638084292411804199e-01 -5.369991064071655273e-01
2.819000000000000128e+01 2.583091855049133301e-01 -5.627575516700744629e-01
2.819999999999999929e+01 2.525551319122314453e-01 -5.879612565040588379e-01
2.821000000000000085e+01 2.465518712997436523e-01 -6.125853657722473145e-01
2.821999999999999886e+01 2.403054088354110718e-01 -6.366056203842163086e-01
2.823000000000000043e+01 2.338218688964843750e-01 -6.599984765052795410e-01
2.824000000000000199e+01 2.271076291799545288e-01 -6.827406287193298340e-01
2.825000000000000000e+01 2.201693058013916016e-01 -7.048097252845764160e-01
2.826000000000000156e+01 2.130137830972671509e-01 -7.261838912963867188e-01
2.826999999999999957e+01 2.056480199098587036e-01 -7.468420863151550293e-01
2.828000000000000114e+01 1.980793923139572144e-01 -7.667639255523681641e-01
2.828999999999999915e+01 1.903152763843536377e-01 -7.859295010566711426e-01
2.830000000000000071e+01 1.823633760213851929e-01 -8.043200969696044922e-01
2.831000000000000227e+01 1.742315292358398438e-01 -8.219174742698669434e-01
2.832000000000000028e+01 1.659277230501174927e-01 -8.387043476104736328e-01
2.833000000000000185e+01 1.574602127075195312e-01 -8.546639680862426758e-01
2.833999999999999986e+01 1.488372832536697388e-01 -8.697807192802429199e-01
2.835000000000000142e+01 1.400674581527709961e-01 -8.840395212173461914e-01
2.835999999999999943e+01 1.311593949794769287e-01 -8.974259495735168457e-01
2.837000000000000099e+01 1.221218705177307129e-01 -9.099274873733520508e-01
2.837999999999999901e+01 1.129638254642486572e-01 -9.215312004089355469e-01
2.839000000000000057e+01 1.036942824721336365e-01 -9.322258830070495605e-01
2.840000000000000213e+01 9.432238340377807617e-02 -9.420004487037658691e-01
2.841000000000000014e+01 8.485737442970275879e-02 -9.508458971977233887e-01
2.842000000000000171e+01 7.530858367681503296e-02 -9.587529897689819336e-01
2.842999999999999972e+01 6.568548083305358887e-02 -9.657143354415893555e-01
2.844000000000000128e+01 5.599747598171234131e-02 -9.717225432395935059e-01
2.844999999999999929e+01 4.625421762466430664e-02 -9.767717719078063965e-01
2.846000000000000085e+01 3.646526485681533813e-02 -9.808568358421325684e-01
2.846999999999999886e+01 2.664030343294143677e-02 -9.839743971824645996e-01
2.848000000000000043e+01 1.678901724517345428e-02 -9.861204624176025391e-01
2.849000000000000199e+01 6.921133957803249359e-03 -9.872936010360717773e-01
2.850000000000000000e+01 -2.953600836917757988e-03 -9.874920845031738281e-01
2.851000000000000156e+01 -1.282546017318964005e-02 -9.867159724235534668e-01
2.851999999999999957e+01 -2.268467471003532410e-02 -9.849659800529479980e-01
2.853000000000000114e+01 -3.252153098583221436e-02 -9.822438955307006836e-01
2.853999999999999915e+01 -4.232631251215934753e-02 -9.785521030426025391e-01
2.855000000000000071e+01 -5.208935961127281189e-02 -9.738944768905639648e-01
2.856000000000000227e+01 -6.180101633071899414e-02 -9.682755470275878906e-01
2.857000000000000028e+01 -7.145167887210845947e-02 -9.617008566856384277e-01
2.858000000000000185e+01 -8.103187382221221924e-02 -9.541768431663513184e-01
2.858999999999999986e+01 -9.053208678960800171e-02 -9.457111358642578125e-01
2.860000000000000142e+01 -9.994296729564666748e-02 -9.363117218017578125e-01
2.860999999999999943e+01 -1.092552617192268372e-01 -9.259882569313049316e-01
2.862000000000000099e+01 -1.184596866369247437e-01 -9.147504568099975586e-01
2.862999999999999901e+01 -1.275472491979598999e-01 -9.026100635528564453e-01
2.864000000000000057e+01 -1.365089565515518188e-01 -8.895787596702575684e-01
2.865000000000000213e+01 -1.453358978033065796e-01 -8.756692409515380859e-01
2.866000000000000014e+01 -1.540194302797317505e-01 -8.608955144882202148e-01
2.867000000000000171e+01 -1.625510007143020630e-01 -8.452719449996948242e-01
2.867999999999999972e+01 -1.709220707416534424e-01 -8.288141489028930664e-01
2.869000000000000128e+01 -1.791245490312576294e-01 -8.115384578704833984e-01
2.869999999999999929e+01 -1.871501654386520386e-01 -7.934617996215820312e-01
2.871000000000000085e+01 -1.949911713600158691e-01 -7.746020555496215820e-01
2.871999999999999886e+01 -2.026396393775939941e-01 -7.549781203269958496e-01
2.873000000000000043e+01 -2.100882232189178467e-01 -7.346090078353881836e-01
2.874000000000000199e+01 -2.173294126987457275e-01 -7.135150432586669922e-01
2.875000000000000000e+01 -2.243561744689941406e-01 -6.917172074317932129e-01
2.876000000000000156e+01 -2.311615347862243652e-01 -6.692367196083068848e-01
2.876999999999999957e+01 -2.377387136220932007e-01 -6.460960507392883301e-01
2.878000000000000114e+01 -2.440813183784484863e-01 -6.223180294036865234e-01
2.878999999999999915e+01 -2.501830458641052246e-01 -5.979261398315429688e-01
2.880000000000000071e+01 -2.560378611087799072e-01 -5.729444622993469238e-01
2.881000000000000227e+01 -2.616400122642517090e-01 -5.473977327346801758e-01
2.882000000000000028e+01 -2.669840157032012939e-01 -5.213111639022827148e-01
2.883000000000000185e+01 -2.720645368099212646e-01 -4.947105348110198975e-01
2.883999999999999986e+01 -2.768766283988952637e-01 -4.676223099231719971e-01
2.885000000000000142e+01 -2.814154624938964844e-01 -4.400728344917297363e-01
2.885999999999999943e+01 -2.856765985488891602e-01 -4.120895862579345703e-01
2.887000000000000099e+01 -2.896558940410614014e-01 -3.837002813816070557e-01
2.887999999999999901e+01 -2.933493852615356445e-01 -3.549328744411468506e-01
2.889000000000000057e+01 -2.967533469200134277e-01 -3.258156776428222656e-01
2.890000000000000213e+01 -2.998645901679992676e-01 -2.963775396347045898e-01
2.891000000000000014e+01 -3.026799857616424561e-01 -2.666475176811218262e-01
2.892000000000000171e+01 -3.051967024803161621e-01 -2.366549670696258545e-01
2.892999999999999972e+01 -3.074122965335845947e-01 -2.064294368028640747e-01
2.894000000000000128e+01 -3.093245625495910645e-01 -1.760008186101913452e-01
2.894999999999999929e+01 -3.109317719936370850e-01 -1.453991234302520752e-01
2.896000000000000085e+01 -3.122320473194122314e-01 -1.146545261144638062e-01
2.896999999999999886e+01 -3.132244348526000977e-01 -8.379735797643661499e-02
2.898000000000000043e+01 -3.139077425003051758e-01 -5.285811051726341248e-02
2.899000000000000199e+01 -3.142814338207244873e-01 -2.186733111739158630e-02
2.900000000000000000e+01 -3.143450617790222168e-01 9.144641458988189697e-03
2.901000000000000156e+01 -3.140985071659088135e-01 4.014687240123748779e-02
2.901999999999999957e+01 -3.135422468185424805e-01 7.110901176929473877e-02
2.903000000000000114e+01 -3.126766085624694824e-01 1.020005345344543457e-01
2.903999999999999915e+01 -3.115025758743286133e-01 1.327909380197525024e-01
2.905000000000000071e+01 -3.100212216377258301e-01 1.634498387575149536e-01
2.906000000000000227e+01 -3.082340657711029053e-01 1.939471215009689331e-01
2.907000000000000028e+01 -3.061429560184478760e-01 2.242525815963745117e-01
2.908000000000000185e+01 -3.037497699260711670e-01 2.543364167213439941e-01
2.908999999999999986e+01 -3.010570704936981201e-01 2.841690480709075928e-01
2.910000000000000142e+01 -2.980673313140869141e-01 3.137210309505462646e-01
2.910999999999999943e+01 -2.947836518287658691e-01 3.429631888866424561e-01
2.912000000000000099e+01 -2.912091612815856934e-01 3.718669116497039795e-01
2.912999999999999901e+01 -2.873475253582000732e-01 4.004033207893371582e-01
2.914000000000000057e+01 -2.832024693489074707e-01 4.285448193550109863e-01
2.915000000000000213e+01 -2.787780463695526123e-01 4.562633037567138672e-01
2.916000000000000014e+01 -2.740787267684936523e-01 4.835317134857177734e-01
2.917000000000000171e+01 -2.691090404987335205e-01 5.103230476379394531e-01
2.917999999999999972e+01 -2.638739347457885742e-01 5.366109013557434082e-01
2.919000000000000128e+01 -2.583785355091094971e-01 5.623694062232971191e-01
2.919999999999999929e+01 -2.526283562183380127e-01 5.875732898712158203e-01
2.921000000000000085e+01 -2.466290742158889771e-01 6.121975183486938477e-01
2.921999999999999886e+01 -2.403864711523056030e-01 6.362182497978210449e-01
2.923000000000000043e+01 -2.339067608118057251e-01 6.596114039421081543e-01
2.924000000000000199e+01 -2.271963804960250854e-01 6.823542118072509766e-01
2.925000000000000000e+01 -2.202619314193725586e-01 7.044239044189453125e-01
2.926000000000000156e+01 -2.131102681159973145e-01 7.257992029190063477e-01
2.926999999999999957e+01 -2.057482898235321045e-01 7.464588880538940430e-01
2.928000000000000114e+01 -1.981834918260574341e-01 7.663825154304504395e-01
2.928999999999999915e+01 -1.904232054948806763e-01 7.855504155158996582e-01
2.930000000000000071e+01 -1.824750751256942749e-01 8.039439320564270020e-01
2.931000000000000227e+01 -1.743469834327697754e-01 8.215445876121520996e-01
2.932000000000000028e+01 -1.660468876361846924e-01 8.383356332778930664e-01
2.933000000000000185e+01 -1.575829833745956421e-01 8.542999625205993652e-01
2.933999999999999986e+01 -1.489636898040771484e-01 8.694219589233398438e-01
2.935000000000000142e+01 -1.401974260807037354e-01 8.836867809295654297e-01
2.935999999999999943e+01 -1.312928497791290283e-01 8.970802426338195801e-01
2.937000000000000099e+01 -1.222587525844573975e-01 9.095893502235412598e-01
2.937999999999999901e+01 -1.131040528416633606e-01 9.212019443511962891e-01
2.939000000000000057e+01 -1.038377508521080017e-01 9.319058060646057129e-01
2.940000000000000213e+01 -9.446898847818374634e-02 9.416911005973815918e-01
2.941000000000000014e+01 -8.500699698925018311e-02 9.505479335784912109e-01
2.942000000000000171e+01 -7.546115666627883911e-02 9.584674835205078125e-01
2.942999999999999972e+01 -6.584081798791885376e-02 9.654417037963867188e-01
2.944000000000000128e+01 -5.615549907088279724e-02 9.714641571044921875e-01
2.944999999999999929e+01 -4.641473665833473206e-02 9.765285849571228027e-01
2.946000000000000085e+01 -3.662813454866409302e-02 9.806302189826965332e-01
2.946999999999999886e+01 -2.680535241961479187e-02 9.837647080421447754e-01
2.948000000000000043e+01 -1.695609092712402344e-02 9.859288930892944336e-01
2.949000000000000199e+01 -7.090004626661539078e-03 9.871208667755126953e-01
2.950000000000000000e+01 2.783070318400859833e-03 9.873391389846801758e-01
2.951000000000000156e+01 1.265351474285125732e-02 9.865837693214416504e-01
2.951999999999999957e+01 2.251151762902736664e-02 9.848552346229553223e-01
2.953000000000000114e+01 3.234736993908882141e-02 9.821549654006958008e-01
2.953999999999999915e+01 4.215139150619506836e-02 9.784864187240600586e-01
2.955000000000000071e+01 5.191388353705406189e-02 9.738522171974182129e-01
2.956000000000000227e+01 6.162523478269577026e-02 9.682576060295104980e-01
2.957000000000000028e+01 7.127586752176284790e-02 9.617077112197875977e-01
2.958000000000000185e+01 8.085621148347854614e-02 9.542085528373718262e-01
2.958999999999999986e+01 9.035687893629074097e-02 9.457683563232421875e-01
2.960000000000000142e+01 9.976848214864730835e-02 9.363951086997985840e-01
2.960999999999999943e+01 1.090817004442214966e-01 9.260976314544677734e-01
2.962000000000000099e+01 1.182873845100402832e-01 9.148861169815063477e-01
2.962999999999999901e+01 1.273764073848724365e-01 9.027720689773559570e-01
2.964000000000000057e+01 1.363398581743240356e-01 8.897671699523925781e-01
2.965000000000000213e+01 1.451688557863235474e-01 8.758838772773742676e-01
2.966000000000000014e+01 1.538546383380889893e-01 8.611363172531127930e-01
2.967000000000000171e+01 1.623887121677398682e-01 8.455387353897094727e-01
2.967999999999999972e+01 1.707626283168792725e-01 8.291066288948059082e-01
2.969000000000000128e+01 1.789681315422058105e-01 8.118560910224914551e-01
2.969999999999999929e+01 1.869971007108688354e-01 7.938041090965270996e-01
2.971000000000000085e+01 1.948416084051132202e-01 7.749686241149902344e-01
2.971999999999999886e+01 2.024939060211181641e-01 7.553681731224060059e-01
2.973000000000000043e+01 2.099464535713195801e-01 7.350218296051025391e-01
2.974000000000000199e+01 2.171918898820877075e-01 7.139499187469482422e-01
2.975000000000000000e+01 2.242231070995330811e-01 6.921732425689697266e-01
2.976000000000000156e+01 2.310331016778945923e-01 6.697129607200622559e-01
2.976999999999999957e+01 2.376151978969573975e-01 6.465916037559509277e-01
2.978000000000000114e+01 2.439628392457962036e-01 6.228317022323608398e-01
2.978999999999999915e+01 2.500697374343872070e-01 5.984570384025573730e-01
2.980000000000000071e+01 2.559300363063812256e-01 5.734913349151611328e-01
2.981000000000000227e+01 2.615377008914947510e-01 5.479593873023986816e-01
2.982000000000000028e+01 2.668874263763427734e-01 5.218864083290100098e-01
2.983000000000000185e+01 2.719736695289611816e-01 4.952979981899261475e-01
2.983999999999999986e+01 2.767917215824127197e-01 4.682206809520721436e-01
2.985000000000000142e+01 2.813365757465362549e-01 4.406809508800506592e-01
2.985999999999999943e+01 2.856038808822631836e-01 4.127061367034912109e-01
2.987000000000000099e+01 2.895893156528472900e-01 3.843239247798919678e-01
2.987999999999999901e+01 2.932890653610229492e-01 3.555622100830078125e-01
2.989000000000000057e+01 2.966994345188140869e-01 3.264494240283966064e-01
2.990000000000000213e+01 2.998169958591461182e-01 2.970143556594848633e-01
2.991000000000000014e+01 3.026387691497802734e-01 2.672860920429229736e-01
2.992000000000000171e+01 3.051618337631225586e-01 2.372939884662628174e-01
2.992999999999999972e+01 3.073838353157043457e-01 2.070677131414413452e-01
2.994000000000000128e+01 3.093024790287017822e-01 1.766370832920074463e-01
2.994999999999999929e+01 3.109159767627716064e-01 1.460321694612503052e-01
2.996000000000000085e+01 3.122226893901824951e-01 1.152831912040710449e-01
2.996999999999999886e+01 3.132213056087493896e-01 8.442056924104690552e-02
2.998000000000000043e+01 3.139108121395111084e-01 5.347476154565811157e-02
2.999000000000000199e+01 3.142905533313751221e-01 2.247639186680316925e-02
3.000000000000000000e+01 3.143602609634399414e-01 -8.543950505554676056e-03
3.001000000000000156e+01 3.141197264194488525e-01 -3.955563157796859741e-02
3.001999999999999957e+01 3.135692477226257324e-01 -7.052802294492721558e-02
3.003000000000000114e+01 3.127093911170959473e-01 -1.014304906129837036e-01
3.003999999999999915e+01 3.115409910678863525e-01 -1.322325468063354492e-01
3.005000000000000071e+01 3.100651502609252930e-01 -1.629037708044052124e-01
3.006000000000000227e+01 3.082834184169769287e-01 -1.934138536453247070e-01
3.007000000000000028e+01 3.061975240707397461e-01 -2.237326800823211670e-01
3.008000000000000185e+01 3.038095235824584961e-01 -2.538303136825561523e-01
3.008999999999999986e+01 3.011218011379241943e-01 -2.836770117282867432e-01
3.010000000000000142e+01 2.981369495391845703e-01 -3.132433891296386719e-01
3.010999999999999943e+01 2.948579490184783936e-01 -3.425001800060272217e-01
3.012000000000000099e+01 2.912880182266235352e-01 -3.714185357093811035e-01
3.012999999999999901e+01 2.874307930469512939e-01 -3.999698758125305176e-01
3.014000000000000057e+01 2.832899689674377441e-01 -4.281260669231414795e-01
3.015000000000000213e+01 2.788696885108947754e-01 -4.558593034744262695e-01
3.016000000000000014e+01 2.741742730140686035e-01 -4.831423759460449219e-01
3.017000000000000171e+01 2.692084014415740967e-01 -5.099480152130126953e-01
3.017999999999999972e+01 2.639769911766052246e-01 -5.362502932548522949e-01
3.019000000000000128e+01 2.584851384162902832e-01 -5.620228648185729980e-01
3.019999999999999929e+01 2.527383863925933838e-01 -5.872404575347900391e-01
3.021000000000000085e+01 2.467422783374786377e-01 -6.118781566619873047e-01
3.021999999999999886e+01 2.405028194189071655e-01 -6.359116435050964355e-01
3.023000000000000043e+01 2.340261489152908325e-01 -6.593174338340759277e-01
3.024000000000000199e+01 2.273186743259429932e-01 -6.820723414421081543e-01
3.025000000000000000e+01 2.203869521617889404e-01 -7.041539549827575684e-01
3.026000000000000156e+01 2.132379114627838135e-01 -7.255403399467468262e-01
3.026999999999999957e+01 2.058785557746887207e-01 -7.462106943130493164e-01
3.028000000000000114e+01 1.983161717653274536e-01 -7.661445736885070801e-01
3.028999999999999915e+01 1.905581802129745483e-01 -7.853223681449890137e-01
3.030000000000000071e+01 1.826122850179672241e-01 -8.037251234054565430e-01
3.031000000000000227e+01 1.744863539934158325e-01 -8.213346600532531738e-01
3.032000000000000028e+01 1.661882996559143066e-01 -8.381341695785522461e-01
3.033000000000000185e+01 1.577264219522476196e-01 -8.541064262390136719e-01
3.033999999999999986e+01 1.491089910268783569e-01 -8.692359924316406250e-01
3.035000000000000142e+01 1.403445452451705933e-01 -8.835082054138183594e-01
3.035999999999999943e+01 1.314417272806167603e-01 -8.969086408615112305e-01
3.037000000000000099e+01 1.224093213677406311e-01 -9.094243049621582031e-01
3.037999999999999901e+01 1.132562234997749329e-01 -9.210430383682250977e-01
3.039000000000000057e+01 1.039915010333061218e-01 -9.317532777786254883e-01
3.040000000000000213e+01 9.462424367666244507e-02 -9.415444135665893555e-01
3.041000000000000014e+01 8.516369760036468506e-02 -9.504069089889526367e-01
3.042000000000000171e+01 7.561922073364257812e-02 -9.583320021629333496e-01
3.042999999999999972e+01 6.600021570920944214e-02 -9.653124809265136719e-01
3.044000000000000128e+01 5.631614103913307190e-02 -9.713404774665832520e-01
3.044999999999999929e+01 4.657659307122230530e-02 -9.764107465744018555e-01
3.046000000000000085e+01 3.679113835096359253e-02 -9.805180430412292480e-01
3.046999999999999886e+01 2.696945518255233765e-02 -9.836587905883789062e-01
3.048000000000000043e+01 1.712120696902275085e-02 -9.858293533325195312e-01
3.049000000000000199e+01 7.256106939166784286e-03 -9.870278835296630859e-01
3.050000000000000000e+01 -2.616104902699589729e-03 -9.872531294822692871e-01
3.051000000000000156e+01 -1.248571369796991348e-02 -9.865052700042724609e-01
3.051999999999999957e+01 -2.234296500682830811e-02 -9.847844243049621582e-01
3.053000000000000114e+01 -3.217815607786178589e-02 -9.820926785469055176e-01
3.053999999999999915e+01 -4.198158532381057739e-02 -9.784327149391174316e-01
3.055000000000000071e+01 -5.174360051751136780e-02 -9.738078713417053223e-01
3.056000000000000227e+01 -6.145455688238143921e-02 -9.682229161262512207e-01
3.057000000000000028e+01 -7.110487669706344604e-02 -9.616835713386535645e-01
3.058000000000000185e+01 -8.068507164716720581e-02 -9.541958570480346680e-01
3.058999999999999986e+01 -9.018565714359283447e-02 -9.457673430442810059e-01
3.060000000000000142e+01 -9.959729760885238647e-02 -9.364063143730163574e-01
3.060999999999999943e+01 -1.089107021689414978e-01 -9.261219501495361328e-01
3.062000000000000099e+01 -1.181167066097259521e-01 -9.149243831634521484e-01
3.062999999999999901e+01 -1.272061914205551147e-01 -9.028248786926269531e-01
3.064000000000000057e+01 -1.361702531576156616e-01 -8.898350596427917480e-01
3.065000000000000213e+01 -1.449999660253524780e-01 -8.759676814079284668e-01
3.066000000000000014e+01 -1.536867022514343262e-01 -8.612365722656250000e-01
3.067000000000000171e+01 -1.622218787670135498e-01 -8.456562161445617676e-01
3.067999999999999972e+01 -1.705970317125320435e-01 -8.292416930198669434e-01
3.069000000000000128e+01 -1.788039803504943848e-01 -8.120093941688537598e-01
3.069999999999999929e+01 -1.868345290422439575e-01 -7.939762473106384277e-01
3.071000000000000085e+01 -1.946808993816375732e-01 -7.751600146293640137e-01
3.071999999999999886e+01 -2.023351788520812988e-01 -7.555792927742004395e-01
3.073000000000000043e+01 -2.097900062799453735e-01 -7.352530360221862793e-01
3.074000000000000199e+01 -2.170378565788269043e-01 -7.142016291618347168e-01
3.075000000000000000e+01 -2.240716516971588135e-01 -6.924456954002380371e-01
3.076000000000000156e+01 -2.308844923973083496e-01 -6.700064539909362793e-01
3.076999999999999957e+01 -2.374695688486099243e-01 -6.469060778617858887e-01
3.078000000000000114e+01 -2.438204735517501831e-01 -6.231673955917358398e-01
3.078999999999999915e+01 -2.499308735132217407e-01 -5.988139510154724121e-01
3.080000000000000071e+01 -2.557947933673858643e-01 -5.738693475723266602e-01
3.081000000000000227e+01 -2.614063918590545654e-01 -5.483583807945251465e-01
3.082000000000000028e+01 -2.667601406574249268e-01 -5.223062038421630859e-01
3.083000000000000185e+01 -2.718508243560791016e-01 -4.957384169101715088e-01
3.083999999999999986e+01 -2.766732871532440186e-01 -4.686811864376068115e-01
3.085000000000000142e+01 -2.812228798866271973e-01 -4.411611557006835938e-01
3.085999999999999943e+01 -2.854950428009033203e-01 -4.132054150104522705e-01
3.087000000000000099e+01 -2.894856035709381104e-01 -3.848416507244110107e-01
3.087999999999999901e+01 -2.931906282901763916e-01 -3.560978174209594727e-01
3.089000000000000057e+01 -2.966064214706420898e-01 -3.270020782947540283e-01
3.090000000000000213e+01 -2.997295558452606201e-01 -2.975832819938659668e-01
3.091000000000000014e+01 -3.025571107864379883e-01 -2.678703665733337402e-01
3.092000000000000171e+01 -3.050861358642578125e-01 -2.378926873207092285e-01
3.092999999999999972e+01 -3.073141872882843018e-01 -2.076797485351562500e-01
3.094000000000000128e+01 -3.092390000820159912e-01 -1.772613972425460815e-01
3.094999999999999929e+01 -3.108588159084320068e-01 -1.466676145792007446e-01
3.096000000000000085e+01 -3.121719062328338623e-01 -1.159285753965377808e-01
3.097000000000000242e+01 -3.131770193576812744e-01 -8.507462590932846069e-02
3.098000000000000043e+01 -3.138730823993682861e-01 -5.413626134395599365e-02
3.099000000000000199e+01 -3.142595291137695312e-01 -2.314402163028717041e-02
3.100000000000000000e+01 -3.143359422683715820e-01 7.871700450778007507e-03
3.101000000000000156e+01 -3.141021132469177246e-01 3.887994214892387390e-02
3.101999999999999957e+01 -3.135584294795989990e-01 6.985031813383102417e-02
3.103000000000000114e+01 -3.127053081989288330e-01 1.007522344589233398e-01
3.103999999999999915e+01 -3.115437030792236328e-01 1.315551549196243286e-01
3.105000000000000071e+01 -3.100746572017669678e-01 1.622285842895507812e-01
3.106000000000000227e+01 -3.082996606826782227e-01 1.927423626184463501e-01
3.107000000000000028e+01 -3.062204420566558838e-01 2.230662256479263306e-01
3.108000000000000185e+01 -3.038390874862670898e-01 2.531702816486358643e-01
3.108999999999999986e+01 -3.011578917503356934e-01 2.830247879028320312e-01
3.110000000000000142e+01 -2.981795072555541992e-01 3.126002252101898193e-01
3.110999999999999943e+01 -2.949069142341613770e-01 3.418673574924468994e-01
3.112000000000000099e+01 -2.913432717323303223e-01 3.707973659038543701e-01
3.112999999999999901e+01 -2.874921858310699463e-01 3.993614614009857178e-01
3.114000000000000057e+01 -2.833573520183563232e-01 4.275316894054412842e-01
3.115000000000000213e+01 -2.789429724216461182e-01 4.552801251411437988e-01
3.116000000000000014e+01 -2.742532789707183838e-01 4.825792908668518066e-01
3.117000000000000171e+01 -2.692929506301879883e-01 5.094020366668701172e-01
3.117999999999999972e+01 -2.640669047832489014e-01 5.357221961021423340e-01
3.119000000000000128e+01 -2.585802674293518066e-01 5.615136623382568359e-01
3.119999999999999929e+01 -2.528384923934936523e-01 5.867506861686706543e-01
3.121000000000000085e+01 -2.468471825122833252e-01 6.114087700843811035e-01
3.122000000000000242e+01 -2.406123429536819458e-01 6.354632377624511719e-01
3.123000000000000043e+01 -2.341400533914566040e-01 6.588904261589050293e-01
3.124000000000000199e+01 -2.274366617202758789e-01 6.816672086715698242e-01
3.125000000000000000e+01 -2.205089330673217773e-01 7.037709355354309082e-01
3.126000000000000156e+01 -2.133635878562927246e-01 7.251799702644348145e-01
3.126999999999999957e+01 -2.060077041387557983e-01 7.458730936050415039e-01
3.128000000000000114e+01 -1.984485983848571777e-01 7.658298611640930176e-01
3.128999999999999915e+01 -1.906936317682266235e-01 7.850304245948791504e-01
3.130000000000000071e+01 -1.827505379915237427e-01 8.034562468528747559e-01
3.131000000000000227e+01 -1.746271997690200806e-01 8.210885524749755859e-01
3.132000000000000028e+01 -1.663314849138259888e-01 8.379105329513549805e-01
3.133000000000000185e+01 -1.578716933727264404e-01 8.539052605628967285e-01
3.133999999999999986e+01 -1.492561995983123779e-01 8.690569400787353516e-01
3.135000000000000142e+01 -1.404934376478195190e-01 8.833506703376770020e-01
3.135999999999999943e+01 -1.315920650959014893e-01 8.967722654342651367e-01
3.137000000000000099e+01 -1.225609257817268372e-01 9.093087911605834961e-01
3.137999999999999901e+01 -1.134089082479476929e-01 9.209478497505187988e-01
3.139000000000000057e+01 -1.041450202465057373e-01 9.316775202751159668e-01
3.140000000000000213e+01 -9.477841109037399292e-02 9.414876699447631836e-01
3.141000000000000014e+01 -8.531832695007324219e-02 9.503686428070068359e-01
3.142000000000000171e+01 -7.577417045831680298e-02 9.583113193511962891e-01
3.142999999999999972e+01 -6.615527719259262085e-02 9.653083682060241699e-01
3.144000000000000128e+01 -5.647118389606475830e-02 9.713526368141174316e-01
3.144999999999999929e+01 -4.673141613602638245e-02 9.764383435249328613e-01
3.146000000000000085e+01 -3.694561868906021118e-02 9.805604219436645508e-01
3.147000000000000242e+01 -2.712343633174896240e-02 9.837149381637573242e-01
3.148000000000000043e+01 -1.727457344532012939e-02 9.858986139297485352e-01
3.149000000000000199e+01 -7.408696692436933517e-03 9.871095418930053711e-01
3.150000000000000000e+01 2.464358927682042122e-03 9.873462915420532227e-01
3.151000000000000156e+01 1.233496703207492828e-02 9.866091609001159668e-01
3.151999999999999957e+01 2.219331637024879456e-02 9.848986268043518066e-01
3.153000000000000114e+01 3.202968835830688477e-02 9.822161793708801270e-01
3.153999999999999915e+01 4.183441027998924255e-02 9.785650372505187988e-01
3.155000000000000071e+01 5.159777030348777771e-02 9.739485383033752441e-01
3.156000000000000227e+01 6.131018698215484619e-02 9.683712720870971680e-01
3.157000000000000028e+01 7.096202671527862549e-02 9.618389606475830078e-01
3.158000000000000185e+01 8.054379373788833618e-02 9.543576836585998535e-01
3.158999999999999986e+01 9.004603326320648193e-02 9.459354281425476074e-01
3.160000000000000142e+01 9.945939481258392334e-02 9.365802407264709473e-01
3.160999999999999943e+01 1.087745577096939087e-01 9.263011217117309570e-01
3.162000000000000099e+01 1.179823800921440125e-01 9.151089787483215332e-01
3.162999999999999901e+01 1.270737200975418091e-01 9.030142426490783691e-01
3.164000000000000057e+01 1.360396742820739746e-01 8.900289535522460938e-01
3.165000000000000213e+01 1.448714137077331543e-01 8.761664628982543945e-01
3.166000000000000014e+01 1.535601466894149780e-01 8.614399433135986328e-01
3.167000000000000171e+01 1.620973646640777588e-01 8.458639383316040039e-01
3.167999999999999972e+01 1.704746484756469727e-01 8.294541835784912109e-01
3.169000000000000128e+01 1.786837130784988403e-01 8.122266530990600586e-01
3.169999999999999929e+01 1.867165118455886841e-01 7.941982746124267578e-01
3.171000000000000085e+01 1.945650726556777954e-01 7.753871083259582520e-01
3.172000000000000242e+01 2.022216916084289551e-01 7.558115720748901367e-01
3.173000000000000043e+01 2.096787989139556885e-01 7.354909181594848633e-01
3.174000000000000199e+01 2.169290781021118164e-01 7.144453525543212891e-01
3.175000000000000000e+01 2.239654064178466797e-01 6.926956176757812500e-01
3.176000000000000156e+01 2.307806760072708130e-01 6.702627539634704590e-01
3.176999999999999957e+01 2.373684197664260864e-01 6.471695899963378906e-01
3.178000000000000114e+01 2.437220215797424316e-01 6.234382390975952148e-01
3.178999999999999915e+01 2.498351484537124634e-01 5.990926027297973633e-01
3.180000000000000071e+01 2.557018697261810303e-01 5.741564035415649414e-01
3.181000000000000227e+01 2.613163888454437256e-01 5.486541390419006348e-01
3.182000000000000028e+01 2.666731476783752441e-01 5.226112604141235352e-01
3.183000000000000185e+01 2.717669010162353516e-01 4.960529804229736328e-01
3.183999999999999986e+01 2.765926122665405273e-01 4.690058827400207520e-01
3.185000000000000142e+01 2.811455130577087402e-01 4.414964318275451660e-01
3.185999999999999943e+01 2.854211032390594482e-01 4.135516881942749023e-01
3.187000000000000099e+01 2.894151508808135986e-01 3.851993381977081299e-01
3.187999999999999901e+01 2.931237816810607910e-01 3.564671576023101807e-01
3.189000000000000057e+01 2.965433597564697266e-01 3.273835480213165283e-01
3.190000000000000213e+01 2.996703684329986572e-01 2.979770302772521973e-01
3.191000000000000014e+01 3.025018870830535889e-01 2.682766616344451904e-01
3.192000000000000171e+01 3.050349950790405273e-01 2.383117079734802246e-01
3.192999999999999972e+01 3.072673380374908447e-01 2.081116586923599243e-01
3.194000000000000128e+01 3.091965615749359131e-01 1.777062863111495972e-01
3.194999999999999929e+01 3.108208775520324707e-01 1.471254825592041016e-01
3.196000000000000085e+01 3.121386170387268066e-01 1.163994148373603821e-01
3.197000000000000242e+01 3.131484985351562500e-01 8.555831015110015869e-02
3.198000000000000043e+01 3.138495087623596191e-01 5.463259667158126831e-02
3.199000000000000199e+01 3.142409324645996094e-01 2.365276403725147247e-02
3.200000000000000000e+01 3.143224716186523438e-01 -7.350698579102754593e-03
3.200999999999999801e+01 3.140939474105834961e-01 -3.834724798798561096e-02
3.202000000000000313e+01 3.135556280612945557e-01 -6.930634379386901855e-02
3.203000000000000114e+01 3.127080500125885010e-01 -1.001974791288375854e-01
3.203999999999999915e+01 3.115520179271697998e-01 -1.309901922941207886e-01
3.204999999999999716e+01 3.100886642932891846e-01 -1.616541147232055664e-01
3.206000000000000227e+01 3.083194494247436523e-01 -1.921590864658355713e-01
3.207000000000000028e+01 3.062460720539093018e-01 -2.224749475717544556e-01
3.207999999999999829e+01 3.038706481456756592e-01 -2.525719404220581055e-01
3.209000000000000341e+01 3.011955320835113525e-01 -2.824201881885528564e-01
3.210000000000000142e+01 2.982232272624969482e-01 -3.119904398918151855e-01
3.210999999999999943e+01 2.949567437171936035e-01 -3.412535190582275391e-01
3.211999999999999744e+01 2.913992702960968018e-01 -3.701803684234619141e-01
3.213000000000000256e+01 2.875543236732482910e-01 -3.987426459789276123e-01
3.214000000000000057e+01 2.834256887435913086e-01 -4.269120991230010986e-01
3.214999999999999858e+01 2.790175080299377441e-01 -4.546610116958618164e-01
3.216000000000000369e+01 2.743339538574218750e-01 -4.819617569446563721e-01
3.217000000000000171e+01 2.693798542022705078e-01 -5.087877511978149414e-01
3.217999999999999972e+01 2.641599178314208984e-01 -5.351122617721557617e-01
3.218999999999999773e+01 2.586793005466461182e-01 -5.609093308448791504e-01
3.220000000000000284e+01 2.529435455799102783e-01 -5.861535668373107910e-01
3.221000000000000085e+01 2.469581961631774902e-01 -6.108199357986450195e-01
3.221999999999999886e+01 2.407291680574417114e-01 -6.348840594291687012e-01
3.223000000000000398e+01 2.342625856399536133e-01 -6.583222150802612305e-01
3.224000000000000199e+01 2.275648862123489380e-01 -6.811113357543945312e-01
3.225000000000000000e+01 2.206425666809082031e-01 -7.032288312911987305e-01
3.225999999999999801e+01 2.135026305913925171e-01 -7.246527075767517090e-01
3.227000000000000313e+01 2.061519473791122437e-01 -7.453619241714477539e-01
3.228000000000000114e+01 1.985978633165359497e-01 -7.653360962867736816e-01
3.228999999999999915e+01 1.908477544784545898e-01 -7.845553159713745117e-01
3.229999999999999716e+01 1.829093247652053833e-01 -8.030006289482116699e-01
3.231000000000000227e+01 1.747903972864151001e-01 -8.206537961959838867e-01
3.232000000000000028e+01 1.664989441633224487e-01 -8.374973535537719727e-01
3.232999999999999829e+01 1.580432057380676270e-01 -8.535146117210388184e-01
3.234000000000000341e+01 1.494314968585968018e-01 -8.686898946762084961e-01
3.235000000000000142e+01 1.406722664833068848e-01 -8.830078840255737305e-01
3.235999999999999943e+01 1.317742019891738892e-01 -8.964546918869018555e-01
3.236999999999999744e+01 1.227461248636245728e-01 -9.090166687965393066e-01
3.238000000000000256e+01 1.135968714952468872e-01 -9.206818342208862305e-01
3.239000000000000057e+01 1.043355166912078857e-01 -9.314382672309875488e-01
3.239999999999999858e+01 9.497117996215820312e-02 -9.412754774093627930e-01
3.241000000000000369e+01 8.551309257745742798e-02 -9.501835703849792480e-01
3.242000000000000171e+01 7.597061991691589355e-02 -9.581540822982788086e-01
3.242999999999999972e+01 6.635317951440811157e-02 -9.651789069175720215e-01
3.243999999999999773e+01 5.667021870613098145e-02 -9.712509512901306152e-01
3.245000000000000284e+01 4.693134501576423645e-02 -9.763643145561218262e-01
3.246000000000000085e+01 3.714615106582641602e-02 -9.805138707160949707e-01
3.246999999999999886e+01 2.732429653406143188e-02 -9.836956858634948730e-01
3.248000000000000398e+01 1.747547648847103119e-02 -9.859064221382141113e-01
3.249000000000000199e+01 7.609412074089050293e-03 -9.871439337730407715e-01
3.250000000000000000e+01 -2.264149719849228859e-03 -9.874069094657897949e-01
3.250999999999999801e+01 -1.213547866791486740e-02 -9.866954088211059570e-01
3.252000000000000313e+01 -2.199481055140495300e-02 -9.850098490715026855e-01
3.253000000000000114e+01 -3.183242678642272949e-02 -9.823518991470336914e-01
3.253999999999999915e+01 -4.163860529661178589e-02 -9.787241220474243164e-01
3.254999999999999716e+01 -5.140370875597000122e-02 -9.741305708885192871e-01
3.256000000000000227e+01 -6.111804023385047913e-02 -9.685751795768737793e-01
3.257000000000000028e+01 -7.077200710773468018e-02 -9.620637297630310059e-01
3.257999999999999829e+01 -8.035614341497421265e-02 -9.546027183532714844e-01
3.259000000000000341e+01 -8.986093848943710327e-02 -9.461994767189025879e-01
3.260000000000000142e+01 -9.927699714899063110e-02 -9.368621706962585449e-01
3.260999999999999943e+01 -1.085950881242752075e-01 -9.266003966331481934e-01
3.261999999999999744e+01 -1.178059801459312439e-01 -9.154239892959594727e-01
3.263000000000000256e+01 -1.269005388021469116e-01 -9.033440351486206055e-01
3.264000000000000057e+01 -1.358699053525924683e-01 -8.903728127479553223e-01
3.264999999999999858e+01 -1.447050869464874268e-01 -8.765226602554321289e-01
3.266000000000000369e+01 -1.533974558115005493e-01 -8.618077635765075684e-01
3.267000000000000171e+01 -1.619384288787841797e-01 -8.462423682212829590e-01
3.267999999999999972e+01 -1.703194975852966309e-01 -8.298418521881103516e-01
3.268999999999999773e+01 -1.785325556993484497e-01 -8.126226067543029785e-01
3.270000000000000284e+01 -1.865692585706710815e-01 -7.946016192436218262e-01
3.271000000000000085e+01 -1.944219321012496948e-01 -7.757968306541442871e-01
3.271999999999999886e+01 -2.020826339721679688e-01 -7.562267184257507324e-01
3.273000000000000398e+01 -2.095439881086349487e-01 -7.359104156494140625e-01
3.274000000000000199e+01 -2.167984545230865479e-01 -7.148684263229370117e-01
3.275000000000000000e+01 -2.238389849662780762e-01 -6.931214928627014160e-01
3.275999999999999801e+01 -2.306586354970932007e-01 -6.706907153129577637e-01
3.277000000000000313e+01 -2.372506260871887207e-01 -6.475986242294311523e-01
3.278000000000000114e+01 -2.436084896326065063e-01 -6.238679885864257812e-01
3.278999999999999915e+01 -2.497259229421615601e-01 -5.995222926139831543e-01
3.279999999999999716e+01 -2.555969059467315674e-01 -5.745853781700134277e-01
3.281000000000000227e+01 -2.612157464027404785e-01 -5.490823388099670410e-01
3.282000000000000028e+01 -2.665767669677734375e-01 -5.230377316474914551e-01
3.282999999999999829e+01 -2.716747820377349854e-01 -4.964777827262878418e-01
3.284000000000000341e+01 -2.765046954154968262e-01 -4.694285988807678223e-01
3.285000000000000142e+01 -2.810617983341217041e-01 -4.419167339801788330e-01
3.285999999999999943e+01 -2.853415608406066895e-01 -4.139695167541503906e-01
3.286999999999999744e+01 -2.893398106098175049e-01 -3.856144845485687256e-01
3.288000000000000256e+01 -2.930526435375213623e-01 -3.568796515464782715e-01
3.289000000000000057e+01 -2.964762449264526367e-01 -3.277933001518249512e-01
3.289999999999999858e+01 -2.996074259281158447e-01 -2.983841896057128906e-01
3.291000000000000369e+01 -3.024429380893707275e-01 -2.686813473701477051e-01
3.292000000000000171e+01 -3.049801290035247803e-01 -2.387140542268753052e-01
3.292999999999999972e+01 -3.072164356708526611e-01 -2.085118889808654785e-01
3.293999999999999773e+01 -3.091497123241424561e-01 -1.781045943498611450e-01
3.295000000000000284e+01 -3.107779622077941895e-01 -1.475221812725067139e-01
3.296000000000000085e+01 -3.120996356010437012e-01 -1.167948320508003235e-01
3.296999999999999886e+01 -3.131134808063507080e-01 -8.595276623964309692e-02
3.298000000000000398e+01 -3.138183951377868652e-01 -5.502646416425704956e-02
3.299000000000000199e+01 -3.142138421535491943e-01 -2.404644340276718140e-02
3.300000000000000000e+01 -3.142993450164794922e-01 6.956994999200105667e-03
3.300999999999999801e+01 -3.140746355056762695e-01 3.795294091105461121e-02
3.302000000000000313e+01 -3.135403096675872803e-01 6.891108304262161255e-02
3.303000000000000114e+01 -3.126966953277587891e-01 9.980089962482452393e-02
3.303999999999999915e+01 -3.115446567535400391e-01 1.305919438600540161e-01
3.304999999999999716e+01 -3.100852668285369873e-01 1.612538099288940430e-01
3.306000000000000227e+01 -3.083201050758361816e-01 1.917563974857330322e-01
3.307000000000000028e+01 -3.062508106231689453e-01 2.220696061849594116e-01
3.307999999999999829e+01 -3.038794398307800293e-01 2.521634995937347412e-01
3.309000000000000341e+01 -3.012083768844604492e-01 2.820085883140563965e-01
3.310000000000000142e+01 -2.982401847839355469e-01 3.115753829479217529e-01
3.310999999999999943e+01 -2.949779033660888672e-01 3.408347666263580322e-01
3.311999999999999744e+01 -2.914246022701263428e-01 3.697580099105834961e-01
3.313000000000000256e+01 -2.875839769840240479e-01 3.983163535594940186e-01
3.314000000000000057e+01 -2.834596335887908936e-01 4.264821112155914307e-01
3.314999999999999858e+01 -2.790557146072387695e-01 4.542271792888641357e-01
3.316000000000000369e+01 -2.743765711784362793e-01 4.815245568752288818e-01
3.317000000000000171e+01 -2.694267928600311279e-01 5.083469748497009277e-01
3.317999999999999972e+01 -2.642112672328948975e-01 5.346681475639343262e-01
3.318999999999999773e+01 -2.587351500988006592e-01 5.604623556137084961e-01
3.320000000000000284e+01 -2.530038952827453613e-01 5.857038497924804688e-01
3.321000000000000085e+01 -2.470230609178543091e-01 6.103680133819580078e-01
3.321999999999999886e+01 -2.407985478639602661e-01 6.344305872917175293e-01
3.323000000000000398e+01 -2.343364953994750977e-01 6.578677296638488770e-01
3.324000000000000199e+01 -2.276433259248733521e-01 6.806563138961791992e-01
3.325000000000000000e+01 -2.207256555557250977e-01 7.027739286422729492e-01
3.325999999999999801e+01 -2.135902047157287598e-01 7.241988182067871094e-01
3.327000000000000313e+01 -2.062439918518066406e-01 7.449097633361816406e-01
3.328000000000000114e+01 -1.986944377422332764e-01 7.648864984512329102e-01
3.328999999999999915e+01 -1.909488290548324585e-01 7.841092348098754883e-01
3.329999999999999716e+01 -1.830148100852966309e-01 8.025590181350708008e-01
3.331000000000000227e+01 -1.749002933502197266e-01 8.202174305915832520e-01
3.332000000000000028e+01 -1.666131615638732910e-01 8.370676636695861816e-01
3.332999999999999829e+01 -1.581616550683975220e-01 8.530924320220947266e-01
3.334000000000000341e+01 -1.495541334152221680e-01 8.682761788368225098e-01
3.335000000000000142e+01 -1.407990008592605591e-01 8.826040029525756836e-01
3.335999999999999943e+01 -1.319049298763275146e-01 8.960614800453186035e-01
3.336999999999999744e+01 -1.228807196021080017e-01 9.086354374885559082e-01
3.338000000000000256e+01 -1.137352287769317627e-01 9.203139543533325195e-01
3.339000000000000057e+01 -1.044774726033210754e-01 9.310846328735351562e-01
3.339999999999999858e+01 -9.511658549308776855e-02 9.409372806549072266e-01
3.341000000000000369e+01 -8.566179126501083374e-02 9.498621821403503418e-01
3.342000000000000171e+01 -7.612246274948120117e-02 9.578502774238586426e-01
3.342999999999999972e+01 -6.650795042514801025e-02 9.648935198783874512e-01
3.343999999999999773e+01 -5.682777613401412964e-02 9.709855318069458008e-01
3.345000000000000284e+01 -4.709144309163093567e-02 9.761196970939636230e-01
3.346000000000000085e+01 -3.730858489871025085e-02 9.802910685539245605e-01
3.346999999999999886e+01 -2.748883888125419617e-02 9.834954738616943359e-01
3.348000000000000398e+01 -1.764192245900630951e-02 9.857299327850341797e-01
3.349000000000000199e+01 -7.777473423629999161e-03 9.869919419288635254e-01
3.350000000000000000e+01 2.094662049785256386e-03 9.872799515724182129e-01
3.350999999999999801e+01 1.196486596018075943e-02 9.865942001342773438e-01
3.352000000000000313e+01 2.182332240045070648e-02 9.849353432655334473e-01
3.353000000000000114e+01 3.166032209992408752e-02 9.823040962219238281e-01
3.353999999999999915e+01 4.146617278456687927e-02 9.787040948867797852e-01
3.354999999999999716e+01 5.123118311166763306e-02 9.741380810737609863e-01
3.356000000000000227e+01 6.094573065638542175e-02 9.686109423637390137e-01
3.357000000000000028e+01 7.060022652149200439e-02 9.621278047561645508e-01
3.357999999999999829e+01 8.018511533737182617e-02 9.546951055526733398e-01
3.359000000000000341e+01 8.969096094369888306e-02 9.463202953338623047e-01
3.360000000000000142e+01 9.910842031240463257e-02 9.370114803314208984e-01
3.360999999999999943e+01 1.084281131625175476e-01 9.267777204513549805e-01
3.361999999999999744e+01 1.176409274339675903e-01 9.156290888786315918e-01
3.363000000000000256e+01 1.267376989126205444e-01 9.035768508911132812e-01
3.364000000000000057e+01 1.357094794511795044e-01 8.906325697898864746e-01
3.364999999999999858e+01 1.445474177598953247e-01 8.768092393875122070e-01
3.366000000000000369e+01 1.532427668571472168e-01 8.621202111244201660e-01
3.367000000000000171e+01 1.617869734764099121e-01 8.465800285339355469e-01
3.367999999999999972e+01 1.701715886592864990e-01 8.302042484283447266e-01
3.368999999999999773e+01 1.783883422613143921e-01 8.130086064338684082e-01
3.370000000000000284e+01 1.864291131496429443e-01 7.950103282928466797e-01
3.371000000000000085e+01 1.942859292030334473e-01 7.762272953987121582e-01
3.371999999999999886e+01 2.019510716199874878e-01 7.566778659820556641e-01
3.373000000000000398e+01 2.094169557094573975e-01 7.363812923431396484e-01
3.374000000000000199e+01 2.166762650012969971e-01 7.153577208518981934e-01
3.375000000000000000e+01 2.237217724323272705e-01 6.936278343200683594e-01
3.375999999999999801e+01 2.305465489625930786e-01 6.712131500244140625e-01
3.377000000000000313e+01 2.371438592672348022e-01 6.481357812881469727e-01
3.378000000000000114e+01 2.435071468353271484e-01 6.244184970855712891e-01
3.378999999999999915e+01 2.496301382780075073e-01 6.000847220420837402e-01
3.379999999999999716e+01 2.555068731307983398e-01 5.751587152481079102e-01
3.381000000000000227e+01 2.611314654350280762e-01 5.496647357940673828e-01
3.382000000000000028e+01 2.664983570575714111e-01 5.236282348632812500e-01
3.382999999999999829e+01 2.716022431850433350e-01 4.970747530460357666e-01
3.384000000000000341e+01 2.764382362365722656e-01 4.700307548046112061e-01
3.385000000000000142e+01 2.810013294219970703e-01 4.425228536128997803e-01
3.385999999999999943e+01 2.852872312068939209e-01 4.145781099796295166e-01
3.386999999999999744e+01 2.892915606498718262e-01 3.862243890762329102e-01
3.388000000000000256e+01 2.930103838443756104e-01 3.574894964694976807e-01
3.389000000000000057e+01 2.964401543140411377e-01 3.284019827842712402e-01
3.389999999999999858e+01 2.995773851871490479e-01 2.989904284477233887e-01
3.391000000000000369e+01 3.024189770221710205e-01 2.692840397357940674e-01
3.392000000000000171e+01 3.049621880054473877e-01 2.393121272325515747e-01
3.392999999999999972e+01 3.072044253349304199e-01 2.091043442487716675e-01
3.393999999999999773e+01 3.091435730457305908e-01 1.786904931068420410e-01
3.395000000000000284e+01 3.107776641845703125e-01 1.481006443500518799e-01
3.396000000000000085e+01 3.121050894260406494e-01 1.173649281263351440e-01
3.396999999999999886e+01 3.131245970726013184e-01 8.651381731033325195e-02
3.398000000000000398e+01 3.138350844383239746e-01 5.557775869965553284e-02
3.399000000000000199e+01 3.142358958721160889e-01 2.458735369145870209e-02
3.400000000000000000e+01 3.143267631530761719e-01 -6.426839157938957214e-03
3.400999999999999801e+01 3.141074478626251221e-01 -3.743419051170349121e-02
3.402000000000000313e+01 3.135781884193420410e-01 -6.840407103300094604e-02
3.403000000000000114e+01 3.127395808696746826e-01 -9.930592030286788940e-02
3.403999999999999915e+01 3.115924000740051270e-01 -1.301092058420181274e-01
3.404999999999999716e+01 3.101378381252288818e-01 -1.607834994792938232e-01
3.406000000000000227e+01 3.083772361278533936e-01 -1.912985742092132568e-01
3.407000000000000028e+01 3.063125014305114746e-01 -2.216243147850036621e-01
3.407999999999999829e+01 3.039454817771911621e-01 -2.517307698726654053e-01
3.409000000000000341e+01 3.012787103652954102e-01 -2.815881669521331787e-01
3.410000000000000142e+01 2.983146607875823975e-01 -3.111672103404998779e-01
3.410999999999999943e+01 2.950564026832580566e-01 -3.404386043548583984e-01
3.411999999999999744e+01 2.915070354938507080e-01 -3.693735003471374512e-01
3.413000000000000256e+01 2.876701354980468750e-01 -3.979434072971343994e-01
3.414000000000000057e+01 2.835494279861450195e-01 -4.261200428009033203e-01
3.414999999999999858e+01 2.791491150856018066e-01 -4.538757801055908203e-01
3.416000000000000369e+01 2.744733989238739014e-01 -4.811831414699554443e-01
3.417000000000000171e+01 2.695270478725433350e-01 -5.080153942108154297e-01
3.417999999999999972e+01 2.643148005008697510e-01 -5.343459248542785645e-01
3.418999999999999773e+01 2.588419020175933838e-01 -5.601488351821899414e-01
3.420000000000000284e+01 2.531136870384216309e-01 -5.853986740112304688e-01
3.421000000000000085e+01 2.471358031034469604e-01 -6.100705265998840332e-01
3.421999999999999886e+01 2.409142553806304932e-01 -6.341401934623718262e-01
3.423000000000000398e+01 2.344550937414169312e-01 -6.575839519500732422e-01
3.424000000000000199e+01 2.277647703886032104e-01 -6.803789138793945312e-01
3.425000000000000000e+01 2.208497971296310425e-01 -7.025022506713867188e-01
3.425999999999999801e+01 2.137170284986495972e-01 -7.239325642585754395e-01
3.427000000000000313e+01 2.063735127449035645e-01 -7.446483373641967773e-01
3.428000000000000114e+01 1.988264918327331543e-01 -7.646295428276062012e-01
3.428999999999999915e+01 1.910834610462188721e-01 -7.838562726974487305e-01
3.430000000000000426e+01 1.831519454717636108e-01 -8.023098707199096680e-01
3.431000000000000227e+01 1.750399023294448853e-01 -8.199718594551086426e-01
3.432000000000000028e+01 1.667552143335342407e-01 -8.368252515792846680e-01
3.432999999999999829e+01 1.583061516284942627e-01 -8.528531193733215332e-01
3.434000000000000341e+01 1.497009545564651489e-01 -8.680399060249328613e-01
3.435000000000000142e+01 1.409482061862945557e-01 -8.823708891868591309e-01
3.435999999999999943e+01 1.320564597845077515e-01 -8.958314061164855957e-01
3.436999999999999744e+01 1.230345219373703003e-01 -9.084084630012512207e-01
3.438000000000000256e+01 1.138912588357925415e-01 -9.200899004936218262e-01
3.439000000000000057e+01 1.046357527375221252e-01 -9.308642148971557617e-01
3.439999999999999858e+01 9.527704864740371704e-02 -9.407203793525695801e-01
3.441000000000000369e+01 8.582442253828048706e-02 -9.496489763259887695e-01
3.442000000000000171e+01 7.628718763589859009e-02 -9.576414823532104492e-01
3.442999999999999972e+01 6.667474657297134399e-02 -9.646899104118347168e-01
3.443999999999999773e+01 5.699655786156654358e-02 -9.707868695259094238e-01
3.445000000000000284e+01 4.726219549775123596e-02 -9.759268164634704590e-01
3.446000000000000085e+01 3.748122602701187134e-02 -9.801046848297119141e-01
3.446999999999999886e+01 2.766332030296325684e-02 -9.833161830902099609e-01
3.448000000000000398e+01 1.781813986599445343e-02 -9.855584502220153809e-01
3.449000000000000199e+01 7.955392822623252869e-03 -9.868288040161132812e-01
3.450000000000000000e+01 -1.915189321152865887e-03 -9.871263504028320312e-01
3.450999999999999801e+01 -1.178389135748147964e-02 -9.864506721496582031e-01
3.452000000000000313e+01 -2.164095826447010040e-02 -9.848024249076843262e-01
3.453000000000000114e+01 -3.147669509053230286e-02 -9.821832776069641113e-01
3.453999999999999915e+01 -4.128139093518257141e-02 -9.785955548286437988e-01
3.455000000000000426e+01 -5.104540288448333740e-02 -9.740433096885681152e-01
3.456000000000000227e+01 -6.075906753540039062e-02 -9.685303568840026855e-01
3.457000000000000028e+01 -7.041282206773757935e-02 -9.620625972747802734e-01
3.457999999999999829e+01 -7.999717444181442261e-02 -9.546462893486022949e-01
3.459000000000000341e+01 -8.950262516736984253e-02 -9.462884664535522461e-01
3.460000000000000142e+01 -9.891981631517410278e-02 -9.369976520538330078e-01
3.460999999999999943e+01 -1.082394719123840332e-01 -9.267826080322265625e-01
3.461999999999999744e+01 -1.174524351954460144e-01 -9.156537652015686035e-01
3.463000000000000256e+01 -1.265495717525482178e-01 -9.036218523979187012e-01
3.464000000000000057e+01 -1.355219185352325439e-01 -8.906987309455871582e-01
3.464999999999999858e+01 -1.443605870008468628e-01 -8.768968582153320312e-01
3.466000000000000369e+01 -1.530569493770599365e-01 -8.622302412986755371e-01
3.467000000000000171e+01 -1.616023778915405273e-01 -8.467130661010742188e-01
3.467999999999999972e+01 -1.699883937835693359e-01 -8.303604125976562500e-01
3.468999999999999773e+01 -1.782068610191345215e-01 -8.131888508796691895e-01
3.470000000000000284e+01 -1.862494796514511108e-01 -7.952147126197814941e-01
3.471000000000000085e+01 -1.941085308790206909e-01 -7.764561176300048828e-01
3.471999999999999886e+01 -2.017760574817657471e-01 -7.569313645362854004e-01
3.473000000000000398e+01 -2.092446535825729370e-01 -7.366595268249511719e-01
3.474000000000000199e+01 -2.165068835020065308e-01 -7.156608104705810547e-01
3.475000000000000000e+01 -2.235555350780487061e-01 -6.939557194709777832e-01
3.475999999999999801e+01 -2.303837090730667114e-01 -6.715657114982604980e-01
3.477000000000000313e+01 -2.369845956563949585e-01 -6.485127210617065430e-01
3.478000000000000114e+01 -2.433518022298812866e-01 -6.248195171356201172e-01
3.478999999999999915e+01 -2.494789510965347290e-01 -6.005094647407531738e-01
3.480000000000000426e+01 -2.553600072860717773e-01 -5.756064057350158691e-01
3.481000000000000227e+01 -2.609891891479492188e-01 -5.501350760459899902e-01
3.482000000000000028e+01 -2.663609385490417480e-01 -5.241203904151916504e-01
3.482999999999999829e+01 -2.714698910713195801e-01 -4.975880682468414307e-01
3.484000000000000341e+01 -2.763110399246215820e-01 -4.705643355846405029e-01
3.485000000000000142e+01 -2.808796167373657227e-01 -4.430757761001586914e-01
3.485999999999999943e+01 -2.851710915565490723e-01 -4.151493608951568604e-01
3.486999999999999744e+01 -2.891812026500701904e-01 -3.868128359317779541e-01
3.488000000000000256e+01 -2.929060757160186768e-01 -3.580940961837768555e-01
3.489000000000000057e+01 -2.963419258594512939e-01 -3.290213942527770996e-01
3.489999999999999858e+01 -2.994853854179382324e-01 -2.996234893798828125e-01
3.491000000000000369e+01 -3.023334145545959473e-01 -2.699294090270996094e-01
3.492000000000000171e+01 -3.048831224441528320e-01 -2.399684488773345947e-01
3.492999999999999972e+01 -3.071319758892059326e-01 -2.097701132297515869e-01
3.493999999999999773e+01 -3.090777993202209473e-01 -1.793643385171890259e-01
3.495000000000000284e+01 -3.107187151908874512e-01 -1.487810313701629639e-01
3.496000000000000085e+01 -3.120529353618621826e-01 -1.180504485964775085e-01
3.496999999999999886e+01 -3.130793273448944092e-01 -8.720289915800094604e-02
3.498000000000000398e+01 -3.137967288494110107e-01 -5.626891180872917175e-02
3.499000000000000199e+01 -3.142044842243194580e-01 -2.527906186878681183e-02
3.500000000000000000e+01 -3.143022656440734863e-01 5.736263934522867203e-03
3.500999999999999801e+01 -3.140897750854492188e-01 3.674606606364250183e-02
3.502000000000000313e+01 -3.135673999786376953e-01 6.771992892026901245e-02
3.503000000000000114e+01 -3.127355575561523438e-01 9.862724691629409790e-02
3.503999999999999915e+01 -3.115952014923095703e-01 1.294374763965606689e-01
3.505000000000000426e+01 -3.101472854614257812e-01 1.601200550794601440e-01
3.506000000000000227e+01 -3.083933293819427490e-01 1.906448453664779663e-01
3.507000000000000028e+01 -3.063350617885589600e-01 2.209814935922622681e-01
3.507999999999999829e+01 -3.039743900299072266e-01 2.511001527309417725e-01
3.509000000000000341e+01 -3.013138473033905029e-01 2.809710204601287842e-01
3.510000000000000142e+01 -2.983559072017669678e-01 3.105645477771759033e-01
3.510999999999999943e+01 -2.951036095619201660e-01 3.398514688014984131e-01
3.511999999999999744e+01 -2.915599644184112549e-01 3.688030242919921875e-01
3.513000000000000256e+01 -2.877287864685058594e-01 3.973902463912963867e-01
3.514000000000000057e+01 -2.836135327816009521e-01 4.255853295326232910e-01
3.514999999999999858e+01 -2.792184352874755859e-01 4.533600509166717529e-01
3.516000000000000369e+01 -2.745478153228759766e-01 4.806872308254241943e-01
3.517000000000000171e+01 -2.696062326431274414e-01 5.075396895408630371e-01
3.517999999999999972e+01 -2.643986642360687256e-01 5.338907837867736816e-01
3.518999999999999773e+01 -2.589301764965057373e-01 5.597149133682250977e-01
3.520000000000000284e+01 -2.532061934471130371e-01 5.849860906600952148e-01
3.521000000000000085e+01 -2.472323626279830933e-01 6.096796989440917969e-01
3.521999999999999886e+01 -2.410146594047546387e-01 6.337711811065673828e-01
3.523000000000000398e+01 -2.345590740442276001e-01 6.572368741035461426e-01
3.524000000000000199e+01 -2.278720140457153320e-01 6.800534725189208984e-01
3.525000000000000000e+01 -2.209602445363998413e-01 7.021984457969665527e-01
3.525999999999999801e+01 -2.138304114341735840e-01 7.236500978469848633e-01
3.527000000000000313e+01 -2.064895927906036377e-01 7.443871498107910156e-01
3.528000000000000114e+01 -1.989451050758361816e-01 7.643892168998718262e-01
3.528999999999999915e+01 -1.912043392658233643e-01 7.836364507675170898e-01
3.530000000000000426e+01 -1.832749545574188232e-01 8.021100163459777832e-01
3.531000000000000227e+01 -1.751647889614105225e-01 8.197914958000183105e-01
3.532000000000000028e+01 -1.668818295001983643e-01 8.366637229919433594e-01
3.532999999999999829e+01 -1.584342569112777710e-01 8.527100086212158203e-01
3.534000000000000341e+01 -1.498304456472396851e-01 8.679142594337463379e-01
3.535000000000000142e+01 -1.410788446664810181e-01 8.822619915008544922e-01
3.535999999999999943e+01 -1.321880668401718140e-01 8.957384824752807617e-01
3.536999999999999744e+01 -1.231670007109642029e-01 9.083310365676879883e-01
3.538000000000000256e+01 -1.140244826674461365e-01 9.200270175933837891e-01
3.539000000000000057e+01 -1.047694906592369080e-01 9.308150410652160645e-01
3.539999999999999858e+01 -9.541123360395431519e-02 9.406842589378356934e-01
3.541000000000000369e+01 -8.595889061689376831e-02 9.496253728866577148e-01
3.542000000000000171e+01 -7.642184197902679443e-02 9.576289653778076172e-01
3.542999999999999972e+01 -6.680946797132492065e-02 9.646878838539123535e-01
3.543999999999999773e+01 -5.713126808404922485e-02 9.707947969436645508e-01
3.545000000000000284e+01 -4.739677160978317261e-02 9.759440422058105469e-01
3.546000000000000085e+01 -3.761559352278709412e-02 9.801302552223205566e-01
3.546999999999999886e+01 -2.779738791286945343e-02 9.833495616912841797e-01
3.548000000000000398e+01 -1.795185171067714691e-02 9.855988025665283203e-01
3.549000000000000199e+01 -8.088639937341213226e-03 9.868758320808410645e-01
3.550000000000000000e+01 1.782413106411695480e-03 9.871794581413269043e-01
3.550999999999999801e+01 1.165168918669223785e-02 9.865093231201171875e-01
3.552000000000000313e+01 2.150937542319297791e-02 9.848662614822387695e-01
3.553000000000000114e+01 3.134576976299285889e-02 9.822519421577453613e-01
3.553999999999999915e+01 4.115118458867073059e-02 9.786688089370727539e-01
3.555000000000000426e+01 5.091593042016029358e-02 9.741207957267761230e-01
3.556000000000000227e+01 6.063039973378181458e-02 9.686120152473449707e-01
3.557000000000000028e+01 7.028499245643615723e-02 9.621480107307434082e-01
3.557999999999999829e+01 7.987019419670104980e-02 9.547353386878967285e-01
3.559000000000000341e+01 8.937654644250869751e-02 9.463816881179809570e-01
3.560000000000000142e+01 9.879472106695175171e-02 9.370949268341064453e-01
3.560999999999999943e+01 1.081153899431228638e-01 9.268840551376342773e-01
3.561999999999999744e+01 1.173293516039848328e-01 9.157594442367553711e-01
3.563000000000000256e+01 1.264275610446929932e-01 9.037321209907531738e-01
3.564000000000000057e+01 1.354010254144668579e-01 8.908139467239379883e-01
3.564999999999999858e+01 1.442409157752990723e-01 8.770175576210021973e-01
3.566000000000000369e+01 1.529384851455688477e-01 8.623565435409545898e-01
3.567000000000000171e+01 1.614851951599121094e-01 8.468455672264099121e-01
3.567999999999999972e+01 1.698726266622543335e-01 8.304995894432067871e-01
3.568999999999999773e+01 1.780924797058105469e-01 8.133353590965270996e-01
3.570000000000000284e+01 1.861366778612136841e-01 7.953691482543945312e-01
3.571000000000000085e+01 1.939972341060638428e-01 7.766191363334655762e-01
3.571999999999999886e+01 2.016665041446685791e-01 7.571034431457519531e-01
3.573000000000000398e+01 2.091367840766906738e-01 7.368413805961608887e-01
3.574000000000000199e+01 2.164008468389511108e-01 7.158531546592712402e-01
3.575000000000000000e+01 2.234515100717544556e-01 6.941593289375305176e-01
3.575999999999999801e+01 2.302817851305007935e-01 6.717808246612548828e-01
3.577000000000000313e+01 2.368849515914916992e-01 6.487404108047485352e-01
3.578000000000000114e+01 2.432544678449630737e-01 6.250602602958679199e-01
3.578999999999999915e+01 2.493841052055358887e-01 6.007640361785888672e-01
3.580000000000000426e+01 2.552677690982818604e-01 5.758754014968872070e-01
3.581000000000000227e+01 2.608997225761413574e-01 5.504189133644104004e-01
3.582000000000000028e+01 2.662743628025054932e-01 5.244197845458984375e-01
3.582999999999999829e+01 2.713863849639892578e-01 4.979033470153808594e-01
3.584000000000000341e+01 2.762308120727539062e-01 4.708960354328155518e-01
3.585000000000000142e+01 2.808027267456054688e-01 4.434241950511932373e-01
3.585999999999999943e+01 2.850978076457977295e-01 4.155149161815643311e-01
3.586999999999999744e+01 2.891116738319396973e-01 3.871957957744598389e-01
3.588000000000000256e+01 2.928404510021209717e-01 3.584946095943450928e-01
3.589000000000000057e+01 2.962804138660430908e-01 3.294396698474884033e-01
3.589999999999999858e+01 2.994281053543090820e-01 3.000595271587371826e-01
3.591000000000000369e+01 3.022806346416473389e-01 2.703830897808074951e-01
3.592000000000000171e+01 3.048349320888519287e-01 2.404397428035736084e-01
3.592999999999999972e+01 3.070886135101318359e-01 2.102588564157485962e-01
3.593999999999999773e+01 3.090393841266632080e-01 1.798701882362365723e-01
3.595000000000000284e+01 3.106854259967803955e-01 1.493036895990371704e-01
3.596000000000000085e+01 3.120250105857849121e-01 1.185893788933753967e-01
3.596999999999999886e+01 3.130568265914916992e-01 8.775761723518371582e-02
3.598000000000000398e+01 3.137798607349395752e-01 5.683875456452369690e-02
3.599000000000000199e+01 3.141933977603912354e-01 2.586330845952033997e-02
3.600000000000000000e+01 3.142970502376556396e-01 -5.138232372701168060e-03
3.600999999999999801e+01 3.140906095504760742e-01 -3.613531962037086487e-02
3.602000000000000313e+01 3.135744333267211914e-01 -6.709737330675125122e-02
3.603000000000000114e+01 3.127489089965820312e-01 -9.799388796091079712e-02
3.603999999999999915e+01 3.116148710250854492e-01 -1.287943869829177856e-01
3.605000000000000426e+01 3.101733922958374023e-01 -1.594684571027755737e-01
3.606000000000000227e+01 3.084260225296020508e-01 -1.899858713150024414e-01
3.607000000000000028e+01 3.063743710517883301e-01 -2.203165292739868164e-01
3.607999999999999829e+01 3.040204346179962158e-01 -2.504305243492126465e-01
3.609000000000000341e+01 3.013665378093719482e-01 -2.802980542182922363e-01
3.610000000000000142e+01 2.984153926372528076e-01 -3.098897635936737061e-01
3.610999999999999943e+01 2.951698303222656250e-01 -3.391763567924499512e-01
3.611999999999999744e+01 2.916329503059387207e-01 -3.681288957595825195e-01
3.613000000000000256e+01 2.878084182739257812e-01 -3.967188894748687744e-01
3.614000000000000057e+01 2.836998701095581055e-01 -4.249179959297180176e-01
3.614999999999999858e+01 2.793114185333251953e-01 -4.526984691619873047e-01
3.616000000000000369e+01 2.746473550796508789e-01 -4.800327122211456299e-01
3.617000000000000171e+01 2.697123587131500244e-01 -5.068939924240112305e-01
3.617999999999999972e+01 2.645111680030822754e-01 -5.332555174827575684e-01
3.618999999999999773e+01 2.590489983558654785e-01 -5.590912699699401855e-01
3.620000000000000284e+01 2.533311843872070312e-01 -5.843757987022399902e-01
3.621000000000000085e+01 2.473634034395217896e-01 -6.090840101242065430e-01
3.621999999999999886e+01 2.411515265703201294e-01 -6.331916451454162598e-01
3.623000000000000398e+01 2.347016483545303345e-01 -6.566746830940246582e-01
3.624000000000000199e+01 2.280201911926269531e-01 -6.795099377632141113e-01
3.625000000000000000e+01 2.211136668920516968e-01 -7.016750574111938477e-01
3.625999999999999801e+01 2.139890044927597046e-01 -7.231477499008178711e-01
3.627000000000000313e+01 2.066530883312225342e-01 -7.439070343971252441e-01
3.628000000000000114e+01 1.991132944822311401e-01 -7.639323472976684570e-01
3.628999999999999915e+01 1.913769841194152832e-01 -7.832036614418029785e-01
3.630000000000000426e+01 1.834518164396286011e-01 -8.017022013664245605e-01
3.631000000000000227e+01 1.753455847501754761e-01 -8.194095492362976074e-01
3.632000000000000028e+01 1.670663058757781982e-01 -8.363081812858581543e-01
3.632999999999999829e+01 1.586221903562545776e-01 -8.523814082145690918e-01
3.634000000000000341e+01 1.500214934349060059e-01 -8.676132559776306152e-01
3.635000000000000142e+01 1.412727683782577515e-01 -8.819888234138488770e-01
3.635999999999999943e+01 1.323846429586410522e-01 -8.954937458038330078e-01
3.636999999999999744e+01 1.233658641576766968e-01 -9.081146121025085449e-01
3.638000000000000256e+01 1.142253130674362183e-01 -9.198389649391174316e-01
3.639000000000000057e+01 1.049721017479896545e-01 -9.306553602218627930e-01
3.639999999999999858e+01 9.561529010534286499e-02 -9.405528903007507324e-01
3.641000000000000369e+01 8.616412431001663208e-02 -9.495217800140380859e-01
3.642000000000000171e+01 7.662796229124069214e-02 -9.575535058975219727e-01
3.642999999999999972e+01 6.701621413230895996e-02 -9.646398425102233887e-01
3.643999999999999773e+01 5.733834579586982727e-02 -9.707738757133483887e-01
3.645000000000000284e+01 4.760393127799034119e-02 -9.759492874145507812e-01
3.646000000000000085e+01 3.782257065176963806e-02 -9.801611900329589844e-01
3.646999999999999886e+01 2.800393290817737579e-02 -9.834056496620178223e-01
3.648000000000000398e+01 1.815769821405410767e-02 -9.856790900230407715e-01
3.649000000000000199e+01 8.293591439723968506e-03 -9.869795441627502441e-01
3.650000000000000000e+01 -1.578642288222908974e-03 -9.873054623603820801e-01
3.650999999999999801e+01 -1.144927367568016052e-02 -9.866569042205810547e-01
3.652000000000000313e+01 -2.130853570997714996e-02 -9.850343465805053711e-01
3.653000000000000114e+01 -3.114671632647514343e-02 -9.824395179748535156e-01
3.653999999999999915e+01 -4.095407947897911072e-02 -9.788745641708374023e-01
3.655000000000000426e+01 -5.072099342942237854e-02 -9.743437170982360840e-01
3.656000000000000227e+01 -6.043777242302894592e-02 -9.688510298728942871e-01
3.657000000000000028e+01 -7.009482383728027344e-02 -9.624021053314208984e-01
3.657999999999999829e+01 -7.968265563249588013e-02 -9.550034999847412109e-01
3.659000000000000341e+01 -8.919175714254379272e-02 -9.466623067855834961e-01
3.660000000000000142e+01 -9.861277043819427490e-02 -9.373869895935058594e-01
3.660999999999999943e+01 -1.079363971948623657e-01 -9.271864295005798340e-01
3.661999999999999744e+01 -1.171534657478332520e-01 -9.160710573196411133e-01
3.663000000000000256e+01 -1.262548416852951050e-01 -9.040520191192626953e-01
3.664000000000000057e+01 -1.352315694093704224e-01 -8.911411166191101074e-01
3.664999999999999858e+01 -1.440747082233428955e-01 -8.773506879806518555e-01
3.666000000000000369e+01 -1.527756601572036743e-01 -8.626949787139892578e-01
3.667000000000000171e+01 -1.613257825374603271e-01 -8.471882343292236328e-01
3.667999999999999972e+01 -1.697166115045547485e-01 -8.308456540107727051e-01
3.668999999999999773e+01 -1.779399663209915161e-01 -8.136839866638183594e-01
3.670000000000000284e+01 -1.859876066446304321e-01 -7.957196831703186035e-01
3.671000000000000085e+01 -1.938517242670059204e-01 -7.769705653190612793e-01
3.671999999999999886e+01 -2.015244513750076294e-01 -7.574555277824401855e-01
3.673000000000000398e+01 -2.089983522891998291e-01 -7.371934652328491211e-01
3.674000000000000199e+01 -2.162659317255020142e-01 -7.162047028541564941e-01
3.675000000000000000e+01 -2.233200818300247192e-01 -6.945099234580993652e-01
3.675999999999999801e+01 -2.301538735628128052e-01 -6.721305251121520996e-01
3.677000000000000313e+01 -2.367604672908782959e-01 -6.490885615348815918e-01
3.678000000000000114e+01 -2.431335151195526123e-01 -6.254067420959472656e-01
3.678999999999999915e+01 -2.492665648460388184e-01 -6.011088490486145020e-01
3.680000000000000426e+01 -2.551536858081817627e-01 -5.762183666229248047e-01
3.681000000000000227e+01 -2.607890367507934570e-01 -5.507602691650390625e-01
3.682000000000000028e+01 -2.661671042442321777e-01 -5.247594714164733887e-01
3.682999999999999829e+01 -2.712825238704681396e-01 -4.982417225837707520e-01
3.684000000000000341e+01 -2.761302888393402100e-01 -4.712331891059875488e-01
3.685000000000000142e+01 -2.807056307792663574e-01 -4.437604844570159912e-01
3.685999999999999943e+01 -2.850039899349212646e-01 -4.158507287502288818e-01
3.686999999999999744e+01 -2.890212535858154297e-01 -3.875313699245452881e-01
3.688000000000000256e+01 -2.927533984184265137e-01 -3.588304817676544189e-01
3.689000000000000057e+01 -2.961966991424560547e-01 -3.297762870788574219e-01
3.689999999999999858e+01 -2.993478178977966309e-01 -3.003973662853240967e-01
3.691000000000000369e+01 -3.022036254405975342e-01 -2.707228064537048340e-01
3.692000000000000171e+01 -3.047613799571990967e-01 -2.407818287611007690e-01
3.692999999999999972e+01 -3.070184886455535889e-01 -2.106038779020309448e-01
3.693999999999999773e+01 -3.089728057384490967e-01 -1.802187263965606689e-01
3.695000000000000284e+01 -3.106223046779632568e-01 -1.496563106775283813e-01
3.696000000000000085e+01 -3.119654059410095215e-01 -1.189467012882232666e-01
3.696999999999999886e+01 -3.130008280277252197e-01 -8.812016248703002930e-02
3.698000000000000398e+01 -3.137275278568267822e-01 -5.720712244510650635e-02
3.699000000000000199e+01 -3.141448199748992920e-01 -2.623802982270717621e-02
3.700000000000000000e+01 -3.142522275447845459e-01 4.756831564009189606e-03
3.700999999999999801e+01 -3.140496611595153809e-01 3.574658557772636414e-02
3.702000000000000313e+01 -3.135373890399932861e-01 6.670093536376953125e-02
3.703000000000000114e+01 -3.127158582210540771e-01 9.758941084146499634e-02
3.703999999999999915e+01 -3.115859329700469971e-01 1.283815503120422363e-01
3.705000000000000426e+01 -3.101486861705780029e-01 1.590470075607299805e-01
3.706000000000000227e+01 -3.084055185317993164e-01 1.895556300878524780e-01
3.707000000000000028e+01 -3.063581883907318115e-01 2.198773324489593506e-01
3.707999999999999829e+01 -3.040086925029754639e-01 2.499822974205017090e-01
3.709000000000000341e+01 -3.013593554496765137e-01 2.798408865928649902e-01
3.710000000000000142e+01 -2.984127700328826904e-01 3.094236850738525391e-01
3.710999999999999943e+01 -2.951719164848327637e-01 3.387014865875244141e-01
3.711999999999999744e+01 -2.916398346424102783e-01 3.676456809043884277e-01
3.713000000000000256e+01 -2.878202199935913086e-01 3.962273299694061279e-01
3.714000000000000057e+01 -2.837166488170623779e-01 4.244188368320465088e-01
3.714999999999999858e+01 -2.793332338333129883e-01 4.521919786930084229e-01
3.716000000000000369e+01 -2.746742665767669678e-01 4.795198142528533936e-01
3.717000000000000171e+01 -2.697443962097167969e-01 5.063749551773071289e-01
3.717999999999999972e+01 -2.645484209060668945e-01 5.327311158180236816e-01
3.718999999999999773e+01 -2.590914964675903320e-01 5.585625171661376953e-01
3.720000000000000284e+01 -2.533790469169616699e-01 5.838434696197509766e-01
3.721000000000000085e+01 -2.474165707826614380e-01 6.085491776466369629e-01
3.721999999999999886e+01 -2.412100583314895630e-01 6.326550841331481934e-01
3.723000000000000398e+01 -2.347655445337295532e-01 6.561377644538879395e-01
3.724000000000000199e+01 -2.280894219875335693e-01 6.789737939834594727e-01
3.725000000000000000e+01 -2.211883217096328735e-01 7.011406421661376953e-01
3.725999999999999801e+01 -2.140689194202423096e-01 7.226165533065795898e-01
3.727000000000000313e+01 -2.067383229732513428e-01 7.433804273605346680e-01
3.728000000000000114e+01 -1.992037743330001831e-01 7.634114027023315430e-01
3.728999999999999915e+01 -1.914726197719573975e-01 7.826900482177734375e-01
3.730000000000000426e+01 -1.835525184869766235e-01 8.011971712112426758e-01
3.731000000000000227e+01 -1.754513233900070190e-01 8.189145326614379883e-01
3.732000000000000028e+01 -1.671769469976425171e-01 8.358246684074401855e-01
3.732999999999999829e+01 -1.587375551462173462e-01 8.519106507301330566e-01
3.734000000000000341e+01 -1.501415669918060303e-01 8.671566247940063477e-01
3.735000000000000142e+01 -1.413972973823547363e-01 8.815479278564453125e-01
3.735999999999999943e+01 -1.325134634971618652e-01 8.950697183609008789e-01
3.736999999999999744e+01 -1.234988272190093994e-01 9.077089428901672363e-01
3.738000000000000256e+01 -1.143622919917106628e-01 9.194530844688415527e-01
3.739000000000000057e+01 -1.051127910614013672e-01 9.302904009819030762e-01
3.739999999999999858e+01 -9.575951844453811646e-02 9.402101039886474609e-01
3.741000000000000369e+01 -8.631166070699691772e-02 9.492027163505554199e-01
3.742000000000000171e+01 -7.677859067916870117e-02 9.572586417198181152e-01
3.742999999999999972e+01 -6.716965883970260620e-02 9.643706083297729492e-01
3.743999999999999773e+01 -5.749435350298881531e-02 9.705310463905334473e-01
3.745000000000000284e+01 -4.776223376393318176e-02 9.757339358329772949e-01
3.746000000000000085e+01 -3.798287734389305115e-02 9.799742698669433594e-01
3.746999999999999886e+01 -2.816596254706382751e-02 9.832476377487182617e-01
3.748000000000000398e+01 -1.832118257880210876e-02 9.855506420135498047e-01
3.749000000000000199e+01 -8.458185009658336639e-03 9.868811964988708496e-01
3.750000000000000000e+01 1.413185033015906811e-03 9.872375726699829102e-01
3.750999999999999801e+01 1.128330547362565994e-02 9.866198897361755371e-01
3.752000000000000313e+01 2.114235423505306244e-02 9.850282669067382812e-01
3.753000000000000114e+01 3.098062425851821899e-02 9.824645519256591797e-01
3.753999999999999915e+01 4.078841581940650940e-02 9.789310097694396973e-01
3.755000000000000426e+01 5.055602639913558960e-02 9.744312167167663574e-01
3.756000000000000227e+01 6.027383357286453247e-02 9.689695239067077637e-01
3.757000000000000028e+01 6.993222981691360474e-02 9.625510573387145996e-01
3.757999999999999829e+01 7.952167838811874390e-02 9.551823139190673828e-01
3.759000000000000341e+01 8.903271704912185669e-02 9.468708634376525879e-01
3.760000000000000142e+01 9.845598042011260986e-02 9.376243948936462402e-01
3.760999999999999943e+01 1.077821254730224609e-01 9.274523258209228516e-01
3.761999999999999744e+01 1.170019879937171936e-01 9.163644313812255859e-01
3.763000000000000256e+01 1.261064112186431885e-01 9.043718576431274414e-01
3.764000000000000057e+01 1.350864171981811523e-01 8.914862871170043945e-01
3.764999999999999858e+01 1.439332067966461182e-01 8.777204751968383789e-01
3.766000000000000369e+01 1.526379287242889404e-01 8.630880713462829590e-01
3.767000000000000171e+01 1.611921042203903198e-01 8.476034998893737793e-01
3.767999999999999972e+01 1.695872396230697632e-01 8.312820196151733398e-01
3.768999999999999773e+01 1.778150200843811035e-01 8.141397237777709961e-01
3.770000000000000284e+01 1.858673691749572754e-01 7.961935997009277344e-01
3.771000000000000085e+01 1.937362849712371826e-01 7.774614691734313965e-01
3.771999999999999886e+01 2.014140039682388306e-01 7.579617500305175781e-01
3.773000000000000398e+01 2.088930159807205200e-01 7.377135753631591797e-01
3.774000000000000199e+01 2.161658108234405518e-01 7.167372107505798340e-01
3.775000000000000000e+01 2.232253849506378174e-01 6.950533390045166016e-01
3.775999999999999801e+01 2.300646156072616577e-01 6.726832985877990723e-01
3.777000000000000313e+01 2.366768568754196167e-01 6.496493220329284668e-01
3.778000000000000114e+01 2.430554628372192383e-01 6.259739995002746582e-01
3.778999999999999915e+01 2.491942793130874634e-01 6.016811132431030273e-01
3.780000000000000426e+01 2.550871372222900391e-01 5.767942667007446289e-01
3.781000000000000227e+01 2.607282400131225586e-01 5.513381958007812500e-01
3.782000000000000028e+01 2.661120891571044922e-01 5.253384113311767578e-01
3.782999999999999829e+01 2.712332904338836670e-01 4.988200664520263672e-01
3.784000000000000341e+01 2.760868668556213379e-01 4.718098044395446777e-01
3.785000000000000142e+01 2.806679606437683105e-01 4.443341791629791260e-01
3.785999999999999943e+01 2.849721014499664307e-01 4.164203107357025146e-01
3.786999999999999744e+01 2.889949679374694824e-01 3.880958557128906250e-01
3.788000000000000256e+01 2.927326858043670654e-01 3.593888580799102783e-01
3.789000000000000057e+01 2.961815595626831055e-01 3.303276896476745605e-01
3.789999999999999858e+01 2.993381321430206299e-01 3.009409308433532715e-01
3.791000000000000369e+01 3.021994531154632568e-01 2.712577581405639648e-01
3.792000000000000171e+01 3.047624528408050537e-01 2.413075119256973267e-01
3.792999999999999972e+01 3.070247471332550049e-01 2.111197412014007568e-01
3.793999999999999773e+01 3.089841604232788086e-01 1.807243227958679199e-01
3.795000000000000284e+01 3.106386661529541016e-01 1.501512229442596436e-01
3.796000000000000085e+01 3.119866847991943359e-01 1.194305792450904846e-01
3.796999999999999886e+01 3.130269050598144531e-01 8.859283477067947388e-02
3.798000000000000398e+01 3.137582242488861084e-01 5.766841396689414978e-02
3.799000000000000199e+01 3.141800463199615479e-01 2.668788470327854156e-02
3.800000000000000000e+01 3.142919242382049561e-01 -4.318216815590858459e-03
3.800999999999999801e+01 3.140936791896820068e-01 -3.531928732991218567e-02
3.802000000000000313e+01 3.135856091976165771e-01 -6.628473103046417236e-02
3.803000000000000114e+01 3.127682209014892578e-01 -9.718399494886398315e-02
3.803999999999999915e+01 3.116422593593597412e-01 -1.279866099357604980e-01
3.805000000000000426e+01 3.102089166641235352e-01 -1.586621105670928955e-01
3.806000000000000227e+01 3.084695339202880859e-01 -1.891803741455078125e-01
3.807000000000000028e+01 3.064259588718414307e-01 -2.195111960172653198e-01
3.807999999999999829e+01 3.040800690650939941e-01 -2.496248036623001099e-01
3.809000000000000341e+01 3.014342486858367920e-01 -2.794913649559020996e-01
3.810000000000000142e+01 2.984911799430847168e-01 -3.090815246105194092e-01
3.810999999999999943e+01 2.952536642551422119e-01 -3.383661508560180664e-01
3.811999999999999744e+01 2.917249202728271484e-01 -3.673163056373596191e-01
3.813000000000000256e+01 2.879085242748260498e-01 -3.959035277366638184e-01
3.814000000000000057e+01 2.838081419467926025e-01 -4.240996837615966797e-01
3.814999999999999858e+01 2.794279456138610840e-01 -4.518768787384033203e-01
3.816000000000000369e+01 2.747720777988433838e-01 -4.792079329490661621e-01
3.817000000000000171e+01 2.698453664779663086e-01 -5.060659050941467285e-01
3.817999999999999972e+01 2.646524906158447266e-01 -5.324242115020751953e-01
3.818999999999999773e+01 2.591986060142517090e-01 -5.582570433616638184e-01
3.820000000000000284e+01 2.534891664981842041e-01 -5.835390090942382812e-01
3.821000000000000085e+01 2.475297003984451294e-01 -6.082450747489929199e-01
3.821999999999999886e+01 2.413262575864791870e-01 -6.323508620262145996e-01
3.823000000000000398e+01 2.348848134279251099e-01 -6.558330655097961426e-01
3.824000000000000199e+01 2.282117903232574463e-01 -6.786682009696960449e-01
3.825000000000000000e+01 2.213136851787567139e-01 -7.008338570594787598e-01
3.825999999999999801e+01 2.141974270343780518e-01 -7.223083972930908203e-01
3.827000000000000313e+01 2.068698853254318237e-01 -7.430704832077026367e-01
3.828000000000000114e+01 1.993384510278701782e-01 -7.630999088287353516e-01
3.828999999999999915e+01 1.916104257106781006e-01 -7.823767662048339844e-01
3.830000000000000426e+01 1.836934834718704224e-01 -8.008821010589599609e-01
3.831000000000000227e+01 1.755954176187515259e-01 -8.185978531837463379e-01
3.832000000000000028e+01 1.673242151737213135e-01 -8.355067372322082520e-01
3.832999999999999829e+01 1.588880419731140137e-01 -8.515917062759399414e-01
3.834000000000000341e+01 1.502951979637145996e-01 -8.668372035026550293e-01
3.835000000000000142e+01 1.415541470050811768e-01 -8.812283873558044434e-01
3.835999999999999943e+01 1.326735019683837891e-01 -8.947503566741943359e-01
3.836999999999999744e+01 1.236620545387268066e-01 -9.073907732963562012e-01
3.838000000000000256e+01 1.145286709070205688e-01 -9.191365242004394531e-01
3.839000000000000057e+01 1.052823439240455627e-01 -9.299764633178710938e-01
3.839999999999999858e+01 9.593221545219421387e-02 -9.398995041847229004e-01
3.841000000000000369e+01 8.648745715618133545e-02 -9.488960504531860352e-01
3.842000000000000171e+01 7.695740461349487305e-02 -9.569572806358337402e-01
3.842999999999999972e+01 6.735146045684814453e-02 -9.640756845474243164e-01
3.843999999999999773e+01 5.767905712127685547e-02 -9.702432155609130859e-01
3.845000000000000284e+01 4.794977977871894836e-02 -9.754545688629150391e-01
3.846000000000000085e+01 3.817317262291908264e-02 -9.797040820121765137e-01
3.846999999999999886e+01 2.835891395807266235e-02 -9.829882383346557617e-01
3.848000000000000398e+01 1.851664856076240540e-02 -9.853031039237976074e-01
3.849000000000000199e+01 8.656085468828678131e-03 -9.866467714309692383e-01
3.850000000000000000e+01 -1.213040319271385670e-03 -9.870174527168273926e-01
3.850999999999999801e+01 -1.108102221041917801e-02 -9.864153861999511719e-01
3.852000000000000313e+01 -2.093810588121414185e-02 -9.848405718803405762e-01
3.853000000000000114e+01 -3.077458962798118591e-02 -9.822949171066284180e-01
3.853999999999999915e+01 -4.058076813817024231e-02 -9.787804484367370605e-01
3.855000000000000426e+01 -5.034698545932769775e-02 -9.743007421493530273e-01
3.856000000000000227e+01 -6.006360426545143127e-02 -9.688605070114135742e-01
3.857000000000000028e+01 -6.972099840641021729e-02 -9.624647498130798340e-01
3.857999999999999829e+01 -7.930972427129745483e-02 -9.551196098327636719e-01
3.859000000000000341e+01 -8.882027119398117065e-02 -9.468325972557067871e-01
3.860000000000000142e+01 -9.824324399232864380e-02 -9.376115202903747559e-01
3.860999999999999943e+01 -1.075694188475608826e-01 -9.274656176567077637e-01
3.861999999999999744e+01 -1.167895197868347168e-01 -9.164045453071594238e-01
3.863000000000000256e+01 -1.258944869041442871e-01 -9.044395089149475098e-01
3.864000000000000057e+01 -1.348753571510314941e-01 -8.915823101997375488e-01
3.864999999999999858e+01 -1.437232047319412231e-01 -8.778451681137084961e-01
3.866000000000000369e+01 -1.524293720722198486e-01 -8.632419705390930176e-01
3.867000000000000171e+01 -1.609852313995361328e-01 -8.477866053581237793e-01
3.867999999999999972e+01 -1.693822741508483887e-01 -8.314946293830871582e-01
3.868999999999999773e+01 -1.776123940944671631e-01 -8.143818974494934082e-01
3.870000000000000284e+01 -1.856672316789627075e-01 -7.964653372764587402e-01
3.871000000000000085e+01 -1.935390681028366089e-01 -7.777625322341918945e-01
3.871999999999999886e+01 -2.012199163436889648e-01 -7.582919597625732422e-01
3.873000000000000398e+01 -2.087023854255676270e-01 -7.380725741386413574e-01
3.874000000000000199e+01 -2.159789204597473145e-01 -7.171244621276855469e-01
3.875000000000000000e+01 -2.230425029993057251e-01 -6.954683065414428711e-01
3.875999999999999801e+01 -2.298860549926757812e-01 -6.731252074241638184e-01
3.877000000000000313e+01 -2.365027815103530884e-01 -6.501172184944152832e-01
3.878000000000000114e+01 -2.428862452507019043e-01 -6.264672875404357910e-01
3.878999999999999915e+01 -2.490301132202148438e-01 -6.021985411643981934e-01
3.880000000000000426e+01 -2.549282312393188477e-01 -5.773348212242126465e-01
3.881000000000000227e+01 -2.605748772621154785e-01 -5.519007444381713867e-01
3.882000000000000028e+01 -2.659644484519958496e-01 -5.259214043617248535e-01
3.882999999999999829e+01 -2.710915803909301758e-01 -4.994224607944488525e-01
3.884000000000000341e+01 -2.759512364864349365e-01 -4.724301099777221680e-01
3.885000000000000142e+01 -2.805386185646057129e-01 -4.449706971645355225e-01
3.885999999999999943e+01 -2.848491668701171875e-01 -4.170716106891632080e-01
3.886999999999999744e+01 -2.888787090778350830e-01 -3.887604475021362305e-01
3.888000000000000256e+01 -2.926231026649475098e-01 -3.600650131702423096e-01
3.889000000000000057e+01 -2.960787415504455566e-01 -3.310136198997497559e-01
3.889999999999999858e+01 -2.992422878742218018e-01 -3.016349971294403076e-01
3.891000000000000369e+01 -3.021104931831359863e-01 -2.719582319259643555e-01
3.892000000000000171e+01 -3.046805858612060547e-01 -2.420126944780349731e-01
3.892999999999999972e+01 -3.069499433040618896e-01 -2.118277847766876221e-01
3.893999999999999773e+01 -3.089164197444915771e-01 -1.814334839582443237e-01
3.895000000000000284e+01 -3.105780780315399170e-01 -1.508597582578659058e-01
3.896000000000000085e+01 -3.119330704212188721e-01 -1.201368719339370728e-01
3.896999999999999886e+01 -3.129803240299224854e-01 -8.929514884948730469e-02
3.898000000000000398e+01 -3.137187063694000244e-01 -5.836512893438339233e-02
3.899000000000000199e+01 -3.141475021839141846e-01 -2.737743221223354340e-02
3.900000000000000000e+01 -3.142662048339843750e-01 3.637548768892884254e-03
3.900999999999999801e+01 -3.140746653079986572e-01 3.464878723025321960e-02
3.902000000000000313e+01 -3.135733604431152344e-01 6.562586128711700439e-02
3.903000000000000114e+01 -3.127623796463012695e-01 9.653811901807785034e-02
3.903999999999999915e+01 -3.116429150104522705e-01 1.273549795150756836e-01
3.905000000000000426e+01 -3.102157413959503174e-01 1.580459326505661011e-01
3.906000000000000227e+01 -3.084824681282043457e-01 1.885807365179061890e-01
3.907000000000000028e+01 -3.064447641372680664e-01 2.189290970563888550e-01
3.907999999999999829e+01 -3.041045963764190674e-01 2.490610331296920776e-01
3.909000000000000341e+01 -3.014644086360931396e-01 2.789468467235565186e-01
3.910000000000000142e+01 -2.985265552997589111e-01 3.085569143295288086e-01
3.910999999999999943e+01 -2.952942550182342529e-01 3.378619849681854248e-01
3.911999999999999744e+01 -2.917704582214355469e-01 3.668332099914550781e-01
3.913000000000000256e+01 -2.879587709903717041e-01 3.954416811466217041e-01
3.914000000000000057e+01 -2.838629782199859619e-01 4.236595630645751953e-01
3.914999999999999858e+01 -2.794869840145111084e-01 4.514586329460144043e-01
3.916000000000000369e+01 -2.748352587223052979e-01 4.788116216659545898e-01
3.917000000000000171e+01 -2.699123322963714600e-01 5.056912899017333984e-01
3.917999999999999972e+01 -2.647231221199035645e-01 5.320713520050048828e-01
3.918999999999999773e+01 -2.592726349830627441e-01 5.579256415367126465e-01
3.920000000000000284e+01 -2.535664141178131104e-01 5.832286477088928223e-01
3.921000000000000085e+01 -2.476100325584411621e-01 6.079554557800292969e-01
3.921999999999999886e+01 -2.414093166589736938e-01 6.320817470550537109e-01
3.923000000000000398e+01 -2.349704802036285400e-01 6.555835008621215820e-01
3.924000000000000199e+01 -2.282997965812683105e-01 6.784377098083496094e-01
3.925000000000000000e+01 -2.214039713144302368e-01 7.006216645240783691e-01
3.925999999999999801e+01 -2.142897099256515503e-01 7.221137285232543945e-01
3.927000000000000313e+01 -2.069640010595321655e-01 7.428926825523376465e-01
3.928000000000000114e+01 -1.994342654943466187e-01 7.629379630088806152e-01
3.928999999999999915e+01 -1.917077898979187012e-01 7.822298407554626465e-01
3.930000000000000426e+01 -1.837922632694244385e-01 8.007494211196899414e-01
3.931000000000000227e+01 -1.756954640150070190e-01 8.184782266616821289e-01
3.932000000000000028e+01 -1.674253791570663452e-01 8.353992700576782227e-01
3.932999999999999829e+01 -1.589901745319366455e-01 8.514956831932067871e-01
3.934000000000000341e+01 -1.503982841968536377e-01 8.667512536048889160e-01
3.935000000000000142e+01 -1.416580379009246826e-01 8.811516165733337402e-01
3.935999999999999943e+01 -1.327781379222869873e-01 8.946819901466369629e-01
3.936999999999999744e+01 -1.237673163414001465e-01 9.073297381401062012e-01
3.938000000000000256e+01 -1.146345213055610657e-01 9.190824031829833984e-01
3.939000000000000057e+01 -1.053887084126472473e-01 9.299277067184448242e-01
3.939999999999999858e+01 -9.603902697563171387e-02 9.398557543754577637e-01
3.941000000000000369e+01 -8.659465610980987549e-02 9.488567113876342773e-01
3.942000000000000171e+01 -7.706499844789505005e-02 9.569215774536132812e-01
3.942999999999999972e+01 -6.745939701795578003e-02 9.640422463417053223e-01
3.943999999999999773e+01 -5.778733268380165100e-02 9.702123999595642090e-01
3.945000000000000284e+01 -4.805833846330642700e-02 9.754254817962646484e-01
3.946000000000000085e+01 -3.828202188014984131e-02 9.796767234802246094e-01
3.946999999999999886e+01 -2.846802212297916412e-02 9.829617738723754883e-01
3.948000000000000398e+01 -1.862603425979614258e-02 9.852775335311889648e-01
3.949000000000000199e+01 -8.765700273215770721e-03 9.866218566894531250e-01
3.950000000000000000e+01 1.103149377740919590e-03 9.869932532310485840e-01
3.950999999999999801e+01 1.097090356051921844e-02 9.863917827606201172e-01
3.952000000000000313e+01 2.082775905728340149e-02 9.848177433013916016e-01
3.953000000000000114e+01 3.066400624811649323e-02 9.822725057601928711e-01
3.953999999999999915e+01 4.046998918056488037e-02 9.787596464157104492e-01
3.955000000000000426e+01 5.023598670959472656e-02 9.742814898490905762e-01
3.956000000000000227e+01 5.995242297649383545e-02 9.688431620597839355e-01
3.957000000000000028e+01 6.960967928171157837e-02 9.624498486518859863e-01
3.957999999999999829e+01 7.919824123382568359e-02 9.551075696945190430e-01
3.959000000000000341e+01 8.870866894721984863e-02 9.468243718147277832e-01
3.960000000000000142e+01 9.813162684440612793e-02 9.376080036163330078e-01
3.960999999999999943e+01 1.074577495455741882e-01 9.274671673774719238e-01
3.961999999999999744e+01 1.166779175400733948e-01 9.164121150970458984e-01
3.963000000000000256e+01 1.257829815149307251e-01 9.044542908668518066e-01
3.964000000000000057e+01 1.347640156745910645e-01 8.916048407554626465e-01
3.964999999999999858e+01 1.436121910810470581e-01 8.778766393661499023e-01
3.966000000000000369e+01 1.523186713457107544e-01 8.632831573486328125e-01
3.967000000000000171e+01 1.608749777078628540e-01 8.478387594223022461e-01
3.967999999999999972e+01 1.692726612091064453e-01 8.315587639808654785e-01
3.968999999999999773e+01 1.775034368038177490e-01 8.144590854644775391e-01
3.970000000000000284e+01 1.855591833591461182e-01 7.965564727783203125e-01
3.971000000000000085e+01 1.934319436550140381e-01 7.778688073158264160e-01
3.971999999999999886e+01 2.011139690876007080e-01 7.584143280982971191e-01
3.973000000000000398e+01 2.085977196693420410e-01 7.382119894027709961e-01
3.974000000000000199e+01 2.158757746219635010e-01 7.172819375991821289e-01
3.975000000000000000e+01 2.229409813880920410e-01 6.956447362899780273e-01
3.975999999999999801e+01 2.297863662242889404e-01 6.733213663101196289e-01
3.977000000000000313e+01 2.364052385091781616e-01 6.503341794013977051e-01
3.978000000000000114e+01 2.427909672260284424e-01 6.267054677009582520e-01
3.978999999999999915e+01 2.489372789859771729e-01 6.024586558341979980e-01
3.980000000000000426e+01 2.548381686210632324e-01 5.776175856590270996e-01
3.981000000000000227e+01 2.604877650737762451e-01 5.522066354751586914e-01
3.982000000000000028e+01 2.658804953098297119e-01 5.262508392333984375e-01
3.982999999999999829e+01 2.710109651088714600e-01 4.997756183147430420e-01
3.984000000000000341e+01 2.758743464946746826e-01 4.728073179721832275e-01
3.985000000000000142e+01 2.804656028747558594e-01 4.453721642494201660e-01
3.985999999999999943e+01 2.847802937030792236e-01 4.174972474575042725e-01
3.986999999999999744e+01 2.888141870498657227e-01 3.892101943492889404e-01
3.988000000000000256e+01 2.925632297992706299e-01 3.605386018753051758e-01
3.989000000000000057e+01 2.960237860679626465e-01 3.315108120441436768e-01
3.989999999999999858e+01 2.991923391819000244e-01 3.021553158760070801e-01
3.991000000000000369e+01 3.020659089088439941e-01 2.725011110305786133e-01
3.992000000000000171e+01 3.046414852142333984e-01 2.425774335861206055e-01
3.992999999999999972e+01 3.069166541099548340e-01 2.124137133359909058e-01
3.993999999999999773e+01 3.088890016078948975e-01 1.820396631956100464e-01
3.995000000000000284e+01 3.105567991733551025e-01 1.514852494001388550e-01
3.996000000000000085e+01 3.119182884693145752e-01 1.207805052399635315e-01
3.996999999999999886e+01 3.129720389842987061e-01 8.995578438043594360e-02
3.998000000000000398e+01 3.137170672416687012e-01 5.904144793748855591e-02
3.999000000000000199e+01 3.141526281833648682e-01 2.806802652776241302e-02
4.000000000000000000e+01 3.142783343791961670e-01 -2.933959942311048508e-03
4.000999999999999801e+01 3.140939474105834961e-01 -3.393393382430076599e-02
4.002000000000000313e+01 3.135997354984283447e-01 -6.490130722522735596e-02
4.003000000000000114e+01 3.127961456775665283e-01 -9.580548852682113647e-02
4.003999999999999915e+01 3.116839528083801270e-01 -1.266160309314727783e-01
4.005000000000000426e+01 3.102642595767974854e-01 -1.573024541139602661e-01
4.006000000000000227e+01 3.085384070873260498e-01 -1.878344714641571045e-01
4.007000000000000028e+01 3.065081834793090820e-01 -2.181819230318069458e-01
4.007999999999999829e+01 3.041754662990570068e-01 -2.483148872852325439e-01
4.009000000000000341e+01 3.015426993370056152e-01 -2.782035171985626221e-01
4.010000000000000142e+01 2.986123561859130859e-01 -3.078183531761169434e-01
4.010999999999999943e+01 2.953873574733734131e-01 -3.371300399303436279e-01
4.011999999999999744e+01 2.918708324432373047e-01 -3.661096692085266113e-01
4.013000000000000256e+01 2.880663275718688965e-01 -3.947285413742065430e-01
4.014000000000000057e+01 2.839775681495666504e-01 -4.229584932327270508e-01
4.014999999999999858e+01 2.796085774898529053e-01 -4.507713615894317627e-01
4.016000000000000369e+01 2.749635875225067139e-01 -4.781399369239807129e-01
4.017000000000000171e+01 2.700472772121429443e-01 -5.050368309020996094e-01
4.017999999999999972e+01 2.648645341396331787e-01 -5.314357876777648926e-01
4.018999999999999773e+01 2.594203650951385498e-01 -5.573104619979858398e-01
4.020000000000000284e+01 2.537201941013336182e-01 -5.826353430747985840e-01
4.021000000000000085e+01 2.477695494890213013e-01 -6.073852181434631348e-01
4.021999999999999886e+01 2.415744364261627197e-01 -6.315357685089111328e-01
4.023000000000000398e+01 2.351409047842025757e-01 -6.550629734992980957e-01
4.024000000000000199e+01 2.284753620624542236e-01 -6.779437661170959473e-01
4.025000000000000000e+01 2.215842902660369873e-01 -7.001553177833557129e-01
4.025999999999999801e+01 2.144745588302612305e-01 -7.216756939888000488e-01
4.027000000000000313e+01 2.071531713008880615e-01 -7.424835562705993652e-01
4.028000000000000114e+01 1.996273547410964966e-01 -7.625584006309509277e-01
4.028999999999999915e+01 1.919045150279998779e-01 -7.818803787231445312e-01
4.030000000000000426e+01 1.839923113584518433e-01 -8.004301786422729492e-01
4.031000000000000227e+01 1.758985519409179688e-01 -8.181895613670349121e-01
4.032000000000000028e+01 1.676312088966369629e-01 -8.351413607597351074e-01
4.032999999999999829e+01 1.591984629631042480e-01 -8.512681722640991211e-01
4.034000000000000341e+01 1.506086438894271851e-01 -8.665542602539062500e-01
4.035000000000000142e+01 1.418702453374862671e-01 -8.809849619865417480e-01
4.035999999999999943e+01 1.329918503761291504e-01 -8.945453166961669922e-01
4.036999999999999744e+01 1.239822879433631897e-01 -9.072222709655761719e-01
4.038000000000000256e+01 1.148503869771957397e-01 -9.190033078193664551e-01
4.039000000000000057e+01 1.056052446365356445e-01 -9.298769235610961914e-01
4.039999999999999858e+01 9.625592082738876343e-02 -9.398320317268371582e-01
4.041000000000000369e+01 8.681168407201766968e-02 -9.488590359687805176e-01
4.042000000000000171e+01 7.728186994791030884e-02 -9.569491147994995117e-01
4.042999999999999972e+01 6.767587363719940186e-02 -9.640944004058837891e-01
4.043999999999999773e+01 5.800315365195274353e-02 -9.702875614166259766e-01
4.045000000000000284e+01 4.827330633997917175e-02 -9.755225181579589844e-01
4.046000000000000085e+01 3.849591314792633057e-02 -9.797942042350769043e-01
4.046999999999999886e+01 2.868064865469932556e-02 -9.830988049507141113e-01
4.048000000000000398e+01 1.883717998862266541e-02 -9.854325056076049805e-01
4.049000000000000199e+01 8.975236676633358002e-03 -9.867935180664062500e-01
4.050000000000000000e+01 -8.954397053457796574e-04 -9.871803522109985352e-01
4.050999999999999801e+01 -1.076512318104505539e-02 -9.865927696228027344e-01
4.052000000000000313e+01 -2.062404900789260864e-02 -9.850313067436218262e-01
4.053000000000000114e+01 -3.046249970793724060e-02 -9.824975132942199707e-01
4.053999999999999915e+01 -4.027076438069343567e-02 -9.789941310882568359e-01
4.055000000000000426e+01 -5.003916844725608826e-02 -9.745246767997741699e-01
4.056000000000000227e+01 -5.975806713104248047e-02 -9.690935015678405762e-01
4.057000000000000028e+01 -6.941784918308258057e-02 -9.627062082290649414e-01
4.057999999999999829e+01 -7.900903373956680298e-02 -9.553691148757934570e-01
4.059000000000000341e+01 -8.852209895849227905e-02 -9.470893144607543945e-01
4.060000000000000142e+01 -9.794768691062927246e-02 -9.378751516342163086e-01
4.060999999999999943e+01 -1.072765216231346130e-01 -9.277359843254089355e-01
4.061999999999999744e+01 -1.164993643760681152e-01 -9.166818857192993164e-01
4.063000000000000256e+01 -1.256071329116821289e-01 -9.047237038612365723e-01
4.064000000000000057e+01 -1.345908939838409424e-01 -8.918732404708862305e-01
4.064999999999999858e+01 -1.434416770935058594e-01 -8.781433105468750000e-01
4.066000000000000369e+01 -1.521508544683456421e-01 -8.635476231575012207e-01
4.067000000000000171e+01 -1.607098132371902466e-01 -8.481005430221557617e-01
4.067999999999999972e+01 -1.691100597381591797e-01 -8.318173885345458984e-01
4.068999999999999773e+01 -1.773433983325958252e-01 -8.147143125534057617e-01
4.070000000000000284e+01 -1.854016482830047607e-01 -7.968080639839172363e-01
4.071000000000000085e+01 -1.932769566774368286e-01 -7.781166434288024902e-01
4.071999999999999886e+01 -2.009614259004592896e-01 -7.586584091186523438e-01
4.073000000000000398e+01 -2.084476202726364136e-01 -7.384524941444396973e-01
4.074000000000000199e+01 -2.157280743122100830e-01 -7.175190448760986328e-01
4.075000000000000000e+01 -2.227956205606460571e-01 -6.958787441253662109e-01
4.075999999999999801e+01 -2.296434044837951660e-01 -6.735526919364929199e-01
4.077000000000000313e+01 -2.362644970417022705e-01 -6.505631804466247559e-01
4.078000000000000114e+01 -2.426524609327316284e-01 -6.269328594207763672e-01
4.078999999999999915e+01 -2.488010674715042114e-01 -6.026850342750549316e-01
4.080000000000000426e+01 -2.547042071819305420e-01 -5.778435468673706055e-01
4.081000000000000227e+01 -2.603560388088226318e-01 -5.524330139160156250e-01
4.082000000000000028e+01 -2.657510340213775635e-01 -5.264783501625061035e-01
4.082999999999999829e+01 -2.708839178085327148e-01 -5.000054240226745605e-01
4.084000000000000341e+01 -2.757495343685150146e-01 -4.730400145053863525e-01
4.085000000000000142e+01 -2.803431451320648193e-01 -4.456087648868560791e-01
4.085999999999999943e+01 -2.846602201461791992e-01 -4.177387952804565430e-01
4.086999999999999744e+01 -2.886964976787567139e-01 -3.894574642181396484e-01
4.088000000000000256e+01 -2.924481034278869629e-01 -3.607926964759826660e-01
4.089000000000000057e+01 -2.959112226963043213e-01 -3.317726850509643555e-01
4.089999999999999858e+01 -2.990824580192565918e-01 -3.024260103702545166e-01
4.091000000000000369e+01 -3.019587397575378418e-01 -2.727815210819244385e-01
4.092000000000000171e+01 -3.045372366905212402e-01 -2.428685277700424194e-01
4.092999999999999972e+01 -3.068152964115142822e-01 -2.127162963151931763e-01
4.093999999999999773e+01 -3.087908029556274414e-01 -1.823546290397644043e-01
4.095000000000000284e+01 -3.104618489742279053e-01 -1.518133580684661865e-01
4.096000000000000085e+01 -3.118266165256500244e-01 -1.211225166916847229e-01
4.096999999999999886e+01 -3.128838837146759033e-01 -9.031231701374053955e-02
4.098000000000000398e+01 -3.136325478553771973e-01 -5.941313877701759338e-02
4.099000000000000199e+01 -3.140719234943389893e-01 -2.845538221299648285e-02
4.100000000000000000e+01 -3.142015635967254639e-01 2.530700527131557465e-03
4.100999999999999801e+01 -3.140213191509246826e-01 3.351426124572753906e-02
4.102000000000000313e+01 -3.135313689708709717e-01 6.446504592895507812e-02
4.103000000000000114e+01 -3.127321898937225342e-01 9.535256773233413696e-02
4.103999999999999915e+01 -3.116246461868286133e-01 1.261464506387710571e-01
4.105000000000000426e+01 -3.102096915245056152e-01 1.568162739276885986e-01
4.106000000000000227e+01 -3.084888160228729248e-01 1.873320043087005615e-01
4.107000000000000028e+01 -3.064636886119842529e-01 2.176634520292282104e-01
4.107999999999999829e+01 -3.041362762451171875e-01 2.477807998657226562e-01
4.109000000000000341e+01 -3.015088737010955811e-01 2.776544392108917236e-01
4.110000000000000142e+01 -2.985840737819671631e-01 3.072549700736999512e-01
4.110999999999999943e+01 -2.953647971153259277e-01 3.365531265735626221e-01
4.111999999999999744e+01 -2.918540835380554199e-01 3.655201792716979980e-01
4.113000000000000256e+01 -2.880555987358093262e-01 3.941273689270019531e-01
4.114000000000000057e+01 -2.839728891849517822e-01 4.223468303680419922e-01
4.114999999999999858e+01 -2.796100378036499023e-01 4.501505792140960693e-01
4.116000000000000369e+01 -2.749713659286499023e-01 4.775111675262451172e-01
4.117000000000000171e+01 -2.700613737106323242e-01 5.044015645980834961e-01
4.117999999999999972e+01 -2.648849785327911377e-01 5.307954549789428711e-01
4.118999999999999773e+01 -2.594472169876098633e-01 5.566666722297668457e-01
4.120000000000000284e+01 -2.537534534931182861e-01 5.819895863533020020e-01
4.121000000000000085e+01 -2.478093206882476807e-01 6.067394614219665527e-01
4.121999999999999886e+01 -2.416206896305084229e-01 6.308916211128234863e-01
4.123000000000000398e+01 -2.351935952901840210e-01 6.544224619865417480e-01
4.124000000000000199e+01 -2.285344004631042480e-01 6.773084998130798340e-01
4.125000000000000000e+01 -2.216496467590332031e-01 6.995272040367126465e-01
4.125999999999999801e+01 -2.145461440086364746e-01 7.210565805435180664e-01
4.127000000000000313e+01 -2.072308510541915894e-01 7.418754100799560547e-01
4.128000000000000114e+01 -1.997110843658447266e-01 7.619631290435791016e-01
4.128999999999999915e+01 -1.919941157102584839e-01 7.812997102737426758e-01
4.130000000000000426e+01 -1.840876191854476929e-01 7.998661994934082031e-01
4.131000000000000227e+01 -1.759994328022003174e-01 8.176440596580505371e-01
4.132000000000000028e+01 -1.677374541759490967e-01 8.346158266067504883e-01
4.132999999999999829e+01 -1.593098342418670654e-01 8.507646322250366211e-01
4.134000000000000341e+01 -1.507249772548675537e-01 8.660743832588195801e-01
4.135000000000000142e+01 -1.419912129640579224e-01 8.805300593376159668e-01
4.135999999999999943e+01 -1.331172287464141846e-01 8.941169977188110352e-01
4.136999999999999744e+01 -1.241117864847183228e-01 9.068221449851989746e-01
4.138000000000000256e+01 -1.149837896227836609e-01 9.186326861381530762e-01
4.139000000000000057e+01 -1.057421863079071045e-01 9.295368790626525879e-01
4.139999999999999858e+01 -9.639609605073928833e-02 9.395238161087036133e-01
4.141000000000000369e+01 -8.695475757122039795e-02 9.485838413238525391e-01
4.142000000000000171e+01 -7.742754369974136353e-02 9.567074179649353027e-01
4.142999999999999972e+01 -6.782378256320953369e-02 9.638869762420654297e-01
4.143999999999999773e+01 -5.815297737717628479e-02 9.701151251792907715e-01
4.145000000000000284e+01 -4.842467233538627625e-02 9.753857254981994629e-01
4.146000000000000085e+01 -3.864846751093864441e-02 9.796934127807617188e-01
4.146999999999999886e+01 -2.883403003215789795e-02 9.830340743064880371e-01
4.148000000000000398e+01 -1.899104192852973938e-02 9.854040741920471191e-01
4.149000000000000199e+01 -9.129178710281848907e-03 9.868011474609375000e-01
4.150000000000000000e+01 7.417207816615700722e-04 9.872238039970397949e-01
4.150999999999999801e+01 1.061203144490718842e-02 9.866716265678405762e-01
4.152000000000000313e+01 2.047192491590976715e-02 9.851453900337219238e-01
4.153000000000000114e+01 3.031168133020401001e-02 9.826460480690002441e-01
4.153999999999999915e+01 4.012161120772361755e-02 9.791763424873352051e-01
4.155000000000000426e+01 4.989198967814445496e-02 9.747397303581237793e-01
4.156000000000000227e+01 5.961320549249649048e-02 9.693406224250793457e-01
4.157000000000000028e+01 6.927561759948730469e-02 9.629839658737182617e-01
4.157999999999999829e+01 7.886971533298492432e-02 9.556760787963867188e-01
4.159000000000000341e+01 8.838598430156707764e-02 9.474247097969055176e-01
4.160000000000000142e+01 9.781508892774581909e-02 9.382376670837402344e-01
4.160999999999999943e+01 1.071476414799690247e-01 9.281235933303833008e-01
4.161999999999999744e+01 1.163745075464248657e-01 9.170932173728942871e-01
4.163000000000000256e+01 1.254864931106567383e-01 9.051572084426879883e-01
4.164000000000000057e+01 1.344746500253677368e-01 8.923270106315612793e-01
4.164999999999999858e+01 1.433301270008087158e-01 8.786159157752990723e-01
4.166000000000000369e+01 1.520440876483917236e-01 8.640370965003967285e-01
4.167000000000000171e+01 1.606080085039138794e-01 8.486049771308898926e-01
4.167999999999999972e+01 1.690133959054946899e-01 8.323350548744201660e-01
4.168999999999999773e+01 1.772519797086715698e-01 8.152434825897216797e-01
4.170000000000000284e+01 1.853155791759490967e-01 7.973468303680419922e-01
4.171000000000000085e+01 1.931962668895721436e-01 7.786630988121032715e-01
4.171999999999999886e+01 2.008862793445587158e-01 7.592109441757202148e-01
4.173000000000000398e+01 2.083779722452163696e-01 7.390092611312866211e-01
4.174000000000000199e+01 2.156640142202377319e-01 7.180783152580261230e-01
4.175000000000000000e+01 2.227372080087661743e-01 6.964387893676757812e-01
4.175999999999999801e+01 2.295904755592346191e-01 6.741119027137756348e-01
4.177000000000000313e+01 2.362172305583953857e-01 6.511201262474060059e-01
4.178000000000000114e+01 2.426107823848724365e-01 6.274859309196472168e-01
4.178999999999999915e+01 2.487648874521255493e-01 6.032329201698303223e-01
4.180000000000000426e+01 2.546734511852264404e-01 5.783850550651550293e-01
4.181000000000000227e+01 2.603306770324707031e-01 5.529667735099792480e-01
4.182000000000000028e+01 2.657309770584106445e-01 5.270035266876220703e-01
4.182999999999999829e+01 2.708689570426940918e-01 5.005206465721130371e-01
4.184000000000000341e+01 2.757397294044494629e-01 4.735447168350219727e-01
4.185000000000000142e+01 2.803383767604827881e-01 4.461021423339843750e-01
4.185999999999999943e+01 2.846603393554687500e-01 4.182201027870178223e-01
4.186999999999999744e+01 2.887013852596282959e-01 3.899263739585876465e-01
4.188000000000000256e+01 2.924575507640838623e-01 3.612487316131591797e-01
4.189000000000000057e+01 2.959251999855041504e-01 3.322156071662902832e-01
4.189999999999999858e+01 2.991007864475250244e-01 3.028556108474731445e-01
4.191000000000000369e+01 3.019813001155853271e-01 2.731978297233581543e-01
4.192000000000000171e+01 3.045638203620910645e-01 2.432715445756912231e-01
4.192999999999999972e+01 3.068459331989288330e-01 2.131063491106033325e-01
4.193999999999999773e+01 3.088252842426300049e-01 1.827319562435150146e-01
4.195000000000000284e+01 3.104999661445617676e-01 1.521783620119094849e-01
4.196000000000000085e+01 3.118683397769927979e-01 1.214757412672042847e-01
4.196999999999999886e+01 3.129291236400604248e-01 9.065440297126770020e-02
4.198000000000000398e+01 3.136811554431915283e-01 5.974472686648368835e-02
4.199000000000000199e+01 3.141237795352935791e-01 2.877724915742874146e-02
4.200000000000000000e+01 3.142566084861755371e-01 -2.217527711763978004e-03
4.200999999999999801e+01 3.140794038772583008e-01 -3.320905566215515137e-02
4.202000000000000313e+01 3.135925531387329102e-01 -6.416678428649902344e-02
4.203000000000000114e+01 3.127963244915008545e-01 -9.506019949913024902e-02
4.203999999999999915e+01 3.116916418075561523e-01 -1.258588880300521851e-01
4.205000000000000426e+01 3.102795481681823730e-01 -1.565324515104293823e-01
4.206000000000000227e+01 3.085615038871765137e-01 -1.870507448911666870e-01
4.207000000000000028e+01 3.065391182899475098e-01 -2.173837125301361084e-01
4.207999999999999829e+01 3.042145371437072754e-01 -2.475014626979827881e-01
4.209000000000000341e+01 3.015899360179901123e-01 -2.773742973804473877e-01
4.210000000000000142e+01 2.986679971218109131e-01 -3.069729804992675781e-01
4.210999999999999943e+01 2.954515218734741211e-01 -3.362683355808258057e-01
4.211999999999999744e+01 2.919436991214752197e-01 -3.652313649654388428e-01
4.213000000000000256e+01 2.881480753421783447e-01 -3.938337862491607666e-01
4.214000000000000057e+01 2.840683162212371826e-01 -4.220474064350128174e-01
4.214999999999999858e+01 2.797085046768188477e-01 -4.498444795608520508e-01
4.216000000000000369e+01 2.750729024410247803e-01 -4.771975576877593994e-01
4.217000000000000171e+01 2.701660990715026855e-01 -5.040799379348754883e-01
4.217999999999999972e+01 2.649929523468017578e-01 -5.304651260375976562e-01
4.218999999999999773e+01 2.595585286617279053e-01 -5.563271641731262207e-01
4.220000000000000284e+01 2.538682520389556885e-01 -5.816405415534973145e-01
4.221000000000000085e+01 2.479276508092880249e-01 -6.063804626464843750e-01
4.221999999999999886e+01 2.417426407337188721e-01 -6.305224895477294922e-01
4.223000000000000398e+01 2.353192865848541260e-01 -6.540430784225463867e-01
4.224000000000000199e+01 2.286639064550399780e-01 -6.769190430641174316e-01
4.225000000000000000e+01 2.217831015586853027e-01 -6.991278529167175293e-01
4.225999999999999801e+01 2.146836668252944946e-01 -7.206476926803588867e-01
4.227000000000000313e+01 2.073725461959838867e-01 -7.414572834968566895e-01
4.228000000000000114e+01 1.998569667339324951e-01 -7.615363597869873047e-01
4.228999999999999915e+01 1.921443343162536621e-01 -7.808648943901062012e-01
4.230000000000000426e+01 1.842422485351562500e-01 -7.994241714477539062e-01
4.231000000000000227e+01 1.761584877967834473e-01 -8.171957135200500488e-01
4.232000000000000028e+01 1.679009944200515747e-01 -8.341622948646545410e-01
4.232999999999999829e+01 1.594779789447784424e-01 -8.503068089485168457e-01
4.234000000000000341e+01 1.508976817131042480e-01 -8.656137585639953613e-01
4.235000000000000142e+01 1.421685516834259033e-01 -8.800678253173828125e-01
4.235999999999999943e+01 1.332991868257522583e-01 -8.936546444892883301e-01
4.236999999999999744e+01 1.242983862757682800e-01 -9.063611030578613281e-01
4.238000000000000256e+01 1.151749715209007263e-01 -9.181745648384094238e-01
4.239000000000000057e+01 1.059379279613494873e-01 -9.290831685066223145e-01
4.239999999999999858e+01 9.659636020660400391e-02 -9.390763640403747559e-01
4.241000000000000369e+01 8.715948462486267090e-02 -9.481441378593444824e-01
4.242000000000000171e+01 7.763659209012985229e-02 -9.562774896621704102e-01
4.242999999999999972e+01 6.803707778453826904e-02 -9.634688496589660645e-01
4.243999999999999773e+01 5.837037786841392517e-02 -9.697104096412658691e-01
4.245000000000000284e+01 4.864604026079177856e-02 -9.749963879585266113e-01
4.246000000000000085e+01 3.887365385890007019e-02 -9.793208837509155273e-01
4.246999999999999886e+01 2.906284481287002563e-02 -9.826803207397460938e-01
4.248000000000000398e+01 1.922328025102615356e-02 -9.850710630416870117e-01
4.249000000000000199e+01 9.364658966660499573e-03 -9.864906072616577148e-01
4.250000000000000000e+01 -5.032868939451873302e-04 -9.869374036788940430e-01
4.250999999999999801e+01 -1.037084776908159256e-02 -9.864112138748168945e-01
4.252000000000000313e+01 -2.022826485335826874e-02 -9.849120974540710449e-01
4.253000000000000114e+01 -3.006584756076335907e-02 -9.824416637420654297e-01
4.253999999999999915e+01 -3.987386450171470642e-02 -9.790022969245910645e-01
4.255000000000000426e+01 -4.964268580079078674e-02 -9.745972156524658203e-01
4.256000000000000227e+01 -5.936262756586074829e-02 -9.692307114601135254e-01
4.257000000000000028e+01 -6.902410089969635010e-02 -9.629079699516296387e-01
4.257999999999999829e+01 -7.861761003732681274e-02 -9.556352496147155762e-01
4.259000000000000341e+01 -8.813367784023284912e-02 -9.474191069602966309e-01
4.260000000000000142e+01 -9.756286442279815674e-02 -9.382682442665100098e-01
4.260999999999999943e+01 -1.068959310650825500e-01 -9.281913638114929199e-01
4.261999999999999744e+01 -1.161236539483070374e-01 -9.171983003616333008e-01
4.263000000000000256e+01 -1.252368688583374023e-01 -9.052996635437011719e-01
4.264000000000000057e+01 -1.342266798019409180e-01 -8.925073146820068359e-01
4.264999999999999858e+01 -1.430841088294982910e-01 -8.788337707519531250e-01
4.266000000000000369e+01 -1.518004536628723145e-01 -8.642923831939697266e-01
4.267000000000000171e+01 -1.603671163320541382e-01 -8.488974571228027344e-01
4.267999999999999972e+01 -1.687755882740020752e-01 -8.326639533042907715e-01
4.268999999999999773e+01 -1.770176589488983154e-01 -8.156079649925231934e-01
4.270000000000000284e+01 -1.850850433111190796e-01 -7.977464795112609863e-01
4.271000000000000085e+01 -1.929699480533599854e-01 -7.790968418121337891e-01
4.271999999999999886e+01 -2.006644010543823242e-01 -7.596775889396667480e-01
4.273000000000000398e+01 -2.081610262393951416e-01 -7.395075559616088867e-01
4.274000000000000199e+01 -2.154521644115447998e-01 -7.186068892478942871e-01
4.275000000000000000e+01 -2.225307524204254150e-01 -6.969961524009704590e-01
4.275999999999999801e+01 -2.293898165225982666e-01 -6.746965050697326660e-01
4.277000000000000313e+01 -2.360224723815917969e-01 -6.517299413681030273e-01
4.278000000000000114e+01 -2.424222528934478760e-01 -6.281194686889648438e-01
4.278999999999999915e+01 -2.485828101634979248e-01 -6.038880944252014160e-01
4.280000000000000426e+01 -2.544980049133300781e-01 -5.790597200393676758e-01
4.281000000000000227e+01 -2.601620852947235107e-01 -5.536591410636901855e-01
4.282000000000000028e+01 -2.655693888664245605e-01 -5.277110934257507324e-01
4.282999999999999829e+01 -2.707145512104034424e-01 -5.012415647506713867e-01
4.284000000000000341e+01 -2.755925357341766357e-01 -4.742766022682189941e-01
4.285000000000000142e+01 -2.801985442638397217e-01 -4.468427598476409912e-01
4.285999999999999943e+01 -2.845278978347778320e-01 -4.189672172069549561e-01
4.286999999999999744e+01 -2.885764837265014648e-01 -3.906776309013366699e-01
4.288000000000000256e+01 -2.923402190208435059e-01 -3.620019555091857910e-01
4.289000000000000057e+01 -2.958153188228607178e-01 -3.329684138298034668e-01
4.289999999999999858e+01 -2.989984750747680664e-01 -3.036059141159057617e-01
4.291000000000000369e+01 -3.018864095211029053e-01 -2.739434540271759033e-01
4.292000000000000171e+01 -3.044764399528503418e-01 -2.440104186534881592e-01
4.292999999999999972e+01 -3.067658245563507080e-01 -2.138363718986511230e-01
4.293999999999999773e+01 -3.087524473667144775e-01 -1.834511905908584595e-01
4.295000000000000284e+01 -3.104342818260192871e-01 -1.528849750757217407e-01
4.296000000000000085e+01 -3.118095993995666504e-01 -1.221679523587226868e-01
4.296999999999999886e+01 -3.128772079944610596e-01 -9.133052080869674683e-02
4.298000000000000398e+01 -3.136359453201293945e-01 -6.040323153138160706e-02
4.299000000000000199e+01 -3.140850961208343506e-01 -2.941674180328845978e-02
4.300000000000000000e+01 -3.142242133617401123e-01 1.598522881977260113e-03
4.300999999999999801e+01 -3.140530884265899658e-01 3.261151537299156189e-02
4.302000000000000313e+01 -3.135720491409301758e-01 6.359177827835083008e-02
4.303000000000000114e+01 -3.127814829349517822e-01 9.450865536928176880e-02
4.303999999999999915e+01 -3.116822242736816406e-01 1.253315359354019165e-01
4.305000000000000426e+01 -3.102752566337585449e-01 1.560298651456832886e-01
4.306000000000000227e+01 -3.085621297359466553e-01 1.865734308958053589e-01
4.307000000000000028e+01 -3.065444231033325195e-01 2.169318795204162598e-01
4.307999999999999829e+01 -3.042242228984832764e-01 2.470752596855163574e-01
4.309000000000000341e+01 -3.016037642955780029e-01 2.769738435745239258e-01
4.310000000000000142e+01 -2.986856698989868164e-01 3.065979480743408203e-01
4.310999999999999943e+01 -2.954728305339813232e-01 3.359184563159942627e-01
4.311999999999999744e+01 -2.919683456420898438e-01 3.649064004421234131e-01
4.313000000000000256e+01 -2.881759107112884521e-01 3.935328722000122070e-01
4.314000000000000057e+01 -2.840990722179412842e-01 4.217700958251953125e-01
4.314999999999999858e+01 -2.797419130802154541e-01 4.495898783206939697e-01
4.316000000000000369e+01 -2.751087248325347900e-01 4.769649803638458252e-01
4.317000000000000171e+01 -2.702041566371917725e-01 5.038679838180541992e-01
4.317999999999999972e+01 -2.650330364704132080e-01 5.302727818489074707e-01
4.318999999999999773e+01 -2.596004307270050049e-01 5.561532974243164062e-01
4.320000000000000284e+01 -2.539118230342864990e-01 5.814837813377380371e-01
4.321000000000000085e+01 -2.479726970195770264e-01 6.062394976615905762e-01
4.321999999999999886e+01 -2.417890131473541260e-01 6.303960680961608887e-01
4.323000000000000398e+01 -2.353668361902236938e-01 6.539296507835388184e-01
4.324000000000000199e+01 -2.287125736474990845e-01 6.768171787261962891e-01
4.325000000000000000e+01 -2.218327373266220093e-01 6.990358233451843262e-01
4.325999999999999801e+01 -2.147341668605804443e-01 7.205641865730285645e-01
4.327000000000000313e+01 -2.074237465858459473e-01 7.413807511329650879e-01
4.328000000000000114e+01 -1.999089866876602173e-01 7.614653110504150391e-01
4.328999999999999915e+01 -1.921970099210739136e-01 7.807980179786682129e-01
4.330000000000000426e+01 -1.842955797910690308e-01 7.993599176406860352e-01
4.331000000000000227e+01 -1.762124747037887573e-01 8.171327114105224609e-01
4.332000000000000028e+01 -1.679556220769882202e-01 8.340991735458374023e-01
4.332999999999999829e+01 -1.595331877470016479e-01 8.502425551414489746e-01
4.334000000000000341e+01 -1.509535759687423706e-01 8.655468821525573730e-01
4.335000000000000142e+01 -1.422251164913177490e-01 8.799973130226135254e-01
4.335999999999999943e+01 -1.333564966917037964e-01 8.935795426368713379e-01
4.336999999999999744e+01 -1.243564635515213013e-01 9.062803387641906738e-01
4.338000000000000256e+01 -1.152338832616806030e-01 9.180877804756164551e-01
4.339000000000000057e+01 -1.059977486729621887e-01 9.289896488189697266e-01
4.339999999999999858e+01 -9.665714204311370850e-02 9.389753937721252441e-01
4.341000000000000369e+01 -8.722128719091415405e-02 9.480355978012084961e-01
4.342000000000000171e+01 -7.769953459501266479e-02 9.561610817909240723e-01
4.342999999999999972e+01 -6.810122728347778320e-02 9.633440375328063965e-01
4.343999999999999773e+01 -5.843583121895790100e-02 9.695774912834167480e-01
4.345000000000000284e+01 -4.871286451816558838e-02 9.748554229736328125e-01
4.346000000000000085e+01 -3.894192352890968323e-02 9.791725277900695801e-01
4.346999999999999886e+01 -2.913262508809566498e-02 9.825247526168823242e-01
4.348000000000000398e+01 -1.929466798901557922e-02 9.849088788032531738e-01
4.349000000000000199e+01 -9.437674656510353088e-03 9.863225221633911133e-01
4.350000000000000000e+01 4.285325994715094566e-04 9.867641329765319824e-01
4.350999999999999801e+01 1.029435265809297562e-02 9.862337708473205566e-01
4.352000000000000313e+01 2.014998719096183777e-02 9.847317934036254883e-01
4.353000000000000114e+01 2.998574078083038330e-02 9.822593331336975098e-01
4.353999999999999915e+01 3.979195281863212585e-02 9.788196086883544922e-01
4.355000000000000426e+01 4.955891519784927368e-02 9.744151830673217773e-01
4.356000000000000227e+01 5.927706137299537659e-02 9.690511226654052734e-01
4.357000000000000028e+01 6.893676519393920898e-02 9.627323150634765625e-01
4.357999999999999829e+01 7.852853834629058838e-02 9.554650187492370605e-01
4.359000000000000341e+01 8.804291486740112305e-02 9.472564458847045898e-01
4.360000000000000142e+01 9.747055917978286743e-02 9.381146430969238281e-01
4.360999999999999943e+01 1.068021208047866821e-01 9.280484318733215332e-01
4.361999999999999744e+01 1.160284727811813354e-01 9.170678257942199707e-01
4.363000000000000256e+01 1.251404881477355957e-01 9.051835536956787109e-01
4.364000000000000057e+01 1.341291815042495728e-01 8.924074769020080566e-01
4.364999999999999858e+01 1.429857164621353149e-01 8.787520527839660645e-01
4.366000000000000369e+01 1.517013162374496460e-01 8.642304539680480957e-01
4.367000000000000171e+01 1.602674573659896851e-01 8.488569855690002441e-01
4.367999999999999972e+01 1.686756759881973267e-01 8.326469659805297852e-01
4.368999999999999773e+01 1.769176870584487915e-01 8.156158924102783203e-01
4.370000000000000284e+01 1.849853396415710449e-01 7.977808117866516113e-01
4.371000000000000085e+01 1.928706765174865723e-01 7.791591882705688477e-01
4.371999999999999886e+01 2.005659341812133789e-01 7.597691416740417480e-01
4.373000000000000398e+01 2.080635130405426025e-01 7.396296262741088867e-01
4.374000000000000199e+01 2.153560519218444824e-01 7.187607288360595703e-01
4.375000000000000000e+01 2.224363684654235840e-01 6.971826553344726562e-01
4.375999999999999801e+01 2.292974591255187988e-01 6.749165654182434082e-01
4.377000000000000313e+01 2.359324842691421509e-01 6.519845128059387207e-01
4.378000000000000114e+01 2.423350065946578979e-01 6.284088492393493652e-01
4.378999999999999915e+01 2.484986037015914917e-01 6.042128205299377441e-01
4.380000000000000426e+01 2.544172704219818115e-01 5.794202089309692383e-01
4.381000000000000227e+01 2.600851356983184814e-01 5.540550947189331055e-01
4.382000000000000028e+01 2.654965519905090332e-01 5.281428694725036621e-01
4.382999999999999829e+01 2.706462144851684570e-01 5.017086863517761230e-01
4.384000000000000341e+01 2.755290865898132324e-01 4.747787117958068848e-01
4.385000000000000142e+01 2.801402509212493896e-01 4.473792314529418945e-01
4.385999999999999943e+01 2.844751775264739990e-01 4.195373058319091797e-01
4.386999999999999744e+01 2.885295748710632324e-01 3.912804722785949707e-01
4.388000000000000256e+01 2.922994792461395264e-01 3.626363277435302734e-01
4.389000000000000057e+01 2.957811057567596436e-01 3.336331844329833984e-01
4.389999999999999858e+01 2.989710271358489990e-01 3.042995929718017578e-01
4.391000000000000369e+01 3.018661439418792725e-01 2.746644318103790283e-01
4.392000000000000171e+01 3.044634461402893066e-01 2.447569519281387329e-01
4.392999999999999972e+01 3.067604601383209229e-01 2.146066874265670776e-01
4.393999999999999773e+01 3.087548613548278809e-01 1.842432767152786255e-01
4.395000000000000284e+01 3.104446828365325928e-01 1.536966860294342041e-01
4.396000000000000085e+01 3.118282854557037354e-01 1.229970306158065796e-01
4.396999999999999886e+01 3.129042983055114746e-01 9.217469394207000732e-02
4.398000000000000398e+01 3.136714398860931396e-01 6.126005202531814575e-02
4.399000000000000199e+01 3.141292035579681396e-01 3.028370253741741180e-02
4.400000000000000000e+01 3.142770528793334961e-01 -7.237929967232048512e-04
4.400999999999999801e+01 3.141147494316101074e-01 -3.173180297017097473e-02
4.402000000000000313e+01 3.136424720287322998e-01 -6.270967423915863037e-02
4.403000000000000114e+01 3.128607869148254395e-01 -9.362677484750747681e-02
4.403999999999999915e+01 3.117702603340148926e-01 -1.244525238871574402e-01
4.405000000000000426e+01 3.103720843791961670e-01 -1.551564186811447144e-01
4.406000000000000227e+01 3.086676299571990967e-01 -1.857080757617950439e-01
4.407000000000000028e+01 3.066585958003997803e-01 -2.160773128271102905e-01
4.407999999999999829e+01 3.043467998504638672e-01 -2.462340444326400757e-01
4.409000000000000341e+01 3.017346560955047607e-01 -2.761483490467071533e-01
4.410000000000000142e+01 2.988247573375701904e-01 -3.057907521724700928e-01
4.410999999999999943e+01 2.956199049949645996e-01 -3.351317644119262695e-01
4.411999999999999744e+01 2.921231985092163086e-01 -3.641423881053924561e-01
4.413000000000000256e+01 2.883382439613342285e-01 -3.927938938140869141e-01
4.414000000000000057e+01 2.842685878276824951e-01 -4.210579097270965576e-01
4.414999999999999858e+01 2.799184620380401611e-01 -4.489062428474426270e-01
4.416000000000000369e+01 2.752919495105743408e-01 -4.763115942478179932e-01
4.417000000000000171e+01 2.703937590122222900e-01 -5.032467842102050781e-01
4.417999999999999972e+01 2.652286887168884277e-01 -5.296850204467773438e-01
4.418999999999999773e+01 2.598018050193786621e-01 -5.555999875068664551e-01
4.420000000000000284e+01 2.541185319423675537e-01 -5.809661746025085449e-01
4.421000000000000085e+01 2.481843978166580200e-01 -6.057584285736083984e-01
4.421999999999999886e+01 2.420053184032440186e-01 -6.299520730972290039e-01
4.423000000000000398e+01 2.355874180793762207e-01 -6.535233855247497559e-01
4.424000000000000199e+01 2.289370596408843994e-01 -6.764489412307739258e-01
4.425000000000000000e+01 2.220606803894042969e-01 -6.987059116363525391e-01
4.425999999999999801e+01 2.149652093648910522e-01 -7.202724218368530273e-01
4.427000000000000313e+01 2.076576352119445801e-01 -7.411269545555114746e-01
4.428000000000000114e+01 2.001451253890991211e-01 -7.612490653991699219e-01
4.428999999999999915e+01 1.924351751804351807e-01 -7.806186079978942871e-01
4.430000000000000426e+01 1.845353245735168457e-01 -7.992166876792907715e-01
4.431000000000000227e+01 1.764534562826156616e-01 -8.170247077941894531e-01
4.432000000000000028e+01 1.681975275278091431e-01 -8.340253829956054688e-01
4.432999999999999829e+01 1.597757190465927124e-01 -8.502015471458435059e-01
4.434000000000000341e+01 1.511963009834289551e-01 -8.655374646186828613e-01
4.435000000000000142e+01 1.424678117036819458e-01 -8.800182342529296875e-01
4.435999999999999943e+01 1.335988491773605347e-01 -8.936290740966796875e-01
4.436999999999999744e+01 1.245981752872467041e-01 -9.063568115234375000e-01
4.438000000000000256e+01 1.154746711254119873e-01 -9.181889295578002930e-01
4.439000000000000057e+01 1.062374338507652283e-01 -9.291139245033264160e-01
4.439999999999999858e+01 9.689547121524810791e-02 -9.391207695007324219e-01
4.441000000000000369e+01 8.745808154344558716e-02 -9.481998682022094727e-01
4.442000000000000171e+01 7.793460041284561157e-02 -9.563424587249755859e-01
4.442999999999999972e+01 6.833440065383911133e-02 -9.635404348373413086e-01
4.443999999999999773e+01 5.866695940494537354e-02 -9.697865843772888184e-01
4.445000000000000284e+01 4.894185811281204224e-02 -9.750749468803405762e-01
4.446000000000000085e+01 3.916866704821586609e-02 -9.794006347656250000e-01
4.446999999999999886e+01 2.935706451535224915e-02 -9.827593564987182617e-01
4.448000000000000398e+01 1.951671950519084930e-02 -9.851478338241577148e-01
4.449000000000000199e+01 9.657350368797779083e-03 -9.865637421607971191e-01
4.450000000000000000e+01 -2.113052323693409562e-04 -9.870059490203857422e-01
4.450999999999999801e+01 -1.007952354848384857e-02 -9.864742755889892578e-01
4.452000000000000313e+01 -1.993754506111145020e-02 -9.849691390991210938e-01
4.453000000000000114e+01 -2.977565862238407135e-02 -9.824922680854797363e-01
4.453999999999999915e+01 -3.958414867520332336e-02 -9.790458679199218750e-01
4.455000000000000426e+01 -4.935336858034133911e-02 -9.746342301368713379e-01
4.456000000000000227e+01 -5.907364934682846069e-02 -9.692608118057250977e-01
4.457000000000000028e+01 -6.873539090156555176e-02 -9.629321098327636719e-01
4.457999999999999829e+01 -7.832913100719451904e-02 -9.556539058685302734e-01
4.459000000000000341e+01 -8.784534037113189697e-02 -9.474333524703979492e-01
4.460000000000000142e+01 -9.727467596530914307e-02 -9.382790923118591309e-01
4.460999999999999943e+01 -1.066078320145606995e-01 -9.281999468803405762e-01
4.461999999999999744e+01 -1.158356443047523499e-01 -9.172062277793884277e-01
4.463000000000000256e+01 -1.249489560723304749e-01 -9.053085446357727051e-01
4.464000000000000057e+01 -1.339388489723205566e-01 -8.925192356109619141e-01
4.464999999999999858e+01 -1.427964121103286743e-01 -8.788503408432006836e-01
4.466000000000000369e+01 -1.515129655599594116e-01 -8.643159866333007812e-01
4.467000000000000171e+01 -1.600798964500427246e-01 -8.489303588867187500e-01
4.467999999999999972e+01 -1.684887409210205078e-01 -8.327085971832275391e-01
4.468999999999999773e+01 -1.767313480377197266e-01 -8.156668543815612793e-01
4.470000000000000284e+01 -1.847994029521942139e-01 -7.978220582008361816e-01
4.471000000000000085e+01 -1.926851570606231689e-01 -7.791917324066162109e-01
4.471999999999999886e+01 -2.003806829452514648e-01 -7.597944140434265137e-01
4.473000000000000398e+01 -2.078785151243209839e-01 -7.396489381790161133e-01
4.474000000000000199e+01 -2.151712775230407715e-01 -7.187756299972534180e-01
4.475000000000000000e+01 -2.222516983747482300e-01 -6.971948146820068359e-01
4.475999999999999801e+01 -2.291128784418106079e-01 -6.749277114868164062e-01
4.477000000000000313e+01 -2.357480227947235107e-01 -6.519963145256042480e-01
4.478000000000000114e+01 -2.421506792306900024e-01 -6.284233331680297852e-01
4.478999999999999915e+01 -2.483144402503967285e-01 -6.042317748069763184e-01
4.480000000000000426e+01 -2.542333304882049561e-01 -5.794454813003540039e-01
4.481000000000000227e+01 -2.599014341831207275e-01 -5.540890693664550781e-01
4.482000000000000028e+01 -2.653132677078247070e-01 -5.281871557235717773e-01
4.482999999999999829e+01 -2.704634666442871094e-01 -5.017654895782470703e-01
4.484000000000000341e+01 -2.753469347953796387e-01 -4.748498499393463135e-01
4.485000000000000142e+01 -2.799589037895202637e-01 -4.474668800830841064e-01
4.485999999999999943e+01 -2.842948138713836670e-01 -4.196431040763854980e-01
4.486999999999999744e+01 -2.883503735065460205e-01 -3.914062082767486572e-01
4.488000000000000256e+01 -2.921216487884521484e-01 -3.627839088439941406e-01
4.489000000000000057e+01 -2.956048250198364258e-01 -3.338041901588439941e-01
4.489999999999999858e+01 -2.987965941429138184e-01 -3.044955730438232422e-01
4.491000000000000369e+01 -3.016937375068664551e-01 -2.748868167400360107e-01
4.492000000000000171e+01 -3.042934536933898926e-01 -2.450070679187774658e-01
4.492999999999999972e+01 -3.065930902957916260e-01 -2.148855626583099365e-01
4.493999999999999773e+01 -3.085904419422149658e-01 -1.845520138740539551e-01
4.495000000000000284e+01 -3.102835714817047119e-01 -1.540361046791076660e-01
4.496000000000000085e+01 -3.116706609725952148e-01 -1.233678311109542847e-01
4.496999999999999886e+01 -3.127504885196685791e-01 -9.257730096578598022e-02
4.498000000000000398e+01 -3.135218918323516846e-01 -6.169482693076133728e-02
4.499000000000000199e+01 -3.139841854572296143e-01 -3.075076825916767120e-02
4.500000000000000000e+01 -3.141368627548217773e-01 2.246986259706318378e-04
4.500999999999999801e+01 -3.139796257019042969e-01 3.120076470077037811e-02
4.502000000000000313e+01 -3.135129213333129883e-01 6.214720755815505981e-02
4.503000000000000114e+01 -3.127368688583374023e-01 9.303361922502517700e-02
4.503999999999999915e+01 -3.116525411605834961e-01 1.238295659422874451e-01
4.505000000000000426e+01 -3.102607429027557373e-01 1.545046716928482056e-01
4.506000000000000227e+01 -3.085629940032958984e-01 1.850289404392242432e-01
4.507000000000000028e+01 -3.065607845783233643e-01 2.153721451759338379e-01
4.507999999999999829e+01 -3.042562007904052734e-01 2.455044686794281006e-01
4.509000000000000341e+01 -3.016515076160430908e-01 2.753963172435760498e-01
4.510000000000000142e+01 -2.987491488456726074e-01 3.050181269645690918e-01
4.510999999999999943e+01 -2.955521643161773682e-01 3.343407213687896729e-01
4.511999999999999744e+01 -2.920634150505065918e-01 3.633353412151336670e-01
4.513000000000000256e+01 -2.882866263389587402e-01 3.919730484485626221e-01
4.514000000000000057e+01 -2.842253148555755615e-01 4.202260076999664307e-01
4.514999999999999858e+01 -2.798835039138793945e-01 4.480660557746887207e-01
4.516000000000000369e+01 -2.752654254436492920e-01 4.754658639430999756e-01
4.517000000000000171e+01 -2.703756988048553467e-01 5.023981928825378418e-01
4.517999999999999972e+01 -2.652191221714019775e-01 5.288364887237548828e-01
4.518999999999999773e+01 -2.598007023334503174e-01 5.547546148300170898e-01
4.520000000000000284e+01 -2.541258335113525391e-01 5.801269412040710449e-01
4.521000000000000085e+01 -2.482000440359115601e-01 6.049284338951110840e-01
4.521999999999999886e+01 -2.420292645692825317e-01 6.291343569755554199e-01
4.523000000000000398e+01 -2.356194555759429932e-01 6.527209281921386719e-01
4.524000000000000199e+01 -2.289769500494003296e-01 6.756646633148193359e-01
4.525000000000000000e+01 -2.221083641052246094e-01 6.979427933692932129e-01
4.525999999999999801e+01 -2.150204330682754517e-01 7.195333242416381836e-01
4.527000000000000313e+01 -2.077200412750244141e-01 7.404147982597351074e-01
4.528000000000000114e+01 -2.002145498991012573e-01 7.605664134025573730e-01
4.528999999999999915e+01 -1.925112307071685791e-01 7.799682021141052246e-01
4.530000000000000426e+01 -1.846177428960800171e-01 7.986009120941162109e-01
4.531000000000000227e+01 -1.765418648719787598e-01 8.164458870887756348e-01
4.532000000000000028e+01 -1.682915091514587402e-01 8.334856033325195312e-01
4.532999999999999829e+01 -1.598748564720153809e-01 8.497030138969421387e-01
4.534000000000000341e+01 -1.513002812862396240e-01 8.650817871093750000e-01
4.535000000000000142e+01 -1.425761133432388306e-01 8.796069025993347168e-01
4.535999999999999943e+01 -1.337109804153442383e-01 8.932636380195617676e-01
4.536999999999999744e+01 -1.247137412428855896e-01 9.060385227203369141e-01
4.538000000000000256e+01 -1.155932322144508362e-01 9.179189205169677734e-01
4.539000000000000057e+01 -1.063583940267562866e-01 9.288927316665649414e-01
4.539999999999999858e+01 -9.701842069625854492e-02 9.389489889144897461e-01
4.541000000000000369e+01 -8.758248388767242432e-02 9.480780959129333496e-01
4.542000000000000171e+01 -7.805997878313064575e-02 9.562703967094421387e-01
4.542999999999999972e+01 -6.846025586128234863e-02 9.635179638862609863e-01
4.543999999999999773e+01 -5.879279598593711853e-02 9.698135256767272949e-01
4.545000000000000284e+01 -4.906717687845230103e-02 9.751508831977844238e-01
4.546000000000000085e+01 -3.929299116134643555e-02 9.795241951942443848e-01
4.546999999999999886e+01 -2.947991527616977692e-02 9.829296469688415527e-01
4.548000000000000398e+01 -1.963765360414981842e-02 9.853637218475341797e-01
4.549000000000000199e+01 -9.775874204933643341e-03 9.868239164352416992e-01
4.550000000000000000e+01 9.556636359775438905e-05 9.873085618019104004e-01
4.550999999999999801e+01 9.967030026018619537e-03 9.868174791336059570e-01
4.552000000000000313e+01 1.982868090271949768e-02 9.853508472442626953e-01
4.553000000000000114e+01 2.967079356312751770e-02 9.829102158546447754e-01
4.553999999999999915e+01 3.948365151882171631e-02 9.794981479644775391e-01
4.555000000000000426e+01 4.925753176212310791e-02 9.751179218292236328e-01
4.556000000000000227e+01 5.898279696702957153e-02 9.697737097740173340e-01
4.557000000000000028e+01 6.864982843399047852e-02 9.634710550308227539e-01
4.557999999999999829e+01 7.824904471635818481e-02 9.562162160873413086e-01
4.559000000000000341e+01 8.777097612619400024e-02 9.480164647102355957e-01
4.560000000000000142e+01 9.720624983310699463e-02 9.388798475265502930e-01
4.560999999999999943e+01 1.065454930067062378e-01 9.288154840469360352e-01
4.561999999999999744e+01 1.157795041799545288e-01 9.178334474563598633e-01
4.563000000000000256e+01 1.248991414904594421e-01 9.059445858001708984e-01
4.564000000000000057e+01 1.338954120874404907e-01 8.931609392166137695e-01
4.564999999999999858e+01 1.427594274282455444e-01 8.794950842857360840e-01
4.566000000000000369e+01 1.514824032783508301e-01 8.649607300758361816e-01
4.567000000000000171e+01 1.600557863712310791e-01 8.495724201202392578e-01
4.567999999999999972e+01 1.684710830450057983e-01 8.333451151847839355e-01
4.568999999999999773e+01 1.767199486494064331e-01 8.162954449653625488e-01
4.570000000000000284e+01 1.847943067550659180e-01 7.984400391578674316e-01
4.571000000000000085e+01 1.926861256361007690e-01 7.797970175743103027e-01
4.571999999999999886e+01 2.003876566886901855e-01 7.603845596313476562e-01
4.573000000000000398e+01 2.078912854194641113e-01 7.402220964431762695e-01
4.574000000000000199e+01 2.151896357536315918e-01 7.193298935890197754e-01
4.575000000000000000e+01 2.222755551338195801e-01 6.977285146713256836e-01
4.575999999999999801e+01 2.291419059038162231e-01 6.754392385482788086e-01
4.577000000000000313e+01 2.357821017503738403e-01 6.524846553802490234e-01
4.578000000000000114e+01 2.421894669532775879e-01 6.288871765136718750e-01
4.578999999999999915e+01 2.483578026294708252e-01 6.046705245971679688e-01
4.580000000000000426e+01 2.542809247970581055e-01 5.798584818840026855e-01
4.581000000000000227e+01 2.599530518054962158e-01 5.544757246971130371e-01
4.582000000000000028e+01 2.653686106204986572e-01 5.285475254058837891e-01
4.582999999999999829e+01 2.705222964286804199e-01 5.020993947982788086e-01
4.584000000000000341e+01 2.754089832305908203e-01 4.751577079296112061e-01
4.585000000000000142e+01 2.800238728523254395e-01 4.477490186691284180e-01
4.585999999999999943e+01 2.843624949455261230e-01 4.199004173278808594e-01
4.586999999999999744e+01 2.884204983711242676e-01 3.916396498680114746e-01
4.588000000000000256e+01 2.921939790248870850e-01 3.629944622516632080e-01
4.589000000000000057e+01 2.956791818141937256e-01 3.339932560920715332e-01
4.589999999999999858e+01 2.988727390766143799e-01 3.046645820140838623e-01
4.591000000000000369e+01 3.017715215682983398e-01 2.750374376773834229e-01
4.592000000000000171e+01 3.043726086616516113e-01 2.451411485671997070e-01
4.592999999999999972e+01 3.066735267639160156e-01 2.150051444768905640e-01
4.593999999999999773e+01 3.086720108985900879e-01 1.846591085195541382e-01
4.595000000000000284e+01 3.103660941123962402e-01 1.541329622268676758e-01
4.596000000000000085e+01 3.117541968822479248e-01 1.234567239880561829e-01
4.596999999999999886e+01 3.128348588943481445e-01 9.266068786382675171e-02
4.598000000000000398e+01 3.136070668697357178e-01 6.177512556314468384e-02
4.599000000000000199e+01 3.140701949596405029e-01 3.083046153187751770e-02
4.600000000000000000e+01 3.142235875129699707e-01 -1.428901596227660775e-04
4.600999999999999801e+01 3.140672743320465088e-01 -3.111449442803859711e-02
4.602000000000000313e+01 3.136014044284820557e-01 -6.205390393733978271e-02
4.603000000000000114e+01 3.128263950347900391e-01 -9.293071925640106201e-02
4.603999999999999915e+01 3.117431402206420898e-01 -1.237146332859992981e-01
4.605000000000000426e+01 3.103525042533874512e-01 -1.543753445148468018e-01
4.606000000000000227e+01 3.086560964584350586e-01 -1.848828494548797607e-01
4.607000000000000028e+01 3.066554963588714600e-01 -2.152071446180343628e-01
4.607999999999999829e+01 3.043526709079742432e-01 -2.453185170888900757e-01
4.609000000000000341e+01 3.017499148845672607e-01 -2.751874029636383057e-01
4.610000000000000142e+01 2.988498210906982422e-01 -3.047845065593719482e-01
4.610999999999999943e+01 2.956552803516387939e-01 -3.340808451175689697e-01
4.611999999999999744e+01 2.921693027019500732e-01 -3.630475699901580811e-01
4.613000000000000256e+01 2.883954942226409912e-01 -3.916564583778381348e-01
4.614000000000000057e+01 2.843374311923980713e-01 -4.198792874813079834e-01
4.614999999999999858e+01 2.799992561340332031e-01 -4.476884603500366211e-01
4.616000000000000369e+01 2.753851413726806641e-01 -4.750567376613616943e-01
4.617000000000000171e+01 2.704996764659881592e-01 -5.019572377204895020e-01
4.617999999999999972e+01 2.653476595878601074e-01 -5.283637642860412598e-01
4.618999999999999773e+01 2.599341571331024170e-01 -5.542500615119934082e-01
4.620000000000000284e+01 2.542644739151000977e-01 -5.795910358428955078e-01
4.621000000000000085e+01 2.483442127704620361e-01 -6.043616533279418945e-01
4.621999999999999886e+01 2.421792447566986084e-01 -6.285376548767089844e-01
4.623000000000000398e+01 2.357755005359649658e-01 -6.520954966545104980e-01
4.624000000000000199e+01 2.291394770145416260e-01 -6.750117540359497070e-01
4.625000000000000000e+01 2.222775071859359741e-01 -6.972640752792358398e-01
4.625999999999999801e+01 2.151964604854583740e-01 -7.188307046890258789e-01
4.627000000000000313e+01 2.079032659530639648e-01 -7.396901845932006836e-01
4.628000000000000114e+01 2.004050910472869873e-01 -7.598221302032470703e-01
4.628999999999999915e+01 1.927093267440795898e-01 -7.792065739631652832e-01
4.630000000000000426e+01 1.848235279321670532e-01 -7.978246808052062988e-01
4.631000000000000227e+01 1.767554581165313721e-01 -8.156579732894897461e-01
4.632000000000000028e+01 1.685130298137664795e-01 -8.326889276504516602e-01
4.632999999999999829e+01 1.601044088602066040e-01 -8.489005565643310547e-01
4.634000000000000341e+01 1.515378206968307495e-01 -8.642771244049072266e-01
4.635000000000000142e+01 1.428216993808746338e-01 -8.788033127784729004e-01
4.635999999999999943e+01 1.339646428823471069e-01 -8.924644589424133301e-01
4.636999999999999744e+01 1.249753609299659729e-01 -9.052473306655883789e-01
4.638000000000000256e+01 1.158626526594161987e-01 -9.171388149261474609e-01
4.639000000000000057e+01 1.066355928778648376e-01 -9.281280040740966797e-01
4.639999999999999858e+01 9.730315208435058594e-02 -9.382029771804809570e-01
4.641000000000000369e+01 8.787459135055541992e-02 -9.473539590835571289e-01
4.642000000000000171e+01 7.835917919874191284e-02 -9.555721282958984375e-01
4.642999999999999972e+01 6.876629590988159180e-02 -9.628490805625915527e-01
4.643999999999999773e+01 5.910536274313926697e-02 -9.691772460937500000e-01
4.645000000000000284e+01 4.938592389225959778e-02 -9.745503664016723633e-01
4.646000000000000085e+01 3.961755335330963135e-02 -9.789628386497497559e-01
4.646999999999999886e+01 2.980988658964633942e-02 -9.824104309082031250e-01
4.648000000000000398e+01 1.997257769107818604e-02 -9.848895072937011719e-01
4.649000000000000199e+01 1.011533197015523911e-02 -9.863972663879394531e-01
4.650000000000000000e+01 2.478805545251816511e-04 -9.869318008422851562e-01
4.650999999999999801e+01 -9.620061144232749939e-03 -9.864931106567382812e-01
4.652000000000000313e+01 -1.947873458266258240e-02 -9.850807189941406250e-01
4.653000000000000114e+01 -2.931842952966690063e-02 -9.826964735984802246e-01
4.653999999999999915e+01 -3.912942111492156982e-02 -9.793415665626525879e-01
4.655000000000000426e+01 -4.890204221010208130e-02 -9.750201702117919922e-01
4.656000000000000227e+01 -5.862663313746452332e-02 -9.697358012199401855e-01
4.657000000000000028e+01 -6.829356402158737183e-02 -9.634935259819030762e-01
4.657999999999999829e+01 -7.789333909749984741e-02 -9.562996029853820801e-01
4.659000000000000341e+01 -8.741641789674758911e-02 -9.481607079505920410e-01
4.660000000000000142e+01 -9.685341268777847290e-02 -9.390848278999328613e-01
4.660999999999999943e+01 -1.061950027942657471e-01 -9.290804266929626465e-01
4.661999999999999744e+01 -1.154319792985916138e-01 -9.181578159332275391e-01
4.663000000000000256e+01 -1.245551481842994690e-01 -9.063272476196289062e-01
4.664000000000000057e+01 -1.335555464029312134e-01 -8.936003446578979492e-01
4.664999999999999858e+01 -1.424242109060287476e-01 -8.799896240234375000e-01
4.666000000000000369e+01 -1.511524170637130737e-01 -8.655084967613220215e-01
4.667000000000000171e+01 -1.597315222024917603e-01 -8.501707911491394043e-01
4.667999999999999972e+01 -1.681530177593231201e-01 -8.339919447898864746e-01
4.668999999999999773e+01 -1.764086186885833740e-01 -8.169877529144287109e-01
4.670000000000000284e+01 -1.844900399446487427e-01 -7.991750836372375488e-01
4.671000000000000085e+01 -1.923894584178924561e-01 -7.805713415145874023e-01
4.671999999999999886e+01 -2.000988870859146118e-01 -7.611950039863586426e-01
4.673000000000000398e+01 -2.076108306646347046e-01 -7.410650253295898438e-01
4.674000000000000199e+01 -2.149177640676498413e-01 -7.202014923095703125e-01
4.675000000000000000e+01 -2.220125198364257812e-01 -6.986249685287475586e-01
4.675999999999999801e+01 -2.288879752159118652e-01 -6.763568520545959473e-01
4.677000000000000313e+01 -2.355373501777648926e-01 -6.534190177917480469e-01
4.678000000000000114e+01 -2.419541925191879272e-01 -6.298342943191528320e-01
4.678999999999999915e+01 -2.481320202350616455e-01 -6.056262850761413574e-01
4.680000000000000426e+01 -2.540647387504577637e-01 -5.808185338973999023e-01
4.681000000000000227e+01 -2.597464621067047119e-01 -5.554361939430236816e-01
4.682000000000000028e+01 -2.651715874671936035e-01 -5.295040607452392578e-01
4.682999999999999829e+01 -2.703348100185394287e-01 -5.030480623245239258e-01
4.684000000000000341e+01 -2.752309143543243408e-01 -4.760943651199340820e-01
4.685000000000000142e+01 -2.798551321029663086e-01 -4.486698508262634277e-01
4.685999999999999943e+01 -2.842028141021728516e-01 -4.208016097545623779e-01
4.686999999999999744e+01 -2.882697284221649170e-01 -3.925174772739410400e-01
4.688000000000000256e+01 -2.920519113540649414e-01 -3.638455867767333984e-01
4.689000000000000057e+01 -2.955454885959625244e-01 -3.348143100738525391e-01
4.689999999999999858e+01 -2.987470626831054688e-01 -3.054525554180145264e-01
4.691000000000000369e+01 -3.016534745693206787e-01 -2.757895588874816895e-01
4.692000000000000171e+01 -3.042619526386260986e-01 -2.458548694849014282e-01
4.692999999999999972e+01 -3.065698146820068359e-01 -2.156779915094375610e-01
4.693999999999999773e+01 -3.085747957229614258e-01 -1.852891743183135986e-01
4.695000000000000284e+01 -3.102750182151794434e-01 -1.547184288501739502e-01
4.696000000000000085e+01 -3.116686344146728516e-01 -1.239961609244346619e-01
4.696999999999999886e+01 -3.127544820308685303e-01 -9.315290302038192749e-02
4.698000000000000398e+01 -3.135314583778381348e-01 -6.221931055188179016e-02
4.699000000000000199e+01 -3.139987289905548096e-01 -3.122611343860626221e-02
4.700000000000000000e+01 -3.141558766365051270e-01 -2.038375823758542538e-04
4.700999999999999801e+01 -3.140027523040771484e-01 3.081638365983963013e-02
4.702000000000000313e+01 -3.135396540164947510e-01 6.180403381586074829e-02
4.703000000000000114e+01 -3.127669095993041992e-01 9.272838383913040161e-02
4.703999999999999915e+01 -3.116853833198547363e-01 1.235587596893310547e-01
4.705000000000000426e+01 -3.102961480617523193e-01 1.542645990848541260e-01
4.706000000000000227e+01 -3.086005747318267822e-01 1.848156154155731201e-01
4.707000000000000028e+01 -3.066004812717437744e-01 2.151814699172973633e-01
4.707999999999999829e+01 -3.042976856231689453e-01 2.453321665525436401e-01
4.709000000000000341e+01 -3.016946315765380859e-01 2.752379775047302246e-01
4.710000000000000142e+01 -2.987938225269317627e-01 3.048693835735321045e-01
4.710999999999999943e+01 -2.955982983112335205e-01 3.341969549655914307e-01
4.711999999999999744e+01 -2.921109795570373535e-01 3.631921410560607910e-01
4.713000000000000256e+01 -2.883356511592864990e-01 3.918257951736450195e-01
4.714000000000000057e+01 -2.842758297920227051e-01 4.200702905654907227e-01
4.714999999999999858e+01 -2.799355983734130859e-01 4.478975534439086914e-01
4.716000000000000369e+01 -2.753193378448486328e-01 4.752803444862365723e-01
4.717000000000000171e+01 -2.704315781593322754e-01 5.021915435791015625e-01
4.717999999999999972e+01 -2.652771472930908203e-01 5.286047458648681641e-01
4.718999999999999773e+01 -2.598612010478973389e-01 5.544943213462829590e-01
4.720000000000000284e+01 -2.541891038417816162e-01 5.798344612121582031e-01
4.721000000000000085e+01 -2.482664436101913452e-01 6.046006083488464355e-01
4.721999999999999886e+01 -2.420990914106369019e-01 6.287684440612792969e-01
4.723000000000000398e+01 -2.356931567192077637e-01 6.523143053054809570e-01
4.724000000000000199e+01 -2.290549576282501221e-01 6.752151846885681152e-01
4.725000000000000000e+01 -2.221910804510116577e-01 6.974486708641052246e-01
4.725999999999999801e+01 -2.151082903146743774e-01 7.189930677413940430e-01
4.727000000000000313e+01 -2.078135460615158081e-01 7.398273944854736328e-01
4.728000000000000114e+01 -2.003141790628433228e-01 7.599312067031860352e-01
4.728999999999999915e+01 -1.926174461841583252e-01 7.792851328849792480e-01
4.730000000000000426e+01 -1.847310215234756470e-01 7.978701591491699219e-01
4.731000000000000227e+01 -1.766626983880996704e-01 8.156682252883911133e-01
4.732000000000000028e+01 -1.684203445911407471e-01 8.326621651649475098e-01
4.732999999999999829e+01 -1.600121557712554932e-01 8.488352298736572266e-01
4.734000000000000341e+01 -1.514464616775512695e-01 8.641717433929443359e-01
4.735000000000000142e+01 -1.427315771579742432e-01 8.786571025848388672e-01
4.735999999999999943e+01 -1.338761746883392334e-01 8.922768235206604004e-01
4.736999999999999744e+01 -1.248889490962028503e-01 9.050180315971374512e-01
4.738000000000000256e+01 -1.157787963747978210e-01 9.168683290481567383e-01
4.739000000000000057e+01 -1.065545976161956787e-01 9.278162717819213867e-01
4.739999999999999858e+01 -9.722550213336944580e-02 9.378509521484375000e-01
4.741000000000000369e+01 -8.780063688755035400e-02 9.469632506370544434e-01
4.742000000000000171e+01 -7.828934490680694580e-02 9.551436305046081543e-01
4.742999999999999972e+01 -6.870091706514358521e-02 9.623847603797912598e-01
4.743999999999999773e+01 -5.904480442404747009e-02 9.686793684959411621e-01
4.745000000000000284e+01 -4.933050647377967834e-02 9.740214347839355469e-01
4.746000000000000085e+01 -3.956756368279457092e-02 9.784058332443237305e-01
4.746999999999999886e+01 -2.976559661328792572e-02 9.818283915519714355e-01
4.748000000000000398e+01 -1.993423700332641602e-02 9.842855930328369141e-01
4.749000000000000199e+01 -1.008310168981552124e-02 9.857750535011291504e-01
4.750000000000000000e+01 -2.219758898718282580e-04 9.862954616546630859e-01
4.750999999999999801e+01 9.639563970267772675e-03 9.858465790748596191e-01
4.752000000000000313e+01 1.949174143373966217e-02 9.844282865524291992e-01
4.753000000000000114e+01 2.932489290833473206e-02 9.820423722267150879e-01
4.753999999999999915e+01 3.912936896085739136e-02 9.786909222602844238e-01
4.755000000000000426e+01 4.889551177620887756e-02 9.743773341178894043e-01
4.756000000000000227e+01 5.861372500658035278e-02 9.691056609153747559e-01
4.757000000000000028e+01 6.827444583177566528e-02 9.628807306289672852e-01
4.757999999999999829e+01 7.786817103624343872e-02 9.557088613510131836e-01
4.759000000000000341e+01 8.738547563552856445e-02 9.475972652435302734e-01
4.760000000000000142e+01 9.681700915098190308e-02 9.385530948638916016e-01
4.760999999999999943e+01 1.061534658074378967e-01 9.285854101181030273e-01
4.761999999999999744e+01 1.153856813907623291e-01 9.177039861679077148e-01
4.763000000000000256e+01 1.245045363903045654e-01 9.059191346168518066e-01
4.764000000000000057e+01 1.335010677576065063e-01 8.932421803474426270e-01
4.764999999999999858e+01 1.423664689064025879e-01 8.796856403350830078e-01
4.766000000000000369e+01 1.510919034481048584e-01 8.652622699737548828e-01
4.767000000000000171e+01 1.596688479185104370e-01 8.499864339828491211e-01
4.767999999999999972e+01 1.680888533592224121e-01 8.338725566864013672e-01
4.768999999999999773e+01 1.763435751199722290e-01 8.169364929199218750e-01
4.770000000000000284e+01 1.844249069690704346e-01 7.991945147514343262e-01
4.771000000000000085e+01 1.923248320817947388e-01 7.806639671325683594e-01
4.771999999999999886e+01 2.000355869531631470e-01 7.613628506660461426e-01
4.773000000000000398e+01 2.075495868921279907e-01 7.413096427917480469e-01
4.774000000000000199e+01 2.148592919111251831e-01 7.205240726470947266e-01
4.775000000000000000e+01 2.219576537609100342e-01 6.990264654159545898e-01
4.775999999999999801e+01 2.288375496864318848e-01 6.768373847007751465e-01
4.777000000000000313e+01 2.354921996593475342e-01 6.539788842201232910e-01
4.778000000000000114e+01 2.419149577617645264e-01 6.304728388786315918e-01
4.778999999999999915e+01 2.480995506048202515e-01 6.063425540924072266e-01
4.780000000000000426e+01 2.540398240089416504e-01 5.816113352775573730e-01
4.781000000000000227e+01 2.597298622131347656e-01 5.563034415245056152e-01
4.782000000000000028e+01 2.651640474796295166e-01 5.304437875747680664e-01
4.782999999999999829e+01 2.703370153903961182e-01 5.040573477745056152e-01
4.784000000000000341e+01 2.752435803413391113e-01 4.771703481674194336e-01
4.785000000000000142e+01 2.798788249492645264e-01 4.498090147972106934e-01
4.785999999999999943e+01 2.842382490634918213e-01 4.220001399517059326e-01
4.787000000000000455e+01 2.883174121379852295e-01 3.937711715698242188e-01
4.788000000000000256e+01 2.921123206615447998e-01 3.651498556137084961e-01
4.789000000000000057e+01 2.956192195415496826e-01 3.361643552780151367e-01
4.789999999999999858e+01 2.988344728946685791e-01 3.068431615829467773e-01
4.791000000000000369e+01 3.017551004886627197e-01 2.772153019905090332e-01
4.792000000000000171e+01 3.043778836727142334e-01 2.473099827766418457e-01
4.792999999999999972e+01 3.067004084587097168e-01 2.171567529439926147e-01
4.793999999999999773e+01 3.087202906608581543e-01 1.867854744195938110e-01
4.795000000000000284e+01 3.104355335235595703e-01 1.562261134386062622e-01
4.796000000000000085e+01 3.118442893028259277e-01 1.255089193582534790e-01
4.796999999999999886e+01 3.129452764987945557e-01 9.466443955898284912e-02
4.798000000000000398e+01 3.137372732162475586e-01 6.372319906949996948e-02
4.799000000000000199e+01 3.142195045948028564e-01 3.271597996354103088e-02
4.800000000000000000e+01 3.143914341926574707e-01 1.673541264608502388e-03
4.800999999999999801e+01 3.142529428005218506e-01 -2.937327139079570770e-02
4.802000000000000313e+01 3.138040602207183838e-01 -6.039357185363769531e-02
4.803000000000000114e+01 3.130452930927276611e-01 -9.135647863149642944e-02
4.803999999999999915e+01 3.119772374629974365e-01 -1.222311854362487793e-01
4.805000000000000426e+01 3.106010258197784424e-01 -1.529868543148040771e-01
4.806000000000000227e+01 3.089179992675781250e-01 -1.835929304361343384e-01
4.807000000000000028e+01 3.069297671318054199e-01 -2.140188217163085938e-01
4.807999999999999829e+01 3.046382963657379150e-01 -2.442342489957809448e-01
4.809000000000000341e+01 3.020458817481994629e-01 -2.742089033126831055e-01
4.810000000000000142e+01 2.991550564765930176e-01 -3.039130270481109619e-01
4.810999999999999943e+01 2.959686815738677979e-01 -3.333169519901275635e-01
4.812000000000000455e+01 2.924898266792297363e-01 -3.623911738395690918e-01
4.813000000000000256e+01 2.887220382690429688e-01 -3.911067843437194824e-01
4.814000000000000057e+01 2.846689522266387939e-01 -4.194350838661193848e-01
4.814999999999999858e+01 2.803346812725067139e-01 -4.473477005958557129e-01
4.816000000000000369e+01 2.757234275341033936e-01 -4.748167991638183594e-01
4.817000000000000171e+01 2.708398997783660889e-01 -5.018150210380554199e-01
4.817999999999999972e+01 2.656888663768768311e-01 -5.283153057098388672e-01
4.818999999999999773e+01 2.602753639221191406e-01 -5.542912483215332031e-01
4.820000000000000284e+01 2.546048164367675781e-01 -5.797169804573059082e-01
4.821000000000000085e+01 2.486829310655593872e-01 -6.045670509338378906e-01
4.821999999999999886e+01 2.425155192613601685e-01 -6.288166046142578125e-01
4.823000000000000398e+01 2.361086905002593994e-01 -6.524417400360107422e-01
4.824000000000000199e+01 2.294688224792480469e-01 -6.754187941551208496e-01
4.825000000000000000e+01 2.226025611162185669e-01 -6.977248787879943848e-01
4.825999999999999801e+01 2.155166864395141602e-01 -7.193379402160644531e-01
4.827000000000000313e+01 2.082181870937347412e-01 -7.402363419532775879e-01
4.828000000000000114e+01 2.007143944501876831e-01 -7.603995800018310547e-01
4.828999999999999915e+01 1.930127292871475220e-01 -7.798074483871459961e-01
4.830000000000000426e+01 1.851208209991455078e-01 -7.984408736228942871e-01
4.831000000000000227e+01 1.770465523004531860e-01 -8.162814974784851074e-01
4.832000000000000028e+01 1.687978953123092651e-01 -8.333117961883544922e-01
4.832999999999999829e+01 1.603830903768539429e-01 -8.495147228240966797e-01
4.834000000000000341e+01 1.518104374408721924e-01 -8.648746013641357422e-01
4.835000000000000142e+01 1.430884599685668945e-01 -8.793763518333435059e-01
4.835999999999999943e+01 1.342258006334304810e-01 -8.930057287216186523e-01
4.837000000000000455e+01 1.252312809228897095e-01 -9.057495594024658203e-01
4.838000000000000256e+01 1.161138117313385010e-01 -9.175952672958374023e-01
4.839000000000000057e+01 1.068824157118797302e-01 -9.285318255424499512e-01
4.839999999999999858e+01 9.754624217748641968e-02 -9.385480284690856934e-01
4.841000000000000369e+01 8.811455219984054565e-02 -9.476347565650939941e-01
4.842000000000000171e+01 7.859666645526885986e-02 -9.557833671569824219e-01
4.842999999999999972e+01 6.900203973054885864e-02 -9.629861116409301758e-01
4.843999999999999773e+01 5.934012308716773987e-02 -9.692358374595642090e-01
4.845000000000000284e+01 4.962051287293434143e-02 -9.745272994041442871e-01
4.846000000000000085e+01 3.985279053449630737e-02 -9.788550734519958496e-01
4.846999999999999886e+01 3.004663623869419098e-02 -9.822160601615905762e-01
4.848000000000000398e+01 2.021171152591705322e-02 -9.846066236495971680e-01
4.849000000000000199e+01 1.035774219781160355e-02 -9.860251545906066895e-01
4.850000000000000000e+01 4.944570246152579784e-04 -9.864705801010131836e-01
4.850999999999999801e+01 -9.368430823087692261e-03 -9.859433174133300781e-01
4.852000000000000313e+01 -1.922116801142692566e-02 -9.844439029693603516e-01
4.853000000000000114e+01 -2.905406802892684937e-02 -9.819743633270263672e-01
4.853999999999999915e+01 -3.885742649435997009e-02 -9.785374999046325684e-01
4.855000000000000426e+01 -4.862160980701446533e-02 -9.741373062133789062e-01
4.856000000000000227e+01 -5.833699926733970642e-02 -9.687784910202026367e-01
4.857000000000000028e+01 -6.799400597810745239e-02 -9.624668955802917480e-01
4.857999999999999829e+01 -7.758317887783050537e-02 -9.552088379859924316e-01
4.859000000000000341e+01 -8.709505945444107056e-02 -9.470123648643493652e-01
4.860000000000000142e+01 -9.652031958103179932e-02 -9.378854036331176758e-01
4.860999999999999943e+01 -1.058497056365013123e-01 -9.278376698493957520e-01
4.862000000000000455e+01 -1.150740459561347961e-01 -9.168793559074401855e-01
4.863000000000000256e+01 -1.241842955350875854e-01 -9.050216674804687500e-01
4.864000000000000057e+01 -1.331715434789657593e-01 -8.922763466835021973e-01
4.864999999999999858e+01 -1.420269161462783813e-01 -8.786565065383911133e-01
4.866000000000000369e+01 -1.507417708635330200e-01 -8.641755580902099609e-01
4.867000000000000171e+01 -1.593076288700103760e-01 -8.488483428955078125e-01
4.867999999999999972e+01 -1.677159518003463745e-01 -8.326895236968994141e-01
4.868999999999999773e+01 -1.759586930274963379e-01 -8.157157897949218750e-01
4.870000000000000284e+01 -1.840275973081588745e-01 -7.979436516761779785e-01
4.871000000000000085e+01 -1.919149607419967651e-01 -7.793908715248107910e-01
4.871999999999999886e+01 -1.996128559112548828e-01 -7.600758075714111328e-01
4.873000000000000398e+01 -2.071139812469482422e-01 -7.400172948837280273e-01
4.874000000000000199e+01 -2.144108116626739502e-01 -7.192350625991821289e-01
4.875000000000000000e+01 -2.214963287115097046e-01 -6.977496743202209473e-01
4.875999999999999801e+01 -2.283635735511779785e-01 -6.755819916725158691e-01
4.877000000000000313e+01 -2.350057512521743774e-01 -6.527537703514099121e-01
4.878000000000000114e+01 -2.414164990186691284e-01 -6.292873620986938477e-01
4.878999999999999915e+01 -2.475894987583160400e-01 -6.052057743072509766e-01
4.880000000000000426e+01 -2.535186111927032471e-01 -5.805320739746093750e-01
4.881000000000000227e+01 -2.591981887817382812e-01 -5.552906990051269531e-01
4.882000000000000028e+01 -2.646226584911346436e-01 -5.295059084892272949e-01
4.882999999999999829e+01 -2.697866261005401611e-01 -5.032027959823608398e-01
4.884000000000000341e+01 -2.746850550174713135e-01 -4.764070212841033936e-01
4.885000000000000142e+01 -2.793132066726684570e-01 -4.491442143917083740e-01
4.885999999999999943e+01 -2.836664617061614990e-01 -4.214410483837127686e-01
4.887000000000000455e+01 -2.877406477928161621e-01 -3.933243453502655029e-01
4.888000000000000256e+01 -2.915316820144653320e-01 -3.648211658000946045e-01
4.889000000000000057e+01 -2.950358688831329346e-01 -3.359591066837310791e-01
4.889999999999999858e+01 -2.982497513294219971e-01 -3.067660033702850342e-01
4.891000000000000369e+01 -3.011701703071594238e-01 -2.772701978683471680e-01
4.892000000000000171e+01 -3.037942647933959961e-01 -2.475000917911529541e-01
4.892999999999999972e+01 -3.061193227767944336e-01 -2.174843698740005493e-01
4.893999999999999773e+01 -3.081431984901428223e-01 -1.872521489858627319e-01
4.895000000000000284e+01 -3.098638057708740234e-01 -1.568325906991958618e-01
4.896000000000000085e+01 -3.112792968750000000e-01 -1.262550204992294312e-01
4.896999999999999886e+01 -3.123884499073028564e-01 -9.554903209209442139e-02
4.898000000000000398e+01 -3.131899535655975342e-01 -6.474433094263076782e-02
4.899000000000000199e+01 -3.136830925941467285e-01 -3.387073799967765808e-02
4.900000000000000000e+01 -3.138673007488250732e-01 -2.957902848720550537e-03
4.900999999999999801e+01 -3.137421905994415283e-01 2.796388417482376099e-02
4.902000000000000313e+01 -3.133080601692199707e-01 5.886489152908325195e-02
4.903000000000000114e+01 -3.125650882720947266e-01 8.971514552831649780e-02
4.903999999999999915e+01 -3.115140497684478760e-01 1.204846426844596863e-01
4.905000000000000426e+01 -3.101557493209838867e-01 1.511434912681579590e-01
4.906000000000000227e+01 -3.084915876388549805e-01 1.816619336605072021e-01
4.907000000000000028e+01 -3.065231144428253174e-01 2.120101451873779297e-01
4.907999999999999829e+01 -3.042520880699157715e-01 2.421585917472839355e-01
4.909000000000000341e+01 -3.016807436943054199e-01 2.720778286457061768e-01
4.910000000000000142e+01 -2.988113462924957275e-01 3.017386198043823242e-01
4.910999999999999943e+01 -2.956469058990478516e-01 3.311118483543395996e-01
4.912000000000000455e+01 -2.921901941299438477e-01 3.601689338684082031e-01
4.913000000000000256e+01 -2.884446382522583008e-01 3.888808786869049072e-01
4.914000000000000057e+01 -2.844138741493225098e-01 4.172199964523315430e-01
4.914999999999999858e+01 -2.801015675067901611e-01 4.451578855514526367e-01
4.916000000000000369e+01 -2.755120992660522461e-01 4.726673364639282227e-01
4.917000000000000171e+01 -2.706497907638549805e-01 4.997206926345825195e-01
4.917999999999999972e+01 -2.655192911624908447e-01 5.262913703918457031e-01
4.918999999999999773e+01 -2.601256370544433594e-01 5.523529052734375000e-01
4.920000000000000284e+01 -2.544739842414855957e-01 5.778793692588806152e-01
4.921000000000000085e+01 -2.485699355602264404e-01 6.028453111648559570e-01
4.921999999999999886e+01 -2.424191087484359741e-01 6.272257566452026367e-01
4.923000000000000398e+01 -2.360274344682693481e-01 6.509961485862731934e-01
4.924000000000000199e+01 -2.294012606143951416e-01 6.741327047348022461e-01
4.925000000000000000e+01 -2.225470095872879028e-01 6.966118216514587402e-01
4.925999999999999801e+01 -2.154713273048400879e-01 7.184111475944519043e-01
4.927000000000000313e+01 -2.081810534000396729e-01 7.395084500312805176e-01
4.928000000000000114e+01 -2.006835341453552246e-01 7.598821520805358887e-01
4.928999999999999915e+01 -1.929859519004821777e-01 7.795116901397705078e-01
4.930000000000000426e+01 -1.850958466529846191e-01 7.983768582344055176e-01
4.931000000000000227e+01 -1.770210117101669312e-01 8.164581060409545898e-01
4.932000000000000028e+01 -1.687693595886230469e-01 8.337374925613403320e-01
4.932999999999999829e+01 -1.603489816188812256e-01 8.501964807510375977e-01
4.934000000000000341e+01 -1.517682373523712158e-01 8.658180236816406250e-01
4.935000000000000142e+01 -1.430354863405227661e-01 8.805865049362182617e-01
4.935999999999999943e+01 -1.341593861579895020e-01 8.944855332374572754e-01
4.937000000000000455e+01 -1.251487135887145996e-01 9.075014591217041016e-01
4.938000000000000256e+01 -1.160123497247695923e-01 9.196202158927917480e-01
4.939000000000000057e+01 -1.067593470215797424e-01 9.308286905288696289e-01
4.939999999999999858e+01 -9.739885479211807251e-02 9.411151409149169922e-01
4.941000000000000369e+01 -8.794012665748596191e-02 9.504685997962951660e-01
4.942000000000000171e+01 -7.839260995388031006e-02 9.588790535926818848e-01
4.942999999999999972e+01 -6.876572966575622559e-02 9.663369059562683105e-01
4.943999999999999773e+01 -5.906908586621284485e-02 9.728343486785888672e-01
4.945000000000000284e+01 -4.931228235363960266e-02 9.783641099929809570e-01
4.946000000000000085e+01 -3.950504958629608154e-02 9.829198122024536133e-01
4.946999999999999886e+01 -2.965714968740940094e-02 9.864961504936218262e-01
4.948000000000000398e+01 -1.977841928601264954e-02 9.890887737274169922e-01
4.949000000000000199e+01 -9.878653101623058319e-03 9.906945824623107910e-01
4.950000000000000000e+01 3.216533514205366373e-05 9.913113117218017578e-01
4.950999999999999801e+01 9.944253601133823395e-03 9.909375905990600586e-01
4.952000000000000313e+01 1.984763145446777344e-02 9.895732402801513672e-01
4.953000000000000114e+01 2.973240800201892853e-02 9.872187972068786621e-01
4.953999999999999915e+01 3.958871588110923767e-02 9.838768243789672852e-01
4.955000000000000426e+01 4.940666630864143372e-02 9.795494675636291504e-01
4.956000000000000227e+01 5.917643755674362183e-02 9.742407798767089844e-01
4.957000000000000028e+01 6.888823956251144409e-02 9.679557085037231445e-01
4.957999999999999829e+01 7.853230834007263184e-02 9.606999754905700684e-01
4.959000000000000341e+01 8.809901028871536255e-02 9.524809122085571289e-01
4.960000000000000142e+01 9.757874906063079834e-02 9.433062076568603516e-01
4.960999999999999943e+01 1.069619879126548767e-01 9.331848621368408203e-01
4.962000000000000455e+01 1.162393167614936829e-01 9.221263527870178223e-01
4.963000000000000256e+01 1.254014223814010620e-01 9.101423621177673340e-01
4.964000000000000057e+01 1.344391107559204102e-01 8.972443938255310059e-01
4.964999999999999858e+01 1.433433443307876587e-01 8.834452629089355469e-01
4.966000000000000369e+01 1.521050482988357544e-01 8.687591552734375000e-01
4.967000000000000171e+01 1.607155650854110718e-01 8.532001972198486328e-01
4.967999999999999972e+01 1.691662073135375977e-01 8.367845416069030762e-01
4.968999999999999773e+01 1.774484813213348389e-01 8.195285201072692871e-01
4.970000000000000284e+01 1.855540424585342407e-01 8.014496564865112305e-01
4.971000000000000085e+01 1.934747993946075439e-01 7.825662493705749512e-01
4.971999999999999886e+01 2.012027353048324585e-01 7.628974914550781250e-01
4.973000000000000398e+01 2.087301760911941528e-01 7.424631714820861816e-01
4.974000000000000199e+01 2.160495370626449585e-01 7.212843298912048340e-01
4.975000000000000000e+01 2.231534123420715332e-01 6.993824839591979980e-01
4.975999999999999801e+01 2.300348281860351562e-01 6.767796277999877930e-01
4.977000000000000313e+01 2.366867810487747192e-01 6.534991264343261719e-01
4.978000000000000114e+01 2.431026548147201538e-01 6.295645236968994141e-01
4.978999999999999915e+01 2.492759674787521362e-01 6.050003767013549805e-01
4.980000000000000426e+01 2.552006542682647705e-01 5.798316597938537598e-01
4.981000000000000227e+01 2.608706951141357422e-01 5.540840029716491699e-01
4.982000000000000028e+01 2.662804722785949707e-01 5.277838110923767090e-01
4.982999999999999829e+01 2.714245915412902832e-01 5.009576678276062012e-01
4.984000000000000341e+01 2.762979865074157715e-01 4.736330807209014893e-01
4.985000000000000142e+01 2.808957099914550781e-01 4.458379745483398438e-01
4.985999999999999943e+01 2.852132618427276611e-01 4.176004827022552490e-01
4.987000000000000455e+01 2.892463505268096924e-01 3.889494538307189941e-01
4.988000000000000256e+01 2.929909527301788330e-01 3.599139750003814697e-01
4.989000000000000057e+01 2.964434623718261719e-01 3.305235803127288818e-01
4.989999999999999858e+01 2.996003329753875732e-01 3.008081316947937012e-01
4.991000000000000369e+01 3.024586439132690430e-01 2.707977592945098877e-01
4.992000000000000171e+01 3.050153851509094238e-01 2.405228763818740845e-01
4.992999999999999972e+01 3.072682917118072510e-01 2.100141793489456177e-01
4.993999999999999773e+01 3.092150092124938965e-01 1.793025285005569458e-01
4.995000000000000284e+01 3.108537793159484863e-01 1.484189331531524658e-01
4.996000000000000085e+01 3.121829628944396973e-01 1.173944920301437378e-01
4.996999999999999886e+01 3.132013082504272461e-01 8.626057952642440796e-02
4.998000000000000398e+01 3.139078617095947266e-01 5.504847317934036255e-02
4.999000000000000199e+01 3.143020570278167725e-01 2.378959208726882935e-02
