# Time(s) Angle(rad) Angular Velocity(rad/s) Angular Acceleration(rad/s^2)
0.000000000000000000e+00 3.141592653589793116e-01 0.000000000000000000e+00 -3.090169943749474069e+00
1.001001001001000992e-02 3.138496294023270239e-01 -3.093263206956430381e-02 -3.087224982719862343e+00
2.002002002002001985e-02 3.132306525750022663e-01 -6.183578504974310275e-02 -3.081336980265387382e+00
3.003003003003002977e-02 3.123029248566197569e-01 -9.267999906641365138e-02 -3.072509782215544938e+00
4.004004004004003969e-02 3.110673307350757533e-01 -1.234358527422449309e-01 -3.060749173790322963e+00
5.005005005005004615e-02 3.095250486268673606e-01 -1.540739826100159249e-01 -3.046062899163703541e+00
6.006006006006005954e-02 3.076775501011239644e-01 -1.845651027217647122e-01 -3.028460687204129087e+00
7.007007007007007293e-02 3.055265989047716291e-01 -2.148800245155998434e-01 -3.007954283099788739e+00
8.008008008008007939e-02 3.030742497856617201e-01 -2.449896769990811962e-01 -2.984557485507183916e+00
9.009009009009008584e-02 3.003228471099413932e-01 -2.748651273044583898e-01 -2.958286188794441163e+00
1.001001001001000923e-01 2.972750232694332251e-01 -3.044776016667650742e-01 -2.929158429886724146e+00
1.101101101101101126e-01 2.939336968743297418e-01 -3.337985068708363978e-01 -2.897194439160423407e+00
1.201201201201201191e-01 2.903020707261037558e-01 -3.627994522077775397e-01 -2.862416694775923975e+00
1.301301301301301394e-01 2.863836295651898123e-01 -3.914522719753043556e-01 -2.824849979786254739e+00
1.401401401401401459e-01 2.821821375877149318e-01 -4.197290485497413570e-01 -2.784521441311205603e+00
1.501501501501501523e-01 2.777016357253490053e-01 -4.476021360503540381e-01 -2.741460651024035133e+00
1.601601601601601588e-01 2.729464386822143540e-01 -4.750441846091531528e-01 -2.695699666161126107e+00
1.701701701701701652e-01 2.679211317227407907e-01 -5.020281652514066995e-01 -2.647273090234278037e+00
1.801801801801801717e-01 2.626305672043836026e-01 -5.285273953838819372e-01 -2.596218132601179285e+00
1.901901901901901781e-01 2.570798608492345649e-01 -5.545155648793892444e-01 -2.542574666032286768e+00
2.002002002002001846e-01 2.512743877487583766e-01 -5.799667627375703072e-01 -2.486385281402252456e+00
2.102102102102102188e-01 2.452197780961742901e-01 -6.048555042931484937e-01 -2.427695338631379762e+00
2.202202202202202252e-01 2.389219126413784644e-01 -6.291567589341032773e-01 -2.366553013007682615e+00
2.302302302302302317e-01 2.323869178637655575e-01 -6.528459782835295266e-01 -2.303009336033045251e+00
2.402402402402402382e-01 2.256211608588569728e-01 -6.758991247903668453e-01 -2.237118229957944404e+00
2.502502502502502724e-01 2.186312439352751658e-01 -6.982927006658218305e-01 -2.168936535198181303e+00
2.602602602602602788e-01 2.114239989193169023e-01 -7.200037770942320225e-01 -2.098524029864059504e+00
2.702702702702702853e-01 2.040064811651685905e-01 -7.410100236394178141e-01 -2.025943440677390850e+00
2.802802802802802917e-01 1.963859632696699775e-01 -7.612897377603126126e-01 -1.951260444604323352e+00
2.902902902902902982e-01 1.885699284914623963e-01 -7.808218743429384823e-01 -1.874543660592081995e+00
3.003003003003003046e-01 1.805660638753496250e-01 -7.995860751496660646e-01 -1.795864630864889122e+00
3.103103103103103111e-01 1.723822530837455513e-01 -8.175626980812464861e-01 -1.715297791308104669e+00
3.203203203203203175e-01 1.640265689381761038e-01 -8.347328461423886292e-01 -1.632920430549547941e+00
3.303303303303303240e-01 1.555072656749354743e-01 -8.510783959977394897e-01 -1.548812637432269934e+00
3.403403403403403304e-01 1.468327709201600328e-01 -8.665820260020664634e-01 -1.463057236663168004e+00
3.503503503503503369e-01 1.380116773907678063e-01 -8.812272435862823494e-01 -1.375739712515861246e+00
3.603603603603603434e-01 1.290527343289085971e-01 -8.949984118797343902e-01 -1.286948120563387254e+00
3.703703703703703498e-01 1.199648386787690868e-01 -9.078807754489374160e-01 -1.196772987515592579e+00
3.803803803803803563e-01 1.107570260157693109e-01 -9.198604850336781213e-01 -1.105307199336571955e+00
3.903903903903903627e-01 1.014384612393611773e-01 -9.309246211631733159e-01 -1.012645877918171955e+00
4.004004004004003692e-01 9.201842904178630933e-02 -9.410612165377295613e-01 -9.188862466853398026e-01
4.104104104104104311e-01 8.250632416625963694e-02 -9.502592770651103748e-01 -8.241274856069125132e-01
4.204204204204204376e-01 7.291164146910689148e-02 -9.585088014455599437e-01 -7.284705761802185986e-01
4.304304304304304440e-01 6.324396580138795521e-02 -9.658007992051217405e-01 -6.320181370485593586e-01
4.404404404404404505e-01 5.351296172647819482e-02 -9.721273070834857144e-01 -5.348742509962199909e-01
4.504504504504504570e-01 4.372836309094212115e-02 -9.774814036900544290e-01 -4.371442841451190775e-01
4.604604604604604634e-01 3.389996246681634129e-02 -9.818572223501657037e-01 -3.389346982496391769e-01
4.704704704704704699e-01 2.403760048410979316e-02 -9.852499620723843554e-01 -2.403528570507165452e-01
4.804804804804804763e-01 1.415115507292464582e-02 -9.876558965773964971e-01 -1.415068277061265201e-01
4.904904904904904828e-01 4.250530635094623352e-03 -9.890723813392195973e-01 -4.250517836042455588e-02
5.005005005005005447e-01 -5.654352834375745221e-03 -9.894978586000846565e-01 5.654322704539526540e-02
5.105105105105105512e-01 -1.555357065551049578e-02 -9.889318603313619338e-01 1.555294355982067278e-01
5.205205205205205576e-01 -2.543720438047718593e-02 -9.873750091241726423e-01 2.543446127291538739e-01
5.305305305305305641e-01 -3.529535269884316595e-02 -9.848290170047616643e-01 3.528802488755671263e-01
5.405405405405405705e-01 -4.511814231026640976e-02 -9.812966821811823781e-01 4.510283643480716420e-01
5.505505505505505770e-01 -5.489573874409282850e-02 -9.767818837392597819e-01 5.486817112796484874e-01
5.605605605605605835e-01 -6.461835710562477408e-02 -9.712895743170411045e-01 6.457339715611520869e-01
5.705705705705705899e-01 -7.427627272922747437e-02 -9.648257707979104314e-01 7.420799497058289118e-01
5.805805805805805964e-01 -8.385983171894846600e-02 -9.573975430731274106e-01 8.376157596332640676e-01
5.905905905905906028e-01 -9.335946135793400658e-02 -9.490130009346563478e-01 9.322390044203143766e-01
6.006006006006006093e-01 -1.027656803686315679e-01 -9.396812791686872668e-01 1.025848948132291438e+00
6.106106106106106157e-01 -1.120691090065607382e-01 -9.294125209291247414e-01 1.118346678921139370e+00
6.206206206206206222e-01 -1.212604789713101067e-01 -9.182178594784626835e-01 1.209635262657741572e+00
6.306306306306306286e-01 -1.303306431193661241e-01 -9.061093983907976268e-01 1.299619886451855777e+00
6.406406406406406351e-01 -1.392705849643932070e-01 -8.931001903182065327e-01 1.388207991504513350e+00
6.506506506506506415e-01 -1.480714279516531784e-01 -8.792042144272704807e-01 1.475309394832995391e+00
6.606606606606606480e-01 -1.567244444943672044e-01 -8.644363526171303658e-01 1.560836399506645433e+00
6.706706706706706544e-01 -1.652210647609746175e-01 -8.488123646340808293e-01 1.644703893131752803e+00
6.806806806806806609e-01 -1.735528852034203540e-01 -8.323488622003295534e-01 1.726829434424414833e+00
6.906906906906906674e-01 -1.817116768177963471e-01 -8.150632822761612051e-01 1.807133327810687362e+00
7.007007007007006738e-01 -1.896893931298619385e-01 -7.969738595753534938e-01 1.885538686092383953e+00
7.107107107107106803e-01 -1.974781778991643033e-01 -7.780995984533075616e-01 1.961971481313635302e+00
7.207207207207206867e-01 -2.050703725366618269e-01 -7.584602442860038929e-01 2.036360584056861711e+00
7.307307307307306932e-01 -2.124585232319131101e-01 -7.380762544556048743e-01 2.108637791486276836e+00
7.407407407407406996e-01 -2.196353877870216298e-01 -7.169687690553419035e-01 2.178737844541646318e+00
7.507507507507507061e-01 -2.265939421556131539e-01 -6.951595814222923941e-01 2.246598434764091490e+00
7.607607607607607125e-01 -2.333273866861620138e-01 -6.726711086018309915e-01 2.312160201308615104e+00
7.707707707707707190e-01 -2.398291520699656620e-01 -6.495263618419849783e-01 2.375366718764219343e+00
7.807807807807807254e-01 -2.460929049949877878e-01 -6.257489172097104868e-01 2.436164476461525119e+00
7.907907907907907319e-01 -2.521125535076434443e-01 -6.013628864142998021e-01 2.494502849999376437e+00
8.008008008008007383e-01 -2.578822520853792377e-01 -5.763928879158075613e-01 2.550334065765703428e+00
8.108108108108108558e-01 -2.633964064236037350e-01 -5.508640183886230890e-01 2.603613159263807653e+00
8.208208208208208623e-01 -2.686496779411432501e-01 -5.248018246021985966e-01 2.654297928083053648e+00
8.308308308308308687e-01 -2.736369880089364326e-01 -4.982322757725384244e-01 2.702348880372804185e+00
8.408408408408408752e-01 -2.783535219071293088e-01 -4.711817364294673127e-01 2.747729179690205470e+00
8.508508508508508816e-01 -2.827947325160979908e-01 -4.436769398359717842e-01 2.790404587096437794e+00
8.608608608608608881e-01 -2.869563437472006928e-01 -4.157449619871586011e-01 2.830343401372307888e+00
8.708708708708708945e-01 -2.908343537192493167e-01 -3.874131962076560187e-01 2.867516398212928141e+00
8.808808808808809010e-01 -2.944250376867936225e-01 -3.587093283576767710e-01 2.901896769242932272e+00
8.908908908908909074e-01 -2.977249507263285411e-01 -3.296613126495392954e-01 2.933460061668571761e+00
9.009009009009009139e-01 -3.007309301864714013e-01 -3.002973480682722962e-01 2.962184119351493727e+00
9.109109109109109204e-01 -3.034400979080136285e-01 -2.706458553820711432e-01 2.988049026051387003e+00
9.209209209209209268e-01 -3.058498622195340855e-01 -2.407354547208961082e-01 3.011037051541463061e+00
9.309309309309309333e-01 -3.079579197139730717e-01 -2.105949436944550557e-01 3.031132601252306102e+00
9.409409409409409397e-01 -3.097622568112128327e-01 -1.802532760142518120e-01 3.048322170046474433e+00
9.509509509509509462e-01 -3.112611511112964302e-01 -1.497395405783511768e-01 3.062594300668818992e+00
9.609609609609609526e-01 -3.124531725424481432e-01 -1.190829409720567111e-01 3.073939547356249857e+00
9.709709709709709591e-01 -3.133371843075417607e-01 -8.831277533285501746e-02 3.082350445026164731e+00
9.809809809809809655e-01 -3.139123436321041849e-01 -5.745841652378430586e-02 3.087821484395388616e+00
9.909909909909909720e-01 -3.141781023163470743e-01 -2.654929255586250744e-02 3.090349093311737239e+00
1.001001001001001089e+00 -3.141342070930976949e-01 4.385132802613673358e-03 3.089931624508776675e+00
1.011011011011011096e+00 -3.137806997928554997e-01 3.531537929419301114e-02 3.086569349921358452e+00
1.021021021021021102e+00 -3.131179173165442031e-01 6.621196938349588335e-02 3.080264461625671579e+00
1.031031031031031109e+00 -3.121464914158650350e-01 9.704544747784693559e-02 3.071021079393274178e+00
1.041041041041041115e+00 -3.108673482804943933e-01 1.277863992235253598e-01 3.058845264774374240e+00
1.051051051051051122e+00 -3.092817079307147443e-01 1.584054709429885688e-01 3.043745041551962238e+00
1.061061061061061128e+00 -3.073910834134290226e-01 1.888733892768420242e-01 3.025730422335801251e+00
1.071071071071071135e+00 -3.051972797988943276e-01 2.191609810920152057e-01 3.004813440994165141e+00
1.081081081081081141e+00 -3.027023929749245723e-01 2.492391937145794212e-01 2.981008190552130177e+00
1.091091091091091148e+00 -2.999088082347651230e-01 2.790791155419280467e-01 2.954330866118597854e+00
1.101101101101101154e+00 -2.968191986543381455e-01 3.086519970846567373e-01 2.924799812340614924e+00
1.111111111111111160e+00 -2.934365232541032986e-01 3.379292724834616624e-01 2.892435574823325695e+00
1.121121121121121167e+00 -2.897640249403820589e-01 3.668825815407522062e-01 2.857260954897669514e+00
1.131131131131131173e+00 -2.858052282206574590e-01 3.954837923004886346e-01 2.819301067066046773e+00
1.141141141141141180e+00 -2.815639366870933968e-01 4.237050242030516722e-01 2.778583398409192107e+00
1.151151151151151186e+00 -2.770442302623208897e-01 4.515186718347752870e-01 2.735137869195813920e+00
1.161161161161161193e+00 -2.722504622014181863e-01 4.788974292841828295e-01 2.688996893900625906e+00
1.171171171171171199e+00 -2.671872558439706280e-01 5.058143151090138678e-01 2.640195441806642229e+00
1.181181181181181206e+00 -2.618595011101380043e-01 5.322426979098811017e-01 2.588771096344378186e+00
1.191191191191191212e+00 -2.562723507347835494e-01 5.581563224979129156e-01 2.534764112304341399e+00
1.201201201201201219e+00 -2.504312162339317749e-01 5.835293366350935429e-01 2.478217470050080973e+00
1.211211211211211225e+00 -2.443417635981232072e-01 6.083363183172765254e-01 2.419176925857557503e+00
1.221221221221221231e+00 -2.380099087076217590e-01 6.325523035610959299e-01 2.357691057512731447e+00
1.231231231231231238e+00 -2.314418124649059438e-01 6.561528146473094569e-01 2.293811304313368993e+00
1.241241241241241244e+00 -2.246438756404358639e-01 6.791138887645603583e-01 2.227592000643135339e+00
1.251251251251251251e+00 -2.176227334283316051e-01 7.014121069892164106e-01 2.159090402316178547e+00
1.261261261261261257e+00 -2.103852497093234297e-01 7.230246235289179424e-01 2.088366704928545481e+00
1.271271271271271264e+00 -2.029385110191350150e-01 7.439291951498242517e-01 2.015484053498791006e+00
1.281281281281281270e+00 -1.952898202213335932e-01 7.641042107003627182e-01 1.940508542733855091e+00
1.291291291291291277e+00 -1.874466898846204876e-01 7.835287206376385649e-01 1.863509207317398442e+00
1.301301301301301283e+00 -1.794168353655350989e-01 8.021824664566314933e-01 1.784558001685921269e+00
1.311311311311311290e+00 -1.712081675985986651e-01 8.200459099169510324e-01 1.703729768832691560e+00
1.321321321321321296e+00 -1.628287855970239062e-01 8.371002619573183479e-01 1.621102197760200703e+00
1.331331331331331302e+00 -1.542869686682536712e-01 8.533275111841471805e-01 1.536755769287939888e+00
1.341341341341341309e+00 -1.455911683497585762e-01 8.687104518176600454e-01 1.450773690012974182e+00
1.351351351351351315e+00 -1.367500000717110364e-01 8.832327109769491091e-01 1.363241814315348410e+00
1.361361361361361322e+00 -1.277722345543505778e-01 8.968787751843099176e-01 1.274248554397852340e+00
1.371371371371371328e+00 -1.186667889490545524e-01 9.096340159690732285e-01 1.183884778449198594e+00
1.381381381381381335e+00 -1.094427177333183454e-01 9.214847144520481592e-01 1.092243697120267809e+00
1.391391391391391341e+00 -1.001092033710201251e-01 9.324180847935923389e-01 9.994207386036408902e-01
1.401401401401401348e+00 -9.067554675048733470e-02 9.424222963912264328e-01 9.055134127062186566e-01
1.411411411411411354e+00 -8.115115741398469529e-02 9.514864947166139508e-01 8.106211644021582563e-01
1.421421421421421361e+00 -7.154554359329795554e-02 9.596008206866055712e-01 7.148452174476329635e-01
1.431431431431431367e+00 -6.186830206708310298e-02 9.667564284688641152e-01 6.182884087289458597e-01
1.441441441441441373e+00 -5.212910785657946106e-02 9.729455016293140357e-01 5.210550141003019720e-01
1.451451451451451380e+00 -4.233770377713778205e-02 9.781612675362240106e-01 4.232505665460650213e-01
1.461461461461461386e+00 -3.250388986378350414e-02 9.823980099440925429e-01 3.249816675736891813e-01
1.471471471471471393e+00 -2.263751268971368746e-02 9.856510796895748827e-01 2.263557928068625491e-01
1.481481481481481399e+00 -1.274845459720723093e-02 9.879169034413953776e-01 1.274810928029788681e-01
1.491491491491491406e+00 -2.846622860906531868e-03 9.891929904564401577e-01 2.846619016419749820e-02
1.501501501501501412e+00 7.058061196199876680e-03 9.894779373049306104e-01 -7.058002595348386587e-02
1.511511511511511419e+00 1.695567311350347148e-02 9.887714305386294811e-01 -1.695486068039693817e-01
1.521521521521521425e+00 2.683629620947282357e-02 9.870742472873385021e-01 -2.683307513444105896e-01
1.531531531531531432e+00 3.669003248355077323e-02 9.843882537803874122e-01 -3.668180127118064182e-01
1.541541541541541438e+00 4.650701348256268408e-02 9.807164018012902718e-01 -4.649025027442942326e-01
1.551551551551551444e+00 5.627741111114267086e-02 9.760627230951411937e-01 -5.624770934271856593e-01
1.561561561561561451e+00 6.599144836599285524e-02 9.704323217595337558e-01 -6.594356141730270959e-01
1.571571571571571457e+00 7.563940997420810775e-02 9.638313646607046259e-01 -7.556730438844274644e-01
1.581581581581581464e+00 8.521165291642159023e-02 9.562670699271267338e-01 -8.510856967976334619e-01
1.591591591591591470e+00 9.469861681614936966e-02 9.477476935828060833e-01 -9.455714011632160299e-01
1.601601601601601477e+00 1.040908341774304802e-01 9.382825143919830690e-01 -1.039029669887097995e+00
1.611611611611611705e+00 1.133789404536640760e-01 9.278818169957155915e-01 -1.131361862329659296e+00
1.621621621621621712e+00 1.225536839314303600e-01 9.165568734288521702e-01 -1.222471336541947950e+00
1.631631631631631718e+00 1.316059354140441395e-01 9.043199231131169302e-01 -1.312263591305189658e+00
1.641641641641641725e+00 1.405266976906044962e-01 8.911841514283802557e-01 -1.400646397431684953e+00
1.651651651651651731e+00 1.493071147773873120e-01 8.771636669696046829e-01 -1.487529917880991981e+00
1.661661661661661737e+00 1.579384809195437389e-01 8.622734776014265856e-01 -1.572826816343739553e+00
1.671671671671671744e+00 1.664122493422245386e-01 8.465294654258135321e-01 -1.656452354045537811e+00
1.681681681681681750e+00 1.747200407414308820e-01 8.299483607807131014e-01 -1.738324474624190819e+00
1.691691691691691757e+00 1.828536515060863177e-01 8.125477153890795501e-01 -1.818363877033642995e+00
1.701701701701701763e+00 1.908050616640255825e-01 7.943458747781322327e-01 -1.896494076526912487e+00
1.711711711711711770e+00 1.985664425457890625e-01 7.753619500881731019e-01 -1.972641453866584627e+00
1.721721721721721776e+00 2.061301641612926505e-01 7.556157893888079125e-01 -2.046735293004475320e+00
1.731731731731731783e+00 2.134888022855968848e-01 7.351279486179923550e-01 -2.118707807560881839e+00
1.741741741741741789e+00 2.206351452511226274e-01 7.139196622560215477e-01 -2.188494156517706735e+00
1.751751751751751796e+00 2.275622004447405422e-01 6.920128138424308517e-01 -2.256032449617962676e+00
1.761761761761761802e+00 2.342632005091934699e-01 6.694299064388476994e-01 -2.321263743036141580e+00
1.771771771771771808e+00 2.407316092492853832e-01 6.461940331351826439e-01 -2.384132025949118550e+00
1.781781781781781815e+00 2.469611272441827321e-01 6.223288476902465449e-01 -2.444584198695287203e+00
1.791791791791791821e+00 2.529456971680165145e-01 5.978585353909944278e-01 -2.502570043260084365e+00
1.801801801801801828e+00 2.586795088217423433e-01 5.728077842072097914e-01 -2.558042186868751067e+00
1.811811811811811834e+00 2.641570038799067599e-01 5.472017563106257310e-01 -2.610956059501922777e+00
1.821821821821821841e+00 2.693728803565765828e-01 5.210660600193152137e-01 -2.661269846176356868e+00
1.831831831831831847e+00 2.743220967952127443e-01 4.944267222197520906e-01 -2.708944434851745964e+00
1.841841841841841854e+00 2.789998761877084954e-01 4.673101613103252117e-01 -2.753943360835311882e+00
1.851851851851851860e+00 2.834017096281625792e-01 4.397431607013631560e-01 -2.796232748558686421e+00
1.861861861861861867e+00 2.875233597072213709e-01 4.117528428979729260e-01 -2.835781251596859676e+00
1.871871871871871873e+00 2.913608636530000684e-01 3.833666441832896399e-01 -2.872559991786742373e+00
1.881881881881881879e+00 2.949105362246832729e-01 3.546122899111500693e-01 -2.906542498283667619e+00
1.891891891891891886e+00 2.981689723649116330e-01 3.255177704088110802e-01 -2.937704647368066802e+00
1.901901901901901892e+00 3.011330496169857263e-01 2.961113174822038174e-01 -2.966024603782164260e+00
1.911911911911911899e+00 3.037999303127655870e-01 2.664213815084083836e-01 -2.991482764338069700e+00
1.921921921921921905e+00 3.061670635369158622e-01 2.364766090926118947e-01 -3.014061704494688687e+00
1.931931931931931912e+00 3.082321868728501446e-01 2.063058212598322394e-01 -3.033746128551713994e+00
1.941941941941941918e+00 3.099933279353646598e-01 1.759379921452004780e-01 -3.050522824055208027e+00
1.951951951951951925e+00 3.114488056945302619e-01 1.454022281406438522e-01 -3.064380620951263623e+00
1.961961961961961931e+00 3.125972315949350766e-01 1.147277474504410227e-01 -3.075310355962535880e+00
1.971971971971971938e+00 3.134375104738476581e-01 8.394386000336860609e-02 -3.083304842597464734e+00
1.981981981981981944e+00 3.139688412813056995e-01 5.307994766505565176e-02 -3.088358847134274221e+00
1.991991991991991950e+00 3.141907176045363181e-01 2.216544469073860463e-02 -3.090469070851850297e+00
2.002002002002002179e+00 3.141029279984891009e-01 -8.770181644115426084e-03 -3.089634138707764155e+00
2.012012012012012185e+00 3.137055561236157253e-01 -3.969745029984879381e-02 -3.085854594590624167e+00
2.022022022022022192e+00 3.129989806913721084e-01 -7.058688568113631601e-02 -3.079132903199962357e+00
2.032032032032032198e+00 3.119838752172547913e-01 -1.014090368643191103e-01 -3.069473458532606891e+00
2.042042042042042205e+00 3.106612075805211259e-01 -1.321344969096905353e-01 -3.056882598880299895e+00
2.052052052052052211e+00 3.090322393890906350e-01 -1.627339223239077370e-01 -3.041368628169832888e+00
2.062062062062062218e+00 3.070985251474888655e-01 -1.931780527360181798e-01 -3.022941843404476803e+00
2.072072072072072224e+00 3.048619112250847141e-01 -2.234377308481750868e-01 -3.001614567894717034e+00
2.082082082082082231e+00 3.023245346212909967e-01 -2.534839227189930599e-01 -2.977401189897460831e+00
2.092092092092092237e+00 2.994888215238567519e-01 -2.832877384336823234e-01 -2.950318206216704819e+00
2.102102102102102243e+00 2.963574856558824910e-01 -3.128204532106262925e-01 -2.920384270255456105e+00
2.112112112112112250e+00 2.929335264067437494e-01 -3.420535289889591879e-01 -2.887620243949040155e+00
2.122122122122122256e+00 2.892202267417187667e-01 -3.709586365359965887e-01 -2.852049252954255820e+00
2.132132132132132263e+00 2.852211508847907195e-01 -3.995076781071102423e-01 -2.813696744417649054e+00
2.142142142142142269e+00 2.809401417688361380e-01 -4.276728106838634802e-01 -2.772590546599898342e+00
2.152152152152152276e+00 2.763813182472246721e-01 -4.554264698089875996e-01 -2.728760929592413564e+00
2.162162162162162282e+00 2.715490720607468544e-01 -4.827413940291318539e-01 -2.682240666327180278e+00
2.172172172172172289e+00 2.664480645537566361e-01 -5.095906499483228158e-01 -2.633065093052012084e+00
2.182182182182182295e+00 2.610832231334685449e-01 -5.359476578867813368e-01 -2.581272168421133273e+00
2.192192192192192302e+00 2.554597374664892007e-01 -5.617862181312370806e-01 -2.526902530335713326e+00
2.202202202202202308e+00 2.495830554068874385e-01 -5.870805377542172021e-01 -2.469999549660985672e+00
2.212212212212212314e+00 2.434588786504205404e-01 -6.118052579710439032e-01 -2.410609379946059505e+00
2.222222222222222321e+00 2.370931581099347818e-01 -6.359354819945279846e-01 -2.348781002279876517e+00
2.232232232232232327e+00 2.304920890074455830e-01 -6.594468033386708949e-01 -2.284566264431931781e+00
2.242242242242242334e+00 2.236621056789754591e-01 -6.823153345141657056e-01 -2.218019913449614577e+00
2.252252252252252340e+00 2.166098760888833796e-01 -7.045177360501978514e-01 -2.149199620915293263e+00
2.262262262262262347e+00 2.093422960511549524e-01 -7.260312457690696331e-01 -2.078166000105536870e+00
2.272272272272272353e+00 2.018664831559338624e-01 -7.468337082325885445e-01 -2.004982614341975555e+00
2.282282282282282360e+00 1.941897704004579006e-01 -7.669036042720477342e-01 -1.929715975878105283e+00
2.292292292292292366e+00 1.863196995245113285e-01 -7.862200805070638232e-01 -1.852435534728463784e+00
2.302302302302302373e+00 1.782640140515124039e-01 -8.047629787525939493e-01 -1.773213656915701097e+00
2.312312312312312379e+00 1.700306520374162411e-01 -8.225128652082065450e-01 -1.692125591686660435e+00
2.322322322322322385e+00 1.616277385307177128e-01 -8.394510593191840675e-01 -1.609249427330077475e+00
2.332332332332332392e+00 1.530635777479813775e-01 -8.555596621953610592e-01 -1.524666035315276780e+00
2.342342342342342398e+00 1.443466449704960131e-01 -8.708215844707892783e-01 -1.438459002562536782e+00
2.352352352352352405e+00 1.354855781688400762e-01 -8.852205734854292629e-01 -1.350714551750814563e+00
2.362362362362362411e+00 1.264891693633433678e-01 -8.987412396691211169e-01 -1.261521449666358263e+00
2.372372372372372418e+00 1.173663557296284188e-01 -9.113690820081237209e-01 -1.170970903695492060e+00
2.382382382382382424e+00 1.081262104596029394e-01 -9.230905124755460767e-01 -1.079156446665493707e+00
2.392392392392392431e+00 9.877793338944243495e-02 -9.338928793090345293e-01 -9.861738103379935616e-01
2.402402402402402437e+00 8.933084140723895894e-02 -9.437644890221275062e-01 -8.921207879586562361e-01
2.412412412412412444e+00 7.979435865408850137e-02 -9.526946270397316230e-01 -7.970970863639568194e-01
2.422422422422422450e+00 7.017800653343600481e-02 -9.606735768531846631e-01 -7.012041682395977471e-01
2.432432432432432456e+00 6.049139354448381661e-02 -9.676926375963237348e-01 -6.045450852144598208e-01
2.442442442442442463e+00 5.074420495638749806e-02 -9.737441399508228734e-01 -5.072243025579188380e-01
2.452452452452452469e+00 4.094619234080443954e-02 -9.788214602967479916e-01 -4.093475163259305272e-01
2.462462462462462476e+00 3.110716298111732350e-02 -9.829190330327433056e-01 -3.110214638715551594e-01
2.472472472472472482e+00 2.123696917731927175e-02 -9.860323609994254834e-01 -2.123537286977462690e-01
2.482482482482482489e+00 1.134549746611454059e-02 -9.881580239493529261e-01 -1.134525406835069361e-01
2.492492492492492495e+00 1.442657776252123311e-03 -9.892936850172558971e-01 -1.442657275827503860e-02
2.502502502502502502e+00 -8.461627460534424175e-03 -9.894380951549763825e-01 8.461526486688725202e-02
2.512512512512512508e+00 -1.835743422236284228e-02 -9.885910955066592454e-01 1.835640317794790255e-01
2.522522522522522515e+00 -2.823484781306422747e-02 -9.867536177110688422e-01 2.823109646128036943e-01
2.532532532532532521e+00 -3.808397376030505516e-02 -9.839276821293591047e-01 3.807476833143585981e-01
2.542542542542542527e+00 -4.789494867530098843e-02 -9.801163940080942494e-01 4.787663952987902816e-01
2.552552552552552534e+00 -5.765795105366632034e-02 -9.753239375986969550e-01 5.762600963689762379e-01
2.562562562562562540e+00 -6.736321199726666431e-02 -9.695555682656741281e-01 6.731227673194901673e-01
2.572572572572572547e+00 -7.700102583737516992e-02 -9.628176026268403520e-01 7.692495651775939081e-01
2.582582582582582553e+00 -8.656176063996992576e-02 -9.551174067792167488e-01 8.645370080874676955e-01
2.592592592592592560e+00 -9.603586857464696536e-02 -9.464633826742371303e-01 9.588831529030245049e-01
2.602602602602602566e+00 -1.054138961293541454e-01 -9.368649527152479450e-01 1.052187764622650068e+00
2.612612612612612573e+00 -1.146864941539684074e-01 -9.263325426589651412e-01 1.144352476874740177e+00
2.622622622622622579e+00 -1.238444277166357577e-01 -9.148775629104692886e-01 1.235280942745087485e+00
2.632632632632632586e+00 -1.328785857577610419e-01 -9.025123883084164023e-01 1.324878975325050945e+00
2.642642642642642592e+00 -1.417799905275644590e-01 -8.892503365033608276e-01 1.413054677451996533e+00
2.652652652652652598e+00 -1.505398067942048390e-01 -8.751056450373748685e-01 1.499718560209699625e+00
2.662662662662662605e+00 -1.591493508105960020e-01 -8.600934472374779372e-01 1.584783649855177279e+00
2.672672672672672611e+00 -1.676000990292018655e-01 -8.442297470387274405e-01 1.668165582938687441e+00
2.682682682682682618e+00 -1.758836965552795228e-01 -8.275313928551569775e-01 1.749782689484349563e+00
2.692692692692692624e+00 -1.839919653302352354e-01 -8.100160506180763553e-01 1.829556064198947229e+00
2.702702702702702631e+00 -1.919169120379586591e-01 -7.917021761015703429e-01 1.907409625774981077e+00
2.712712712712712637e+00 -1.996507357281926132e-01 -7.726089866543733864e-01 1.983270164449962181e+00
2.722722722722722644e+00 -2.071858351521733421e-01 -7.527564324556750286e-01 2.057067378076409714e+00
2.732732732732732650e+00 -2.145148158069267452e-01 -7.321651674098651474e-01 2.128733897045181678e+00
2.742742742742742657e+00 -2.216304966857234882e-01 -7.108565197917953160e-01 2.198205298487870607e+00
2.752752752752752663e+00 -2.285259167332697738e-01 -6.888524627498746611e-01 2.265420110261360698e+00
2.762762762762762669e+00 -2.351943410052345362e-01 -6.661755847692805155e-01 2.330319805288701307e+00
2.772772772772772676e+00 -2.416292665326801314e-01 -6.428490601918160907e-01 2.392848786894627988e+00
2.782782782782782682e+00 -2.478244278928659339e-01 -6.188966198825606169e-01 2.452954365831057526e+00
2.792792792792792689e+00 -2.537738024887267185e-01 -5.943425221264939662e-01 2.510586729737228850e+00
2.802802802802802695e+00 -2.594716155400863533e-01 -5.692115238308260716e-01 2.565698905820763098e+00
2.812812812812812702e+00 -2.649123447903454776e-01 -5.435288521008885265e-01 2.618246717579504779e+00
2.822822822822822708e+00 -2.700907249329805304e-01 -5.173201762492418698e-01 2.668188736409575323e+00
2.832832832832832715e+00 -2.750017517627020847e-01 -4.906115802891860556e-01 2.715486228962609605e+00
2.842842842842842721e+00 -2.796406860565481822e-01 -4.634295359552260130e-01 2.760103101124725455e+00
2.852852852852852727e+00 -2.840030571905252099e-01 -4.358008762843078587e-01 2.802005839491536143e+00
2.862862862862862734e+00 -2.880846664976612348e-01 -4.077527697828911002e-01 2.841163451207679991e+00
2.872872872872872740e+00 -2.918815903734993666e-01 -3.793126951962276228e-01 2.877547403026133210e+00
2.882882882882882747e+00 -2.953901831351375962e-01 -3.505084168876577144e-01 2.911131560422315356e+00
2.892892892892892753e+00 -2.986070796399161176e-01 -3.213679608273742883e-01 2.941892127571031246e+00
2.902902902902902760e+00 -3.015291976697661580e-01 -2.919195911820186562e-01 2.969807588960979405e+00
2.912912912912912766e+00 -3.041537400870706342e-01 -2.621917874887155775e-01 2.994858653382315605e+00
2.922922922922922773e+00 -3.064781967676491470e-01 -2.322132223897934999e-01 3.017028200978020269e+00
2.932932932932932779e+00 -3.085003463161729020e-01 -2.020127398975210264e-01 3.036301233999989080e+00
2.942942942942942786e+00 -3.102182575689434452e-01 -1.716193341517754101e-01 3.052664831856373162e+00
2.952952952952952792e+00 -3.116302908885399403e-01 -1.410621286276876052e-01 3.066108110978131851e+00
2.962962962962962798e+00 -3.127350992543559971e-01 -1.103703557450236294e-01 3.076622189970568133e+00
2.972972972972972805e+00 -3.135316291525181431e-01 -7.957333682639933237e-02 3.084200160450212280e+00
2.982982982982982811e+00 -3.140191212681079369e-01 -4.870046234741823993e-02 3.088837063899367852e+00
2.992992992992992818e+00 -3.141971109820068109e-01 -1.778117241849564920e-02 3.090529874800312271e+00
3.003003003003002824e+00 -3.140654286740539591e-01 1.315506256449044953e-02 3.089277490239152879e+00
3.013013013013012831e+00 -3.136241998335586589e-01 4.407876116548295475e-02 3.085080726096056214e+00
3.023023023023022837e+00 -3.128738449775487207e-01 7.496045011539341496e-02 3.077942319864551912e+00
3.033033033033032844e+00 -3.118150793764729589e-01 1.057706835474710033e-01 3.067866940068326720e+00
3.043043043043042850e+00 -3.104489125864135501e-01 1.364800623269337154e-01 3.054861202169798062e+00
3.053053053053052857e+00 -3.087766477862148862e-01 1.670592535398446044e-01 3.038933690791383757e+00
3.063063063063062863e+00 -3.067998809173017594e-01 1.974790102044230167e-01 3.020094987998123592e+00
3.073073073073072869e+00 -3.045204996233531469e-01 2.277101912654652949e-01 2.998357707319737386e+00
3.083083083083082876e+00 -3.019406819864229319e-01 2.577237819293265453e-01 2.973736533121773995e+00
3.093093093093092882e+00 -2.990628950555619947e-01 2.874909143930079458e-01 2.946248264869659739e+00
3.103103103103102889e+00 -2.958898931635066676e-01 3.169828890163278734e-01 2.915911865766771083e+00
3.113113113113112895e+00 -2.924247160265601164e-01 3.461711959809601891e-01 2.882748515188516159e+00
3.123123123123122902e+00 -2.886706866224125756e-01 3.750275374743387014e-01 2.846781664279350643e+00
3.133133133133132908e+00 -2.846314088403296139e-01 4.035238504300879270e-01 2.808037094029121050e+00
3.143143143143142915e+00 -2.803107648978891975e-01 4.316323298497988237e-01 2.766542975099604007e+00
3.153153153153152921e+00 -2.757129125182729013e-01 4.593254527236687035e-01 2.722329928632005291e+00
3.163163163163162928e+00 -2.708422818620184191e-01 4.865760025598249161e-01 2.675431087231973315e+00
3.173173173173172934e+00 -2.657035722071224293e-01 5.133570945241089367e-01 2.625882155300717002e+00
3.183183183183182940e+00 -2.603017483714489821e-01 5.396422011837758159e-01 2.573721467859572343e+00
3.193193193193192947e+00 -2.546420368715487936e-01 5.654051788400278333e-01 2.518990047001028909e+00
3.203203203203202953e+00 -2.487299218122332456e-01 5.906202944256236931e-01 2.461731655092332716e+00
3.213213213213213404e+00 -2.425711405015717470e-01 6.152622529350575409e-01 2.401992843858330229e+00
3.223223223223223410e+00 -2.361716787863960554e-01 6.393062253460518596e-01 2.339822998478676919e+00
3.233233233233233417e+00 -2.295377661038887906e-01 6.627278769824750393e-01 2.275274375850809161e+00
3.243243243243243423e+00 -2.226758702454277317e-01 6.855033962602609110e-01 2.208402136194517862e+00
3.253253253253253430e+00 -2.155926918295148764e-01 7.076095237496955459e-01 2.139264367206302975e+00
3.263263263263263436e+00 -2.082951584813718671e-01 7.290235814794883140e-01 2.067922100012106856e+00
3.273273273273273443e+00 -2.007904187176028088e-01 7.497235024005304282e-01 1.994439316215244951e+00
3.283283283283283449e+00 -1.930858355352184086e-01 7.696878599202024995e-01 1.918882945392201833e+00
3.293293293293293456e+00 -1.851889797052723163e-01 7.888958974116159206e-01 1.841322852452096148e+00
3.303303303303303462e+00 -1.771076227723762109e-01 8.073275575963215767e-01 1.761831814345677483e+00
3.313313313313313468e+00 -1.688497297624275140e-01 8.249635116938759394e-01 1.680485485686169733e+00
3.323323323323323475e+00 -1.604234516019943657e-01 8.417851882272709974e-01 1.597362352926567031e+00
3.333333333333333481e+00 -1.518371172539495217e-01 8.577748013696790963e-01 1.512543676825442773e+00
3.343343343343343488e+00 -1.430992255751178943e-01 8.729153787152791333e-01 1.426113423025204829e+00
3.353353353353353494e+00 -1.342184369028939506e-01 8.871907883551710672e-01 1.338158180662205154e+00
3.363363363363363501e+00 -1.252035643789842778e-01 9.005857651385764662e-01 1.248767069026277099e+00
3.373373373373373507e+00 -1.160635650196279178e-01 9.130859359997003377e-01 1.158031632387221732e+00
3.383383383383383514e+00 -1.068075305428330818e-01 9.246778442318046576e-01 1.066045723206435980e+00
3.393393393393393520e+00 -9.744467796433228801e-02 9.353489725922294884e-01 9.729053740522941585e-01
3.403403403403403527e+00 -8.798433997509019777e-02 9.450877651252854728e-01 8.787086586369602381e-01
3.413413413413413533e+00 -7.843595511428816391e-02 9.538836475941239179e-01 7.835555424889539822e-01
3.423423423423423539e+00 -6.880905775274825942e-02 9.617270464178371281e-01 6.875477238689758908e-01
3.433433433433433546e+00 -5.911326790273700033e-02 9.686094060161252184e-01 5.907884656251293221e-01
3.443443443443443552e+00 -4.935828087099695255e-02 9.745232044708311836e-01 4.933824187667817385e-01
3.453453453453453559e+00 -3.955385677268415112e-02 9.794619674214496419e-01 3.954354386128855481e-01
3.463463463463463565e+00 -2.970980992463333192e-02 9.834202801202773792e-01 2.970543944397556202e-01
3.473473473473473572e+00 -1.983599813702435766e-02 9.863937975821367443e-01 1.983469736142355611e-01
3.483483483483483578e+00 -9.942311923075708435e-03 9.883792527734703848e-01 9.942148125014883819e-02
3.493493493493493585e+00 -3.866364683953113501e-05 9.893744627959943916e-01 3.866364682989822639e-04
3.503503503503503591e+00 9.865023370486914259e-03 9.893783330309122714e-01 -9.864863362746709163e-02
3.513513513513513598e+00 1.975882576508979083e-02 9.883908592208274779e-01 -1.975754011238822494e-01
3.523523523523523604e+00 2.963283104514830360e-02 9.864131274778457081e-01 -2.962849444763593354e-01
3.533533533533533610e+00 3.947714848476614052e-02 9.834473122178221116e-01 -3.946689545463175075e-01
3.543543543543543617e+00 4.928191997657968559e-02 9.794966720321732767e-01 -4.926197383633552640e-01
3.553553553553553623e+00 5.903733082262600795e-02 9.745655435200275551e-01 -5.900304194995468210e-01
3.563563563563563630e+00 6.873362044339303978e-02 9.686593331146267083e-01 -6.867951339753047835e-01
3.573573573573573636e+00 7.836109298542213997e-02 9.617845069487077625e-01 -7.828092206585457458e-01
3.583583583583583643e+00 8.791012780838497465e-02 9.539485788139875355e-01 -8.779694051707831459e-01
3.593593593593593649e+00 9.737118983320725008e-02 9.451600962797455097e-01 -9.721739763746449769e-01
3.603603603603603656e+00 1.067348397335552423e-01 9.354286250447640949e-01 -1.065322954586422677e+00
3.613613613613613662e+00 1.159917439538301204e-01 9.247647316054605771e-01 -1.157318250733787135e+00
3.623623623623623669e+00 1.251326845377224994e-01 9.131799643308481373e-01 -1.248063815761861095e+00
3.633633633633633675e+00 1.341485687523565340e-01 9.006868330419406377e-01 -1.337465779679433142e+00
3.643643643643643681e+00 1.430304384940913054e-01 8.872987871993036624e-01 -1.425432579730246285e+00
3.653653653653653688e+00 1.517694794631364308e-01 8.730301928076095175e-01 -1.511875077270918410e+00
3.663663663663663694e+00 1.603570300952709970e-01 8.578963081502429810e-01 -1.596706663036107088e+00
3.673673673673673701e+00 1.687845902401178544e-01 8.419132584702018196e-01 -1.679843350571931904e+00
3.683683683683683707e+00 1.770438295766116332e-01 8.250980097157279980e-01 -1.761203857719358945e+00
3.693693693693693714e+00 1.851265957574954046e-01 8.074683414702890083e-01 -1.840709676129188122e+00
3.703703703703703720e+00 1.930249222758809169e-01 7.890428191867135954e-01 -1.918285128888487456e+00
3.713713713713713727e+00 2.007310360480979994e-01 7.698407658444864632e-01 -1.993857416433804319e+00
3.723723723723723733e+00 2.082373647082326473e-01 7.498822331474513936e-01 -2.067356651018390057e+00
3.733733733733733740e+00 2.155365436109002719e-01 7.291879723764965737e-01 -2.138715880088174259e+00
3.743743743743743746e+00 2.226214225399117397e-01 7.077794050082465427e-01 -2.207871099003547499e+00
3.753753753753753752e+00 2.294850721215574707e-01 6.856785932064092259e-01 -2.274761253620522616e+00
3.763763763763763759e+00 2.361207899422509970e-01 6.629082102872848603e-01 -2.339328233314940775e+00
3.773773773773773765e+00 2.425221063712310055e-01 6.394915112551032843e-01 -2.401516855096601510e+00
3.783783783783783772e+00 2.486827900899134802e-01 6.154523034963785832e-01 -2.461274839516081947e+00
3.793793793793793778e+00 2.545968533303082371e-01 5.908149177154368159e-01 -2.518552779115311058e+00
3.803803803803803785e+00 2.602585568256611248e-01 5.656041791857540080e-01 -2.573304100213411161e+00
3.813813813813813791e+00 2.656624144771507767e-01 5.398453793838179360e-01 -2.625485018851784424e+00
3.823823823823823798e+00 2.708031977410544910e-01 5.135642480639802665e-01 -2.675054491746850616e+00
3.833833833833833804e+00 2.756759397412974488e-01 4.867869258242720765e-01 -2.721974163115244316e+00
3.843843843843843811e+00 2.802759391127138677e-01 4.595399372044998709e-01 -2.766208308244743730e+00
3.853853853853853817e+00 2.845987635806738192e-01 4.318501643491971520e-01 -2.807723774684865781e+00
3.863863863863863823e+00 2.886402532829687173e-01 4.037448212592585906e-01 -2.846489921924183264e+00
3.873873873873873830e+00 2.923965238399998112e-01 3.752514286474049054e-01 -2.882478560407163215e+00
3.883883883883883836e+00 2.958639691793800708e-01 3.463977894040899397e-01 -2.915663890722131946e+00
3.893893893893893843e+00 2.990392641210430913e-01 3.172119646721366926e-01 -2.946022443764049648e+00
3.903903903903903849e+00 3.019193667288543326e-01 2.877222505203443914e-01 -2.973533022641621670e+00
3.913913913913913856e+00 3.045015204345460913e-01 2.579571551986064581e-01 -2.998176647058219402e+00
3.923923923923923862e+00 3.067832559395488601e-01 2.279453769497754578e-01 -3.019936500850587180e+00
3.933933933933933869e+00 3.087623928999759237e-01 1.977157823466664799e-01 -3.038797883318822279e+00
3.943943943943943875e+00 3.104370413996380695e-01 1.672973851162478376e-01 -3.054748164926088361e+00
3.953953953953953881e+00 3.118056032155267498e-01 1.367193254072779918e-01 -3.067776747887421607e+00
3.963963963963963888e+00 3.128667728797154268e-01 1.060108494524489575e-01 -3.077875032104317121e+00
3.973973973973973894e+00 3.136195385410920355e-01 7.520128957152487359e-02 -3.085036386835955824e+00
3.983983983983983901e+00 3.140631826297612395e-01 4.432004445805184933e-02 -3.089256128429561876e+00
3.993993993993993907e+00 3.141972823263476933e-01 1.339655968898717520e-02 -3.090531504361746507e+00
4.004004004004004358e+00 3.140217098377998672e-01 -1.753969160592656201e-02 -3.088861683770540711e+00
4.014014014014014364e+00 3.135366324806426741e-01 -4.845922798000604215e-02 -3.084247754584362511e+00
4.024024024024024371e+00 3.127425125719665577e-01 -7.933257887674639852e-02 -3.076692727280105899e+00
4.034034034034034377e+00 3.116401071277768997e-01 -1.101303038745452406e-01 -3.066201545228224745e+00
4.044044044044044384e+00 3.102304673676669067e-01 -1.408230120349879266e-01 -3.052781101508665440e+00
4.054054054054054390e+00 3.085149380241287709e-01 -1.713813814194590501e-01 -3.036440262008223812e+00
4.064064064064064397e+00 3.064951564541892326e-01 -2.017761788369587805e-01 -3.017189894537874117e+00
4.074074074074074403e+00 3.041730515504516563e-01 -2.319782798833839310e-01 -2.995042903638319487e+00
4.084084084084084409e+00 3.015508424480571326e-01 -2.619586893292129570e-01 -2.970014270673900114e+00
4.094094094094094416e+00 2.986310370235473188e-01 -2.916885619085312631e-01 -2.942121098749597152e+00
4.104104104104104422e+00 2.954164301811281201e-01 -3.211392235576763787e-01 -2.911382661923636483e+00
4.114114114114114429e+00 2.919101019214033754e-01 -3.502821931465015526e-01 -2.877820458129620729e+00
4.124124124124124435e+00 2.881154151872753477e-01 -3.790892047393906172e-01 -2.841458265167656982e+00
4.134134134134134442e+00 2.840360134814020054e-01 -4.075322304167445231e-01 -2.802322199074114728e+00
4.144144144144144448e+00 2.796758182493624956e-01 -4.355835036807496619e-01 -2.760440774134860220e+00
4.154154154154154455e+00 2.750390260225168415e-01 -4.632155434618793755e-01 -2.715844963767495734e+00
4.164164164164164461e+00 2.701301053144605224e-01 -4.904011787348272478e-01 -2.668568261464830282e+00
4.174174174174174468e+00 2.649537932649661531e-01 -5.171135737444851888e-01 -2.618646740964726050e+00
4.184184184184184474e+00 2.595150920253843640e-01 -5.433262538342221726e-01 -2.566119114791207245e+00
4.194194194194194480e+00 2.538192648796370188e-01 -5.690131318601602262e-01 -2.511026790298420241e+00
4.204204204204204487e+00 2.478718320951880660e-01 -5.941485351664507197e-01 -2.453413922343157694e+00
4.214214214214214493e+00 2.416785664987135540e-01 -6.187072330878036208e-01 -2.393327461713346427e+00
4.224224224224224500e+00 2.352454887716186049e-01 -6.426644649367860840e-01 -2.330817198449434802e+00
4.234234234234234506e+00 2.285788624610603781e-01 -6.659959684247683809e-01 -2.265935799213063540e+00
4.244244244244244513e+00 2.216851887027327384e-01 -6.886780084569311677e-01 -2.198738837882942221e+00
4.254254254254254519e+00 2.145712006523469717e-01 -7.106874062335372111e-01 -2.129284818591358430e+00
4.264264264264264526e+00 2.072438576235001439e-01 -7.320015685817991002e-01 -2.057635190456289731e+00
4.274274274274274532e+00 1.997103389304549503e-01 -7.525985174352154417e-01 -1.983854353313386776e+00
4.284284284284284539e+00 1.919780374352569041e-01 -7.724569193702843783e-01 -1.908009653809008332e+00
4.294294294294294545e+00 1.840545527995801345e-01 -7.915561151041082821e-01 -1.830171371279639692e+00
4.304304304304304551e+00 1.759476844427167730e-01 -8.098761488506511785e-01 -1.750412692914010915e+00
4.314314314314314558e+00 1.676654242081985768e-01 -8.273977974283690529e-01 -1.668809677771553535e+00
4.324324324324324564e+00 1.592159487426564046e-01 -8.441025990076638230e-01 -1.585441209313903421e+00
4.334334334334334571e+00 1.506076115916736291e-01 -8.599728813831784002e-01 -1.500388936194279044e+00
4.344344344344344577e+00 1.418489350185666020e-01 -8.749917896533914163e-01 -1.413737201142004407e+00
4.354354354354354584e+00 1.329486015532178045e-01 -8.891433131883463847e-01 -1.325572957875351898e+00
4.364364364364364590e+00 1.239154452792871064e-01 -9.024123117656772664e-01 -1.235985676074365713e+00
4.374374374374374597e+00 1.147584428693230463e-01 -9.147845407554106023e-01 -1.145067234545431800e+00
4.384384384384384603e+00 1.054867043784787628e-01 -9.262466752353448740e-01 -1.052911802810061914e+00
4.394394394394394610e+00 9.610946380869767047e-02 -9.367863329211312262e-01 -9.596157114506533858e-01
4.404404404404404616e+00 8.663606945636018186e-02 -9.463920957985151317e-01 -8.652773116447686208e-01
4.414414414414414622e+00 7.707597405746614838e-02 -9.550535303495137907e-01 -7.699968244157056052e-01
4.424424424424424629e+00 6.743872474545822837e-02 -9.627612062695909412e-01 -6.738761802197245077e-01
4.434434434434434635e+00 5.773395283775955428e-02 -9.695067135790976787e-01 -5.770188495782100357e-01
4.444444444444444642e+00 4.797136346799639461e-02 -9.752826780393399897e-01 -4.795296655452797041e-01
4.454454454454454648e+00 3.816072508169464361e-02 -9.800827747915450416e-01 -3.815146388769405927e-01
4.464464464464464655e+00 2.831185881397023721e-02 -9.839017401456685574e-01 -2.830807668359425766e-01
4.474474474474474661e+00 1.843462776837126449e-02 -9.867353814553376790e-01 -1.843358366261885761e-01
4.484484484484484668e+00 8.538926216567769428e-03 -9.885805850251694338e-01 -8.538822450120184260e-02
4.494494494494494674e+00 -1.365331260981410971e-03 -9.894353220071634425e-01 1.365330836789081272e-02
4.504504504504504681e+00 -1.126822067293066845e-02 -9.892986522537311478e-01 1.126798221486163126e-01
4.514514514514514687e+00 -2.115981953285155787e-02 -9.881707261060973524e-01 2.115824055911897095e-01
4.524524524524524693e+00 -3.103021777217275165e-02 -9.860527841081875300e-01 3.102523831144450295e-01
4.534534534534534700e+00 -4.086952862950590792e-02 -9.829471546475824217e-01 4.085815205892898705e-01
4.544544544544544706e+00 -5.066789949573792529e-02 -9.788572495365784887e-01 5.064622286877231705e-01
4.554554554554554713e+00 -6.041552269451391788e-02 -9.737875575577223941e-01 6.037877626886203331e-01
4.564564564564564719e+00 -7.010264617809036647e-02 -9.677436360092878109e-01 7.004524176651193423e-01
4.574574574574574726e+00 -7.971958411900051389e-02 -9.607321002969242407e-01 7.963517180221258984e-01
4.584584584584584732e+00 -8.925672737854038752e-02 -9.527606116280340487e-01 8.913826004056633057e-01
4.594594594594594739e+00 -9.870455383374783509e-02 -9.438378628752246424e-01 9.854435890678747700e-01
4.604604604604604745e+00 -1.080536385453029352e-01 -9.339735626843550520e-01 1.078434962841702482e+00
4.614614614614614752e+00 -1.172946637496189021e-01 -9.231784179111648392e-01 1.170258912956775088e+00
4.624624624624624758e+00 -1.264184286593102446e-01 -9.114641144781641113e-01 1.260819691011935362e+00
4.634634634634634764e+00 -1.354158590572113186e-01 -8.988432967503169335e-01 1.350023746509149136e+00
4.644644644644644771e+00 -1.442780166701643496e-01 -8.853295455340091102e-01 1.437779853447227252e+00
4.654654654654654777e+00 -1.529961083098921870e-01 -8.709373548088116257e-01 1.523999225570847660e+00
4.664664664664664784e+00 -1.615614947694077042e-01 -8.556821073055999038e-01 1.608595619969651613e+00
4.674674674674674790e+00 -1.699656994645793173e-01 -8.395800490476454936e-01 1.691485428822714132e+00
4.684684684684684797e+00 -1.782004168116598231e-01 -8.226482629733440355e-01 1.772587759184325318e+00
4.694694694694694803e+00 -1.862575203327838103e-01 -8.049046417602877534e-01 1.851824500806773299e+00
4.704704704704704810e+00 -1.941290704826379721e-01 -7.863678599704301275e-01 1.929120382093685526e+00
4.714714714714714816e+00 -2.018073221906976078e-01 -7.670573456351580388e-01 2.004403014372535097e+00
4.724724724724724823e+00 -2.092847321145934469e-01 -7.469932513971947463e-01 2.077602924766228210e+00
4.734734734734734829e+00 -2.165539656013147629e-01 -7.261964253234587385e-01 2.148653578030513600e+00
4.744744744744744835e+00 -2.236079033540608052e-01 -7.046883814993294415e-01 2.217491387805478276e+00
4.754754754754754842e+00 -2.304396478036132012e-01 -6.824912705102855748e-01 2.284055717805050012e+00
4.764764764764764848e+00 -2.370425291841100623e-01 -6.596278499116364769e-01 2.348288873537550447e+00
4.774774774774774855e+00 -2.434101113140512973e-01 -6.361214547811304687e-01 2.410136085212556623e+00
4.784784784784784861e+00 -2.495361970842481514e-01 -6.119959684426664603e-01 2.469545482544154069e+00
4.794794794794794868e+00 -2.554148336552413689e-01 -5.872757934422244697e-01 2.526468062207856136e+00
4.804804804804804874e+00 -2.610403173674490929e-01 -5.619858228495532293e-01 2.580857648747796329e+00
4.814814814814814881e+00 -2.664071983679613953e-01 -5.361514119511768817e-01 2.632670849762116738e+00
4.824824824824824887e+00 -2.715102849584718481e-01 -5.097983503919965020e-01 2.681867006217777849e+00
4.834834834834834894e+00 -2.763446476693250942e-01 -4.829528348142410055e-01 2.728408138761277080e+00
4.844844844844844900e+00 -2.809056230650592845e-01 -4.556414420338478766e-01 2.772258890899098382e+00
4.854854854854854906e+00 -2.851888172871374638e-01 -4.278911027856086569e-01 2.813386469921337341e+00
4.864864864864864913e+00 -2.891901093397867828e-01 -3.997290760596693415e-01 2.851760586433933486e+00
4.874874874874874919e+00 -2.929056541250051326e-01 -3.711829240433136556e-01 2.887353393349766151e+00
4.884884884884884926e+00 -2.963318852328474251e-01 -3.422804876734461543e-01 2.920139425166628833e+00
4.894894894894894932e+00 -2.994655174930767050e-01 -3.130498627969033332e-01 2.950095538331308109e+00
4.904904904904904939e+00 -3.023035492941549829e-01 -2.835193769277210563e-01 2.977200853453962459e+00
4.914914914914914945e+00 -3.048432646753645447e-01 -2.537175665828365623e-01 3.001436700096150823e+00
4.924924924924924952e+00 -3.070822351975914244e-01 -2.236731551704626841e-01 3.022786564809613719e+00
4.934934934934934958e+00 -3.090183215979777631e-01 -1.934150313985947001e-01 3.041236043051770643e+00
4.944944944944944965e+00 -3.106496752332614797e-01 -1.629722281648432469e-01 3.056772795548245547e+00
4.954954954954954971e+00 -3.119747393161751980e-01 -1.323739018830790426e-01 3.069386509613111880e+00
4.964964964964964977e+00 -3.129922499487804433e-01 -1.016493121972621150e-01 3.079068865874376559e+00
4.974974974974974984e+00 -3.137012369560712166e-01 -7.082780202834944305e-02 3.085813510786047154e+00
4.984984984984984990e+00 -3.141010245226013020e-01 -3.993877789635699033e-02 3.089616035239348690e+00
4.994994994994994997e+00 -3.141912316342782008e-01 -9.011690456523682724e-03 3.090473959514835833e+00
5.005005005005005003e+00 -3.139717723268318217e-01 2.192398481389508380e-02 3.088386724744727196e+00
5.015015015015015010e+00 -3.134428557418130756e-01 5.283876684337182605e-02 3.083355690981266051e+00
5.025025025025025016e+00 -3.126049859903164418e-01 8.370318817451562199e-02 3.075384141892739898e+00
5.035035035035035023e+00 -3.114589618239552160e-01 1.144878142194879767e-01 3.064477296034526788e+00
5.045045045045045029e+00 -3.100058761119607875e-01 1.451632626282419736e-01 3.050642324568574981e+00
5.055055055055055035e+00 -3.082471151226301442e-01 1.757002228341336125e-01 3.033888375231592160e+00
5.065065065065065042e+00 -3.061843576067196926e-01 2.060694758394548409e-01 3.014226602280416056e+00
5.075075075075075048e+00 -3.038195736797855706e-01 2.362419143007202516e-01 2.991670202073011708e+00
5.085085085085085055e+00 -3.011550234999044728e-01 2.661885629701197797e-01 2.966234453875795651e+00
5.095095095095095061e+00 -2.981932557366867020e-01 2.958805995454530380e-01 2.937936765422983765e+00
5.105105105105105068e+00 -2.949371058270158774e-01 3.252893759761135151e-01 2.906796722691952439e+00
5.115115115115115074e+00 -2.913896940125281221e-01 3.543864402673242431e-01 2.872836143300534495e+00
5.125125125125125081e+00 -2.875544231534802875e-01 3.831435588188811248e-01 2.836079132878388975e+00
5.135135135135135087e+00 -2.834349763133583999e-01 4.115327393281743018e-01 2.796552143715396177e+00
5.145145145145145094e+00 -2.790353141083505850e-01 4.395262542802803596e-01 2.754284034946004045e+00
5.155155155155155100e+00 -2.743596718156529057e-01 4.670966650405006249e-01 2.709306133489988166e+00
5.165165165165165106e+00 -2.694125562345026093e-01 4.942168465569168889e-01 2.661652294937578045e+00
5.175175175175175113e+00 -2.641987422938378849e-01 5.208600126724081125e-01 2.611358963540851619e+00
5.185185185185185119e+00 -2.587232694005728306e-01 5.469997420371813801e-01 2.558465230453925709e+00
5.195195195195195126e+00 -2.529914375226520185e-01 5.726100046042876812e-01 2.503012889352265624e+00
5.205205205205205132e+00 -2.470088030013118108e-01 5.976651886818878934e-01 2.445046488556595232e+00
5.215215215215215139e+00 -2.407811740873250228e-01 6.221401285072791776e-01 2.384613378789669280e+00
5.225225225225225145e+00 -2.343146061964444804e-01 6.460101322989675321e-01 2.321763755704843391e+00
5.235235235235235152e+00 -2.276153968797832994e-01 6.692510107344514791e-01 2.256550696343950779e+00
5.245245245245245158e+00 -2.206900805054795023e-01 6.918391057929494936e-01 2.189030188708661839e+00
5.255255255255255165e+00 -2.135454226486813434e-01 7.137513198941373149e-01 2.119261153664176334e+00
5.265265265265265171e+00 -2.061884141876589027e-01 7.349651452561410947e-01 2.047305458436715853e+00
5.275275275275275177e+00 -1.986262651046895311e-01 7.554586933886406896e-01 1.973227921016716291e+00
5.285285285285285184e+00 -1.908663979912756381e-01 7.752107246300492527e-01 1.897096304837545766e+00
5.295295295295295190e+00 -1.829164412582283405e-01 7.942006776314260996e-01 1.818981303164744379e+00
5.305305305305305197e+00 -1.747842220521810264e-01 8.124086986841262403e-01 1.738956512702689361e+00
5.315315315315315203e+00 -1.664777588811774955e-01 8.298156707832522461e-01 1.657098396003761076e+00
5.325325325325325210e+00 -1.580052539531012212e-01 8.464032423148214468e-01 1.573486232348918712e+00
5.335335335335335216e+00 -1.493750852318675160e-01 8.621538552512471032e-01 1.488202056857371725e+00
5.345345345345345223e+00 -1.405957982174800558e-01 8.770507727373069162e-01 1.401330587676022921e+00
5.355355355355355229e+00 -1.316760974572470655e-01 8.910781059472770993e-01 1.312959141195680024e+00
5.365365365365365236e+00 -1.226248377966526748e-01 9.042208400933799961e-01 1.223177535339811328e+00
5.375375375375375242e+00 -1.134510153795740967e-01 9.164648594661508607e-01 1.132077981071868411e+00
5.385385385385385248e+00 -1.041637584087153207e-01 9.277969713887921355e-01 1.039754962367916979e+00
5.395395395395395255e+00 -9.477231767828436793e-02 9.382049289700525874e-01 9.463051050014454901e-01
5.405405405405405261e+00 -8.528605689206174290e-02 9.476774525436406638e-01 8.518270345857243964e-01
5.415415415415415268e+00 -7.571444278108435677e-02 9.562042496866408614e-01 7.564212244148509345e-01
5.425425425425425274e+00 -6.606703503619129614e-02 9.637760337148175704e-01 6.601898337366167713e-01
5.435435435435435281e+00 -5.635347607163646716e-02 9.703845405590278972e-01 5.632365371775022167e-01
5.445445445445445287e+00 -4.658348063685991552e-02 9.760225439341780884e-01 4.656663461214476385e-01
5.455455455455455294e+00 -3.676682529431558877e-02 9.806838687201785421e-01 3.675854229186245603e-01
5.465465465465465300e+00 -2.691333778197197227e-02 9.843634024831277030e-01 2.691008888673481203e-01
5.475475475475475307e+00 -1.703288627972580557e-02 9.870571050743924824e-01 1.703206269707326082e-01
5.485485485485485313e+00 -7.135368599492769234e-03 9.887620162552807068e-01 7.135308051899816317e-02
5.495495495495495319e+00 2.769298680842772684e-03 9.894762613055209099e-01 -2.769295141211857922e-02
5.505505505505505326e+00 1.267119111912784306e-02 9.891990545846788274e-01 -1.267085204270926857e-01
5.515515515515515332e+00 2.256038732560281673e-02 9.879307010268500999e-01 -2.255847361020168473e-01
5.525525525525525339e+00 3.242697987375459806e-02 9.856725955603634626e-01 -3.242129729553532846e-01
5.535535535535535345e+00 4.226108618462251498e-02 9.824272204557052968e-01 -4.224850759547574830e-01
5.545545545545545352e+00 5.205285936396503860e-02 9.781981406163183790e-01 -5.202935634306466994e-01
5.555555555555555358e+00 6.179249897195536467e-02 9.729899968382338393e-01 -6.175318262918569889e-01
5.565565565565565365e+00 7.147026170544437673e-02 9.668084970755526086e-01 -7.140943224738118822e-01
5.575575575575575371e+00 8.107647197330722366e-02 9.596604057594984027e-01 -8.098767655947012312e-01
5.585585585585585378e+00 9.060153234597009830e-02 9.515535312290208658e-01 -9.047763068496648131e-01
5.595595595595595384e+00 1.000359338608913795e-01 9.424967113406358399e-01 -9.986917092362733728e-01
5.605605605605605390e+00 1.093702661665396925e-01 9.324997973342666890e-01 -1.091523513275886259e+00
5.615615615615615397e+00 1.185952274882635521e-01 9.215736360402138061e-01 -1.183174193473948588e+00
5.625625625625625403e+00 1.277016344003752135e-01 9.097300505199540366e-01 -1.273548304847009982e+00
5.635635635635635410e+00 1.366804313897666545e-01 8.969818192402041479e-01 -1.362552618934241622e+00
5.645645645645645416e+00 1.455227001974293832e-01 8.833426538855070342e-01 -1.450096248805465837e+00
5.655655655655655423e+00 1.542196689253521602e-01 8.688271759194863275e-01 -1.536090762675141441e+00
5.665665665665665429e+00 1.627627208974124495e-01 8.534508920088242911e-01 -1.620450285831279924e+00
5.675675675675675436e+00 1.711434032640483660e-01 8.372301684269296551e-01 -1.703091590688877055e+00
5.685685685685685442e+00 1.793534353416877114e-01 8.201822045561700802e-01 -1.783934174878005985e+00
5.695695695695695449e+00 1.873847166791095531e-01 8.023250056084423321e-01 -1.862900327376275644e+00
5.705705705705705455e+00 1.952293348441120902e-01 7.836773546837548787e-01 -1.939915182792882664e+00
5.715715715715715461e+00 2.028795729250472968e-01 7.642587842854277058e-01 -2.014906764006038742e+00
5.725725725725725468e+00 2.103279167429500940e-01 7.440895474084904260e-01 -2.087806013446298792e+00
5.735735735735735474e+00 2.175670617711276122e-01 7.231905883149338798e-01 -2.158546813404419673e+00
5.745745745745745481e+00 2.245899197601734509e-01 7.015835131056804563e-01 -2.227065995823109379e+00
5.755755755755755487e+00 2.313896250674260802e-01 6.792905601945382621e-01 -2.293303342106794318e+00
5.765765765765765494e+00 2.379595406908901478e-01 6.563345707840598786e-01 -2.357201573551694018e+00
5.775775775775775500e+00 2.442932640085797857e-01 6.327389594371960468e-01 -2.418706333059697844e+00
5.785785785785785507e+00 2.503846322251162548e-01 6.085276848319938203e-01 -2.477766158853275336e+00
5.795795795795795513e+00 2.562277275282134337e-01 5.837252207794084713e-01 -2.534332450954761118e+00
5.805805805805805520e+00 2.618168819584101858e-01 5.583565275766581015e-01 -2.588359431231538110e+00
5.815815815815815526e+00 2.671466819960530703e-01 5.324470237605265499e-01 -2.639804097838854169e+00
5.825825825825825532e+00 2.722119728700940766e-01 5.060225583166941821e-01 -2.688626174914117151e+00
5.835835835835835539e+00 2.770078625937439920e-01 4.791093833926289292e-01 -2.734788058390699828e+00
5.845845845845845545e+00 2.815297257324114732e-01 4.517341275528821698e-01 -2.778254758805486446e+00
5.855855855855855552e+00 2.857732069096575178e-01 4.239237696068813288e-01 -2.818993841972905479e+00
5.865865865865865558e+00 2.897342240571107452e-01 3.957056130305759978e-01 -2.856975368389191416e+00
5.875875875875875565e+00 2.934089714144145211e-01 3.671072609946481879e-01 -2.892171832214370575e+00
5.885885885885885571e+00 2.967939222853205328e-01 3.381565920035133344e-01 -2.924558100656315496e+00
5.895895895895895578e+00 2.998858315560020693e-01 3.088817361410877704e-01 -2.954111354551493651e+00
5.905905905905905584e+00 3.026817379815410214e-01 2.793110519113430890e-01 -2.980811030901155512e+00
5.915915915915915591e+00 3.051789662463465502e-01 2.494731036540742686e-01 -3.004638768080077682e+00
5.925925925925925597e+00 3.073751288039954788e-01 2.193966395091285493e-01 -3.025578354388006375e+00
5.935935935935935603e+00 3.092681275016495035e-01 1.891105698956350167e-01 -3.043615680562134607e+00
5.945945945945945610e+00 3.108561549938075319e-01 1.586439464665846399e-01 -3.058738696812706159e+00
5.955955955955955616e+00 3.121376959496982573e-01 1.280259414934844797e-01 -3.070937374883691007e+00
5.965965965965965623e+00 3.131115280581145410e-01 9.728582763078488793e-02 -3.080203675576846489e+00
5.975975975975975629e+00 3.137767228329432778e-01 6.645295800539104125e-02 -3.086531522110889547e+00
5.985985985985985636e+00 3.141326462220608851e-01 3.555674657284961515e-02 -3.089916779618445908e+00
5.995995995995995642e+00 3.141789590216481631e-01 4.626648678771088513e-03 -3.090357241012324785e+00
6.006006006006005649e+00 3.139156170973411708e-01 -2.630785823826918904e-02 -3.087852619380093255e+00
6.016016016016015655e+00 3.133428714129798398e-01 -5.721729386769953962e-02 -3.082404546992250083e+00
6.026026026026025662e+00 3.124612678670539712e-01 -8.807219423799232672e-02 -3.074016580935128307e+00
6.036036036036035668e+00 3.112716469362822869e-01 -1.188431309840896899e-01 -3.062694215305357126e+00
6.046046046046045674e+00 3.097751431251021259e-01 -1.495007307368960703e-01 -3.048444899828871790e+00
6.056056056056055681e+00 3.079731842192047764e-01 -1.800156946991470219e-01 -3.031278064694477692e+00
6.066066066066065687e+00 3.058674903406276013e-01 -2.103588184698625130e-01 -3.011205151320397455e+00
6.076076076076075694e+00 3.034600728013205351e-01 -2.405010121767733877e-01 -2.988239648702488704e+00
6.086086086086085700e+00 3.007532327515448078e-01 -2.704133209725940734e-01 -2.962397134925444764e+00
6.096096096096095707e+00 2.977495596189440041e-01 -3.000669459468227607e-01 -2.933695323353719964e+00
6.106106106106105713e+00 2.944519293336596011e-01 -3.294332654999130305e-01 -2.902154112957695098e+00
6.116116116116115720e+00 2.908635023344482984e-01 -3.584838572212112884e-01 -2.867795642173123216e+00
6.126126126126125726e+00 2.869877213504039570e-01 -3.871905203060272971e-01 -2.830644345638723358e+00
6.136136136136135732e+00 2.828283089525996385e-01 -4.155252985406491240e-01 -2.790727013108314392e+00
6.146146146146145739e+00 2.783892648697460781e-01 -4.434605038770687013e-01 -2.748072849790611727e+00
6.156156156156155745e+00 2.736748630618210387e-01 -4.709687406117094577e-01 -2.702713537332162907e+00
6.166166166166165752e+00 2.686896485455588235e-01 -4.980229301745939807e-01 -2.654683294627306456e+00
6.176176176176175758e+00 2.634384339657067642e-01 -5.245963365272197088e-01 -2.604018937613849616e+00
6.186186186186185765e+00 2.579262959060572014e-01 -5.506625921589899386e-01 -2.550759937194873928e+00
6.196196196196195771e+00 2.521585709344511539e-01 -5.761957246634431540e-01 -2.494948474415807471e+00
6.206206206206205778e+00 2.461408513762248784e-01 -6.011701838668045417e-01 -2.436629492022186927e+00
6.216216216216215784e+00 2.398789808109332566e-01 -6.255608694726322305e-01 -2.375850741527411714e+00
6.226226226226225791e+00 2.333790492876338385e-01 -6.493431591776113176e-01 -2.312662824931552841e+00
6.236236236236235797e+00 2.266473882545512186e-01 -6.724929372049541776e-01 -2.247119230252028199e+00
6.246246246246245803e+00 2.196905651995615938e-01 -6.949866231934629379e-01 -2.179276360054746675e+00
6.256256256256255810e+00 2.125153779986387881e-01 -7.168012013721891673e-01 -2.109193552210123279e+00
6.266266266266265816e+00 2.051288489701817153e-01 -7.379142499428610336e-01 -2.036933092142125368e+00
6.276276276276275823e+00 1.975382186339962876e-01 -7.583039705849243806e-01 -1.962560215889992188e+00
6.286286286286285829e+00 1.897509391746245999e-01 -7.779492179912306238e-01 -1.886143103361278550e+00
6.296296296296295836e+00 1.817746676096977931e-01 -7.968295293361883358e-01 -1.807752861221000540e+00
6.306306306306305842e+00 1.736172586650267802e-01 -8.149251535726347306e-01 -1.727463494934497801e+00
6.316316316316315849e+00 1.652867573592324280e-01 -8.322170804488558948e-01 -1.645351869560651492e+00
6.326326326326325855e+00 1.567913913018435801e-01 -8.486870691331467320e-01 -1.561497658976654934e+00
6.336336336336335862e+00 1.481395627099506007e-01 -8.643176763301102516e-01 -1.475983283304976856e+00
6.346346346346345868e+00 1.393398401496843408e-01 -8.790922837706005577e-01 -1.388893834406652372e+00
6.356356356356355874e+00 1.304009500099861107e-01 -8.929951249558523152e-01 -1.300316989401781864e+00
6.366366366366365881e+00 1.213317677173339632e-01 -9.060113110359502286e-01 -1.210342912277151184e+00
6.376376376376375887e+00 1.121413087012840260e-01 -9.181268557033891442e-01 -1.119064143741266948e+00
6.386386386386385894e+00 1.028387191218637781e-01 -9.293286989840825463e-01 -1.026575479587802597e+00
6.396396396396395900e+00 9.343326637100504706e-02 -9.396047298107872425e-01 -9.329738379284115979e-01
6.406406406406405907e+00 8.393432936132008693e-02 -9.489438072675281388e-01 -8.383581157540420659e-01
6.416416416416416801e+00 7.435138861659251752e-02 -9.573357803981999981e-01 -7.428290353791764389e-01
6.426426426426426808e+00 6.469401617937459159e-02 -9.647715064780716387e-01 -6.464889814148551128e-01
6.436436436436436814e+00 5.497186535201327440e-02 -9.712428676533955141e-01 -5.494418290025692153e-01
6.446446446446446821e+00 4.519466028833329929e-02 -9.767427858616294367e-01 -4.517927641218436041e-01
6.456456456456456827e+00 3.537218545396954988e-02 -9.812652359529391299e-01 -3.536480968575784756e-01
6.466466466466466834e+00 2.551427497406460326e-02 -9.848052569425044256e-01 -2.551150685791575001e-01
6.476476476476476840e+00 1.563080188765133410e-02 -9.873589613326861913e-01 -1.563016540404786880e-01
6.486486486486486847e+00 5.731667328550111781e-03 -9.889235424542125452e-01 -5.731635945802580206e-02
6.496496496496496853e+00 -4.173210346986668678e-03 -9.894972797861246727e-01 4.173198233778020738e-02
6.506506506506506859e+00 -1.407390646535689425e-02 -9.890795422251859037e-01 1.407344185548891624e-01
6.516516516516516866e+00 -2.396050095271123198e-02 -9.876707892866984917e-01 2.395820837553508387e-01
6.526526526526526872e+00 -3.382308924330270500e-02 -9.852725702300884070e-01 3.381664066879009889e-01
6.536536536536536879e+00 -4.365179315835869545e-02 -9.818875211140933867e-01 4.363793154954470066e-01
6.546546546546546885e+00 -5.343677173491347132e-02 -9.775193597978226734e-01 5.341134401709769497e-01
6.556556556556556892e+00 -6.316823198431517628e-02 -9.721728789152302985e-01 6.312623111615833782e-01
6.566566566566566898e+00 -7.283643956050697699e-02 -9.658539368615608467e-01 7.277205530568171543e-01
6.576576576576576905e+00 -8.243172931867485953e-02 -9.585694468409721170e-01 8.233840723440339904e-01
6.586586586586586911e+00 -9.194451574544888761e-02 -9.503273640347255080e-01 9.181502382691876241e-01
6.596596596596596918e+00 -1.013653032425355510e-01 -9.411366709589579216e-01 1.011918055905988156e+00
6.606606606606606924e+00 -1.106846962464397427e-01 -9.310073610900291285e-01 1.104588330608724078e+00
6.616616616616616930e+00 -1.198934091677980596e-01 -9.199504208436956043e-01 1.196063823103453716e+00
6.626626626626626937e+00 -1.289822761347832469e-01 -9.079778100018192077e-01 1.286249394557809955e+00
6.636636636636636943e+00 -1.379422605260437751e-01 -8.951024406869262373e-01 1.375052141060318256e+00
6.646646646646646950e+00 -1.467644642797036880e-01 -8.813381549906267320e-01 1.462381517034882839e+00
6.656656656656656956e+00 -1.554401369660565746e-01 -8.666997013666539740e-01 1.548149447213885477e+00
6.666666666666666963e+00 -1.639606846127337758e-01 -8.512027099030514687e-01 1.632270426893098758e+00
6.676676676676676969e+00 -1.723176782723014333e-01 -8.348636665908082399e-01 1.714661610292271821e+00
6.686686686686686976e+00 -1.805028623234326002e-01 -8.176998867080027544e-01 1.795242886945734861e+00
6.696696696696696982e+00 -1.885081624979999260e-01 -7.997294874392766317e-01 1.873936946146696592e+00
6.706706706706706989e+00 -1.963256936276317477e-01 -7.809713598502205922e-01 1.950669329566059096e+00
6.716716716716716995e+00 -2.039477671044590268e-01 -7.614451403350448455e-01 2.025368472260656638e+00
6.726726726726727001e+00 -2.113668980519440854e-01 -7.411711816537569497e-01 2.097965732375939307e+00
6.736736736736737008e+00 -2.185758122028151063e-01 -7.201705236720158387e-01 2.168395409933516760e+00
6.746746746746747014e+00 -2.255674524822237348e-01 -6.984648639129216185e-01 2.236594755173908045e+00
6.756756756756757021e+00 -2.323349852952897587e-01 -6.760765280252949427e-01 2.302503966998678209e+00
6.766766766766767027e+00 -2.388718065191891560e-01 -6.530284402675504696e-01 2.366066182123386596e+00
6.776776776776777034e+00 -2.451715472008723362e-01 -6.293440941001492428e-01 2.427227455612892104e+00
6.786786786786787040e+00 -2.512280789623627664e-01 -6.050475229728931037e-01 2.485936733523276043e+00
6.796796796796797047e+00 -2.570355191163775088e-01 -5.801632713860734869e-01 2.542145818419601522e+00
6.806806806806807053e+00 -2.625882354957247422e-01 -5.547163662967882214e-01 2.595809328575825248e+00
6.816816816816817060e+00 -2.678808510005662447e-01 -5.287322889336668608e-01 2.646884651692189117e+00
6.826826826826827066e+00 -2.729082478681827406e-01 -5.022369470748861975e-01 2.695331893986470995e+00
6.836836836836837072e+00 -2.776655716703427257e-01 -4.752566478357823643e-01 2.741113825528449066e+00
6.846846846846847079e+00 -2.821482350437528042e-01 -4.478180710036657741e-01 2.784195822692081101e+00
6.856856856856857085e+00 -2.863519211593553160e-01 -4.199482429486899870e-01 2.824545808597323848e+00
6.866866866866867092e+00 -2.902725869364413680e-01 -3.916745111308989613e-01 2.862134192403452460e+00
6.876876876876877098e+00 -2.939064660076620705e-01 -3.630245192149484934e-01 2.896933808298514545e+00
6.886886886886887105e+00 -2.972500714410509226e-01 -3.340261827955439689e-01 2.928919855005438944e+00
6.896896896896897111e+00 -3.003001982251192192e-01 -3.047076657284224499e-01 2.958069836594702906e+00
6.906906906906907118e+00 -3.030539255229550699e-01 -2.750973570538007840e-01 2.984363505356750323e+00
6.916916916916917124e+00 -3.055086187010498944e-01 -2.452238484916711703e-01 3.007782807444918660e+00
6.926926926926927131e+00 -3.076619311382992605e-01 -2.151159124812115353e-01 3.028311831951975730e+00
6.936936936936937137e+00 -3.095118058202806499e-01 -1.848024807299405159e-01 3.045936764030874766e+00
6.946946946946947143e+00 -3.110564767235052264e-01 -1.543126232321339608e-01 3.060645842613531453e+00
6.956956956956957150e+00 -3.122944699938803859e-01 -1.236755277104770040e-01 3.072429323220736919e+00
6.966966966966967156e+00 -3.132246049231094953e-01 -9.292047942998915566e-02 3.081279446292263025e+00
6.976976976976977163e+00 -3.138459947262022265e-01 -6.207684132896551521e-02 3.087190411399236556e+00
6.986986986986987169e+00 -3.141580471226792515e-01 -3.117403440805224801e-02 3.090158357631465513e+00
6.996996996996997176e+00 -3.141604647234364500e-01 -2.415183156451970736e-04 3.090181350381075553e+00
7.007007007007007182e+00 -3.138532452245934579e-01 3.069122793441560887e-02 3.087259374671033729e+00
7.017017017017017189e+00 -3.132366814089941331e-01 6.159472517836989125e-02 3.081394335103369464e+00
7.027027027027027195e+00 -3.123113609553651027e-01 9.243951331754274303e-02 3.072590062427684732e+00
7.037037037037037202e+00 -3.110781660544731930e-01 1.231961705991011374e-01 3.060852326656272382e+00
7.047047047047047208e+00 -3.095382728309687415e-01 1.538353330280928521e-01 3.046188856578442294e+00
7.057057057057057214e+00 -3.076931505689585178e-01 1.843277139748240034e-01 3.028609365453798663e+00
7.067067067067067221e+00 -3.055445607387340390e-01 2.146441240394265926e-01 3.008125582592899860e+00
7.077077077077077227e+00 -3.030945558214913071e-01 2.447554912325486942e-01 2.984751290464281226e+00
7.087087087087087234e+00 -3.003454779283232789e-01 2.746328815274864388e-01 2.958502366899820490e+00
7.097097097097097240e+00 -2.972999572092562826e-01 3.042475198347919241e-01 2.929396831906287524e+00
7.107107107107107247e+00 -2.939609100476400227e-01 3.335708114454654649e-01 2.897454898530220646e+00
7.117117117117117253e+00 -2.903315370347941404e-01 3.625743639833055032e-01 2.862699027166352828e+00
7.127127127127127260e+00 -2.864153207194699569e-01 3.912300099008865772e-01 2.825153982647279349e+00
7.137137137137137266e+00 -2.822160231264068675e-01 4.195098295470054972e-01 2.784846893404319790e+00
7.147147147147147273e+00 -2.777376830380552386e-01 4.473861748263280314e-01 2.741807311946987014e+00
7.157157157157157279e+00 -2.729846130334062093e-01 4.748316934644359888e-01 2.696067275871707469e+00
7.167167167167167285e+00 -2.679613962778149006e-01 5.018193538835722389e-01 2.647661368579674157e+00
7.177177177177177292e+00 -2.626728830577331197e-01 5.283224706861715525e-01 2.596626778859554285e+00
7.187187187187187298e+00 -2.571241870543816144e-01 5.543147307348157415e-01 2.543003358473377329e+00
7.197197197197197305e+00 -2.513206813505916015e-01 5.797702198086233105e-01 2.486833676873798193e+00
7.207207207207207311e+00 -2.452679941653327367e-01 6.046634498073599762e-01 2.428163072178207038e+00
7.217217217217217318e+00 -2.389720043108202185e-01 6.289693864658004729e-01 2.367039697530188391e+00
7.227227227227227324e+00 -2.324388363675552738e-01 6.526634775321686899e-01 2.303514561991700127e+00
7.237237237237237331e+00 -2.256748555732018269e-01 6.757216813559093760e-01 2.237641565130231491e+00
7.247247247247247337e+00 -2.186866624218336830e-01 6.981204958216774559e-01 2.169477524494136667e+00
7.257257257257257343e+00 -2.114810869707990926e-01 7.198369875583554567e-01 2.099082195206257051e+00
7.267267267267267350e+00 -2.040651828532394907e-01 7.408488213442038228e-01 2.026518280950837969e+00
7.277277277277277356e+00 -1.964462209951615135e-01 7.611342896219900345e-01 1.951851435681283276e+00
7.287287287287287363e+00 -1.886316830368911235e-01 7.806723420312120520e-01 1.875150255436357938e+00
7.297297297297297369e+00 -1.806292544597299377e-01 7.994426148584028446e-01 1.796486259719535017e+00
7.307307307307307376e+00 -1.724468174196794878e-01 8.174254603010407960e-01 1.715933861969947349e+00
7.317317317317317382e+00 -1.640924432911922415e-01 8.346019754358751097e-01 1.633570328733239485e+00
7.327327327327327389e+00 -1.555743849250405819e-01 8.509540307785501412e-01 1.549475727225923860e+00
7.337337337337337395e+00 -1.469010686255576015e-01 8.664642983183491465e-01 1.463732861076894265e+00
7.347347347347347402e+00 -1.380810858536886399e-01 8.811162789097094494e-01 1.376427194123782005e+00
7.357357357357357408e+00 -1.291231846634890712e-01 8.948943289009384516e-01 1.287646762238938924e+00
7.367367367367367414e+00 -1.200362608809034115e-01 9.077836858803072229e-01 1.197482073259141577e+00
7.377377377377377421e+00 -1.108293490348529753e-01 9.197704934204388172e-01 1.106025995193587796e+00
7.387387387387387427e+00 -1.015116130518333853e-01 9.308418247036579496e-01 1.013373632985410167e+00
7.397397397397397434e+00 -9.209233672637071044e-02 9.409857049137221319e-01 9.196221942017234197e-01
7.407407407407407440e+00 -8.258091398079404899e-02 9.501911322831086970e-01 8.248708441250391932e-01
7.417417417417417447e+00 -7.298683892884444413e-02 9.584480976897657989e-01 7.292205508137018510e-01
7.427427427427427453e+00 -6.331969575864508648e-02 9.657476027029159305e-01 6.327739207897200568e-01
7.437437437437437460e+00 -5.358914845149699568e-02 9.720816759840943400e-01 5.356350260979974021e-01
7.447447447447447466e+00 -4.380493035382886091e-02 9.774433879570472161e-01 4.379092235604771233e-01
7.457457457457457473e+00 -3.397683362041181709e-02 9.818268636683632478e-01 3.397029671212104529e-01
7.467467467467467479e+00 -2.411469854764228260e-02 9.852272937696766597e-01 2.411236142429507012e-01
7.477477477477477485e+00 -1.422840281629195180e-02 9.876409435618983546e-01 1.422792273718138101e-01
7.487487487487487492e+00 -4.327850663618215341e-03 9.890651600521066511e-01 4.327837153313547625e-02
7.497497497497497498e+00 5.577037994883985925e-03 9.894983769843702648e-01 -5.577009084165561459e-02
7.507507507507507505e+00 1.547633847353049007e-02 9.889401178167861461e-01 -1.547572067309998800e-01
7.517517517517517511e+00 2.536013223357340418e-02 9.873909966282876649e-01 -2.535741398402057700e-01
7.527527527527527518e+00 3.521851778863053367e-02 9.848527169502074852e-01 -3.521123772729089496e-01
7.537537537537537524e+00 4.504162157771018221e-02 9.813280685290572958e-01 -4.502639344165709212e-01
7.547547547547547531e+00 5.481960878530178077e-02 9.768209220384009850e-01 -5.479215569186056678e-01
7.557557557557557537e+00 6.454269408829423071e-02 9.713362217689455180e-01 -6.449789186573812172e-01
7.567567567567567544e+00 7.420115230988522104e-02 9.648799763369396709e-01 -7.413308146503038154e-01
7.577577577577577550e+00 8.378532896115209461e-02 9.574592474615613025e-01 -8.368733478890020283e-01
7.587587587587587556e+00 9.328565065156331493e-02 9.490821368720817608e-01 -9.315041091486890856e-01
7.597597597597597563e+00 1.026926353504135359e-01 9.397577714151379435e-01 -1.025122348884422774e+00
7.607607607607607569e+00 1.119969024819582742e-01 9.294962864413198744e-01 -1.117629140400405729e+00
7.617617617617617576e+00 1.211891828378985347e-01 9.183088075584329157e-01 -1.208927533558807443e+00
7.627627627627627582e+00 1.302603282918137761e-01 9.062074308461325334e-01 -1.298922698380916341e+00
7.637637637637637589e+00 1.392013213011542294e-01 8.932052016331103461e-01 -1.387522057984722057e+00
7.647647647647647595e+00 1.480032841834722779e-01 8.793160919435736300e-01 -1.474635410398289714e+00
7.657657657657657602e+00 1.566574881546872189e-01 8.645549767243715378e-01 -1.560175038886412402e+00
7.667667667667667608e+00 1.651553621183283749e-01 8.489376089677508341e-01 -1.644055810527979666e+00
7.677677677677677615e+00 1.734885011958794410e-01 8.324805938473506250e-01 -1.726195262882199710e+00
7.687687687687687621e+00 1.816486749895397657e-01 8.152013619866679273e-01 -1.806513678682197588e+00
7.697697697697697627e+00 1.896278355699185236e-01 7.971181419798391010e-01 -1.884934148593579772e+00
7.707707707707707634e+00 1.974181251823730610e-01 7.782499322842076905e-01 -1.961382622172340495e+00
7.717717717717717640e+00 2.050118836668856082e-01 7.586164726028028493e-01 -2.035787947250043750e+00
7.727727727727727647e+00 2.124016555875319623e-01 7.382382148725722404e-01 -2.108081898063717041e+00
7.737737737737737653e+00 2.195801970687234761e-01 7.171362939710335116e-01 -2.178199192532543904e+00
7.747747747747747660e+00 2.265404823364911002e-01 6.953324982499869966e-01 -2.246077499162547397e+00
7.757757757757757666e+00 2.332757099641198373e-01 6.728492400001117035e-01 -2.311657434133405520e+00
7.767767767767767673e+00 2.397793088224253744e-01 6.497095259447223103e-01 -2.374882549187764980e+00
7.777777777777777679e+00 2.460449437358863678e-01 6.259369278547547433e-01 -2.435699311002546441e+00
7.787787787787787686e+00 2.520665208466996154e-01 6.015555533702447999e-01 -2.494057072773342210e+00
7.797797797797797692e+00 2.578381926896050058e-01 5.765900171062473545e-01 -2.549908038786869557e+00
7.807807807807807698e+00 2.633543629810302655e-01 5.510654121133857775e-01 -2.603207222792394582e+00
7.817817817817817705e+00 2.686096911267270015e-01 5.250072817551035831e-01 -2.653912401010934285e+00
7.827827827827827711e+00 2.735990964526058278e-01 4.984415920552944246e-01 -2.701984060640925112e+00
7.837837837837837718e+00 2.783177621639310595e-01 4.713947045613912645e-01 -2.747385344730937540e+00
7.847847847847847724e+00 2.827611390383983347e-01 4.438933497592797983e-01 -2.790081994294020706e+00
7.857857857857857731e+00 2.869249488588953012e-01 4.159646010676479877e-01 -2.830042288534626138e+00
7.867867867867867737e+00 2.908051875919349660e-01 3.876358494306647584e-01 -2.867236984047973891e+00
7.877877877877877744e+00 2.943981283178536135e-01 3.589347785192736340e-01 -2.901639253833467436e+00
7.887887887887887750e+00 2.977003239188842909e-01 3.298893405429626502e-01 -2.933224626938733870e+00
7.897897897897897757e+00 3.007086095311535257e-01 3.005277326656980441e-01 -2.961970929519359252e+00
7.907907907907907763e+00 3.034201047665073814e-01 2.708783740118506089e-01 -2.987858228061814003e+00
7.917917917917917769e+00 3.058322157098553595e-01 2.409698832404610913e-01 -3.010868775473903192e+00
7.927927927927927776e+00 3.079426366974343243e-01 2.108310566591407587e-01 -3.030986960698667243e+00
7.937937937937937782e+00 3.097493518810413016e-01 1.804908468423372936e-01 -3.048199262454548197e+00
7.947947947947947789e+00 3.112506365828697774e-01 1.499783417126621388e-01 -3.062494207647250111e+00
7.957957957957957795e+00 3.124450584451171631e-01 1.193227440385155047e-01 -3.073862334937516927e+00
7.967967967967967802e+00 3.133314783780140611e-01 8.855335129639822778e-02 -3.082296163884565399e+00
7.977977977977977808e+00 3.139090513093664159e-01 5.769953584209828318e-02 -3.087790170017532088e+00
7.987987987987987815e+00 3.141772267381092720e-01 2.679072533141228785e-02 -3.090340766117635418e+00
7.997997997997997821e+00 3.141357490937472519e-01 -4.143616671767234860e-03 -3.089946289922161249e+00
8.008008008008008716e+00 3.137846579029135441e-01 -3.507400996428409329e-02 -3.086606998388435219e+00
8.018018018018018722e+00 3.131242877636230548e-01 -6.597097691511927264e-02 -3.080325068582107306e+00
8.028028028028028729e+00 3.121552681271294594e-01 -9.680506168571093029e-02 -3.071104605179777014e+00
8.038038038038038735e+00 3.108785228866354777e-01 -1.275468495253483381e-01 -3.058951654501825157e+00
8.048048048048048742e+00 3.092952697714498322e-01 -1.581669862070482768e-01 -3.043874224917612281e+00
8.058058058058058748e+00 3.074070195445460785e-01 -1.886361976676850238e-01 -3.025882313392612044e+00
8.068068068068068754e+00 3.052155750008638257e-01 -2.189253099138573078e-01 -3.004987937875931880e+00
8.078078078078078761e+00 3.027230297631064992e-01 -2.490052692519547084e-01 -2.981205175157530807e+00
8.088088088088088767e+00 2.999317668712428997e-01 -2.788471628971752048e-01 -2.954550203757857485e+00
8.098098098098098774e+00 2.968444571614143879e-01 -3.084222400118684648e-01 -2.925041351348914187e+00
8.108108108108108780e+00 2.934640574294968274e-01 -3.377019332185642875e-01 -2.892699146145583988e+00
8.118118118118118787e+00 2.897938083741671833e-01 -3.666578806274289892e-01 -2.857546371649717809e+00
8.128128128128128793e+00 2.858372323139898863e-01 -3.952619484117104176e-01 -2.819608124077612299e+00
8.138138138138138800e+00 2.815981306727683431e-01 -4.234862539580328544e-01 -2.778911871754461416e+00
8.148148148148148806e+00 2.770805812272104651e-01 -4.513031896112306707e-01 -2.735487515717638818e+00
8.158158158158158813e+00 2.722889351108358502e-01 -4.786854470258216643e-01 -2.689367450734698739e+00
8.168168168168168819e+00 2.672278135680103417e-01 -5.056060421282710937e-01 -2.640586625912172636e+00
8.178178178178178825e+00 2.619021044520348784e-01 -5.320383406859504616e-01 -2.589182604047958858e+00
8.188188188188188832e+00 2.563169584613420593e-01 -5.579560844702142752e-01 -2.535195618863786304e+00
8.198198198198198838e+00 2.504777851080650652e-01 -5.833334179923742591e-01 -2.478668629245072808e+00
8.208208208208208845e+00 2.443902484135443975e-01 -6.081449157826152030e-01 -2.419647369613906029e+00
8.218218218218218851e+00 2.380602623257251360e-01 -6.323656101731447432e-01 -2.358180395566985332e+00
8.228228228228228858e+00 2.314939858538714867e-01 -6.559710195381796005e-01 -2.294319123924361215e+00
8.238238238238238864e+00 2.246978179165859957e-01 -6.789371769348198082e-01 -2.228117866356862820e+00
8.248248248248248871e+00 2.176783918997638456e-01 -7.012406590805341233e-01 -2.159633855790128454e+00
8.258258258258258877e+00 2.104425699218364088e-01 -7.228586155949497938e-01 -2.088927264821268448e+00
8.268268268268268884e+00 2.029974368044590860e-01 -7.437687984259935270e-01 -2.016061215430120512e+00
8.278278278278278890e+00 1.953502937476698786e-01 -7.639495913732419208e-01 -1.941101779320732135e+00
8.288288288288288896e+00 1.875086517094847749e-01 -7.833800396146907152e-01 -1.864117968289749294e+00
8.298298298298298903e+00 1.794802244908950684e-01 -8.020398791371106118e-01 -1.785181714086485405e+00
8.308308308308308909e+00 1.712729215282844386e-01 -8.199095659648031331e-01 -1.704367837304080258e+00
8.318318318318318916e+00 1.628948403963829672e-01 -8.369703050769561337e-01 -1.621754004921825976e+00
8.328328328328328922e+00 1.543542590260126302e-01 -8.532040788999973868e-01 -1.537420676204752423e+00
8.338338338338338929e+00 1.456596276420446257e-01 -8.685936752584033638e-01 -1.451451036757231527e+00
8.348348348348348935e+00 1.368195604281769451e-01 -8.831227146653826132e-01 -1.363930920621884146e+00
8.358358358358358942e+00 1.278428269263374162e-01 -8.967756768337697970e-01 -1.274948720412538261e+00
8.368368368368368948e+00 1.187383431797173067e-01 -9.095379262873487525e-01 -1.184595285569523648e+00
8.378378378378378954e+00 1.095151626296301250e-01 -9.213957369537103537e-01 -1.092963808926156855e+00
8.388388388388388961e+00 1.001824667775616656e-01 -9.323363156216398773e-01 -1.000149701875862940e+00
8.398398398398398967e+00 9.074955562491976435e-02 -9.423478241489258167e-01 -9.062504585289605785e-01
8.408408408408408974e+00 8.122583790409516891e-02 -9.514194003103768615e-01 -8.113655093455898193e-01
8.418418418418418980e+00 7.162082111549954166e-02 -9.595411771807030865e-01 -7.155960648255679235e-01
8.428428428428428987e+00 6.194410138624298345e-02 -9.667043009527307440e-01 -6.190449499260237687e-01
8.438438438438438993e+00 5.220535316704242451e-02 -9.729009470981363483e-01 -5.218164299624693525e-01
8.448448448448449000e+00 4.241431878480570600e-02 -9.781243347854483572e-01 -4.240160288275570677e-01
8.458458458458459006e+00 3.258079786910583753e-02 -9.823687394784168525e-01 -3.257503404331780761e-01
8.468468468468469013e+00 2.271463667143900494e-02 -9.856295036469171489e-01 -2.271268343449817373e-01
8.478478478478479019e+00 1.282571729674178776e-02 -9.879030455322522775e-01 -1.282536566330402250e-01
8.488488488488489025e+00 2.923946867122478172e-03 -9.891868659189694268e-01 -2.923942700760554653e-02
8.498498498498499032e+00 -6.980753361866532530e-03 -9.894795528760025327e-01 6.980696665585316152e-02
8.508508508508509038e+00 -1.687845891182657848e-02 -9.887807844410090308e-01 1.687765752733081936e-01
8.518518518518519045e+00 -2.675925299824367248e-02 -9.870913292330679711e-01 2.675605958473883383e-01
8.528528528528529051e+00 -3.661323743258151908e-02 -9.844130449903514268e-01 3.660505779547818528e-01
8.538538538538539058e+00 -4.643054348904652323e-02 -9.807488750408540623e-01 4.641386282871600155e-01
8.548548548548549064e+00 -5.620134271552967853e-02 -9.761028427256672746e-01 5.617176121254896515e-01
8.558558558558559071e+00 -6.591585766853760853e-02 -9.704800438054922429e-01 6.586813506567447130e-01
8.568568568568569077e+00 -7.556437255234152439e-02 -9.638866368920113725e-01 7.549248130814150137e-01
8.578578578578579084e+00 -8.513724374309489251e-02 -9.563298319562614225e-01 8.503443025093672114e-01
8.588588588588589090e+00 -9.462491017929296200e-02 -9.478178769761876898e-01 9.448376346999393105e-01
8.598598598598599096e+00 -1.040179036006644020e-01 -9.383600427950070655e-01 1.038304308768938089e+00
8.608608608608609103e+00 -1.133068586183900578e-01 -9.279666062707935259e-01 1.130645669059670677e+00
8.618618618618619109e+00 -1.224825226004294110e-01 -9.166488318057317564e-01 1.221765057456388748e+00
8.628628628628629116e+00 -1.315357653566928131e-01 -9.044189513507128186e-01 1.311567955505610339e+00
8.638638638638639122e+00 -1.404575886098188564e-01 -8.912901429872932546e-01 1.399962115802709128e+00
8.648648648648649129e+00 -1.492391352383921621e-01 -8.772765081944733367e-01 1.486857682196890407e+00
8.658658658658659135e+00 -1.578716982805565550e-01 -8.623930479122221548e-01 1.572167298466117247e+00
8.668668668668669142e+00 -1.663467296871347922e-01 -8.466556375171658821e-01 1.655806205213687710e+00
8.678678678678679148e+00 -1.746558488145456001e-01 -8.300810008283401320e-01 1.737692324838860269e+00
8.688688688688689155e+00 -1.827908506490039109e-01 -8.126866832623855785e-01 1.817746334534201313e+00
8.698698698698699161e+00 -1.907437137546899864e-01 -7.944910242580391913e-01 1.895891727361122658e+00
8.708708708708709167e+00 -1.985066079397676542e-01 -7.755131290892591789e-01 1.972054861551467697e+00
8.718718718718719174e+00 -2.060719016353115829e-01 -7.557728401848400335e-01 2.046164998276021052e+00
8.728728728728729180e+00 -2.134321689833592883e-01 -7.352907080699649933e-01 2.118154328209699067e+00
8.738738738738739187e+00 -2.205801966314257512e-01 -7.140879620418398854e-01 2.187957987307067143e+00
8.748748748748749193e+00 -2.275089902319003821e-01 -6.921864806874148401e-01 2.255514062280107090e+00
8.758758758758759200e+00 -2.342117806457769957e-01 -6.696087623462726457e-01 2.320763586342179607e+00
8.768768768768769206e+00 -2.406820298511435641e-01 -6.463778956161206901e-01 2.383650525847370805e+00
8.778778778778779213e+00 -2.469134365577704271e-01 -6.225175299920229222e-01 2.444121758512499465e+00
8.788788788788789219e+00 -2.528999415299789111e-01 -5.980518467236295432e-01 2.502127043959569530e+00
8.798798798798799226e+00 -2.586357326207424645e-01 -5.730055299672774938e-01 2.557618987359224771e+00
8.808808808808809232e+00 -2.641152495206625650e-01 -5.474037383020200487e-01 2.610552996990549879e+00
8.818818818818819238e+00 -2.693331882260728283e-01 -5.212720766704830311e-01 2.660887236559343894e+00
8.828828828828829245e+00 -2.742845052310479703e-01 -4.946365687970161185e-01 2.708582573135718263e+00
8.838838838838839251e+00 -2.789644214485353380e-01 -4.675236301269889427e-01 2.753602521582636964e+00
8.848848848848849258e+00 -2.833684258661765543e-01 -4.399600413223579420e-01 2.795913186349938684e+00
8.858858858858859264e+00 -2.874922789426517800e-01 -4.119729223398760909e-01 2.835483201503660844e+00
8.868868868868869271e+00 -2.913320157505557839e-01 -3.835897071096092126e-01 2.872283669848357146e+00
8.878878878878879277e+00 -2.948839488719054991e-01 -3.548381188228388883e-01 2.906288101980900151e+00
8.888888888888889284e+00 -2.981446710523863453e-01 -3.257461458300370816e-01 2.937472356088233205e+00
8.898898898898899290e+00 -3.011110576203689937e-01 -2.963420181414662125e-01 2.965814579269197893e+00
8.908908908908909297e+00 -3.037802686765767035e-01 -2.666541845151479406e-01 2.991295151122131735e+00
8.918918918918919303e+00 -3.061497510600553751e-01 -2.367112901095210220e-01 3.013896630296021950e+00
8.928928928928929309e+00 -3.082172400958023695e-01 -2.065421546711224132e-01 3.033603704653888844e+00
8.938938938938939316e+00 -3.099807611290469334e-01 -1.761757512211335475e-01 3.050403145643330038e+00
8.948948948948949322e+00 -3.114386308507554046e-01 -1.456411851986778028e-01 3.064283767411198234e+00
8.958958958958959329e+00 -3.125894584184569225e-01 -1.149676740133805386e-01 3.075236391137681657e+00
8.968968968968969335e+00 -3.134321463759638937e-01 -8.418452695494529903e-02 3.083253815000141174e+00
8.978978978978979342e+00 -3.139658913749968638e-01 -5.332112540339234430e-02 3.088330790109319768e+00
8.988988988988989348e+00 -3.141901847011247528e-01 -2.240690328017594032e-02 3.090464002690587186e+00
8.998998998998999355e+00 -3.141048126058060830e-01 8.528672322332429140e-03 3.089652062711039093e+00
9.009009009009009361e+00 -3.137098564456707872e-01 3.945612039751799499e-02 3.085895499080224980e+00
9.019019019019019368e+00 -3.130056926295231023e-01 7.034596523315586603e-02 3.079196761478283584e+00
9.029029029029029374e+00 -3.119929923728830268e-01 1.011687556383438769e-01 3.069560228791006207e+00
9.039039039039039380e+00 -3.106727212592206855e-01 1.318950842548704538e-01 3.056992224057192509e+00
9.049049049049049387e+00 -3.090461386063858007e-01 1.624956070182057011e-01 3.041501035760100002e+00
9.059059059059059393e+00 -3.071147966360993076e-01 1.929410628316201026e-01 3.023096945222375709e+00
9.069069069069069400e+00 -3.048805394437617000e-01 2.232022935145267506e-01 3.001792259792970263e+00
9.079079079079079406e+00 -3.023455017652529331e-01 2.532502640830249230e-01 2.977601351445776423e+00
9.089089089089089413e+00 -2.995121075368563646e-01 2.830560834168164841e-01 2.950540700343460720e+00
9.099099099099099419e+00 -2.963830682439415054e-01 3.125910253621964618e-01 2.920628942856763999e+00
9.109109109109109426e+00 -2.929613810535939833e-01 3.418265503157176255e-01 2.887886923469862754e+00
9.119119119119119432e+00 -2.892503267259921018e-01 3.707343273274279483e-01 2.852337749946666001e+00
9.129129129129129439e+00 -2.852534672990018616e-01 3.992862567563235099e-01 2.814006851081696237e+00
9.139139139139139445e+00 -2.809746435402041831e-01 4.274544935038880333e-01 2.772922036312892136e+00
9.149149149149149451e+00 -2.764179721603807760e-01 4.552114708443574242e-01 2.729113556432738896e+00
9.159159159159159458e+00 -2.715878427823757435e-01 4.825299248627031301e-01 2.682614164598990492e+00
9.169169169169169464e+00 -2.664889146592192559e-01 5.093829195033336976e-01 2.633459176817365410e+00
9.179179179179179471e+00 -2.611261131354531972e-01 5.357438722242282569e-01 2.581686531046274879e+00
9.189189189189189477e+00 -2.555046258457364106e-01 5.615865802427094655e-01 2.527336844058302390e+00
9.199199199199199484e+00 -2.496298986450317114e-01 5.868852473504001521e-01 2.470453465185086017e+00
9.209209209209209490e+00 -2.435076312649900043e-01 6.116145112661667271e-01 2.411082526071716803e+00
9.219219219219219497e+00 -2.371437726915455180e-01 6.357494714871048114e-01 2.349272985573983341e+00
9.229229229229229503e+00 -2.305445162592237307e-01 6.592657175889464760e-01 2.285076668946950829e+00
9.239239239239239510e+00 -2.237162944582352930e-01 6.821393579187458034e-01 2.218548300496516301e+00
9.249249249249249516e+00 -2.166657734510840649e-01 7.043470486144066678e-01 2.149745528896790159e+00
9.259259259259259522e+00 -2.093998472961527690e-01 7.258660228776377954e-01 2.078728944415348501e+00
9.269269269269269529e+00 -2.019256318765398350e-01 7.466741204193330095e-01 2.005562087335474253e+00
9.279279279279279535e+00 -1.942504585333040268e-01 7.667498169892577042e-01 1.930311446919230622e+00
9.289289289289289542e+00 -1.863818674032203804e-01 7.860722538953560656e-01 1.853046450317275218e+00
9.299299299299299548e+00 -1.783276004621588695e-01 8.046212674120455377e-01 1.773839440900385478e+00
9.309309309309309555e+00 -1.700955942762568673e-01 8.223774179716089039e-01 1.692765645563183874e+00
9.319319319319319561e+00 -1.616939724641618115e-01 8.393220190282973947e-01 1.609903130632026835e+00
9.329329329329329568e+00 -1.531310378747617051e-01 8.554371654810704051e-01 1.525332746095724668e+00
9.339339339339339574e+00 -1.444152644859920953e-01 8.707057615380846549e-01 1.439138057969055584e+00
9.349349349349349581e+00 -1.355552890314961900e-01 8.851115479041412604e-01 1.351405268693986361e+00
9.359359359359359587e+00 -1.265599023631143183e-01 8.986391281713482782e-01 1.262223125581382277e+00
9.369369369369369593e+00 -1.174380405583767412e-01 9.112739942932840398e-01 1.171682817395684806e+00
9.379379379379379600e+00 -1.081987757833620112e-01 9.230025510239715514e-01 1.079877859285701236e+00
9.389389389389389606e+00 -9.885130692245100437e-02 9.338121392050096059e-01 9.869039663651569816e-01
9.399399399399399613e+00 -8.940494998764376977e-02 9.436910577872433814e-01 8.928589163459936806e-01
9.409409409409409619e+00 -7.986912832120339478e-02 9.526285844773935141e-01 7.978424017244861721e-01
9.419419419419419626e+00 -7.025336260643796904e-02 9.606149949050660775e-01 7.019558721140074509e-01
9.429429429429429632e+00 -6.056726070241882920e-02 9.676415802115125864e-01 6.053023674076540850e-01
9.439439439439439639e+00 -5.082050731935230936e-02 9.737006629683460091e-01 5.079863425379352870e-01
9.449449449449449645e+00 -4.102285355216413187e-02 9.787856113420990711e-01 4.101134846783470733e-01
9.459459459459459651e+00 -3.118410629061289102e-02 9.828908514289693699e-01 3.117905238019871295e-01
9.469469469469469658e+00 -2.131411752491466083e-02 9.860118776932534912e-01 2.131250375745814551e-01
9.479479479479479664e+00 -1.142277356642859044e-02 9.881452614527588274e-01 1.142252516126465167e-01
9.489489489489489671e+00 -1.519984203417609411e-03 9.892886573647973192e-01 1.519983618134591527e-02
9.499499499499499677e+00 8.384328187744779712e-03 9.894408078771230741e-01 -8.384229955960684211e-02
9.509509509509509684e+00 1.828023955530502787e-02 9.886015456192691619e-01 -1.827922146303192774e-01
9.519519519519519690e+00 2.815783508804844265e-02 9.867717937210677137e-01 -2.815411434811016522e-01
9.529529529529529697e+00 3.800722011363995290e-02 9.839535640565921781e-01 -3.799807022729190242e-01
9.539539539539539703e+00 4.781853095871732573e-02 9.801499534232296362e-01 -4.780030930512183529e-01
9.549549549549549710e+00 5.758194575027859863e-02 9.753651376769711945e-01 -5.755013046964911894e-01
9.559559559559559716e+00 6.728769513822839554e-02 9.696043638561855360e-01 -6.723693095655516316e-01
9.569569569569569722e+00 7.692607291937965386e-02 9.628739403370107919e-01 -7.685022547783143532e-01
9.579579579579579729e+00 8.648744654374365681e-02 9.551812250739646348e-01 -8.637966471553510939e-01
9.589589589589589735e+00 9.596226748457775679e-02 9.465346119893265353e-01 -9.581505308710780433e-01
9.599599599599599742e+00 1.053410814543896679e-01 9.369435155842106289e-01 -1.051463656955349046e+00
9.609609609609609748e+00 1.146145384499144548e-01 9.264183538529258133e-01 -1.143637643851712848e+00
9.619619619619619755e+00 1.237734026099759771e-01 9.149705295901459090e-01 -1.234576128322720567e+00
9.629629629629629761e+00 1.328085618711122851e-01 9.026124101875160344e-01 -1.324184906080511759e+00
9.639639639639639768e+00 1.417110374068734913e-01 8.893573060225459237e-01 -1.412372061613425434e+00
9.649649649649649774e+00 1.504719928377837579e-01 8.752194475479370128e-01 -1.499048086775577104e+00
9.659659659659659781e+00 1.590827432000843367e-01 8.602139611938270924e-01 -1.584125987805069746e+00
9.669669669669669787e+00 1.675347636625345860e-01 8.443568441987813200e-01 -1.667521380536812536e+00
9.679679679679679793e+00 1.758196979817308048e-01 8.276649384877021731e-01 -1.749152573676601374e+00
9.689689689689689800e+00 1.839293666875983224e-01 8.101559037161646382e-01 -1.828940640103254189e+00
9.699699699699699806e+00 1.918557749919128086e-01 7.918481896010169940e-01 -1.906809476264101466e+00
9.709709709709709813e+00 1.995911204138990924e-01 7.727610076564314090e-01 -1.982685849825089441e+00
9.719719719719719819e+00 2.071278001181330874e-01 7.529143024529770800e-01 -2.056499435829259870e+00
9.729729729729729826e+00 2.144584179611235264e-01 7.323287225147462332e-01 -2.128182841705551276e+00
9.739739739739739832e+00 2.215757912440678989e-01 7.110255909661421514e-01 -2.197671621553037635e+00
9.749749749749749839e+00 2.284729571703509876e-01 6.890268760356813571e-01 -2.264904280203118070e+00
9.759759759759759845e+00 2.351431790073793549e-01 6.663551615191336541e-01 -2.329822267633280486e+00
9.769769769769769852e+00 2.415799519533110840e-01 6.430336172985803289e-01 -2.392369964370303137e+00
9.779779779779779858e+00 2.477770087101437702e-01 6.190859700075863614e-01 -2.452494658577794251e+00
9.789789789789789864e+00 2.537283247654563700e-01 5.945364739257266162e-01 -2.510146515572401427e+00
9.799799799799799871e+00 2.594281233858592994e-01 5.694098821782551667e-01 -2.565278540554651432e+00
9.809809809809809877e+00 2.648708803258877365e-01 5.437314183088391983e-01 -2.617846535374074080e+00
9.819819819819819884e+00 2.700513282566692763e-01 5.175267482850747225e-01 -2.667809050173844732e+00
9.829829829829829890e+00 2.749644609192122280e-01 4.908219529880392673e-01 -2.715127330777838743e+00
9.839839839839839897e+00 2.796055370075856139e-01 4.636435012285013424e-01 -2.759765262692583487e+00
9.849849849849849903e+00 2.839700837876023565e-01 4.360182233236706839e-01 -2.801689312598442783e+00
9.859859859859859910e+00 2.880539004568678507e-01 4.079732852596222314e-01 -2.840868468198578967e+00
9.869869869869869916e+00 2.918530612522215462e-01 3.795361634558326869e-01 -2.877274177281093692e+00
9.879879879879879923e+00 2.953639183106770427e-01 3.507346201397056329e-01 -2.910880286829534924e+00
9.889889889889889929e+00 2.985831042899623200e-01 3.215966793306012095e-01 -2.941662982990056907e+00
9.899899899899899935e+00 3.015075347546749551e-01 2.921506034247948191e-01 -2.969600732670241161e+00
9.909909909909909942e+00 3.041344103339045368e-01 2.624248703650326475e-01 -2.994674227505398356e+00
9.919919919919919948e+00 3.064612186559363960e-01 2.324481513709846237e-01 -3.016866330883464009e+00
9.929929929929929955e+00 3.084857360653455727e-01 2.022492891999789766e-01 -3.036162028669828317e+00
9.939939939939939961e+00 3.102060291274174597e-01 1.718572769009817092e-01 -3.052548384219045730e+00
9.949949949949949968e+00 3.116204559244035166e-01 1.413012370189091760e-01 -3.066014498201888205e+00
9.959959959959959974e+00 3.127276671476375003e-01 1.106104012010724613e-01 -3.076551473713974971e+00
9.969969969969969981e+00 3.135266069890076945e-01 7.981409015288454256e-02 -3.084152387066901646e+00
9.979979979979979987e+00 3.140165138347129070e-01 4.894169388594860060e-02 -3.088812264594700707e+00
9.989989989989989994e+00 3.141969207636249317e-01 1.802265219831396953e-02 -3.090528065738187280e+00
1.000000000000000000e+01 3.140676558519538419e-01 -1.291356467594214838e-02 0.000000000000000000e+00
