# Time(s) Angle(rad) Angular Velocity(rad/s) Angular Acceleration(rad/s^2)
0.000000000000000000e+00 3.141592653589793116e-01 0.000000000000000000e+00 -3.090169943749474069e+00
1.000000000000000021e-02 3.138502483646043451e-01 -3.090169943749474304e-02 -3.071780020273553458e+00
2.000000000000000042e-02 3.132340533682020367e-01 -6.161949964023027970e-02 -3.050559583637658001e+00
2.999999999999999889e-02 3.123128024134359526e-01 -9.212509547660685527e-02 -3.026541231974904100e+00
4.000000000000000083e-02 3.110888973354724030e-01 -1.223905077963559074e-01 -2.999759234818291542e+00
5.000000000000000278e-02 3.095650163340269989e-01 -1.523881001445388239e-01 -2.970249530416296135e+00
5.999999999999999778e-02 3.077441103795399702e-01 -1.820905954487017642e-01 -2.938049728505033098e+00
7.000000000000000666e-02 3.056293994522024660e-01 -2.114710927337521140e-01 -2.903199118027491643e+00
8.000000000000000167e-02 3.032243686130621785e-01 -2.405030839140270271e-01 -2.865738679241671694e+00
8.999999999999999667e-02 3.005327639059977574e-01 -2.691604707064437219e-01 -2.825711099615892063e+00
1.000000000000000056e-01 2.975585880889717316e-01 -2.974175817026026847e-01 -2.783160792871356204e+00
1.100000000000000006e-01 2.943060961926585728e-01 -3.252491896313162156e-01 -2.738133920499498331e+00
1.199999999999999956e-01 2.907797909042954543e-01 -3.526305288363111856e-01 -2.690678415054816419e+00
1.300000000000000044e-01 2.869844177744268476e-01 -3.795373129868593876e-01 -2.640844004503099640e+00
1.400000000000000133e-01 2.829249602441079592e-01 -4.059457530318903995e-01 -2.588682236890235799e+00
1.499999999999999944e-01 2.786066344901000358e-01 -4.318325754007927286e-01 -2.534246504588297366e+00
1.600000000000000033e-01 2.740348840856332568e-01 -4.571750404466757289e-01 -2.477592067373420637e+00
1.700000000000000122e-01 2.692153744744291699e-01 -4.819509611204099708e-01 -2.418776073594151477e+00
1.799999999999999933e-01 2.641539872558656410e-01 -5.061387218563514478e-01 -2.357857578699452894e+00
1.900000000000000022e-01 2.588568142794321902e-01 -5.297172976433459635e-01 -2.294897560412417103e+00
2.000000000000000111e-01 2.533301515469574827e-01 -5.526662732474701967e-01 -2.229958929858789407e+00
2.099999999999999922e-01 2.475804929214969197e-01 -5.749658625460580819e-01 -2.163106537988630951e+00
2.200000000000000011e-01 2.416145236422374831e-01 -5.965969279259444313e-01 -2.094407176664599746e+00
2.300000000000000100e-01 2.354391136453115596e-01 -6.175409996925904643e-01 -2.023929573831194872e+00
2.399999999999999911e-01 2.290613106910025509e-01 -6.377802954309024219e-01 -1.951744382225651719e+00
2.500000000000000000e-01 2.224883332984709527e-01 -6.572977392531589302e-01 -1.877924161142630055e+00
2.600000000000000089e-01 2.157275634898250805e-01 -6.760769808645852308e-01 -1.802543350821054879e+00
2.700000000000000178e-01 2.087865393460971164e-01 -6.941024143727958506e-01 -1.725678239081974930e+00
2.800000000000000266e-01 2.016729473784609483e-01 -7.113591967636155866e-01 -1.647406919910703538e+00
2.899999999999999800e-01 1.943946147188337636e-01 -7.278332659627225754e-01 -1.567809243744179959e+00
2.999999999999999889e-01 1.869595011348321179e-01 -7.435113584001643572e-01 -1.486966759294904072e+00
3.099999999999999978e-01 1.793756908749009893e-01 -7.583810259931134112e-01 -1.404962646815391070e+00
3.200000000000000067e-01 1.716513843502883163e-01 -7.724306524612672975e-01 -1.321881642781109756e+00
3.300000000000000155e-01 1.637948896613975192e-01 -7.856494688890783840e-01 -1.237809956044746418e+00
3.400000000000000244e-01 1.558146139769022442e-01 -7.980275684495258259e-01 -1.152835175589607131e+00
3.500000000000000333e-01 1.477190547748480076e-01 -8.095559202054218861e-01 -1.067046170084334999e+00
3.599999999999999867e-01 1.395167909557853969e-01 -8.202263819062651784e-01 -9.805329795141848326e-01
3.699999999999999956e-01 1.312164738387713303e-01 -8.300317117014069934e-01 -8.933866992351027214e-01
3.800000000000000044e-01 1.228268180518337360e-01 -8.389655786937579851e-01 -8.056993568651368287e-01
3.900000000000000133e-01 1.143565923292096387e-01 -8.470225722624094011e-01 -7.175637824925218400e-01
4.000000000000000222e-01 1.058146102283362838e-01 -8.541982100873346528e-01 -6.290734727405330462e-01
4.100000000000000311e-01 9.720972078018887130e-02 -8.604889448147400310e-01 -5.403224492852036764e-01
4.199999999999999845e-01 8.855079908711299685e-02 -8.658921693075920523e-01 -4.514051124727278541e-01
4.299999999999999933e-01 7.984673688278980108e-02 -8.704062204323192997e-01 -3.624160907282502064e-01
4.400000000000000022e-01 7.110643306939377906e-02 -8.740303813396017585e-01 -2.734500864863701475e-01
4.500000000000000111e-01 6.233878424734911466e-02 -8.767648822044654677e-01 -1.846017194056000510e-01
4.600000000000000200e-01 5.355267525336389334e-02 -8.786108993985214388e-01 -9.596536765396218582e-02
4.700000000000000289e-01 4.475696972261327539e-02 -8.795705530750610457e-01 -7.635008070599413887e-03
4.799999999999999822e-01 3.596050069105564961e-02 -8.796469031557669904e-01 8.029594398142636535e-02
4.899999999999999911e-01 2.717206125389611676e-02 -8.788439437159527579e-01 1.677347942531511871e-01
5.000000000000000000e-01 1.840039529616189704e-02 -8.771665957734212649e-01 2.545897279251574941e-01
5.100000000000000089e-01 9.654188311220193025e-03 -8.746206984941696794e-01 3.407699657990791442e-01
5.200000000000000178e-01 9.420583228583970931e-04 -8.712129988361788646e-01 4.261859175829256774e-01
5.300000000000000266e-01 -7.727453073745107689e-03 -8.669511396603496456e-01 5.107493315140742007e-01
5.400000000000000355e-01 -1.634588953719720572e-02 -8.618436463452089358e-01 5.943734395964095363e-01
5.500000000000000444e-01 -2.490488865668966101e-02 -8.558999119492448626e-01 6.769730977668905192e-01
5.600000000000000533e-01 -3.339619046640542738e-02 -8.491301809715759985e-01 7.584649203512879856e-01
5.700000000000000622e-01 -4.181164578408606836e-02 -8.415455317680631264e-01 8.387674082184430890e-01
5.799999999999999600e-01 -5.014322436094477420e-02 -8.331578576858787999e-01 9.178010700965493207e-01
5.899999999999999689e-01 -5.838302283079391253e-02 -8.239798469849133333e-01 9.954885365730336000e-01
5.999999999999999778e-01 -6.652327244698574837e-02 -8.140249616191830295e-01 1.071754666360914543e+00
6.099999999999999867e-01 -7.455634659654149232e-02 -8.033074149555738952e-01 1.146526644478428780e+00
6.199999999999999956e-01 -8.247476808164939943e-02 -7.918421485107896007e-01 1.219734072054435181e+00
6.300000000000000044e-01 -9.027121615955185918e-02 -7.796448077902452534e-01 1.291309047539020760e+00
6.400000000000000133e-01 -9.793853333270041706e-02 -7.667317173148550102e-01 1.361186239166090273e+00
6.500000000000000222e-01 -1.054697318819323715e-01 -7.531198549231941097e-01 1.429302948581826715e+00
6.600000000000000311e-01 -1.128580001363061330e-01 -7.388268254373758781e-01 1.495599165619137860e+00
6.700000000000000400e-01 -1.200967084741179774e-01 -7.238708337811844418e-01 1.560017614262875663e+00
6.800000000000000488e-01 -1.271794150505035359e-01 -7.082706576385556785e-01 1.622503789913140926e+00
6.900000000000000577e-01 -1.340998712478977950e-01 -6.920456197394242448e-01 1.683005988113828622e+00
7.000000000000000666e-01 -1.408520268464806546e-01 -6.752155598582859630e-01 1.741475324970177097e+00
7.099999999999999645e-01 -1.474300349125664267e-01 -6.578008066085844208e-01 1.797865749532042479e+00
7.199999999999999734e-01 -1.538282564036990707e-01 -6.398221491132639605e-01 1.852134048468485172e+00
7.299999999999999822e-01 -1.600412644899848746e-01 -6.213008086285790599e-01 1.904239843403708221e+00
7.399999999999999911e-01 -1.660638485919302965e-01 -6.022584101945419599e-01 1.954145581324144620e+00
7.500000000000000000e-01 -1.718910181357433120e-01 -5.827169543813004449e-01 2.001816518501293274e+00
7.600000000000000089e-01 -1.775180060277062044e-01 -5.626987891962874633e-01 2.047220698404619288e+00
7.700000000000000178e-01 -1.829402718498286118e-01 -5.422265822122412926e-01 2.090328924103353803e+00
7.800000000000000266e-01 -1.881535047795406812e-01 -5.213232929712077190e-01 2.131114725675267163e+00
7.900000000000000355e-01 -1.931536262366852497e-01 -5.000121457144550696e-01 2.169554323154492259e+00
8.000000000000000444e-01 -1.979367922615143660e-01 -4.783166024829101359e-01 2.205626585559276265e+00
8.100000000000000533e-01 -2.024993956277875429e-01 -4.562603366273173533e-01 2.239312986544224060e+00
8.200000000000000622e-01 -2.068380676954063024e-01 -4.338672067618750683e-01 2.270597557220377372e+00
8.300000000000000711e-01 -2.109496800073030198e-01 -4.111612311896712946e-01 2.299466836680425175e+00
8.399999999999999689e-01 -2.148313456355316620e-01 -3.881665628228672671e-01 2.325909820755827084e+00
8.499999999999999778e-01 -2.184804202816847674e-01 -3.649074646153089851e-01 2.349917909517766468e+00
8.599999999999999867e-01 -2.218945031368860787e-01 -3.414082855201313049e-01 2.371484854015027288e+00
8.699999999999999956e-01 -2.250714375066859008e-01 -3.176934369799810365e-01 2.390606702719351162e+00
8.800000000000000044e-01 -2.280093112062137883e-01 -2.937873699527874805e-01 2.407281748122891418e+00
8.900000000000000133e-01 -2.307064567309293768e-01 -2.697145524715585663e-01 2.421510473903461858e+00
9.000000000000000222e-01 -2.331614512082546276e-01 -2.454994477325239122e-01 2.433295503041596142e+00
9.100000000000000311e-01 -2.353731161352757006e-01 -2.211664927021079197e-01 2.442641547239474242e+00
9.200000000000000400e-01 -2.373405169075728238e-01 -1.967400772297131506e-01 2.449555357955795820e+00
9.300000000000000488e-01 -2.390629621440743813e-01 -1.722445236501551624e-01 2.454045679333109575e+00
9.400000000000000577e-01 -2.405400028126426226e-01 -1.477040668568240511e-01 2.456123203255271559e+00
9.500000000000000666e-01 -2.417714311608853417e-01 -1.231428348242713106e-01 2.455800526732946132e+00
9.599999999999999645e-01 -2.427572794564547554e-01 -9.858482955694210237e-02 2.453092111774774597e+00
9.699999999999999734e-01 -2.434978185408467055e-01 -7.405390843919433530e-02 2.448014247861306725e+00
9.799999999999999822e-01 -2.439935562004525160e-01 -4.957376596058124529e-02 2.440585017098360954e+00
9.899999999999999911e-01 -2.442452353583484947e-01 -2.516791578959761549e-02 2.430824262086505261e+00
1.000000000000000000e+00 -2.442538320900358162e-01 -8.596731687325401272e-04 2.418753556504071867e+00
1.010000000000000009e+00 -2.440205534660727371e-01 2.332786239630819936e-02 2.404396178362886882e+00
1.020000000000000018e+00 -2.435468352242733669e-01 4.737182417993708594e-02 2.387777085858939774e+00
1.030000000000000027e+00 -2.428343392738880890e-01 7.124959503852650033e-02 2.368922895704841824e+00
1.040000000000000036e+00 -2.418849510339323439e-01 9.493882399557493357e-02 2.347861863797338522e+00
1.050000000000000044e+00 -2.407007766075968669e-01 1.184174426335483366e-01 2.324623868041568731e+00
1.060000000000000053e+00 -2.392841397944572290e-01 1.416636813139640350e-01 2.299240393124498016e+00
1.070000000000000062e+00 -2.376375789420051288e-01 1.646560852452090273e-01 2.271744517003048358e+00
1.080000000000000071e+00 -2.357638436378527436e-01 1.873735304152395198e-01 2.242170898848219629e+00
1.090000000000000080e+00 -2.336658912438155378e-01 2.097952394037217450e-01 2.210555768165001211e+00
1.100000000000000089e+00 -2.313468832729618230e-01 2.319007970853717848e-01 2.176936914789321609e+00
1.110000000000000098e+00 -2.288101816106291597e-01 2.536701662332649931e-01 2.141353679447734137e+00
1.120000000000000107e+00 -2.260593445803517343e-01 2.750837030277423767e-01 2.103846944553116494e+00
1.130000000000000115e+00 -2.230981228556190021e-01 2.961221724732735483e-01 2.064459124900476006e+00
1.140000000000000124e+00 -2.199304552183962147e-01 3.167667637222782995e-01 2.023234157920974940e+00
1.150000000000000133e+00 -2.165604641653813278e-01 3.369991053014880777e-01 1.980217493149656782e+00
1.159999999999999920e+00 -2.129924513630515603e-01 3.568012802329842414e-01 1.935456080562973913e+00
1.169999999999999929e+00 -2.092308929526654204e-01 3.761558410386139917e-01 1.888998357446162180e+00
1.179999999999999938e+00 -2.052804347065346480e-01 3.950458246130756357e-01 1.840894233457690765e+00
1.189999999999999947e+00 -2.011458870370581298e-01 4.134547669476525411e-01 1.791195073568367269e+00
1.199999999999999956e+00 -1.968322198602247552e-01 4.313667176833362316e-01 1.739953678566166229e+00
1.209999999999999964e+00 -1.923445573155347643e-01 4.487662544689979272e-01 1.687224262834311705e+00
1.219999999999999973e+00 -1.876881723445613381e-01 4.656384970973410642e-01 1.633062429129455762e+00
1.229999999999999982e+00 -1.828684811306749702e-01 4.819691213886356240e-01 1.577525140108826163e+00
1.239999999999999991e+00 -1.778910374027777297e-01 4.977443727897238879e-01 1.520670686379742342e+00
1.250000000000000000e+00 -1.727615266062424992e-01 5.129510796535212691e-01 1.462558650871749411e+00
1.260000000000000009e+00 -1.674857599446201162e-01 5.275766661622387499e-01 1.403249869360554403e+00
1.270000000000000018e+00 -1.620696682960616752e-01 5.416091648558443161e-01 1.342806387003699253e+00
1.280000000000000027e+00 -1.565192960088028495e-01 5.550372287258813486e-01 1.281291410780268869e+00
1.290000000000000036e+00 -1.508407945804660089e-01 5.678501428336840684e-01 1.218769257760536684e+00
1.300000000000000044e+00 -1.450404162263531083e-01 5.800378354112893931e-01 1.155305299166083932e+00
1.310000000000000053e+00 -1.391245073423235945e-01 5.915908884029502657e-01 1.090965900216234408e+00
1.320000000000000062e+00 -1.330995018682724629e-01 6.025005474051126075e-01 1.025818355792305070e+00
1.330000000000000071e+00 -1.269719145586420961e-01 6.127587309630356804e-01 9.599308219869020498e-01
1.340000000000000080e+00 -1.207483341668130483e-01 6.223580391829046654e-01 8.933722436409048395e-01
1.350000000000000089e+00 -1.144354165506199089e-01 6.312917616193137738e-01 8.262122780056009308e-01
1.360000000000000098e+00 -1.080398777066262084e-01 6.395538843993697764e-01 7.585212147013101758e-01
1.370000000000000107e+00 -1.015684867411623671e-01 6.471390965463829081e-01 6.903698921764536145e-01
1.380000000000000115e+00 -9.502805878648089288e-02 6.540427954681474754e-01 6.218296109020944318e-01
1.390000000000000124e+00 -8.842544787070920342e-02 6.602610915771683908e-01 5.529720435661702460e-01
1.400000000000000133e+00 -8.176753975058090318e-02 6.657908120128300800e-01 4.838691425587276496e-01
1.409999999999999920e+00 -7.506124471619687877e-02 6.706295034384172071e-01 4.145930450641580056e-01
1.419999999999999929e+00 -6.831349037730628793e-02 6.747754338890588066e-01 3.452159760984976344e-01
1.429999999999999938e+00 -6.153121444080584396e-02 6.782275936500438140e-01 2.758101498491543624e-01
1.439999999999999947e+00 -5.472135748932048516e-02 6.809856951485353527e-01 2.064476696906109021e-01
1.449999999999999956e+00 -4.789085577086606149e-02 6.830501718454414783e-01 1.372004272628388200e-01
1.459999999999999964e+00 -4.104663400968535519e-02 6.844221761180698804e-01 6.814000100897082968e-02
1.469999999999999973e+00 -3.419559824840374962e-02 6.851035761281596415e-01 -6.624454246841326999e-04
1.479999999999999982e+00 -2.734462873166461361e-02 6.850969516739128240e-01 -6.913626452006071954e-02
1.489999999999999991e+00 -2.050057284137748667e-02 6.844055890287121802e-01 -1.372114255442164754e-01
1.500000000000000000e+00 -1.367023809364478065e-02 6.830334747732700329e-01 -2.048186141293079354e-01
1.510000000000000009e+00 -6.860385207325005348e-03 6.809852886319769372e-01 -2.718893303802090156e-01
1.520000000000000018e+00 -7.772125404325019166e-05 6.782663953281748981e-01 -3.383559851244374306e-01
1.530000000000000027e+00 6.671107100726061077e-03 6.748828354769305093e-01 -4.041519939322458788e-01
1.540000000000000036e+00 1.337952025610214882e-02 6.708413155376080628e-01 -4.692118685508483433e-01
1.550000000000000044e+00 2.004101222462315035e-02 6.661491968520996121e-01 -5.334713054155929557e-01
1.560000000000000053e+00 2.664915706260259295e-02 6.608144837979437192e-01 -5.968672709222547779e-01
1.570000000000000062e+00 3.319761517348981256e-02 6.548458110887211969e-01 -6.593380831682565946e-01
1.580000000000000071e+00 3.968013947606020136e-02 6.482524302570386032e-01 -7.208234898962917470e-01
1.590000000000000080e+00 4.609058142964096716e-02 6.410441953580756635e-01 -7.812647424012284514e-01
1.600000000000000089e+00 5.242289690898160881e-02 6.332315479340633324e-01 -8.406046651900475064e-01
1.610000000000000098e+00 5.867115192180324262e-02 6.248255012821628540e-01 -8.987877212146001549e-01
1.620000000000000107e+00 6.482952816250341088e-02 6.158376240700168536e-01 -9.557600725278636578e-01
1.630000000000000115e+00 7.089232839595080438e-02 6.062800233447381837e-01 -1.011469636245823311e+00
1.640000000000000124e+00 7.685398166577360468e-02 5.961653269822799750e-01 -1.065866135728806396e+00
1.650000000000000133e+00 8.270904832202352619e-02 5.855066656249918733e-01 -1.118901146927737678e+00
1.660000000000000142e+00 8.845222486358067515e-02 5.743176541557144521e-01 -1.170528139872092588e+00
1.669999999999999929e+00 9.407834859115049575e-02 5.626123727569938282e-01 -1.220702515306989699e+00
1.679999999999999938e+00 9.958240206718974030e-02 5.504053476039239001e-01 -1.269381636516668799e+00
1.689999999999999947e+00 1.049595173795773162e-01 5.377115312387572565e-01 -1.316524856400192123e+00
1.699999999999999956e+00 1.102049802063248679e-01 5.245462826747553375e-01 -1.362093539892517136e+00
1.709999999999999964e+00 1.153142336790831668e-01 5.109253472758301662e-01 -1.406051081849702733e+00
1.719999999999999973e+00 1.202828820436565027e-01 4.968648364573331477e-01 -1.448362920540904097e+00
1.729999999999999982e+00 1.251066941161757540e-01 4.823812072519240712e-01 -1.488996546911739438e+00
1.739999999999999991e+00 1.297816065340038350e-01 4.674912417828066546e-01 -1.527921509803425559e+00
1.750000000000000000e+00 1.343037268008515639e-01 4.522120266847723946e-01 -1.565109417329696218e+00
1.760000000000000009e+00 1.386693361259663249e-01 4.365609325114754302e-01 -1.600533934628811217e+00
1.770000000000000018e+00 1.428748920576181913e-01 4.205555931651873136e-01 -1.634170778220889630e+00
1.780000000000000027e+00 1.469170309114479767e-01 4.042138853829784217e-01 -1.665997707211301915e+00
1.790000000000000036e+00 1.507925699945566467e-01 3.875539083108653915e-01 -1.695994511588901243e+00
1.800000000000000044e+00 1.544985096265064084e-01 3.705939631949763391e-01 -1.724142997873510108e+00
1.810000000000000053e+00 1.580320349586688267e-01 3.533525332162412158e-01 -1.750426972370268341e+00
1.820000000000000062e+00 1.613905175935942127e-01 3.358482634925384902e-01 -1.774832222289307371e+00
1.830000000000000071e+00 1.645715170062906629e-01 3.180999412696454143e-01 -1.797346494987750454e+00
1.840000000000000080e+00 1.675727817694883381e-01 3.001264763197679097e-01 -1.817959475587370255e+00
1.850000000000000089e+00 1.703922505851272751e-01 2.819468815638941916e-01 -1.836662763215478167e+00
1.860000000000000098e+00 1.730280531244446640e-01 2.635802539317393944e-01 -1.853449846108828014e+00
1.870000000000000107e+00 1.754785106791511839e-01 2.450457554706511054e-01 -1.868316075810712684e+00
1.880000000000000115e+00 1.777421366262766367e-01 2.263625947125439686e-01 -1.881258640680069316e+00
1.890000000000000124e+00 1.798176367093340666e-01 2.075500083057432721e-01 -1.892276538918511886e+00
1.900000000000000133e+00 1.817039091384996530e-01 1.886272429165581355e-01 -1.901370551306888812e+00
1.910000000000000142e+00 1.834000445125345546e-01 1.696135374034892229e-01 -1.908543213827406548e+00
1.919999999999999929e+00 1.849053255651866845e-01 1.505281052652155671e-01 -1.913798790330758059e+00
1.929999999999999938e+00 1.862192267388057543e-01 1.313901173619079765e-01 -1.917143245390175554e+00
1.939999999999999947e+00 1.873414135878858078e-01 1.122186849080062110e-01 -1.918584217466117625e+00
1.949999999999999956e+00 1.882717420152192622e-01 9.303284273334501420e-02 -1.918130992486555053e+00
1.959999999999999964e+00 1.890102573433040667e-01 7.385153280847944757e-02 -1.915794477928707717e+00
1.969999999999999973e+00 1.895571932235959878e-01 5.469358802919235818e-02 -1.911587177468812682e+00
1.979999999999999982e+00 1.899129703861410223e-01 3.557771625450421860e-02 -1.905523166247203859e+00
1.989999999999999991e+00 1.900781952320613477e-01 1.652248459203216335e-02 -1.897618066776858292e+00
2.000000000000000000e+00 1.900536582713039935e-01 -2.453696075736436222e-03 -1.887889025504758234e+00
2.010000000000000231e+00 1.898403324079961374e-01 -2.133258633078445599e-02 -1.876354690017090210e+00
2.020000000000000018e+00 1.894393710756865912e-01 -4.009613323095495563e-02 -1.863035186861604187e+00
2.030000000000000249e+00 1.888521062246908688e-01 -5.872648509957142937e-02 -1.847952099943527271e+00
2.040000000000000036e+00 1.880800461637008314e-01 -7.720600609900631073e-02 -1.831128449435412753e+00
2.049999999999999822e+00 1.871248732577672491e-01 -9.551729059336004635e-02 -1.812588671126287743e+00
2.060000000000000053e+00 1.859884414847209899e-01 -1.136431773046233384e-01 -1.792358596121634395e+00
2.069999999999999840e+00 1.846727738520626272e-01 -1.315667632658392983e-01 -1.770465430793106254e+00
2.080000000000000071e+00 1.831800596763248912e-01 -1.492714175737707705e-01 -1.746937736865612489e+00
2.089999999999999858e+00 1.815126517269006479e-01 -1.667407949424265234e-01 -1.721805411519561790e+00
2.100000000000000089e+00 1.796730632363243707e-01 -1.839588490576225532e-01 -1.695099667377655051e+00
2.109999999999999876e+00 1.776639647790104193e-01 -2.009098457313987507e-01 -1.666853012238838971e+00
2.120000000000000107e+00 1.754881810204725057e-01 -2.175783758537875312e-01 -1.637099228416741159e+00
2.129999999999999893e+00 1.731486873390929992e-01 -2.339493681379545831e-01 -1.605873351536355687e+00
2.140000000000000124e+00 1.706486063225597649e-01 -2.500081016533184930e-01 -1.573211648640711058e+00
2.149999999999999911e+00 1.679912041411625589e-01 -2.657402181397252594e-01 -1.539151595458997601e+00
2.160000000000000142e+00 1.651798868002193332e-01 -2.811317340943155774e-01 -1.503731852688870774e+00
2.169999999999999929e+00 1.622181962740073535e-01 -2.961690526212039654e-01 -1.466992241148661780e+00
2.180000000000000160e+00 1.591098065236803694e-01 -3.108389750326909229e-01 -1.428973715659672683e+00
2.189999999999999947e+00 1.558585194017875764e-01 -3.251287121892873500e-01 -1.389718337524881608e+00
2.200000000000000178e+00 1.524682604461421453e-01 -3.390258955645364947e-01 -1.349269245477841661e+00
2.209999999999999964e+00 1.489430745659490740e-01 -3.525185880193146271e-01 -1.307670624984631491e+00
2.220000000000000195e+00 1.452871216232573814e-01 -3.655952942691612639e-01 -1.264967675791884627e+00
2.229999999999999982e+00 1.415046719129866570e-01 -3.782449710270798238e-01 -1.221206577625596257e+00
2.240000000000000213e+00 1.376001015449531961e-01 -3.904570368033360439e-01 -1.176434453957935000e+00
2.250000000000000000e+00 1.335778877315241253e-01 -4.022213813429151297e-01 -1.130699333773115489e+00
2.260000000000000231e+00 1.294426039847175747e-01 -4.135283746806465710e-01 -1.084050111277834239e+00
2.270000000000000018e+00 1.251989152267834193e-01 -4.243688757934246936e-01 -1.036536503517265784e+00
2.280000000000000249e+00 1.208515728184973437e-01 -4.347342408285975734e-01 -9.882090058734576132e-01
2.290000000000000036e+00 1.164054095096241220e-01 -4.446163308873319342e-01 -9.391188454395672514e-01
2.300000000000000266e+00 1.118653343162067382e-01 -4.540075193417278387e-01 -8.893179322800554010e-01
2.310000000000000053e+00 1.072363273295615510e-01 -4.629006986645282096e-01 -8.388588086040726921e-01
2.319999999999999840e+00 1.025234344620559596e-01 -4.712892867505687478e-01 -7.877945958961631856e-01
2.330000000000000071e+00 9.773176213496054254e-02 -4.791672327095305439e-01 -7.361789400654312754e-01
2.339999999999999858e+00 9.286647191385880018e-02 -4.865290221101846724e-01 -6.840659546908660626e-01
2.350000000000000089e+00 8.793277509728775199e-02 -4.933696816570934951e-01 -6.315101624567083238e-01
2.359999999999999876e+00 8.293592726447125696e-02 -4.996847832816604384e-01 -5.785664348874588470e-01
2.370000000000000107e+00 7.788122278816578259e-02 -5.054704476305351690e-01 -5.252899305068983171e-01
2.379999999999999893e+00 7.277398931880985078e-02 -5.107233469356040612e-01 -4.717360315597022291e-01
2.390000000000000124e+00 6.761958224629771586e-02 -5.154407072512011689e-01 -4.179602794471652394e-01
2.399999999999999911e+00 6.242337914584109720e-02 -5.196203100456727730e-01 -3.640183090406869382e-01
2.410000000000000142e+00 5.719077421448017645e-02 -5.232604931360796963e-01 -3.099657820473160075e-01
2.419999999999999929e+00 5.192717270491475912e-02 -5.263601509565527525e-01 -2.558583196112872438e-01
2.430000000000000160e+00 4.663798536338797929e-02 -5.289187341526656594e-01 -2.017514343434526070e-01
2.439999999999999947e+00 4.132862287842709037e-02 -5.309362484961001050e-01 -1.477004619773297223e-01
2.450000000000000178e+00 3.600449034726823511e-02 -5.324132531158733972e-01 -9.376049285550153156e-02
2.459999999999999964e+00 3.067098176682406599e-02 -5.333508580444283886e-01 -3.998630345388221041e-02
2.470000000000000195e+00 2.533347455603426890e-02 -5.337507210789672607e-01 1.356771184672933561e-02
2.479999999999999982e+00 1.999732411642938384e-02 -5.336150439604999685e-01 6.684760853175253370e-02
2.490000000000000213e+00 1.466785843767743486e-02 -5.329465678751824642e-01 1.197999590577635831e-01
2.500000000000000000e+00 9.350372754831500280e-03 -5.317485682846048167e-01 1.723719190849319349e-01
2.510000000000000231e+00 4.050124263893823025e-03 -5.300248490937554680e-01 2.245112926349152049e-01
2.520000000000000018e+00 -1.227673097780128050e-03 -5.277797361674063659e-01 2.761665959776282708e-01
2.530000000000000249e+00 -6.477853799856549480e-03 -5.250180702076300276e-01 3.272871200574608563e-01
2.540000000000000036e+00 -1.169530578992699320e-02 -5.217451990070555157e-01 3.778229912776945865e-01
2.550000000000000266e+00 -1.687497548086989985e-02 -5.179669690942785287e-01 4.277252304715793985e-01
2.560000000000000053e+00 -2.201187264876541816e-02 -5.136897167895628780e-01 4.769458098990750350e-01
2.569999999999999840e+00 -2.710107523567103355e-02 -5.089202586905722248e-01 5.254377081201246913e-01
2.580000000000000071e+00 -3.213773405176485742e-02 -5.036658816093708690e-01 5.731549626078233928e-01
2.589999999999999858e+00 -3.711707737159768150e-02 -4.979343319832927328e-01 6.200527199783344434e-01
2.600000000000000089e+00 -4.203441541943288978e-02 -4.917338047835092540e-01 6.660872837284579351e-01
2.609999999999999876e+00 -4.688514473889503209e-02 -4.850729319462248057e-01 7.112161593862673659e-01
2.620000000000000107e+00 -5.166475244241876263e-02 -4.779607703523619522e-01 7.553980969953084657e-01
2.629999999999999893e+00 -5.636882033624275590e-02 -4.704067893824090407e-01 7.985931308679297125e-01
2.640000000000000124e+00 -6.099302891698015622e-02 -4.624208580737295682e-01 8.407626165587651634e-01
2.649999999999999911e+00 -6.553316123606148236e-02 -4.540132319081420786e-01 8.818692650245548714e-01
2.660000000000000142e+00 -6.998510662864054765e-02 -4.451945392578963157e-01 9.218771739517426234e-01
2.669999999999999929e+00 -7.434486430382424016e-02 -4.359757675183790759e-01 9.607518562480250601e-01
2.680000000000000160e+00 -7.860854679338331874e-02 -4.263682489558985877e-01 9.984602657085799304e-01
2.689999999999999947e+00 -8.277238325637135963e-02 -4.163836462988130260e-01 1.034970819881514847e+00
2.700000000000000178e+00 -8.683272263737143448e-02 -4.060339380999976600e-01 1.070253420170473202e+00
2.709999999999999964e+00 -9.078603667635427865e-02 -3.953314038982931322e-01 1.104279469224797028e+00
2.720000000000000195e+00 -9.462892276841482209e-02 -3.842886092060449066e-01 1.137021885679494693e+00
2.729999999999999982e+00 -9.835810667190723888e-02 -3.729183903492502283e-01 1.168455116318010578e+00
2.740000000000000213e+00 -1.019704450637680254e-01 -3.612338391860698272e-01 1.198555145740780814e+00
2.750000000000000000e+00 -1.054629279410545795e-01 -3.492482877286622878e-01 1.227299503631321675e+00
2.760000000000000231e+00 -1.088326808679781488e-01 -3.369752926923487713e-01 1.254667269719484279e+00
2.770000000000000018e+00 -1.120769670679296198e-01 -3.244286199951542105e-01 1.280639076548105937e+00
2.780000000000000249e+00 -1.151931893602264195e-01 -3.116222292296728646e-01 1.305197110154922679e+00
2.790000000000000036e+00 -1.181788919415076022e-01 -2.985702581281239332e-01 1.328325108785939346e+00
2.800000000000000266e+00 -1.210317620119103071e-01 -2.852870070402642177e-01 1.350008359759791832e+00
2.810000000000000053e+00 -1.237496312463369219e-01 -2.717869234426665837e-01 1.370233694604679142e+00
2.819999999999999840e+00 -1.263304771113030744e-01 -2.580845864966200831e-01 1.388989482590507807e+00
2.830000000000000071e+00 -1.287724240280102850e-01 -2.441946916707146698e-01 1.406265622778740232e+00
2.839999999999999858e+00 -1.310737443824395165e-01 -2.301320354429275683e-01 1.422053534711304357e+00
2.850000000000000089e+00 -1.332328593833977115e-01 -2.159115000958141961e-01 1.436346147857753275e+00
2.859999999999999876e+00 -1.352483397695700418e-01 -2.015480386172369687e-01 1.449137889936687573e+00
2.870000000000000107e+00 -1.371189063667487829e-01 -1.870566597178697499e-01 1.460424674223464780e+00
2.879999999999999893e+00 -1.388434304965051047e-01 -1.724524129756354052e-01 1.470203885951274936e+00
2.890000000000000124e+00 -1.404209342376663561e-01 -1.577503741161223050e-01 1.478474367907070874e+00
2.899999999999999911e+00 -1.418505905420368585e-01 -1.429656304370519049e-01 1.485236405317446273e+00
2.910000000000000142e+00 -1.431317232058756661e-01 -1.281132663838771002e-01 1.490491710112628931e+00
2.919999999999999929e+00 -1.442638066987031453e-01 -1.132083492827511279e-01 1.494243404649261198e+00
2.930000000000000160e+00 -1.452464658510657369e-01 -9.826591523625817504e-02 1.496496004964693149e+00
2.939999999999999947e+00 -1.460794754029318410e-01 -8.330095518661156939e-02 1.497255403627234971e+00
2.950000000000000178e+00 -1.467627594144352565e-01 -6.832840115033887718e-02 1.496528852238250717e+00
2.959999999999999964e+00 -1.472963905407148055e-01 -5.336311262795669086e-02 1.494324943633210889e+00
2.970000000000000195e+00 -1.476805891726310493e-01 -3.841986319162423585e-02 1.490653593819996736e+00
2.979999999999999982e+00 -1.479157224451652930e-01 -2.351332725342458740e-02 1.485526023683879426e+00
2.990000000000000213e+00 -1.480023031153311630e-01 -8.658067016585450221e-03 1.478954740479813346e+00
3.000000000000000000e+00 -1.479409883114490287e-01 6.131480388212368418e-03 1.470953519124073017e+00
3.010000000000000231e+00 -1.477325781556544926e-01 2.084101557945343755e-02 1.461537383288845193e+00
3.020000000000000018e+00 -1.473780142615310762e-01 3.545638941234157543e-02 1.450722586295321470e+00
3.030000000000000249e+00 -1.468783781087781015e-01 4.996361527529512292e-02 1.438526591793121812e+00
3.040000000000000036e+00 -1.462348892968458602e-01 6.434888119322602906e-02 1.424968054206634527e+00
3.050000000000000266e+00 -1.454489036794929246e-01 7.859856173529269907e-02 1.410066798922087195e+00
3.060000000000000053e+00 -1.445219113822478196e-01 9.269922972451327681e-02 1.393843802183011515e+00
3.070000000000000284e+00 -1.434555347047843654e-01 1.066376677463437145e-01 1.376321170656162440e+00
3.080000000000000071e+00 -1.422515259102553331e-01 1.204008794529050491e-01 1.357522120625082263e+00
3.089999999999999858e+00 -1.409117649036638054e-01 1.339761006591555781e-01 1.337470956764256425e+00
3.100000000000000089e+00 -1.394382568013957935e-01 1.473508102267984399e-01 1.316193050443369206e+00
3.109999999999999876e+00 -1.378331293940835145e-01 1.605127407312318399e-01 1.293714817508430759e+00
3.120000000000000107e+00 -1.360986305050203016e-01 1.734498889063164351e-01 1.270063695484607180e+00
3.129999999999999893e+00 -1.342371252464087117e-01 1.861505258611622360e-01 1.245268120144463309e+00
3.140000000000000124e+00 -1.322510931757825969e-01 1.986032070626071455e-01 1.219357501384927378e+00
3.149999999999999911e+00 -1.301431253550180689e-01 2.107967820764561628e-01 1.192362198356787584e+00
3.160000000000000142e+00 -1.279159213144177853e-01 2.227204040600243018e-01 1.164313493791691023e+00
3.169999999999999929e+00 -1.255722859244384204e-01 2.343635389979409622e-01 1.135243567473680937e+00
3.180000000000000160e+00 -1.231151261777115868e-01 2.457159746726780281e-01 1.105185468804981141e+00
3.189999999999999947e+00 -1.205474478841043612e-01 2.567678293607276174e-01 1.074173088419283273e+00
3.200000000000000178e+00 -1.178723522816550878e-01 2.675095602449206744e-01 1.042241128799862748e+00
3.209999999999999964e+00 -1.150930325663259562e-01 2.779319715329190976e-01 1.009425073864744782e+00
3.220000000000000195e+00 -1.122127703436102270e-01 2.880262222715667675e-01 9.757611574864482051e-01
3.229999999999999982e+00 -1.092349320051459738e-01 2.977838338464310342e-01 9.412863309198962192e-01
3.240000000000000213e+00 -1.061629650335896013e-01 3.071966971556301940e-01 9.060382291184311265e-01
3.250000000000000000e+00 -1.030003942391215233e-01 3.162570794468143043e-01 8.700551359248709371e-01
3.260000000000000231e+00 -9.975081793106081729e-02 3.249576308060632135e-01 8.333759481317026818e-01
3.270000000000000018e+00 -9.641790402818709027e-02 3.332913902873800849e-01 7.960401384121893464e-01
3.280000000000000249e+00 -9.300538611147199375e-02 3.412517916715021582e-01 7.580877171318750607e-01
3.290000000000000036e+00 -8.951705942304385988e-02 3.488326688428207700e-01 7.195591930580625961e-01
3.300000000000000266e+00 -8.595677681530976277e-02 3.560282607734015503e-01 6.804955329928007446e-01
3.310000000000000053e+00 -8.232844465427655023e-02 3.628332161033294145e-01 6.409381203631380197e-01
3.320000000000000284e+00 -7.863601868120685678e-02 3.692425973069609624e-01 6.009287128103300013e-01
3.330000000000000071e+00 -7.488349983685629874e-02 3.752518844350641314e-01 5.605093988277298767e-01
3.339999999999999858e+00 -7.107493005262296992e-02 3.808569784233413191e-01 5.197225535047144129e-01
3.350000000000000089e+00 -6.721438801303900035e-02 3.860542039583885754e-01 4.786107934415617660e-01
3.359999999999999876e+00 -6.330598489411104479e-02 3.908403118928041042e-01 4.372169309072778676e-01
3.370000000000000107e+00 -5.935386008209218162e-02 3.952124812018769640e-01 3.955839273191101846e-01
3.379999999999999893e+00 -5.536217687734158732e-02 3.991683204750680058e-01 3.537548461288436696e-01
3.390000000000000124e+00 -5.133511818797793086e-02 4.027058689363565147e-01 3.117728052066489619e-01
3.399999999999999911e+00 -4.727688221809378533e-02 4.058235969884229632e-01 2.696809288185976206e-01
3.410000000000000142e+00 -4.319167815532760218e-02 4.085204062766090161e-01 2.275222992984488046e-01
3.419999999999999929e+00 -3.908372186263175257e-02 4.107956292695934541e-01 1.853399085184105344e-01
3.430000000000000160e+00 -3.495723157908388334e-02 4.126490283547776250e-01 1.431766092667462742e-01
3.439999999999999947e+00 -3.081642363460952022e-02 4.140807944474450553e-01 1.010750666428106292e-01
3.450000000000000178e+00 -2.666550818347069446e-02 4.150915451138731949e-01 5.907770958183919396e-02
3.459999999999999964e+00 -2.250868496137386696e-02 4.156823222096915904e-01 1.722668262306192855e-02
3.470000000000000195e+00 -1.835013907101454983e-02 4.158545890359222064e-01 -2.443620196503221154e-02
3.479999999999999982e+00 -1.419403680085191966e-02 4.156102270162718715e-01 -6.586951158869880363e-02
3.490000000000000213e+00 -1.004452148184797541e-02 4.149515319003848624e-01 -1.070322401498549902e-01
3.500000000000000000e+00 -5.905709386859200362e-03 4.138812094988863488e-01 -1.478838541732665490e-01
3.510000000000000231e+00 -1.781685677287568777e-03 4.124023709571536522e-01 -1.883843381320161048e-01
3.520000000000000018e+00 2.323499598470678967e-03 4.105185275758335139e-01 -2.284942388663591950e-01
3.530000000000000249e+00 6.405835450342471996e-03 4.082335851871698451e-01 -2.681747089950515806e-01
3.540000000000000036e+00 1.046135383131457930e-02 4.055518380972193970e-01 -3.073875492225833783e-01
3.550000000000000266e+00 1.448613345736460625e-02 4.024779626049934667e-01 -3.460952494509024202e-01
3.560000000000000053e+00 1.847630355846936745e-02 3.990170101104845157e-01 -3.842610286096478367e-01
3.570000000000000284e+00 2.242804755671333819e-02 3.951743998243879563e-01 -4.218488731250421564e-01
3.580000000000000071e+00 2.633760666764463007e-02 3.909559110931375980e-01 -4.588235739539090474e-01
3.589999999999999858e+00 3.020128342118053380e-02 3.863676753535986164e-01 -4.951507621161707062e-01
3.600000000000000089e+00 3.401544509850498721e-02 3.814161677324368060e-01 -5.307969426661609536e-01
3.609999999999999876e+00 3.777652708156266359e-02 3.761081983057752987e-01 -5.657295270504532070e-01
3.620000000000000107e+00 4.148103611191545498e-02 3.704509030352706178e-01 -5.999168638073759663e-01
3.629999999999999893e+00 4.512555345588734751e-02 3.644517343971969692e-01 -6.333282675709146492e-01
3.640000000000000124e+00 4.870673797310230702e-02 3.581184517214876517e-01 -6.659340463494073381e-01
3.649999999999999911e+00 5.222132908568216658e-02 3.514591112579937282e-01 -6.977055270569494372e-01
3.660000000000000142e+00 5.566614964555648831e-02 3.444820559874240962e-01 -7.286150792830428102e-01
3.669999999999999929e+00 5.903810869750235335e-02 3.371959051945938035e-01 -7.586361372933150271e-01
3.680000000000000160e+00 6.233420413571903740e-02 3.296095438216604667e-01 -7.877432202614207402e-01
3.689999999999999947e+00 6.555152525190943713e-02 3.217321116190464125e-01 -8.159119507390845127e-01
3.700000000000000178e+00 6.868725517302606831e-02 3.135729921116554020e-01 -8.431190713779882495e-01
3.709999999999999964e+00 7.173867318700476170e-02 3.051418013978757227e-01 -8.693424599234179651e-01
3.720000000000000195e+00 7.470315695499124553e-02 2.964483767986413332e-01 -8.945611425055919330e-01
3.729999999999999982e+00 7.757818460872703548e-02 2.875027653735856004e-01 -9.187553052600093695e-01
3.740000000000000213e+00 8.036133673193694704e-02 2.783152123209852724e-01 -9.419063043132838153e-01
3.750000000000000000e+00 8.305029822471542145e-02 2.688961492778526585e-01 -9.639966741754117940e-01
3.760000000000000231e+00 8.564286005007645808e-02 2.592561825360983341e-01 -9.850101345835649003e-01
3.770000000000000018e+00 8.813692086197903730e-02 2.494060811902628905e-01 -1.004931595845958370e+00
3.780000000000000249e+00 9.053048851429712496e-02 2.393567652318030758e-01 -1.023747162737427496e+00
3.790000000000000036e+00 9.282168145034136453e-02 2.291192936044290085e-01 -1.041444137000740122e+00
3.800000000000000266e+00 9.500872997268562659e-02 2.187048522344213763e-01 -1.058011018509661394e+00
3.810000000000000053e+00 9.708997739317883069e-02 2.081247420493249900e-01 -1.073437505151109805e+00
3.820000000000000284e+00 9.906388106315701381e-02 1.973903669978136488e-01 -1.087714491484645052e+00
3.830000000000000071e+00 1.009290132839866516e-01 1.865132220829674448e-01 -1.100834066237814213e+00
3.839999999999999858e+00 1.026840620981925162e-01 1.755048814205895369e-01 -1.112789508695744889e+00
3.850000000000000089e+00 1.043278319615288663e-01 1.643769863336318193e-01 -1.123575284042680256e+00
3.859999999999999876e+00 1.058592442964608887e-01 1.531412334932052421e-01 -1.133187037712054979e+00
3.870000000000000107e+00 1.072773379276217715e-01 1.418093631160844414e-01 -1.141621588800152409e+00
3.879999999999999893e+00 1.085812693999025774e-01 1.303931472280831505e-01 -1.148876922596416383e+00
3.890000000000000124e+00 1.097703131799237924e-01 1.189043780021187269e-01 -1.154952182281191231e+00
3.899999999999999911e+00 1.108438617417168426e-01 1.073548561793070677e-01 -1.159847659838980416e+00
3.910000000000000142e+00 1.118014255375260335e-01 9.575637958091699764e-02 -1.163564786232389014e+00
3.919999999999999929e+00 1.126426328547119465e-01 8.412073171859335563e-02 -1.166106120878687369e+00
3.930000000000000160e+00 1.133672295598100316e-01 7.245967050980621493e-02 -1.167475340467530875e+00
3.939999999999999947e+00 1.139750787308613234e-01 6.078491710513115459e-02 -1.167677227154756192e+00
3.950000000000000178e+00 1.144661601791971683e-01 4.910814483358331983e-02 -1.166717656163472894e+00
3.959999999999999964e+00 1.148405698619166526e-01 3.744096827194884347e-02 -1.164603582819838223e+00
3.970000000000000195e+00 1.150985191863541646e-01 2.579493244375019242e-02 -1.161343029047047004e+00
3.979999999999999982e+00 1.152403342078869575e-01 1.418150215327997066e-02 -1.156945069337218079e+00
3.990000000000000213e+00 1.152664547224860336e-01 2.612051459907522438e-03 -1.151419816217010617e+00
4.000000000000000000e+00 1.151774332554634100e-01 -8.902146702262338229e-03 -1.144778405219073258e+00
4.009999999999999787e+00 1.149739339479188827e-01 -2.034993075445282878e-02 -1.137032979367773589e+00
4.020000000000000462e+00 1.146567313424375484e-01 -3.172026054813133211e-02 -1.128196673184185483e+00
4.030000000000000249e+00 1.142267090696378329e-01 -4.300222727997294464e-02 -1.118283596212000353e+00
4.040000000000000036e+00 1.136848584372169152e-01 -5.418506324209271252e-02 -1.107308816062937185e+00
4.049999999999999822e+00 1.130322769231897062e-01 -6.525815140272184234e-02 -1.095288340977411234e+00
4.060000000000000497e+00 1.122701665750646810e-01 -7.621103481249669187e-02 -1.082239101893625266e+00
4.070000000000000284e+00 1.113998323167503662e-01 -8.703342583143271194e-02 -1.068178934016005277e+00
4.080000000000000071e+00 1.104226801650344675e-01 -9.771521517159253989e-02 -1.053126557871923552e+00
4.089999999999999858e+00 1.093402153575313701e-01 -1.082464807503115550e-01 -1.037101559844070042e+00
4.099999999999999645e+00 1.081540403940438738e-01 -1.186174963487520301e-01 -1.020124372164535442e+00
4.110000000000000320e+00 1.068658529933398105e-01 -1.288187400703980634e-01 -1.002216252355780934e+00
4.120000000000000107e+00 1.054774439674002889e-01 -1.388409025939556507e-01 -9.833992621031368841e-01
4.129999999999999893e+00 1.039906950152504478e-01 -1.486748952149868075e-01 -9.636962455432731556e-01
4.139999999999999680e+00 1.024075764385462828e-01 -1.583118576704193314e-01 -9.431308069533557159e-01
4.150000000000000355e+00 1.007301447811466411e-01 -1.677431657399535148e-01 -9.217272878261160152e-01
4.160000000000000142e+00 9.896054039496453292e-02 -1.769604386182144773e-01 -8.995107433170499434e-01
4.169999999999999929e+00 9.710098493445072643e-02 -1.859555460513847847e-01 -8.765069180512203850e-01
4.179999999999999716e+00 9.515377878213179819e-02 -1.947206152318967931e-01 -8.527422212788322575e-01
4.190000000000000391e+00 9.312129840768480771e-02 -2.032480374446856974e-01 -8.282437013706521745e-01
4.200000000000000178e+00 9.100599366310092864e-02 -2.115304744583920427e-01 -8.030390196466791197e-01
4.209999999999999964e+00 8.881038501655239004e-02 -2.195608646548586618e-01 -7.771564235339684101e-01
4.219999999999999751e+00 8.653706072765045276e-02 -2.273324288901981682e-01 -7.506247190524160118e-01
4.230000000000000426e+00 8.418867396684306947e-02 -2.348386760807228413e-01 -7.234732426302983299e-01
4.240000000000000213e+00 8.176793988177286088e-02 -2.420734085070256614e-01 -6.957318322546882650e-01
4.250000000000000000e+00 7.927763261347718637e-02 -2.490307268295723908e-01 -6.674307979652570610e-01
4.259999999999999787e+00 7.672058226538498726e-02 -2.557050348092247960e-01 -6.386008917036540833e-01
4.270000000000000462e+00 7.409967182812218778e-02 -2.620910437262617410e-01 -6.092732765342804280e-01
4.280000000000000249e+00 7.141783406320620364e-02 -2.681837764916044087e-01 -5.794794952561354018e-01
4.290000000000000036e+00 6.867804834876460596e-02 -2.739785714441656528e-01 -5.492514384291772300e-01
4.299999999999999822e+00 6.588333749048008725e-02 -2.794710858284573107e-01 -5.186213118425923030e-01
4.310000000000000497e+00 6.303676450101106110e-02 -2.846572989468835746e-01 -4.876216034560929558e-01
4.320000000000000284e+00 6.014142935119667910e-02 -2.895335149814444176e-01 -4.562850498492109219e-01
4.330000000000000071e+00 5.720046569639737621e-02 -2.940963654799364502e-01 -4.246446022171581625e-01
4.339999999999999858e+00 5.421703758137635942e-02 -2.983428115021079519e-01 -3.927333919554766850e-01
4.350000000000000533e+00 5.119433612715952597e-02 -3.022701454216629724e-01 -3.605846958790001056e-01
4.360000000000000320e+00 4.813557620335506132e-02 -3.058759923804528769e-01 -3.282319011239381856e-01
4.370000000000000107e+00 4.504399308943820429e-02 -3.091583113916921977e-01 -2.957084697848110233e-01
4.379999999999999893e+00 4.192283912854286726e-02 -3.121153960895402535e-01 -2.630479033408216205e-01
4.389999999999999680e+00 3.877538037731344950e-02 -3.147458751229484375e-01 -2.302837069286370608e-01
4.400000000000000355e+00 3.560489325539088756e-02 -3.170487121922349605e-01 -1.974493535208109440e-01
4.410000000000000142e+00 3.241466119811652752e-02 -3.190232057274430266e-01 -1.645782480709725437e-01
4.419999999999999929e+00 2.920797131603506888e-02 -3.206689882081527054e-01 -1.317036916884162245e-01
4.429999999999999716e+00 2.598811106478476907e-02 -3.219860251250368233e-01 -9.885884590606180966e-02
4.440000000000000391e+00 2.275836492894357452e-02 -3.229746135840975141e-01 -6.607669710653404915e-02
4.450000000000000178e+00 1.952201112339201419e-02 -3.236353805551628326e-01 -3.339002117172062967e-02
4.459999999999999964e+00 1.628231831572328481e-02 -3.239692807668800301e-01 -8.313484212553456931e-04
4.469999999999999751e+00 1.304254237321242869e-02 -3.239775942510925710e-01 3.156707109471226791e-02
4.480000000000000426e+00 9.805923137810755238e-03 -3.236619235401454464e-01 6.377330188375326947e-02
4.490000000000000213e+00 6.575681232597744771e-03 -3.230241905213079301e-01 9.575575681651676829e-02
4.500000000000000000e+00 3.355014903066385473e-03 -3.220666329531428063e-01 1.274832303866506589e-01
4.509999999999999787e+00 1.470968965736904957e-04 -3.207918006492763152e-01 1.589249313642059347e-01
4.520000000000000462e+00 -3.044928616782866231e-03 -3.192025513356341326e-01 1.900505147834499198e-01
4.530000000000000249e+00 -6.217949078660795284e-03 -3.173020461877996690e-01 2.208301132081392226e-01
4.540000000000000036e+00 -9.368886529217910694e-03 -3.150937450557182995e-01 2.512343672198702471e-01
4.549999999999999822e+00 -1.249470054305304098e-02 -3.125814013835196414e-01 2.812344550777799990e-01
4.560000000000000497e+00 -1.559239111138066569e-02 -3.097690568327416405e-01 3.108021215009613147e-01
4.570000000000000284e+00 -1.865900146755792091e-02 -3.066610356177321139e-01 3.399097055280917434e-01
4.580000000000000071e+00 -2.169162085318237024e-02 -3.032619385624512609e-01 3.685301674122451465e-01
4.589999999999999858e+00 -2.468738722206559322e-02 -2.995766368883288622e-01 3.966371145123255282e-01
4.600000000000000533e+00 -2.764348987949784633e-02 -2.956102657432053138e-01 4.242048261463459147e-01
4.610000000000000320e+00 -3.055717205431520561e-02 -2.913682174817419646e-01 4.512082773755045073e-01
4.620000000000000107e+00 -3.342573340139501359e-02 -2.868561347079870427e-01 4.776231616919515144e-01
4.629999999999999893e+00 -3.624653243230562677e-02 -2.820799030910676186e-01 5.034259125869700036e-01
4.639999999999999680e+00 -3.901698887195755028e-02 -2.770456439651980407e-01 5.285937239803144561e-01
4.650000000000000355e+00 -4.173458593921167831e-02 -2.717597067253945120e-01 5.531045694953211633e-01
4.660000000000000142e+00 -4.439687254951603379e-02 -2.662286610304414047e-01 5.769372205682885557e-01
4.669999999999999929e+00 -4.700146543776356767e-02 -2.604592888247586613e-01 6.000712633844751398e-01
4.679999999999999716e+00 -4.954605119967265409e-02 -2.544585761909140542e-01 6.224871146367101371e-01
4.690000000000000391e+00 -5.202838825011828899e-02 -2.482337050445465321e-01 6.441660361062788720e-01
4.700000000000000178e+00 -5.444630869695307740e-02 -2.417920446834838921e-01 6.650901480691483458e-01
4.709999999999999964e+00 -5.679772012898095385e-02 -2.351411432027925574e-01 6.852424415339377628e-01
4.719999999999999751e+00 -5.908060731685543798e-02 -2.282887187874533264e-01 7.046067893210826716e-01
4.730000000000000426e+00 -6.129303382579801007e-02 -2.212426508942420267e-01 7.231679559956160075e-01
4.740000000000000213e+00 -6.343314353914082659e-02 -2.140109713342860098e-01 7.409116066686286528e-01
4.750000000000000000e+00 -6.549916209181677607e-02 -2.066018552675998876e-01 7.578243146849829026e-01
4.759999999999999787e+00 -6.748939821302422926e-02 -1.990236121207502318e-01 7.738935682170218211e-01
4.770000000000000462e+00 -6.940224497741015464e-02 -1.912846764385794929e-01 7.891077757860471831e-01
4.780000000000000249e+00 -7.123618096421731327e-02 -1.833935986807191942e-01 8.034562707350257904e-01
4.790000000000000036e+00 -7.298977132395097212e-02 -1.753590359733691040e-01 8.169293146774860848e-01
4.799999999999999822e+00 -7.466166875221688648e-02 -1.671897428265944063e-01 8.295180999487327123e-01
4.810000000000000497e+00 -7.625061437048806512e-02 -1.588945618271065119e-01 8.412147510865067845e-01
4.820000000000000284e+00 -7.775543851365045167e-02 -1.504824143162416250e-01 8.520123253688876019e-01
4.830000000000000071e+00 -7.917506142427595262e-02 -1.419622910625529255e-01 8.619048124377131082e-01
4.839999999999999858e+00 -8.050849385365768662e-02 -1.333432429381759821e-01 8.708871330359762020e-01
4.850000000000000533e+00 -8.175483756973592198e-02 -1.246343716078156250e-01 8.789551368876745707e-01
4.860000000000000320e+00 -8.291328577212528361e-02 -1.158448202389390641e-01 8.861055997483306967e-01
4.870000000000000107e+00 -8.398312341453982588e-02 -1.069837642414559475e-01 8.923362196539774693e-01
4.879999999999999893e+00 -8.496372743498896429e-02 -9.806040204491636714e-02 8.976456123957515798e-01
4.889999999999999680e+00 -8.585456689419854182e-02 -8.908394592095904285e-02 9.020333062464530594e-01
4.900000000000000355e+00 -8.665520302278353904e-02 -8.006361285849390719e-02 9.054997359644464394e-01
4.910000000000000142e+00 -8.736528917777201808e-02 -7.100861549884963930e-02 9.080462360991820026e-01
4.919999999999999929e+00 -8.798457070915058353e-02 -6.192815313785801634e-02 9.096750336213860200e-01
4.929999999999999716e+00 -8.851288473716702188e-02 -5.283140280164434766e-02 9.103892398996328295e-01
4.940000000000000391e+00 -8.895015984119353236e-02 -4.372751040264740569e-02 9.101928420436101730e-01
4.950000000000000178e+00 -8.929641566101563510e-02 -3.462558198221149519e-02 9.090906936329048449e-01
4.959999999999999964e+00 -8.955176241147445870e-02 -2.553467504588264117e-02 9.070885048486226898e-01
4.969999999999999751e+00 -8.971640031144842431e-02 -1.646378999739660925e-02 9.041928320236164440e-01
4.980000000000000426e+00 -8.979061892822003121e-02 -7.421861677159835233e-03 9.004110666255523698e-01
4.990000000000000213e+00 -8.977479643832907141e-02 1.582248989095496119e-03 8.957514236855277368e-01
5.000000000000000000e+00 -8.966939880606956959e-02 1.053976322595058177e-02 8.902229296834482941e-01
5.009999999999999787e+00 -8.947497888084172957e-02 1.944199252278487611e-02 8.838354098999575692e-01
5.020000000000000462e+00 -8.919217541462386156e-02 2.828034662178504841e-02 8.765994752433290405e-01
5.030000000000000249e+00 -8.882171200088169460e-02 3.704634137421815299e-02 8.685265085584672473e-01
5.040000000000000036e+00 -8.836439593628367395e-02 4.573160645980264144e-02 8.596286504239706305e-01
5.049999999999999822e+00 -8.782111700664325948e-02 5.432789296404216817e-02 8.499187844421700611e-01
5.060000000000000497e+00 -8.719284619855857676e-02 6.282708080846444165e-02 8.394105220261030009e-01
5.070000000000000284e+00 -8.648063433827134217e-02 7.122118602872529181e-02 8.281181866866040853e-01
5.080000000000000071e+00 -8.568561065931544485e-02 7.950236789559116113e-02 8.160567978220226726e-01
5.089999999999999858e+00 -8.480898130057734630e-02 8.766293587381121521e-02 8.032420540126192776e-01
5.100000000000000533e+00 -8.385202773643790630e-02 9.569535641393794867e-02 7.896903158213268714e-01
5.110000000000000320e+00 -8.281610514071641171e-02 1.035922595721510547e-01 7.754185881024263649e-01
5.120000000000000107e+00 -8.170264068618468545e-02 1.113464454531751524e-01 7.604445018196543948e-01
5.129999999999999893e+00 -8.051313178147100069e-02 1.189508904713715287e-01 7.447862953754817994e-01
5.139999999999999680e+00 -7.924914424721976602e-02 1.263987534251261868e-01 7.284627954535940475e-01
5.150000000000000355e+00 -7.791231043342304596e-02 1.336833813796626247e-01 7.114933973771433440e-01
5.160000000000000142e+00 -7.650432727988873416e-02 1.407983153534339005e-01 6.938980449860072675e-01
5.169999999999999929e+00 -7.502695432185582658e-02 1.477372958032938111e-01 6.756972100370928214e-01
5.179999999999999716e+00 -7.348201164281921438e-02 1.544942679036646060e-01 6.569118711327501803e-01
5.190000000000000391e+00 -7.187137777666917360e-02 1.610633866149925597e-01 6.375634921834270052e-01
5.200000000000000178e+00 -7.019698756130093864e-02 1.674390215368266877e-01 6.176740004119917193e-01
5.209999999999999964e+00 -6.846082994589150483e-02 1.736157615409464616e-01 5.972657639084729686e-01
5.219999999999999751e+00 -6.666494575409123713e-02 1.795884191800310725e-01 5.763615687455134751e-01
5.230000000000000426e+00 -6.481142540541624808e-02 1.853520348674866092e-01 5.549845956663470581e-01
5.240000000000000213e+00 -6.290240659717478977e-02 1.909018808241499665e-01 5.331583963588114594e-01
5.250000000000000000e+00 -6.094007194929745158e-02 1.962334647877379545e-01 5.109068693305929276e-01
5.259999999999999787e+00 -5.892664661448705765e-02 2.013425334810437783e-01 4.882542354027318843e-01
5.270000000000000462e+00 -5.686439585613620173e-02 2.062250758350714364e-01 4.652250128401704821e-01
5.280000000000000249e+00 -5.475562259650151864e-02 2.108773259634730279e-01 4.418439921400044712e-01
5.290000000000000036e+00 -5.260266493765283768e-02 2.152957658848729805e-01 4.181362104998778695e-01
5.299999999999999822e+00 -5.040789365775416586e-02 2.194771279898716787e-01 3.941269259908563027e-01
5.310000000000000497e+00 -4.817370968525620800e-02 2.234183972497805204e-01 3.698415914608268462e-01
5.320000000000000284e+00 -4.590254155361236932e-02 2.271168131643886978e-01 3.453058281962730902e-01
5.330000000000000071e+00 -4.359684283914890685e-02 2.305698714463513543e-01 3.205453993719004080e-01
5.339999999999999858e+00 -4.125908958474825555e-02 2.337753254400702918e-01 2.955861833192595101e-01
5.350000000000000533e+00 -3.889177771201546285e-02 2.367311872732630884e-01 2.704541466469577715e-01
5.360000000000000320e+00 -3.649742042461819047e-02 2.394357287397325951e-01 2.451753172465097608e-01
5.370000000000000107e+00 -3.407854560549626599e-02 2.418874819121976383e-01 2.197757572191063602e-01
5.379999999999999893e+00 -3.163769321065243445e-02 2.440852394843886497e-01 1.942815357598186021e-01
5.389999999999999680e+00 -2.917741266223261923e-02 2.460280548419867819e-01 1.687187020366902046e-01
5.400000000000000355e+00 -2.670026024360891426e-02 2.477152418623538022e-01 1.431132581030858386e-01
5.410000000000000142e+00 -2.420879649917512255e-02 2.491463744433846383e-01 1.174911318823657486e-01
5.419999999999999929e+00 -2.170558364155309242e-02 2.503212857622082455e-01 9.187815026445905753e-02
5.429999999999999716e+00 -1.919318296890461933e-02 2.512400672648528177e-01 6.630001235435584173e-02
5.440000000000000391e+00 -1.667415229502048485e-02 2.519030673883964067e-01 4.078226291265513170e-02
5.450000000000000178e+00 -1.415104339484530953e-02 2.523108900175229374e-01 1.535026602838951426e-02
5.459999999999999964e+00 -1.162639946806729579e-02 2.524643926778068481e-01 -9.970820935875757129e-03
5.469999999999999751e+00 -9.102752623382868308e-03 2.523646844684481194e-01 -3.515607308692242361e-02
5.480000000000000426e+00 -6.582621386006909034e-03 2.520131237375788924e-01 -6.018082339258606916e-02
5.490000000000000213e+00 -4.068508230970432210e-03 2.514113155036530323e-01 -8.502068768375788121e-02
5.500000000000000000e+00 -1.562897144702331004e-03 2.505611086268154653e-01 -1.096515892290616107e-01
5.509999999999999787e+00 9.317487826428646168e-04 2.494645927345248704e-01 -1.340497828455192997e-01
5.520000000000000462e+00 3.412989731703727943e-03 2.481240949060695977e-01 -1.581918785097654045e-01
5.530000000000000249e+00 5.878411492913395049e-03 2.465421761209719842e-01 -1.820548644356191070e-01
5.540000000000000036e+00 8.325627767679501939e-03 2.447216274766158273e-01 -2.056161295853340121e-01
5.549999999999999822e+00 1.075228242948707627e-02 2.426654661807625402e-01 -2.288534855833402881e-01
5.560000000000000497e+00 1.315605174273652873e-02 2.403769313249289885e-01 -2.517451880030604494e-01
5.570000000000000284e+00 1.553464653718546196e-02 2.378594794448984362e-01 -2.742699569991103870e-01
5.580000000000000071e+00 1.788581433593448497e-02 2.351167798749073945e-01 -2.964069972591340529e-01
5.589999999999999858e+00 2.020734143495759791e-02 2.321527099023161234e-01 -3.181360172514038354e-01
5.600000000000000533e+00 2.249705493225577155e-02 2.289713497298018763e-01 -3.394372477464074889e-01
5.610000000000000320e+00 2.475282470477910279e-02 2.255769772523378847e-01 -3.602914595926545172e-01
5.620000000000000107e+00 2.697256533134316861e-02 2.219740626564114250e-01 -3.806799807290888182e-01
5.629999999999999893e+00 2.915423795983432959e-02 2.181672628491206078e-01 -4.005847124185452635e-01
5.639999999999999680e+00 3.129585211708363346e-02 2.141614157249352446e-01 -4.199881446888839021e-01
5.650000000000000355e+00 3.339546745986423509e-02 2.099615342780461191e-01 -4.388733709705151531e-01
5.660000000000000142e+00 3.545119546554760526e-02 2.055728005683410686e-01 -4.572241019211281676e-01
5.669999999999999929e+00 3.746120106103886099e-02 2.010005595491298758e-01 -4.750246784305368064e-01
5.679999999999999716e+00 3.942370418868706289e-02 1.962503127648246026e-01 -4.922600838005139479e-01
5.690000000000000391e+00 4.133698130795538522e-02 1.913277119268191329e-01 -5.089159550965089984e-01
5.700000000000000178e+00 4.319936683171388819e-02 1.862385523758541550e-01 -5.249785936699896682e-01
5.709999999999999964e+00 4.500925449610539142e-02 1.809887664391543749e-01 -5.404349748520064223e-01
5.719999999999999751e+00 4.676509866301169910e-02 1.755844166906344317e-01 -5.552727568202525665e-01
5.730000000000000426e+00 4.846541555423612702e-02 1.700316891224315230e-01 -5.694802886435750278e-01
5.740000000000000213e+00 5.010878441659605276e-02 1.643368862359959048e-01 -5.830466175093808046e-01
5.750000000000000000e+00 5.169384861720503765e-02 1.585064200609022089e-01 -5.959614951408394035e-01
5.759999999999999787e+00 5.321931666829994578e-02 1.525468051094939492e-01 -6.082153834120428426e-01
5.770000000000000462e+00 5.468396318105377824e-02 1.464646512753731145e-01 -6.197994591705131562e-01
5.780000000000000249e+00 5.608662974789042910e-02 1.402666566836681117e-01 -6.307056182774888331e-01
5.790000000000000036e+00 5.742622575289933751e-02 1.339596005008933666e-01 -6.409264788773879618e-01
5.799999999999999822e+00 5.870172911002050770e-02 1.275503357121196280e-01 -6.504553839086375522e-01
5.810000000000000497e+00 5.991218692875091567e-02 1.210457818730328178e-01 -6.592864028687940303e-01
5.820000000000000284e+00 6.105671610719434067e-02 1.144529178443450118e-01 -6.674143328474312353e-01
5.830000000000000071e+00 6.213450385235302909e-02 1.077787745158708399e-01 -6.748346988407598612e-01
5.839999999999999858e+00 6.314480812762764128e-02 1.010304275274633845e-01 -6.815437533622604738e-01
5.850000000000000533e+00 6.408695802756610160e-02 9.421498999384031459e-02 -6.875384753638815738e-01
5.860000000000000320e+00 6.496035407996809952e-02 8.733960524020165095e-02 -6.928165684824616477e-01
5.870000000000000107e+00 6.576446847552185060e-02 8.041143955537717602e-02 -6.973764586260950971e-01
5.879999999999999893e+00 6.649884522521300190e-02 7.343767496911637882e-02 -7.012172909150757860e-01
5.889999999999999680e+00 6.716310024581265137e-02 6.642550205996576584e-02 -7.043389259919450307e-01
5.900000000000000355e+00 6.775692137381314484e-02 5.938211280004584286e-02 -7.067419357149271608e-01
5.910000000000000142e+00 6.828006830824209783e-02 5.231469344289672169e-02 -7.084275982487715506e-01
5.919999999999999929e+00 6.873237248284617962e-02 4.523041746040915717e-02 -7.093978925666684088e-01
5.929999999999999716e+00 6.911373686819359541e-02 3.813643853474262685e-02 -7.096554923765130418e-01
5.940000000000000391e+00 6.942413570430339131e-02 3.103988361097701626e-02 -7.092037594843709769e-01
5.950000000000000178e+00 6.966361416446471833e-02 2.394784601613345748e-02 -7.080467366075217095e-01
5.959999999999999964e+00 6.983228795096529939e-02 1.686737865005839138e-02 -7.061891396489805572e-01
5.969999999999999751e+00 6.993034282350098219e-02 9.805487253568737072e-03 -7.036363494449034972e-01
5.980000000000000426e+00 6.995803406109217526e-02 2.769123759119226751e-03 -7.003944029957736017e-01
5.990000000000000213e+00 6.991568585838378591e-02 -4.234820270838359803e-03 -6.964699841917828538e-01
6.000000000000000000e+00 6.980369065725622324e-02 -1.119952011275603988e-02 -6.918704140423336257e-01
6.009999999999999787e+00 6.962250841472443497e-02 -1.811822425317922980e-02 -6.866036404191421250e-01
6.020000000000000462e+00 6.937266580815071304e-02 -2.498426065737111360e-02 -6.806782273219882384e-01
6.030000000000000249e+00 6.905475537884481207e-02 -3.179104293059085290e-02 -6.741033436757793984e-01
6.040000000000000036e+00 6.866943461517133196e-02 -3.853207636734850422e-02 -6.668887516672430404e-01
6.049999999999999822e+00 6.821742497633113966e-02 -4.520096388402079085e-02 -6.590447946292895542e-01
6.060000000000000497e+00 6.769951085802795865e-02 -5.179141183031413243e-02 -6.505823844808305001e-01
6.070000000000000284e+00 6.711653850127674570e-02 -5.829723567512230115e-02 -6.415129887296872058e-01
6.080000000000000071e+00 6.646941484565256630e-02 -6.471236556241903581e-02 -6.318486170460891893e-01
6.089999999999999858e+00 6.575910632832378255e-02 -7.103085173287979059e-02 -6.216018074142557470e-01
6.100000000000000533e+00 6.498663763025350204e-02 -7.724686980702276384e-02 -6.107856118695536018e-01
6.110000000000000320e+00 6.415309037099634071e-02 -8.335472592571817330e-02 -5.994135818288517381e-01
6.120000000000000107e+00 6.325960175355629933e-02 -8.934886174400656633e-02 -5.874997530218438735e-01
6.129999999999999893e+00 6.230736316081406795e-02 -9.522385927422488683e-02 -5.750586300313949017e-01
6.140000000000000568e+00 6.129761870506860583e-02 -1.009744455745392178e-01 -5.621051704512548541e-01
6.150000000000000355e+00 6.023166373227811093e-02 -1.065954972790516403e-01 -5.486547686699030368e-01
6.160000000000000142e+00 5.911084328262063148e-02 -1.120820449657505546e-01 -5.347232392897206532e-01
6.169999999999999929e+00 5.793655050903417925e-02 -1.174292773586476518e-01 -5.203268001912485508e-01
6.179999999999999716e+00 5.671022505542860220e-02 -1.226325453605600219e-01 -5.054820552528498379e-01
6.190000000000000391e+00 5.543335139629762542e-02 -1.276873659130888516e-01 -4.902059767367491494e-01
6.200000000000000178e+00 5.410745713949308838e-02 -1.325894256804562299e-01 -4.745158873531316601e-01
6.209999999999999964e+00 5.273411129395324387e-02 -1.373345845539874488e-01 -4.584294420146968196e-01
6.219999999999999751e+00 5.131492250421192808e-02 -1.419188789741343271e-01 -4.419646092948938954e-01
6.230000000000000426e+00 4.985153725354099508e-02 -1.463385250670835580e-01 -4.251396526038386248e-01
6.240000000000000213e+00 4.834563803760980744e-02 -1.505899215931218449e-01 -4.079731110967921293e-01
6.250000000000000000e+00 4.679894151056894491e-02 -1.546696527040896663e-01 -3.904837803309106903e-01
6.259999999999999787e+00 4.521319660549499159e-02 -1.585744905073986910e-01 -3.726906926869026915e-01
6.270000000000000462e+00 4.359018263115220504e-02 -1.623013974342679688e-01 -3.546130975730619195e-01
6.280000000000000249e+00 4.193170734705225361e-02 -1.658475284099985014e-01 -3.362704414300640710e-01
6.290000000000000036e+00 4.023960501880929908e-02 -1.692102328242990616e-01 -3.176823475557402632e-01
6.299999999999999822e+00 3.851573445581077393e-02 -1.723870562998564004e-01 -2.988685957699463436e-01
6.310000000000000497e+00 3.676197703323509647e-02 -1.753757422575560609e-01 -2.798491019404134028e-01
6.320000000000000284e+00 3.498023470046553174e-02 -1.781742332769601367e-01 -2.606438973912989510e-01
6.330000000000000071e+00 3.317242797795683790e-02 -1.807806722508730757e-01 -2.412731082168579622e-01
6.339999999999999858e+00 3.134049394462645743e-02 -1.831934033330415990e-01 -2.217569345234169376e-01
6.350000000000000533e+00 2.948638421784357394e-02 -1.854109726782759149e-01 -2.021156296234135064e-01
6.360000000000000320e+00 2.761206292809851442e-02 -1.874321289745100039e-01 -1.823694792059006864e-01
6.370000000000000107e+00 2.571950469043286433e-02 -1.892558237665689647e-01 -1.625387805083796378e-01
6.379999999999999893e+00 2.381069257471637654e-02 -1.908812115716527202e-01 -1.426438215153363331e-01
6.390000000000000568e+00 2.188761607684818616e-02 -1.923076497868061729e-01 -1.227048602091623947e-01
6.400000000000000355e+00 1.995226909295924958e-02 -1.935346983888977801e-01 -1.027421038994789232e-01
6.410000000000000142e+00 1.800664789868036686e-02 -1.945621194278925603e-01 -8.277568865703731349e-02
6.419999999999999929e+00 1.605274913553577862e-02 -1.953898763144629180e-01 -6.282565887855456888e-02
6.429999999999999716e+00 1.409256780650333662e-02 -1.960181329032484598e-01 -4.291194700880739121e-02
6.440000000000000391e+00 1.212809528276983725e-02 -1.964472523733365728e-01 -2.305435344628588290e-02
6.450000000000000178e+00 1.016131732369188537e-02 -1.966777959077994353e-01 -3.272526658557498025e-03
6.459999999999999964e+00 8.194212111948076874e-03 -1.967105211743850057e-01 1.641405646678499586e-02
6.469999999999999751e+00 6.228748305850947097e-03 -1.965463806097171584e-01 3.598611000998553494e-02
6.480000000000000426e+00 4.266883110754642397e-03 -1.961865195096172687e-01 5.542455812067373366e-02
6.490000000000000213e+00 2.310560371470578821e-03 -1.956322739284105383e-01 7.471055380843361071e-02
6.500000000000000000e+00 3.617086875673581649e-04 -1.948851683903262133e-01 9.382549739836201774e-02
6.509999999999999787e+00 -1.577760446596026753e-03 -1.939469134163426256e-01 1.127510546281935699e-01
6.520000000000000462e+00 -3.505954475296763247e-03 -1.928194028700606077e-01 1.314691743643763011e-01
6.530000000000000249e+00 -5.421001586560890949e-03 -1.915047111264168711e-01 1.499621059152519142e-01
6.540000000000000036e+00 -7.321052487233494638e-03 -1.900050900672643761e-01 1.682124159204252400e-01
6.549999999999999822e+00 -9.204282146314055751e-03 -1.883229659080601637e-01 1.862030047962944801e-01
6.560000000000000497e+00 -1.106889150491515220e-02 -1.864609358600970990e-01 2.039171227187756008e-01
6.570000000000000284e+00 -1.291310915124420713e-02 -1.844217646329093796e-01 2.213383851252600509e-01
6.580000000000000071e+00 -1.473519295906073646e-02 -1.822083807816568257e-01 2.384507877189864233e-01
6.589999999999999858e+00 -1.653343168810536903e-02 -1.798238729044670248e-01 2.552387209600821549e-01
6.600000000000000533e+00 -1.830614654505414995e-02 -1.772714856948660322e-01 2.716869840287516880e-01
6.610000000000000320e+00 -2.005169270359990000e-02 -1.745546158545785709e-01 2.877807982472320725e-01
6.620000000000000107e+00 -2.176846078232092668e-02 -1.716768078721063184e-01 3.035058199483813834e-01
6.629999999999999893e+00 -2.345487827904711720e-02 -1.686417496726225762e-01 3.188481527799274517e-01
6.640000000000000568e+00 -2.510941096049545962e-02 -1.654532681448230846e-01 3.337943594346741705e-01
6.650000000000000355e+00 -2.673056420600018745e-02 -1.621153245504764195e-01 3.483314727981362546e-01
6.660000000000000142e+00 -2.831688430422510394e-02 -1.586320098224951181e-01 3.624470065063154500e-01
6.669999999999999929e+00 -2.986695970179939139e-02 -1.550075397574320335e-01 3.761289649074716079e-01
6.679999999999999716e+00 -3.137942220288293671e-02 -1.512462501083574051e-01 3.893658524229554052e-01
6.690000000000000391e+00 -3.285294811872431497e-02 -1.473525915841275846e-01 4.021466823032803228e-01
6.700000000000000178e+00 -3.428625936633523247e-02 -1.433311247610948580e-01 4.144609847767204425e-01
6.709999999999999964e+00 -3.567812451546847896e-02 -1.391865149133277302e-01 4.262988145888115810e-01
6.719999999999999751e+00 -3.702735978314284498e-02 -1.349235267674397110e-01 4.376507579321193275e-01
6.730000000000000426e+00 -3.833282997502411582e-02 -1.305470191881182296e-01 4.485079387666617290e-01
6.740000000000000213e+00 -3.959344937302860384e-02 -1.260619398004517167e-01 4.588620245322746483e-01
6.750000000000000000e+00 -4.080818256857986909e-02 -1.214733195551290640e-01 4.687052312551157063e-01
6.759999999999999787e+00 -4.197604524100562173e-02 -1.167862672425780124e-01 4.780303280512955832e-01
6.770000000000000462e+00 -4.309610488062634581e-02 -1.120059639620647335e-01 4.868306410314270360e-01
6.780000000000000249e+00 -4.416748145614382559e-02 -1.071376575517505730e-01 4.951000566105703271e-01
6.790000000000000036e+00 -4.518934802600025474e-02 -1.021866569856449691e-01 5.028330242287286644e-01
6.799999999999999822e+00 -4.616093129343381424e-02 -9.715832674335779517e-02 5.100245584876145211e-01
6.810000000000000497e+00 -4.708151210501868716e-02 -9.205808115848131135e-02 5.166702407099719174e-01
6.820000000000000284e+00 -4.795042589253248333e-02 -8.689137875138169820e-02 5.227662199281986055e-01
6.830000000000000071e+00 -4.876706305805346420e-02 -8.166371655209982150e-02 5.283092133094468013e-01
6.839999999999999858e+00 -4.953086930224349926e-02 -7.638062441900546340e-02 5.332965060247357725e-01
6.850000000000000533e+00 -5.024134589583112431e-02 -7.104765935875774485e-02 5.377259505699339970e-01
6.860000000000000320e+00 -5.089804989436169658e-02 -6.567039985305851701e-02 5.415959655467258438e-01
6.870000000000000107e+00 -5.150059429633759706e-02 -6.025444019759137321e-02 5.449055339118994423e-01
6.879999999999999893e+00 -5.204864814492231317e-02 -5.480538485847249314e-02 5.476542007034551629e-01
6.890000000000000568e+00 -5.254193657343671914e-02 -4.932884285143757097e-02 5.498420702521711334e-01
6.900000000000000355e+00 -5.298024079492587302e-02 -4.383042214891597760e-02 5.514698028873544766e-01
6.910000000000000142e+00 -5.336339803612628885e-02 -3.831572412004254774e-02 5.525386111455652394e-01
6.919999999999999929e+00 -5.369130141621215185e-02 -3.279033800858701525e-02 5.530502554911280733e-01
6.929999999999999716e+00 -5.396389977074890487e-02 -2.725983545367585345e-02 5.530070395572546094e-01
6.940000000000000391e+00 -5.418119742132995048e-02 -2.172976505810293377e-02 5.524118049165830380e-01
6.950000000000000178e+00 -5.434325389141932139e-02 -1.620564700893722260e-02 5.512679253899085419e-01
6.959999999999999964e+00 -5.445018356896970391e-02 -1.069296775503825528e-02 5.495793009018296038e-01
6.969999999999999751e+00 -5.450215531642990663e-02 -5.197174746020076161e-03 5.473503508919881355e-01
6.980000000000000426e+00 -5.449939202880090677e-02 2.763287629001746210e-04 5.445860072905212013e-01
6.990000000000000213e+00 -5.444217014044285680e-02 5.722188835805270928e-03 5.412917070662850438e-01
7.000000000000000000e+00 -5.433081908137817745e-02 1.113510590646800587e-02 5.374733843563584967e-01
7.009999999999999787e+00 -5.416572068387786459e-02 1.650983975003147627e-02 5.331374621852946749e-01
7.020000000000000462e+00 -5.394730854015900023e-02 2.184121437188478454e-02 5.282908437825455383e-01
7.030000000000000249e+00 -5.367606731206190501e-02 2.712412280971012585e-02 5.229409035064793709e-01
7.040000000000000036e+00 -5.335253199361416482e-02 3.235353184477481048e-02 5.170954773833904561e-01
7.049999999999999822e+00 -5.297728712742808682e-02 3.752448661860860457e-02 5.107628532699428625e-01
7.060000000000000497e+00 -5.255096597591497193e-02 4.263211515130838070e-02 5.039517606475107936e-01
7.070000000000000284e+00 -5.207424964833715086e-02 4.767163275778338316e-02 4.966713600569608311e-01
7.080000000000000071e+00 -5.154786618475363374e-02 5.263834635835288461e-02 4.889312321824922369e-01
7.089999999999999858e+00 -5.097258959795186728e-02 5.752765868017770123e-02 4.807413665933016333e-01
7.100000000000000533e+00 -5.034923887449071350e-02 6.233507234611104092e-02 4.721121501519556785e-01
7.110000000000000320e+00 -4.967867693601442369e-02 6.705619384763049362e-02 4.630543550985535273e-01
7.120000000000000107e+00 -4.896180956202828005e-02 7.168673739861593230e-02 4.535791268199492188e-01
7.129999999999999893e+00 -4.819958427536014112e-02 7.622252866681532291e-02 4.436979713135590364e-01
7.140000000000000568e+00 -4.739298919156057638e-02 8.065950837995121414e-02 4.334227423555201963e-01
7.150000000000000355e+00 -4.654305183352552833e-02 8.499373580350631785e-02 4.227656283832729178e-01
7.160000000000000142e+00 -4.565083791265215490e-02 8.922139208733895210e-02 4.117391391029349146e-01
7.169999999999999929e+00 -4.471745007786849524e-02 9.333878347836821465e-02 4.003560918322003892e-01
7.179999999999999716e+00 -4.374402663390161705e-02 9.734234439669013639e-02 3.886295975898342303e-01
7.190000000000000391e+00 -4.273174023017566048e-02 1.012286403725887463e-01 3.765730469432215788e-01
7.200000000000000178e+00 -4.168179652175547228e-02 1.049943708420208871e-01 3.642000956258387712e-01
7.209999999999999964e+00 -4.059543280377270191e-02 1.086363717982792021e-01 3.515246499368978594e-01
7.219999999999999751e+00 -3.947391662079624552e-02 1.121516182976481091e-01 3.385608519358783153e-01
7.230000000000000426e+00 -3.831854435262609798e-02 1.155372268170071215e-01 3.253230644450532116e-01
7.240000000000000213e+00 -3.713063977801155102e-02 1.187904574614575826e-01 3.118258558735841346e-01
7.250000000000000000e+00 -3.591155261780964308e-02 1.219087160201933612e-01 2.980839848771600353e-01
7.259999999999999787e+00 -3.466265705912002087e-02 1.248895558689648994e-01 2.841123848676381236e-01
7.270000000000000462e+00 -3.338535026194351663e-02 1.277306797176414599e-01 2.699261483875261547e-01
7.280000000000000249e+00 -3.208105084992837752e-02 1.304299412015166582e-01 2.555405113645994319e-01
7.290000000000000036e+00 -3.075119738677677822e-02 1.329853463151625947e-01 2.409708372623169947e-01
7.299999999999999822e+00 -2.939724683989895088e-02 1.353950546877857042e-01 2.262326011421348926e-01
7.310000000000000497e+00 -2.802067303290678435e-02 1.376573806992072158e-01 2.113413736541341903e-01
7.320000000000000284e+00 -2.662296508854932950e-02 1.397707944357485244e-01 1.963128049727662361e-01
7.330000000000000071e+00 -2.520562586369459734e-02 1.417339224854761437e-01 1.811626086947893399e-01
7.339999999999999858e+00 -2.377017037797038781e-02 1.435455485724239921e-01 1.659065457168125701e-01
7.350000000000000533e+00 -2.231812423767436798e-02 1.452046140295922272e-01 1.505604081100598013e-01
7.360000000000000320e+00 -2.085102205656746976e-02 1.467102181106927916e-01 1.351400030102256622e-01
7.370000000000000107e+00 -1.937040587515955273e-02 1.480616181407950205e-01 1.196611365404306043e-01
7.379999999999999893e+00 -1.787782358009759251e-02 1.492582295061992970e-01 1.041395977854700089e-01
7.390000000000000568e+00 -1.637482732525695137e-02 1.502996254840540669e-01 8.859114283559524350e-02
7.400000000000000355e+00 -1.486297195613288380e-02 1.511855369124099902e-01 7.303147891815287007e-02
7.410000000000000142e+00 -1.334381343911700095e-02 1.519158517015914978e-01 5.747624863537131867e-02
7.419999999999999929e+00 -1.181890729723758179e-02 1.524906141879452115e-01 4.194101432659108619e-02
7.429999999999999716e+00 -1.028980705392550273e-02 1.529100243312111196e-01 2.644124257309506121e-02
7.440000000000000391e+00 -8.758062686355977747e-03 1.531744367569420895e-01 1.099228886358231960e-02
7.450000000000000178e+00 -7.225219089900231095e-03 1.532843596455779056e-01 -4.390617561856699491e-03
7.459999999999999964e+00 -5.692814555200670194e-03 1.532404534699593479e-01 -1.969238867167006496e-02
7.469999999999999751e+00 -4.162379259368275894e-03 1.530435295832426601e-01 -3.489809238931811108e-02
7.480000000000000426e+00 -2.635433772774678409e-03 1.526945486593494494e-01 -4.999296710930852677e-02
7.490000000000000213e+00 -1.113487582892147120e-03 1.521946189882563694e-01 -6.496243596614439952e-02
7.500000000000000000e+00 4.019623633937700023e-04 1.515449946285949423e-01 -7.979212083999090432e-02
7.509999999999999787e+00 1.909433097595688352e-03 1.507470734201950546e-01 -9.446785608327570860e-02
7.520000000000000462e+00 3.407457046189411691e-03 1.498023948593622257e-01 -1.089757019529835613e-01
7.530000000000000249e+00 4.894583424587704498e-03 1.487126378398324067e-01 -1.233019577339020123e-01
7.540000000000000036e+00 6.369379607212607118e-03 1.474796182624934227e-01 -1.374331745386805359e-01
7.549999999999999822e+00 7.830432472383642636e-03 1.461052865171066362e-01 -1.513561677711186548e-01
7.560000000000000497e+00 9.276349720777694180e-03 1.445917248393953358e-01 -1.650580292397748616e-01
7.570000000000000284e+00 1.070576116624764006e-02 1.429411445469976338e-01 -1.785261389096056139e-01
7.580000000000000071e+00 1.211731999782662654e-02 1.411558831579016182e-01 -1.917481762800579970e-01
7.589999999999999858e+00 1.350970401177760752e-02 1.392384013951010746e-01 -2.047121313786892938e-01
7.600000000000000533e+00 1.488161681259084039e-02 1.371912800813140376e-01 -2.174063153601458742e-01
7.610000000000000320e+00 1.623178898186793812e-02 1.350172169277126244e-01 -2.298193707010226516e-01
7.620000000000000107e+00 1.755897921407493373e-02 1.327190232207024478e-01 -2.419402809818926026e-01
7.629999999999999893e+00 1.886197541818374068e-02 1.302996204108835820e-01 -2.537583802484937867e-01
7.640000000000000568e+00 2.013959578426781014e-02 1.277620366083984660e-01 -2.652633619448445668e-01
7.650000000000000355e+00 2.139068981415728418e-02 1.251094029889500692e-01 -2.764452874117682146e-01
7.660000000000000142e+00 2.261413931530558211e-02 1.223449501148324431e-01 -2.872945939450751163e-01
7.669999999999999929e+00 2.380885935705937331e-02 1.194720041753817574e-01 -2.978021024083433166e-01
7.679999999999999716e+00 2.497379918857233275e-02 1.164939831512983859e-01 -3.079590243959957618e-01
7.690000000000000391e+00 2.610794311764579045e-02 1.134143929073382212e-01 -3.177569689430593813e-01
7.700000000000000178e+00 2.721031134982484362e-02 1.102368232179076896e-01 -3.271879487786833463e-01
7.709999999999999964e+00 2.827996078712603084e-02 1.069649437301209288e-01 -3.362443861211880103e-01
7.719999999999999751e+00 2.931598578581509976e-02 1.036024998689091259e-01 -3.449191180130398715e-01
7.730000000000000426e+00 3.031751887270295320e-02 1.001533086887784890e-01 -3.532054011948120853e-01
7.740000000000000213e+00 3.128373141947123764e-02 9.662125467683044255e-02 -3.610969165177773665e-01
7.750000000000000000e+00 3.221383427458774512e-02 9.301028551165274605e-02 -3.685877728953869115e-01
7.759999999999999787e+00 3.310707835241471358e-02 8.932440778269895576e-02 -3.756725107944206554e-01
7.770000000000000462e+00 3.396275517916231418e-02 8.556768267475449441e-02 -3.823461052671534022e-01
7.780000000000000249e+00 3.478019739538312782e-02 8.174422162208304365e-02 -3.886039685263666388e-01
7.790000000000000036e+00 3.555877921475130571e-02 7.785818193681945387e-02 -3.944419520655271794e-01
7.799999999999999822e+00 3.629791683891293169e-02 7.391376241616426368e-02 -3.998563483268833263e-01
7.810000000000000497e+00 3.699706882824192744e-02 6.991519893289516174e-02 -4.048438919206677200e-01
7.820000000000000284e+00 3.765573642837879986e-02 6.586676001368857447e-02 -4.094017603989704712e-01
7.830000000000000071e+00 3.827346385247577809e-02 6.177274240969896080e-02 -4.135275745882276976e-01
7.839999999999999858e+00 3.884983851911393005e-02 5.763746666381677070e-02 -4.172193984845841697e-01
7.850000000000000533e+00 3.938449124590367306e-02 5.346527267897064478e-02 -4.204757387167222804e-01
7.860000000000000320e+00 3.987709639882169865e-02 4.926051529180350969e-02 -4.232955435810177303e-01
7.870000000000000107e+00 4.032737199738162248e-02 4.502755985599342370e-02 -4.256782016541556524e-01
7.879999999999999893e+00 4.073507977577613126e-02 4.077077783945196043e-02 -4.276235399885698341e-01
7.890000000000000568e+00 4.110002520017181499e-02 3.649454243956597177e-02 -4.291318218962951736e-01
7.900000000000000355e+00 4.142205744237784093e-02 3.220322422060310774e-02 -4.302037443270161354e-01
7.910000000000000142e+00 4.170106931015116203e-02 2.790118677733303965e-02 -4.308404348462793187e-01
7.919999999999999929e+00 4.193699713443985871e-02 2.359278242887033819e-02 -4.310434482200012907e-01
7.930000000000000604e+00 4.212982061390656979e-02 1.928234794667003232e-02 -4.308147626115572670e-01
7.940000000000000391e+00 4.227956261711211111e-02 1.497420032055455166e-02 -4.301567753978745023e-01
7.950000000000000178e+00 4.238628894277787079e-02 1.067263256657589865e-02 -4.290722986110862558e-01
7.959999999999999964e+00 4.245010803858251941e-02 6.381909580465127199e-03 -4.275645540124206612e-01
7.969999999999999751e+00 4.247117067898593251e-02 2.106264040341011834e-03 -4.256371678051208418e-01
7.980000000000000426e+00 4.244966960260882632e-02 -2.150107637710484305e-03 -4.232941649932956407e-01
7.990000000000000213e+00 4.238583910973239138e-02 -6.383049287643350125e-03 -4.205399633937186299e-01
8.000000000000000000e+00 4.227995462051659104e-02 -1.058844892158044768e-02 -4.173793673076904853e-01
8.009999999999999787e+00 4.213233219457002132e-02 -1.476224259465726274e-02 -4.138175608602001065e-01
8.019999999999999574e+00 4.194332801253743137e-02 -1.890041820325917554e-02 -4.098601010137209455e-01
8.029999999999999361e+00 4.171333782040347049e-02 -2.299901921339629618e-02 -4.055129102640983585e-01
8.040000000000000924e+00 4.144279633724304995e-02 -2.705414831603791467e-02 -4.007822690261027554e-01
8.050000000000000711e+00 4.113217662718007123e-02 -3.106197100629885799e-02 -3.956748077163520505e-01
8.060000000000000497e+00 4.078198943634545742e-02 -3.501871908346229634e-02 -3.901974985414237151e-01
8.070000000000000284e+00 4.039278249565669832e-02 -3.892069406887645189e-02 -3.843576469991454303e-01
8.080000000000000071e+00 3.996513979026802832e-02 -4.276427053886782542e-02 -3.781628831011720759e-01
8.089999999999999858e+00 3.949968079656924341e-02 -4.654589936987946208e-02 -3.716211523251312654e-01
8.099999999999999645e+00 3.899705968763794717e-02 -5.026211089313069313e-02 -3.647407063047810594e-01
8.109999999999999432e+00 3.845796450807617561e-02 -5.390951795617842518e-02 -3.575300932667981324e-01
8.120000000000000995e+00 3.788311631918761524e-02 -5.748481888884696828e-02 -3.499981482229971852e-01
8.130000000000000782e+00 3.727326831547685820e-02 -6.098480037107686241e-02 -3.421539829269880095e-01
8.140000000000000568e+00 3.662920491347340657e-02 -6.440634020034667617e-02 -3.340069756044433125e-01
8.150000000000000355e+00 3.595174081390951210e-02 -6.774640995639104324e-02 -3.255667604664126413e-01
8.160000000000000142e+00 3.524172003829897926e-02 -7.100207756105510193e-02 -3.168432170152833960e-01
8.169999999999999929e+00 3.450001494098691585e-02 -7.417050973120786761e-02 -3.078464591532393269e-01
8.179999999999999716e+00 3.372752519775953223e-02 -7.724897432274019371e-02 -2.985868241032861858e-01
8.189999999999999503e+00 3.292517677212181831e-02 -8.023484256377298729e-02 -2.890748611531447354e-01
8.199999999999999289e+00 3.209392086036879504e-02 -8.312559117530436692e-02 -2.793213202325453559e-01
8.210000000000000853e+00 3.123473281659235740e-02 -8.591880437763026179e-02 -2.693371403346888071e-01
8.220000000000000639e+00 3.034861105878260482e-02 -8.861217578097708991e-02 -2.591334377928870003e-01
8.230000000000000426e+00 2.943657595719356354e-02 -9.120351015890590385e-02 -2.487214944235887071e-01
8.240000000000000213e+00 2.849966870616216577e-02 -9.369072510314173374e-02 -2.381127455472872578e-01
8.250000000000000000e+00 2.753895018057603977e-02 -9.607185255861455664e-02 -2.273187678989680716e-01
8.259999999999999787e+00 2.655549977820001809e-02 -9.834504023760419489e-02 -2.163512674400047409e-01
8.269999999999999574e+00 2.555041424907999667e-02 -1.005085529120041954e-01 -2.052220670836096272e-01
8.279999999999999361e+00 2.452480651325161451e-02 -1.025607735828402423e-01 -1.939430943461410428e-01
8.290000000000000924e+00 2.347980446798843268e-02 -1.045002045263019597e-01 -1.825263689367525588e-01
8.300000000000000711e+00 2.241654978583176167e-02 -1.063254682156694469e-01 -1.709839902980538062e-01
8.310000000000000497e+00 2.133619670464528481e-02 -1.080353081186499475e-01 -1.593281251105650997e-01
8.320000000000000284e+00 2.023991081094775324e-02 -1.096285893697555580e-01 -1.475709947739567984e-01
8.330000000000000071e+00 1.912886781777282594e-02 -1.111042993174950894e-01 -1.357248628781121402e-01
8.339999999999999858e+00 1.800425233831008665e-02 -1.124615479462761775e-01 -1.238020226771960608e-01
8.349999999999999645e+00 1.686725665657962808e-02 -1.136995681730481184e-01 -1.118147845799736528e-01
8.359999999999999432e+00 1.571907949639117508e-02 -1.148177160188478263e-01 -9.977546366968267910e-02
8.370000000000000995e+00 1.456092478983554532e-02 -1.158154706555448027e-01 -8.769636726679228000e-02
8.380000000000000782e+00 1.339400044655344318e-02 -1.166924343282127047e-01 -7.558978254800521879e-02
8.390000000000000568e+00 1.221951712501654144e-02 -1.174483321536927416e-01 -6.346796423479608706e-02
8.400000000000000355e+00 1.103868700705615963e-02 -1.180830117960406933e-01 -5.134312236481304581e-02
8.410000000000000142e+00 9.852722576859297698e-03 -1.185964430196888159e-01 -3.922741015932320469e-02
8.419999999999999929e+00 8.662835405646503173e-03 -1.189887171212820338e-01 -2.713291199983332291e-02
8.429999999999999716e+00 7.470234943233724709e-03 -1.192600462412803652e-01 -1.507163152687839014e-02
8.439999999999999503e+00 6.276127317668259153e-03 -1.194107625565491437e-01 -3.055479873823971348e-03
8.449999999999999289e+00 5.081714144115410774e-03 -1.194413173552873880e-01 8.903735951647930025e-03
8.460000000000000853e+00 3.888191344157515029e-03 -1.193522799957708880e-01 2.079432452590437852e-02
8.470000000000000639e+00 2.696747976652421903e-03 -1.191443367505118506e-01 3.260472129532628049e-02
8.480000000000000426e+00 1.508565081276861449e-03 -1.188182895375585885e-01 4.432349967791844592e-02
8.490000000000000213e+00 3.248145358690924644e-04 -1.183750545407794147e-01 5.593938196881443475e-02
8.500000000000000000e+00 -8.533420713417953080e-04 -1.178156607210912865e-01 6.744125003830120368e-02
8.509999999999999787e+00 -2.024754553548853159e-03 -1.171412482207082884e-01 7.881815581126794257e-02
8.519999999999999574e+00 -3.188285220174784558e-03 -1.163530666625956222e-01 9.005933151734341058e-02
8.529999999999999361e+00 -4.342809953648982257e-03 -1.154524733474222020e-01 1.011541997013491179e-01
8.540000000000000924e+00 -5.487219267153247218e-03 -1.144409313504085590e-01 1.120923829840819175e-01
8.550000000000000711e+00 -6.620419342358900561e-03 -1.133200075205677698e-01 1.228637135638264433e-01
8.560000000000000497e+00 -7.741333046208172253e-03 -1.120913703849295284e-01 1.334582424494565600e-01
8.570000000000000284e+00 -8.848900925812499402e-03 -1.107567879604349909e-01 1.438662484163465427e-01
8.580000000000000071e+00 -9.942082180575191608e-03 -1.093181254762715521e-01 1.540782466768256254e-01
8.589999999999999858e+00 -1.101985561067020218e-02 -1.077773430095033264e-01 1.640849972573217852e-01
8.599999999999999645e+00 -1.208122054103948073e-02 -1.061364930369301379e-01 1.738775130748179965e-01
8.609999999999999432e+00 -1.312519772010127886e-02 -1.043977179061819915e-01 1.834470677057122856e-01
8.620000000000000995e+00 -1.415083019239268478e-02 -1.025632472291245767e-01 1.927852028406513707e-01
8.630000000000000782e+00 -1.515718414439984341e-02 -1.006353952007180974e-01 2.018837354193750433e-01
8.640000000000000568e+00 -1.614334972286506770e-02 -9.861655784652438583e-02 2.107347644401259268e-01
8.650000000000000355e+00 -1.710844182488627935e-02 -9.650921020212317736e-02 2.193306774386030444e-01
8.660000000000000142e+00 -1.805160085916363011e-02 -9.431590342773719937e-02 2.276641566319784482e-01
8.669999999999999929e+00 -1.897199347777778558e-02 -9.203926186141746235e-02 2.357281847239380002e-01
8.679999999999999716e+00 -1.986881327791954754e-02 -8.968198001417813925e-02 2.435160503671950916e-01
8.689999999999999503e+00 -2.074128147302459202e-02 -8.724681951050623774e-02 2.510213532803931558e-01
8.700000000000001066e+00 -2.158864753280174270e-02 -8.473660597770191205e-02 2.582380090167753495e-01
8.710000000000000853e+00 -2.241018979167706815e-02 -8.215422588753421018e-02 2.651602533824461982e-01
8.720000000000000639e+00 -2.320521602521415094e-02 -7.950262335370980593e-02 2.717826465025202642e-01
8.730000000000000426e+00 -2.397306399410098141e-02 -7.678479688868465602e-02 2.781000765338436098e-01
8.740000000000000213e+00 -2.471310195533442736e-02 -7.400379612334627433e-02 2.841077630234419837e-01
8.750000000000000000e+00 -2.542472914026553191e-02 -7.116271849311191222e-02 2.898012599122344324e-01
8.759999999999999787e+00 -2.610737619920541416e-02 -6.826470589398962729e-02 2.951764581839576573e-01
8.769999999999999574e+00 -2.676050561232690139e-02 -6.531294131215011067e-02 3.002295881596341309e-01
8.779999999999999361e+00 -2.738361206663242689e-02 -6.231064543055383348e-02 3.049572214382851310e-01
8.790000000000000924e+00 -2.797622279879422372e-02 -5.926107321617050255e-02 3.093562724849537315e-01
8.800000000000000711e+00 -2.853789790370742097e-02 -5.616751049132102935e-02 3.134239998674383521e-01
8.810000000000000497e+00 -2.906823060863387639e-02 -5.303327049264671550e-02 3.171580071434847992e-01
8.820000000000000284e+00 -2.956684751284598470e-02 -4.986169042121193357e-02 3.205562434004768368e-01
8.830000000000000071e+00 -3.003340879271804847e-02 -4.665612798720723126e-02 3.236170034499894488e-01
8.839999999999999858e+00 -3.046760837224511340e-02 -4.341995795270740810e-02 3.263389276798475680e-01
8.849999999999999645e+00 -3.086917405900419659e-02 -4.015656867590899903e-02 3.287210015666078289e-01
8.859999999999999432e+00 -3.123786764560661927e-02 -3.686935866024299013e-02 3.307625548516470171e-01
8.870000000000000995e+00 -3.157348497672392978e-02 -3.356173311172599982e-02 3.324632603842886391e-01
8.880000000000000782e+00 -3.187585598180275176e-02 -3.023710050788318282e-02 3.338231326356360107e-01
8.890000000000000568e+00 -3.214484467361801434e-02 -2.689886918152689307e-02 3.348425258870112442e-01
8.900000000000000355e+00 -3.238034911284457668e-02 -2.355044392265685099e-02 3.355221320971090715e-01
8.910000000000000142e+00 -3.258230133886143298e-02 -2.019522260168583189e-02 3.358629784521858785e-01
8.919999999999999929e+00 -3.275066726703306647e-02 -1.683659281716404568e-02 3.358664246038000623e-01
8.929999999999999716e+00 -3.288544655274432821e-02 -1.347792857112611702e-02 3.355341595988078907e-01
8.939999999999999503e+00 -3.298667242249570669e-02 -1.012258697513811027e-02 3.348681985064996813e-01
8.950000000000001066e+00 -3.305441147239644023e-02 -6.773904990072590615e-03 3.338708787479371942e-01
8.960000000000000853e+00 -3.308876343442237328e-02 -3.435196202593289970e-03 3.325448561327222219e-01
8.970000000000000639e+00 -3.308986091083503805e-02 -1.097476412661385972e-04 3.308931006085847337e-01
8.980000000000000426e+00 -3.305786907718684386e-02 3.199183364819638015e-03 3.289188917293460745e-01
8.990000000000000213e+00 -3.299298535436571284e-02 6.488372282113028314e-03 3.266258138469613770e-01
9.000000000000000000e+00 -3.289543905015988867e-02 9.754630420582572486e-03 3.240177510335003896e-01
9.009999999999999787e+00 -3.276549097085071360e-02 1.299480793091750686e-02 3.210988817390754146e-01
9.019999999999999574e+00 -3.260343300336763367e-02 1.620579674830819120e-02 3.178736731918758718e-01
9.029999999999999361e+00 -3.240958766856536638e-02 1.938453348022688150e-02 3.143468755466121700e-01
9.040000000000000924e+00 -3.218430764620839463e-02 2.252800223569349433e-02 3.105235157878211139e-01
9.050000000000000711e+00 -3.192797527227268090e-02 2.563323739357164024e-02 3.064088913946353965e-01
9.060000000000000497e+00 -3.164100200919750527e-02 2.869732630751792996e-02 3.020085637737500162e-01
9.070000000000000284e+00 -3.132382788974495680e-02 3.171741194525536794e-02 2.973283514674940897e-01
9.080000000000000071e+00 -3.097692093514566036e-02 3.469069545993024722e-02 2.923743231440329438e-01
9.089999999999999858e+00 -3.060077654823196297e-02 3.761443869137051643e-02 2.871527903768960610e-01
9.099999999999999645e+00 -3.019591688228057819e-02 4.048596659513941515e-02 2.816703002211646822e-01
9.109999999999999432e+00 -2.976289018630707758e-02 4.330266959735100396e-02 2.759336275938043537e-01
9.120000000000000995e+00 -2.930227012757410932e-02 4.606200587328947854e-02 2.699497674657800883e-01
9.130000000000000782e+00 -2.881465509209464593e-02 4.876150354794722003e-02 2.637259268737447426e-01
9.140000000000000568e+00 -2.830066746392781094e-02 5.139876281668460944e-02 2.572695167592231602e-01
9.150000000000000355e+00 -2.776095288408505363e-02 5.397145798427678554e-02 2.505881436434002074e-01
9.160000000000000142e+00 -2.719617948987795852e-02 5.647733942071073154e-02 2.436896011457339584e-01
9.169999999999999929e+00 -2.660703713555629193e-02 5.891423543216801895e-02 2.365818613547850391e-01
9.179999999999999716e+00 -2.599423659509914747e-02 6.128005404571582049e-02 2.292730660597928072e-01
9.189999999999999503e+00 -2.535850874803602384e-02 6.357278470631369527e-02 2.217715178516735941e-01
9.200000000000001066e+00 -2.470060374918761278e-02 6.579049988483078037e-02 2.140856711022567360e-01
9.210000000000000853e+00 -2.402129018322909579e-02 6.793135659585329555e-02 2.062241228307191143e-01
9.220000000000000639e+00 -2.332135420498750514e-02 6.999359782416043896e-02 1.981956034662855914e-01
9.230000000000000426e+00 -2.260159866639928697e-02 7.197555385882324630e-02 1.900089675164353953e-01
9.240000000000000213e+00 -2.186284223105942892e-02 7.387564353398755335e-02 1.816731841499301670e-01
9.250000000000000000e+00 -2.110591847730457563e-02 7.569237537548681449e-02 1.731973277041214954e-01
9.259999999999999787e+00 -2.033167499077931373e-02 7.742434865252799392e-02 1.645905681260937392e-01
9.269999999999999574e+00 -1.954097244744144174e-02 7.907025433378889190e-02 1.558621613572978293e-01
9.279999999999999361e+00 -1.873468368796784092e-02 8.062887594736183050e-02 1.470214396714204230e-01
9.290000000000000924e+00 -1.791369278452694877e-02 8.209909034407626705e-02 1.380778019753115260e-01
9.300000000000000711e+00 -1.707889410088867313e-02 8.347986836382935427e-02 1.290407040828724927e-01
9.310000000000000497e+00 -1.623119134684210957e-02 8.477027540465804922e-02 1.199196489718301617e-01
9.320000000000000284e+00 -1.537149662789836536e-02 8.596947189437632864e-02 1.107241770334229936e-01
9.330000000000000071e+00 -1.450072949125127790e-02 8.707671366471053664e-02 1.014638563250022107e-01
9.339999999999999858e+00 -1.361981596897169147e-02 8.809135222796053710e-02 9.214827283560184101e-02
9.349999999999999645e+00 -1.272968761940854523e-02 8.901283495631653886e-02 8.278702077452536334e-02
9.359999999999999432e+00 -1.183128056776794682e-02 8.984070516406177098e-02 7.338969289298827303e-02
9.370000000000000995e+00 -1.092553454683788811e-02 9.057460209299177112e-02 6.396587084882904284e-02
9.380000000000000782e+00 -1.001339193882310775e-02 9.121426080148005433e-02 5.452511562427302810e-02
9.390000000000000568e+00 -9.095796819245900028e-03 9.175951195772277802e-02 4.507695800664247854e-02
9.400000000000000355e+00 -8.173694003868027871e-03 9.221028153778919323e-02 3.563088914189329465e-02
9.410000000000000142e+00 -7.248028099575966506e-03 9.256659042920811764e-02 2.619635117071333896e-02
9.419999999999999929e+00 -6.319742560166833646e-03 9.282855394091524270e-02 1.678272795684918051e-02
9.429999999999999716e+00 -5.389778747962016558e-03 9.299638122048373146e-02 7.399335917196853130e-03
9.439999999999999503e+00 -4.459075002165479445e-03 9.307037457965569582e-02 -1.944585036940130185e-03
9.450000000000001066e+00 -3.528565714872471115e-03 9.305092872928628911e-02 -1.123988043817506638e-02
9.460000000000000853e+00 -2.599180415623445362e-03 9.293852992490454767e-02 -2.047749007184804931e-02
9.470000000000000639e+00 -1.671842865381604473e-03 9.273375502418607086e-02 -2.964845664644043949e-02
9.480000000000000426e+00 -7.474701608044075204e-04 9.243727045772166806e-02 -3.874393431685053957e-02
9.490000000000000213e+00 1.730281503411045668e-04 9.204983111455317113e-02 -4.775519705205388821e-02
9.500000000000000000e+00 1.088750941781411411e-03 9.157227914403263946e-02 -5.667364683886042670e-02
9.509999999999999787e+00 1.998806368537832737e-03 9.100554267564404942e-02 -6.549082171372805350e-02
9.519999999999999574e+00 2.902312713122881267e-03 9.035063445850678721e-02 -7.419840361483887037e-02
9.529999999999999361e+00 3.798399217346446442e-03 8.960865042235841016e-02 -8.278822604690405651e-02
9.540000000000000924e+00 4.686206898965477631e-03 8.878076816188923415e-02 -9.125228155143591535e-02
9.550000000000000711e+00 5.564889352429208159e-03 8.786824534637489859e-02 -9.958272897549540204e-02
9.560000000000000497e+00 6.433613532995389496e-03 8.687241805661996552e-02 -1.077719005322450574e-01
9.570000000000000284e+00 7.291560523508346797e-03 8.579469905129753771e-02 -1.158123086468829666e-01
9.580000000000000071e+00 8.137926283156616397e-03 8.463657596482873635e-02 -1.236966525818914003e-01
9.589999999999999858e+00 8.971922377546697261e-03 8.339960943900984192e-02 -1.314178248358144618e-01
9.599999999999999645e+00 9.792776689453197222e-03 8.208543119065173088e-02 -1.389689173101071318e-01
9.609999999999999432e+00 1.059973410962868762e-02 8.069574201755068399e-02 -1.463432272389194599e-01
9.620000000000000995e+00 1.139205720708042456e-02 7.923230974516126679e-02 -1.535342628770058060e-01
9.630000000000000782e+00 1.216902687824432047e-02 7.769696711639123565e-02 -1.605357489412708727e-01
9.640000000000000568e+00 1.292994297451408904e-02 7.609160962697855690e-02 -1.673416318018201565e-01
9.650000000000000355e+00 1.367412490760367728e-02 7.441819330896039253e-02 -1.739460844186703770e-01
9.660000000000000142e+00 1.440091223225139876e-02 7.267873246477372928e-02 -1.803435110206524361e-01
9.669999999999999929e+00 1.510966520579705603e-02 7.087529735456724045e-02 -1.865285515233434110e-01
9.679999999999999716e+00 1.579976532419037974e-02 6.901001183933384853e-02 -1.924960856832036438e-01
9.689999999999999503e+00 1.647061583401538548e-02 6.708505098250185095e-02 -1.982412369854202605e-01
9.700000000000001066e+00 1.712164222014195963e-02 6.510263861264733998e-02 -2.037593762632862182e-01
9.710000000000000853e+00 1.775229266864209246e-02 6.306504485001451776e-02 -2.090461250472560595e-01
9.720000000000000639e+00 1.836203850463749912e-02 6.097458359954199825e-02 -2.140973586421590635e-01
9.730000000000000426e+00 1.895037460476869245e-02 5.883361001312045063e-02 -2.189092089313271761e-01
9.740000000000000213e+00 1.951681978400675310e-02 5.664451792380722356e-02 -2.234780669067373826e-01
9.750000000000000000e+00 2.006091715655414220e-02 5.440973725473989553e-02 -2.278005849245482162e-01
9.759999999999999787e+00 2.058223447060907735e-02 5.213173140549446499e-02 -2.318736786857119869e-01
9.769999999999999574e+00 2.108036441679543918e-02 4.981299461863739758e-02 -2.356945289416332023e-01
9.779999999999999361e+00 2.155492491008764028e-02 4.745604932922111580e-02 -2.392605829251241434e-01
9.790000000000000924e+00 2.200555934508740402e-02 4.506344349996949800e-02 -2.425695555071843146e-01
9.800000000000000711e+00 2.243193682453637275e-02 4.263774794489770537e-02 -2.456194300803958563e-01
9.810000000000000497e+00 2.283375236097730243e-02 4.018155364409380093e-02 -2.484084591699970701e-01
9.820000000000000284e+00 2.321072705150123427e-02 3.769746905239388518e-02 -2.509351647739314628e-01
9.830000000000000071e+00 2.356260822554777368e-02 3.518811740465462717e-02 -2.531983384334343112e-01
9.839999999999999858e+00 2.388916956575096867e-02 3.265613402032033902e-02 -2.551970410359460373e-01
9.849999999999999645e+00 2.419021120185057064e-02 3.010416360996093221e-02 -2.569306023523761917e-01
9.859999999999999432e+00 2.446555977771493542e-02 2.753485758643722456e-02 -2.583986203109654434e-01
9.870000000000000995e+00 2.471506849154824631e-02 2.495087138332716808e-02 -2.596009600102122672e-01
9.880000000000000782e+00 2.493861710938049397e-02 2.235486178322509954e-02 -2.605377524735354999e-01
9.890000000000000568e+00 2.513611195196538764e-02 1.974948425848980019e-02 -2.612093931485571785e-01
9.900000000000000355e+00 2.530748585523542524e-02 1.713739032700428364e-02 -2.616165401540765378e-01
9.910000000000000142e+00 2.545269810449005826e-02 1.452122492546357307e-02 -2.617601122780061074e-01
9.919999999999999929e+00 2.557173434251689206e-02 1.190362380268356751e-02 -2.616412867297212008e-01
9.929999999999999716e+00 2.566460645187075562e-02 9.287210935386411292e-03 -2.612614966504573921e-01
9.939999999999999503e+00 2.573135241155957362e-02 6.674595968881893299e-03 -2.606224283855620438e-01
9.950000000000001066e+00 2.577203612840983996e-02 4.068371685025865339e-03 -2.597260185225783724e-01
9.960000000000000853e+00 2.578674724340784125e-02 1.471111499800136814e-03 -2.585744506993054026e-01
9.970000000000000639e+00 2.577560091333591305e-02 -1.114633007192862048e-03 -2.571701521861352591e-01
9.980000000000000426e+00 2.573873756804537227e-02 -3.686334529054159734e-03 -2.555157902471312803e-01
9.990000000000000213e+00 2.567632264373011924e-02 -6.241492431525418223e-03 -2.536142682844584328e-01
1.000000000000000000e+01 2.558854629258642058e-02 -8.777635114369948185e-03 0.000000000000000000e+00
