# time theta1 theta2
0.000000000000000000e+00 -3.926976854097863900e-01 -3.141597725132564412e-01
1.000000000000000021e-02 -3.924705522296493831e-01 -3.142312921532164349e-01
2.000000000000000042e-02 -3.917897321702444313e-01 -3.144458420790532394e-01
2.999999999999999889e-02 -3.906562141739268190e-01 -3.148029338101626107e-01
4.000000000000000083e-02 -3.890720216404161547e-01 -3.153005885986747137e-01
5.000000000000000278e-02 -3.870402098157501580e-01 -3.159354542025524792e-01
5.999999999999999778e-02 -3.845648546953058244e-01 -3.167029083961468428e-01
7.000000000000000666e-02 -3.816510359574136202e-01 -3.175971475634984942e-01
8.000000000000000167e-02 -3.783048161602807213e-01 -3.186112596596372692e-01
8.999999999999999667e-02 -3.745332180590119076e-01 -3.197372817239997889e-01
1.000000000000000056e-01 -3.703442014621103895e-01 -3.209662429545410145e-01
1.100000000000000006e-01 -3.657466405786343189e-01 -3.222881950723242017e-01
1.199999999999999956e-01 -3.607503023376001372e-01 -3.236922323009879809e-01
1.300000000000000044e-01 -3.553658257171423140e-01 -3.251665037362713728e-01
1.400000000000000133e-01 -3.496047017256714295e-01 -3.266982211770149136e-01
1.499999999999999944e-01 -3.434792533497310063e-01 -3.282736656267007946e-01
1.600000000000000033e-01 -3.370026145374394044e-01 -3.298781956561360196e-01
1.700000000000000122e-01 -3.301887071310186661e-01 -3.314962606519373800e-01
1.799999999999999933e-01 -3.230522146003868555e-01 -3.331114216762217084e-01
1.900000000000000022e-01 -3.156085514604090592e-01 -3.347063822492414853e-01
2.000000000000000111e-01 -3.078738273707424256e-01 -3.362630308613709929e-01
2.099999999999999922e-01 -2.998648051087132727e-01 -3.377624964492251802e-01
2.200000000000000011e-01 -2.915988518584038958e-01 -3.391852174598983805e-01
2.300000000000000100e-01 -2.830938835566119138e-01 -3.405110245047930362e-01
2.399999999999999911e-01 -2.743683023605346660e-01 -3.417192359971770177e-01
2.500000000000000000e-01 -2.654409276341522794e-01 -3.427887656006016193e-01
2.600000000000000089e-01 -2.563309211719036473e-01 -3.436982398111831372e-01
2.700000000000000178e-01 -2.470577076720132659e-01 -3.444261235745996186e-01
2.800000000000000266e-01 -2.376408917223446493e-01 -3.449508515135106812e-01
2.899999999999999800e-01 -2.281001727560791337e-01 -3.452509621235266279e-01
2.999999999999999889e-01 -2.184552595631214511e-01 -3.453052321915841549e-01
3.099999999999999978e-01 -2.087257859996014819e-01 -3.450928087005818989e-01
3.200000000000000067e-01 -1.989312295194994584e-01 -3.445933356046463891e-01
3.300000000000000155e-01 -1.890908340602586168e-01 -3.437870730823429644e-01
3.400000000000000244e-01 -1.792235386527024910e-01 -3.426550071884668647e-01
3.500000000000000333e-01 -1.693479129023222340e-01 -3.411789482134920393e-01
3.599999999999999867e-01 -1.594821002144784783e-01 -3.393416165053960709e-01
3.699999999999999956e-01 -1.496437693229251131e-01 -3.371267149917968609e-01
3.800000000000000044e-01 -1.398500743436134619e-01 -3.345189881404908583e-01
3.900000000000000133e-01 -1.301176232291973156e-01 -3.315042675928809301e-01
4.000000000000000222e-01 -1.204624541595403359e-01 -3.280695051773971915e-01
4.100000000000000311e-01 -1.109000190849002004e-01 -3.242027944403209627e-01
4.199999999999999845e-01 -1.014451733553431434e-01 -3.198933822030291529e-01
4.299999999999999933e-01 -9.211217013469430448e-02 -3.151316719539150601e-01
4.400000000000000022e-01 -8.291465812017380366e-02 -3.099092210996349794e-01
4.500000000000000111e-01 -7.386568097749016126e-02 -3.042187342268604100e-01
4.600000000000000200e-01 -6.497767686042599244e-02 -2.980540545590525392e-01
4.700000000000000289e-01 -5.626247641572674346e-02 -2.914101557332474113e-01
4.799999999999999822e-01 -4.773129777730190232e-02 -2.842831358733683422e-01
4.899999999999999911e-01 -3.939473722430360952e-02 -2.766702157063780643e-01
5.000000000000000000e-01 -3.126275440884526691e-02 -2.685697421658588269e-01
5.100000000000000089e-01 -2.334465134181695767e-02 -2.599811985670298919e-01
5.200000000000000178e-01 -1.564904464833153167e-02 -2.509052220324379801e-01
5.300000000000000266e-01 -8.183830955136294286e-03 -2.413436284145835942e-01
5.400000000000000355e-01 -9.561456372091503954e-04 -2.312994445173083558e-01
5.500000000000000444e-01 6.027684484393729288e-03 -2.207769469787114192e-01
5.600000000000000533e-01 1.276219355056865644e-02 -2.097817067610061870e-01
5.700000000000000622e-01 1.924283291185712591e-02 -1.983206378122894797e-01
5.799999999999999600e-01 2.546602966594084527e-02 -1.864020481353029224e-01
5.899999999999999689e-01 3.142924570187612121e-02 -1.740356912304788228e-01
5.999999999999999778e-01 3.713103529400095526e-02 -1.612328156840102944e-01
6.099999999999999867e-01 4.257109918020006434e-02 -1.480062105528989480e-01
6.199999999999999956e-01 4.775033302086376108e-02 -1.343702441615190479e-01
6.300000000000000044e-01 5.267086816801207216e-02 -1.203408939690639723e-01
6.400000000000000133e-01 5.733610277778166536e-02 -1.059357652922379572e-01
6.500000000000000222e-01 6.175072147038943721e-02 -9.117409686810960812e-02
6.600000000000000311e-01 6.592070197416916022e-02 -7.607675151102402666e-02
6.700000000000000400e-01 6.985330747664057760e-02 -6.066619044570685515e-02
6.800000000000000488e-01 7.355706373644207985e-02 -4.496643027522988917e-02
6.900000000000000577e-01 7.704172037459247613e-02 -2.900298195511678140e-02
7.000000000000000666e-01 8.031819615029188453e-02 -1.280277158039590940e-02
7.099999999999999645e-01 8.339850842310284063e-02 3.605956762655677331e-03
7.199999999999999734e-01 8.629568739759889417e-02 2.019375538750120200e-02
7.299999999999999822e-01 8.902367612644088157e-02 3.693010352479882824e-02
7.399999999999999911e-01 9.159721760207112373e-02 5.378355245563783138e-02
7.500000000000000000e-01 9.403173058559667619e-02 7.072188339570030513e-02
7.600000000000000089e-01 9.634317609511024172e-02 8.771227596095500234e-02
7.700000000000000178e-01 9.854791669741294613e-02 1.047214847982716607e-01
7.800000000000000266e-01 1.006625709114057632e-01 1.217160217801847022e-01
7.900000000000000355e-01 1.027038651347097070e-01 1.386623410456644390e-01
8.000000000000000444e-01 1.046884855457467789e-01 1.555270241198448700e-01
8.100000000000000533e-01 1.066329324118336780e-01 1.722769623648991721e-01
8.200000000000000622e-01 1.085533791519351227e-01 1.888795340993905114e-01
8.300000000000000711e-01 1.104655383643993460e-01 2.053027738704468752e-01
8.399999999999999689e-01 1.123845368405908679e-01 2.215155315664700253e-01
8.499999999999999778e-01 1.143248013514218536e-01 2.374876193108559352e-01
8.599999999999999867e-01 1.162999567230063730e-01 2.531899443714232256e-01
8.699999999999999956e-01 1.183227374183772190e-01 2.685946266471449517e-01
8.800000000000000044e-01 1.204049135232393014e-01 2.836750996440618455e-01
8.900000000000000133e-01 1.225572317040967973e-01 2.984061942164302206e-01
9.000000000000000222e-01 1.247893713756858813e-01 3.127642047177438545e-01
9.100000000000000311e-01 1.271099159900212494e-01 3.267269375700839196e-01
9.200000000000000400e-01 1.295263390495051958e-01 3.402737426106538510e-01
9.300000000000000488e-01 1.320450041586449241e-01 3.533855279034082697e-01
9.400000000000000577e-01 1.346711781692377929e-01 3.660447590043227617e-01
9.500000000000000666e-01 1.374090562476184274e-01 3.782354439350756881e-01
9.599999999999999645e-01 1.402617975037747100e-01 3.899431053467681818e-01
9.699999999999999734e-01 1.432315696737159749e-01 4.011547415390845917e-01
9.799999999999999822e-01 1.463196012400782009e-01 4.118587781384064339e-01
9.899999999999999911e-01 1.495262393121558619e-01 4.220450123295174660e-01
1.000000000000000000e+00 1.528510115647191414e-01 4.317045515794334376e-01
1.010000000000000009e+00 1.562926905535983735e-01 4.408297487894966005e-01
1.020000000000000018e+00 1.598493587825469964e-01 4.494141357650648927e-01
1.030000000000000027e+00 1.635184729871137777e-01 4.574523568037491827e-01
1.040000000000000036e+00 1.672969262232188725e-01 4.649401040768579851e-01
1.050000000000000044e+00 1.711811064964604556e-01 4.718740563187893700e-01
1.060000000000000053e+00 1.751669508380717388e-01 4.782518221505004385e-01
1.070000000000000062e+00 1.792499939199468650e-01 4.840718891511617827e-01
1.080000000000000071e+00 1.834254104991500101e-01 4.893335795623391937e-01
1.090000000000000080e+00 1.876880511867752566e-01 4.940370132672988190e-01
1.100000000000000089e+00 1.920324712420318214e-01 4.981830784402114243e-01
1.110000000000000098e+00 1.964529522953261387e-01 5.017734100118977913e-01
1.120000000000000107e+00 2.009435170995416409e-01 5.048103758559602250e-01
1.130000000000000115e+00 2.054979375927574736e-01 5.072970703670393045e-01
1.140000000000000124e+00 2.101097367247506398e-01 5.092373148864816068e-01
1.150000000000000133e+00 2.147721846508237886e-01 5.106356642344610508e-01
1.159999999999999920e+00 2.194782900272348458e-01 5.114974184355273179e-01
1.169999999999999929e+00 2.242207872508420741e-01 5.118286385800643323e-01
1.179999999999999938e+00 2.289921205700668205e-01 5.116361656499721633e-01
1.189999999999999947e+00 2.337844260540040409e-01 5.109276410550261938e-01
1.199999999999999956e+00 2.385895124411414603e-01 5.097115275781584076e-01
1.209999999999999964e+00 2.433988418987803604e-01 5.079971294138063698e-01
1.219999999999999973e+00 2.482035117095464094e-01 5.057946100032953973e-01
1.229999999999999982e+00 2.529942378634236766e-01 5.031150064238907316e-01
1.239999999999999991e+00 2.577613414740478337e-01 4.999702391719421102e-01
1.250000000000000000e+00 2.624947388585114338e-01 4.963731162929554408e-01
1.260000000000000009e+00 2.671839360229101290e-01 4.923373309493130345e-01
1.270000000000000018e+00 2.718180281839054913e-01 4.878774516760033819e-01
1.280000000000000027e+00 2.763857048325409904e-01 4.830089047518474898e-01
1.290000000000000036e+00 2.808752607134747392e-01 4.777479483036451424e-01
1.300000000000000044e+00 2.852746129539046605e-01 4.721116379584601730e-01
1.310000000000000053e+00 2.895713244350438531e-01 4.661177840596965605e-01
1.320000000000000062e+00 2.937526333583654337e-01 4.597849006605039812e-01
1.330000000000000071e+00 2.978054888222541052e-01 4.531321466982054513e-01
1.340000000000000080e+00 3.017165920953004954e-01 4.461792599309050700e-01
1.350000000000000089e+00 3.054724431532296336e-01 4.389464843776276770e-01
1.360000000000000098e+00 3.090593919400346778e-01 4.314544921421096801e-01
1.370000000000000107e+00 3.124636937226767386e-01 4.237243006141623303e-01
1.380000000000000115e+00 3.156715678346691534e-01 4.157771861285367021e-01
1.390000000000000124e+00 3.186692590485377119e-01 4.076345952173717757e-01
1.400000000000000133e+00 3.214431007815605201e-01 3.993180546174087131e-01
1.409999999999999920e+00 3.239795793238843813e-01 3.908490811869181347e-01
1.419999999999999929e+00 3.262653982830412414e-01 3.822490928503406993e-01
1.429999999999999938e+00 3.282875424634894013e-01 3.735393216225194601e-01
1.439999999999999947e+00 3.300333404429605100e-01 3.647407296715313718e-01
1.449999999999999956e+00 3.314905251674567510e-01 3.558739292627177697e-01
1.459999999999999964e+00 3.326472919616295654e-01 3.469591072905237605e-01
1.469999999999999973e+00 3.334923534384167110e-01 3.380159549537193886e-01
1.479999999999999982e+00 3.340149908883794927e-01 3.290636029685029551e-01
1.489999999999999991e+00 3.342051018319849853e-01 3.201205625482002048e-01
1.500000000000000000e+00 3.340532435238375286e-01 3.112046722132127963e-01
1.510000000000000009e+00 3.335506723031766430e-01 3.023330503359825672e-01
1.520000000000000018e+00 3.326893787864804164e-01 2.935220531782000708e-01
1.530000000000000027e+00 3.314621189925607836e-01 2.847872380461701769e-01
1.540000000000000036e+00 3.298624415751355565e-01 2.761433310793786067e-01
1.550000000000000044e+00 3.278847114099224247e-01 2.676041991005260745e-01
1.560000000000000053e+00 3.255241298406561512e-01 2.591828248953406133e-01
1.570000000000000062e+00 3.227767519294169052e-01 2.508912852592227738e-01
1.580000000000000071e+00 3.196395010801975634e-01 2.427407311460902384e-01
1.590000000000000080e+00 3.161101814102640351e-01 2.347413692825185971e-01
1.600000000000000089e+00 3.121874882317134392e-01 2.269024446662573358e-01
1.610000000000000098e+00 3.078710169765190852e-01 2.192322234502707967e-01
1.620000000000000107e+00 3.031612708536499667e-01 2.117379758185354566e-01
1.630000000000000115e+00 2.980596674685129233e-01 2.044259585840155768e-01
1.640000000000000124e+00 2.925685445654572781e-01 1.973013973779437491e-01
1.650000000000000133e+00 2.866911649762329262e-01 1.903684684476015243e-01
1.660000000000000142e+00 2.804317207742966223e-01 1.836302802317564542e-01
1.669999999999999929e+00 2.737953365500842007e-01 1.770888550330529387e-01
1.679999999999999938e+00 2.667880716392466711e-01 1.707451112493301726e-01
1.689999999999999947e+00 2.594169210578128326e-01 1.645988467556146750e-01
1.699999999999999956e+00 2.516898148285205417e-01 1.586487241403173876e-01
1.709999999999999964e+00 2.436156153241203492e-01 1.528922585885477692e-01
1.719999999999999973e+00 2.352041122088575076e-01 1.473258092686552112e-01
1.729999999999999982e+00 2.264660145306791605e-01 1.419445751122954680e-01
1.739999999999999991e+00 2.174129395054824609e-01 1.367425958815995657e-01
1.750000000000000000e+00 2.080573975418355814e-01 1.317127593885424608e-01
1.760000000000000009e+00 1.984127730802702771e-01 1.268468156716137385e-01
1.770000000000000018e+00 1.884933008650550856e-01 1.221353988446821220e-01
1.780000000000000027e+00 1.783140373271696055e-01 1.175680572148516262e-01
1.790000000000000036e+00 1.678908268333413334e-01 1.131332921234468186e-01
1.800000000000000044e+00 1.572402626451378238e-01 1.088186058011379603e-01
1.810000000000000053e+00 1.463796425315052607e-01 1.046105583495251096e-01
1.820000000000000062e+00 1.353269190846126957e-01 1.004948337725844465e-01
1.830000000000000071e+00 1.241006448989918215e-01 9.645631478802400849e-02
1.840000000000000080e+00 1.127199128841681885e-01 9.247916595672592277e-02
1.850000000000000089e+00 1.012042920876318197e-01 8.854692448391310311e-02
1.860000000000000098e+00 8.957375950462262426e-02 8.464259787418852710e-02
1.870000000000000107e+00 7.784862844050383091e-02 8.074876746933390415e-02
1.880000000000000115e+00 6.604947406755687367e-02 7.684769676739787447e-02
1.890000000000000124e+00 5.419705687837723246e-02 7.292144331802197232e-02
1.900000000000000133e+00 4.231224478073914580e-02 6.895197291518224969e-02
1.910000000000000142e+00 3.041593460250666472e-02 6.492127476657547080e-02
1.919999999999999929e+00 1.852897377923311967e-02 6.081147630980416469e-02
1.929999999999999938e+00 6.672082981500635293e-03 5.660495636922870805e-02
1.939999999999999947e+00 -5.134219595510827044e-03 5.228445540277475850e-02
1.949999999999999956e+00 -1.686969160993312400e-02 4.783318167301232882e-02
1.959999999999999964e+00 -2.851443701624224031e-02 4.323491228841931655e-02
1.969999999999999973e+00 -4.004897305225502829e-02 3.847408819509783029e-02
1.979999999999999982e+00 -5.145429334053579912e-02 3.353590235177392187e-02
1.989999999999999991e+00 -6.271192677343284672e-02 2.840638048671968383e-02
2.000000000000000000e+00 -7.380399195350580144e-02 2.307245400886390185e-02
2.010000000000000231e+00 -8.471324706388129455e-02 1.752202482133535799e-02
2.020000000000000018e+00 -9.542313514262791563e-02 1.174402195850691652e-02
2.030000000000000249e+00 -1.059178248282455770e-01 5.728450132019934429e-03
2.040000000000000036e+00 -1.161822467268020659e-01 -5.335695776152189068e-04
2.049999999999999822e+00 -1.262021256224577781e-01 -7.049766513730554469e-03
2.060000000000000053e+00 -1.359640088099549338e-01 -1.382669423816925910e-02
2.069999999999999840e+00 -1.454552908684726142e-01 -2.086971075738870696e-02
2.080000000000000071e+00 -1.546642352200756909e-01 -2.818296454738319912e-02
2.089999999999999858e+00 -1.635799928224349331e-01 -3.576938570980642274e-02
2.100000000000000089e+00 -1.721926183348397865e-01 -4.363068158384468542e-02
2.109999999999999876e+00 -1.804930840696807037e-01 -5.176733615690141954e-02
2.120000000000000107e+00 -1.884732920000258827e-01 -6.017861266026424544e-02
2.129999999999999893e+00 -1.961260840397020810e-01 -6.886255880107650107e-02
2.140000000000000124e+00 -2.034452507478857752e-01 -7.781601416591600595e-02
2.149999999999999911e+00 -2.104255385384712351e-01 -8.703461943019553948e-02
2.160000000000000142e+00 -2.170626553985221807e-01 -9.651282711722765362e-02
2.169999999999999929e+00 -2.233532750431654890e-01 -1.062439137665240479e-01
2.180000000000000160e+00 -2.292950393596575320e-01 -1.162199934880503716e-01
2.189999999999999947e+00 -2.348865589242109253e-01 -1.264320329930732623e-01
2.200000000000000178e+00 -2.401274113145315248e-01 -1.368698682984408332e-01
2.209999999999999964e+00 -2.450181368915432811e-01 -1.475222233954874840e-01
2.220000000000000195e+00 -2.495602316877910121e-01 -1.583767312536329963e-01
2.229999999999999982e+00 -2.537561370192952803e-01 -1.694199575890185661e-01
2.240000000000000213e+00 -2.576092254334966247e-01 -1.806374278678700152e-01
2.250000000000000000e+00 -2.611237826190637712e-01 -1.920136580309971808e-01
2.260000000000000231e+00 -2.643049849338445223e-01 -2.035321894191171599e-01
2.270000000000000018e+00 -2.671588722546623385e-01 -2.151756283484632659e-01
2.280000000000000249e+00 -2.696923159158800543e-01 -2.269256907331502204e-01
2.290000000000000036e+00 -2.719129815811241468e-01 -2.387632520765395616e-01
2.300000000000000266e+00 -2.738292869821335462e-01 -2.506684030605486613e-01
2.310000000000000053e+00 -2.754503545579137791e-01 -2.626205108523137488e-01
2.319999999999999840e+00 -2.767859591333841629e-01 -2.745982861251817786e-01
2.330000000000000071e+00 -2.778464708864231691e-01 -2.865798556593687207e-01
2.339999999999999858e+00 -2.786427939624596672e-01 -2.985428402508427115e-01
2.350000000000000089e+00 -2.791863012032551050e-01 -3.104644375192077144e-01
2.359999999999999876e+00 -2.794887655580814423e-01 -3.223215090707710617e-01
2.370000000000000107e+00 -2.795622888381168458e-01 -3.340906713457028054e-01
2.379999999999999893e+00 -2.794192285557186572e-01 -3.457483893620581505e-01
2.390000000000000124e+00 -2.790721236568729502e-01 -3.572710724680393524e-01
2.399999999999999911e+00 -2.785336200054456257e-01 -3.686351711302957579e-01
2.410000000000000142e+00 -2.778163965102707356e-01 -3.798172737229485452e-01
2.419999999999999929e+00 -2.769330927994232416e-01 -3.907942022414104821e-01
2.430000000000000160e+00 -2.758962393396300339e-01 -4.015431058483847626e-01
2.439999999999999947e+00 -2.747181908725117028e-01 -4.120415511674783149e-01
2.450000000000000178e+00 -2.734110639936234710e-01 -4.222676082727695457e-01
2.459999999999999964e+00 -2.719866796359321492e-01 -4.321999313799458897e-01
2.470000000000000195e+00 -2.704565111377699171e-01 -4.418178333251547851e-01
2.479999999999999982e+00 -2.688316384781601065e-01 -4.511013530197909294e-01
2.490000000000000213e+00 -2.671227091518533769e-01 -4.600313151908708154e-01
2.500000000000000000e+00 -2.653399060348107796e-01 -4.685893818547361422e-01
2.510000000000000231e+00 -2.634929224608946741e-01 -4.767580951235511066e-01
2.520000000000000018e+00 -2.615909445949687329e-01 -4.845209111060022611e-01
2.530000000000000249e+00 -2.596426410493899439e-01 -4.918622248322441215e-01
2.540000000000000036e+00 -2.576561595529500148e-01 -4.987673863046794276e-01
2.550000000000000266e+00 -2.556391303465903042e-01 -5.052227079468715187e-01
2.560000000000000053e+00 -2.535986758515300643e-01 -5.112154638889750968e-01
2.569999999999999840e+00 -2.515414260354724152e-01 -5.167338816859081696e-01
2.580000000000000071e+00 -2.494735387937885573e-01 -5.217671272105731672e-01
2.589999999999999858e+00 -2.474007245672737720e-01 -5.263052835955659425e-01
2.600000000000000089e+00 -2.453282743381897391e-01 -5.303393252100345734e-01
2.609999999999999876e+00 -2.432610900835379952e-01 -5.338610877511185127e-01
2.620000000000000107e+00 -2.412037167201669663e-01 -5.368632355995531791e-01
2.629999999999999893e+00 -2.391603745514260249e-01 -5.393392276348436543e-01
2.640000000000000124e+00 -2.371349912202370402e-01 -5.412832827256648383e-01
2.649999999999999911e+00 -2.351312321889741375e-01 -5.426903461050862632e-01
2.660000000000000142e+00 -2.331525288022752163e-01 -5.435560578076479299e-01
2.669999999999999929e+00 -2.312021030444458281e-01 -5.438767242864935847e-01
2.680000000000000160e+00 -2.292829881775838574e-01 -5.436492942445639853e-01
2.689999999999999947e+00 -2.273980445388273375e-01 -5.428713396055792062e-01
2.700000000000000178e+00 -2.255499698836728462e-01 -5.415410424200518547e-01
2.709999999999999964e+00 -2.237413037853253905e-01 -5.396571883511827039e-01
2.720000000000000195e+00 -2.219744257354137051e-01 -5.372191672179916777e-01
2.729999999999999982e+00 -2.202515467367368862e-01 -5.342269808915539597e-01
2.740000000000000213e+00 -2.185746943314060831e-01 -5.306812586483514727e-01
2.750000000000000000e+00 -2.169456911649653985e-01 -5.265832798862810638e-01
2.760000000000000231e+00 -2.153661273458503389e-01 -5.219350039079049264e-01
2.770000000000000018e+00 -2.138373270167508167e-01 -5.167391062763327936e-01
2.780000000000000249e+00 -2.123603097069295675e-01 -5.109990210559700596e-01
2.790000000000000036e+00 -2.109357471791140082e-01 -5.047189880676792306e-01
2.800000000000000266e+00 -2.095639166180708057e-01 -4.979041041198087880e-01
2.810000000000000053e+00 -2.082446511273881584e-01 -4.905603770272380371e-01
2.819999999999999840e+00 -2.069772886034148829e-01 -4.826947811037295977e-01
2.830000000000000071e+00 -2.057606201381656230e-01 -4.743153127119927870e-01
2.839999999999999858e+00 -2.045928391639358357e-01 -4.654310443837937905e-01
2.850000000000000089e+00 -2.034714925894537674e-01 -4.560521759816626441e-01
2.859999999999999876e+00 -2.023934351891174821e-01 -4.461900813659546161e-01
2.870000000000000107e+00 -2.013547884921839393e-01 -4.358573490573142695e-01
2.879999999999999893e+00 -2.003509053772226378e-01 -4.250678154452270929e-01
2.890000000000000124e+00 -1.993763415088233570e-01 -4.138365891878779124e-01
2.899999999999999911e+00 -1.984248346591168111e-01 -4.021800655756102572e-01
2.910000000000000142e+00 -1.974892928375036605e-01 -3.901159297878082355e-01
2.919999999999999929e+00 -1.965617920099693161e-01 -3.776631481580544070e-01
2.930000000000000160e+00 -1.956335840270690962e-01 -3.648419467712950004e-01
2.939999999999999947e+00 -1.946951152001677454e-01 -3.516737769451073747e-01
2.950000000000000178e+00 -1.937360557724350230e-01 -3.381812673900465027e-01
2.959999999999999964e+00 -1.927453403284770383e-01 -3.243881630960135376e-01
2.970000000000000195e+00 -1.917112189787325005e-01 -3.103192512468189723e-01
2.979999999999999982e+00 -1.906213189465400804e-01 -2.960002747175749516e-01
2.990000000000000213e+00 -1.894627159819076978e-01 -2.814578339531609852e-01
3.000000000000000000e+00 -1.882220148312957753e-01 -2.667192782547260776e-01
3.010000000000000231e+00 -1.868854378119146897e-01 -2.518125877093321252e-01
3.020000000000000018e+00 -1.854389203765990646e-01 -2.367662471800427992e-01
3.030000000000000249e+00 -1.838682124153920849e-01 -2.216091139253329179e-01
3.040000000000000036e+00 -1.821589839261914257e-01 -2.063702805336173340e-01
3.050000000000000266e+00 -1.802969336021988389e-01 -1.910789349378674840e-01
3.060000000000000053e+00 -1.782678988308049328e-01 -1.757642193145236842e-01
3.070000000000000284e+00 -1.760579655784896835e-01 -1.604550896691342987e-01
3.080000000000000071e+00 -1.736535766499824884e-01 -1.451801778683615707e-01
3.089999999999999858e+00 -1.710416368571358314e-01 -1.299676577953328416e-01
3.100000000000000089e+00 -1.682096137125959345e-01 -1.148451171850403546e-01
3.109999999999999876e+00 -1.651456323734106779e-01 -9.983943654194893380e-02
3.120000000000000107e+00 -1.618385636973463659e-01 -8.497667635746369852e-02
3.129999999999999893e+00 -1.582781044362553680e-01 -7.028197363568941536e-02
3.140000000000000124e+00 -1.544548487720119601e-01 -5.577944850787559111e-02
3.149999999999999911e+00 -1.503603505964144771e-01 -4.149212147565313480e-02
3.160000000000000142e+00 -1.459871761416888236e-01 -2.744184157749171918e-02
3.169999999999999929e+00 -1.413289467771891017e-01 -1.364922552883635065e-02
3.180000000000000160e+00 -1.363803719948315507e-01 -1.336076511301219848e-04
3.189999999999999947e+00 -1.311372728050044512e-01 1.308699981481891220e-02
3.200000000000000178e+00 -1.255965959507147900e-01 2.599593661362926272e-02
3.209999999999999964e+00 -1.197564195154595668e-01 3.857791537133842957e-02
3.220000000000000195e+00 -1.136159506452488061e-01 5.081903439400383554e-02
3.229999999999999982e+00 -1.071755162235104863e-01 6.270678338276006181e-02
3.240000000000000213e+00 -1.004365474262993857e-01 7.423004314310088780e-02
3.250000000000000000e+00 -9.340155914221751066e-02 8.537908039019660722e-02
3.260000000000000231e+00 -8.607412526566952937e-02 9.614553873614718749e-02
3.270000000000000018e+00 -7.845885086347034743e-02 1.065224268904726990e-01
3.280000000000000249e+00 -7.056134217439100076e-02 1.165041050143321988e-01
3.290000000000000036e+00 -6.238817533097922724e-02 1.260862700457012764e-01
3.300000000000000266e+00 -5.394686459589064648e-02 1.352659406617901516e-01
3.310000000000000053e+00 -4.524583078482576071e-02 1.440414423721156634e-01
3.320000000000000284e+00 -3.629437040954401616e-02 1.524123930473312294e-01
3.330000000000000071e+00 -2.710262592245907959e-02 1.603796889922029789e-01
3.339999999999999858e+00 -1.768155728457644280e-02 1.679454914733252702e-01
3.350000000000000089e+00 -8.042914916787475763e-03 1.751132134207130653e-01
3.359999999999999876e+00 1.800786063355665949e-03 1.818875058444700821e-01
3.370000000000000107e+00 1.183629056564324683e-02 1.882742433501172763e-01
3.379999999999999893e+00 2.204962759177895790e-02 1.942805080049367916e-01
3.390000000000000124e+00 3.242613413420614155e-02 1.999145707081031453e-01
3.399999999999999911e+00 4.295047949303067852e-02 2.051858691535309864e-01
3.410000000000000142e+00 5.360669065803987110e-02 2.101049814492269574e-01
3.419999999999999929e+00 6.437817943667133169e-02 2.146835944720535683e-01
3.430000000000000160e+00 7.524777201206041266e-02 2.189344660923751573e-01
3.439999999999999947e+00 8.619774158780378615e-02 2.228713804978335045e-01
3.450000000000000178e+00 9.720984471873499178e-02 2.265090959768413792e-01
3.459999999999999964e+00 1.082653618417528385e-01 2.298632846863392087e-01
3.470000000000000195e+00 1.193451424105848868e-01 2.329504641197891746e-01
3.479999999999999982e+00 1.304296549071330136e-01 2.357879202041057720e-01
3.490000000000000213e+00 1.414990418544008477e-01 2.383936221812455181e-01
3.500000000000000000e+00 1.525331797971535841e-01 2.407861296639010329e-01
3.510000000000000231e+00 1.635117440521098031e-01 2.429844924872553713e-01
3.520000000000000018e+00 1.744142778654625414e-01 2.450081442020395628e-01
3.530000000000000249e+00 1.852202654578274654e-01 2.468767902604384334e-01
3.540000000000000036e+00 1.959092082909980326e-01 2.486102921283758760e-01
3.550000000000000266e+00 2.064607037625185437e-01 2.502285487088451998e-01
3.560000000000000053e+00 2.168545254277862155e-01 2.517513765756222988e-01
3.570000000000000284e+00 2.270707037691568897e-01 2.531983905904710008e-01
3.580000000000000071e+00 2.370896064804622061e-01 2.545888865067842954e-01
3.589999999999999858e+00 2.468920172154990544e-01 2.559417271468160116e-01
3.600000000000000089e+00 2.564592117614311051e-01 2.572752336781870541e-01
3.609999999999999876e+00 2.657730306424663236e-01 2.586070834096220183e-01
3.620000000000000107e+00 2.748159472343948972e-01 2.599542153788427790e-01
3.629999999999999893e+00 2.835711305741508981e-01 2.613327448215853055e-01
3.640000000000000124e+00 2.920225021771508667e-01 2.627578873954862781e-01
3.649999999999999911e+00 3.001547863244244385e-01 2.642438937928501264e-01
3.660000000000000142e+00 3.079535534464419300e-01 2.658039951197032069e-01
3.669999999999999929e+00 3.154052564054414254e-01 2.674503591533319291e-01
3.680000000000000160e+00 3.224972596569252725e-01 2.691940573252943891e-01
3.689999999999999947e+00 3.292178614476933274e-01 2.710450420203407984e-01
3.700000000000000178e+00 3.355563093761456672e-01 2.730121335422112105e-01
3.709999999999999964e+00 3.415028097948034080e-01 2.751030158827655336e-01
3.720000000000000195e+00 3.470485316696776401e-01 2.773242402484251690e-01
3.729999999999999982e+00 3.521856056215794117e-01 2.796812351534732066e-01
3.740000000000000213e+00 3.569071189568829849e-01 2.821783217881205785e-01
3.750000000000000000e+00 3.612071075467755410e-01 2.848187333137147115e-01
3.760000000000000231e+00 3.650805454329113520e-01 2.876046367297263595e-01
3.770000000000000018e+00 3.685233330230833770e-01 2.905371559973873863e-01
3.780000000000000249e+00 3.715322846936420231e-01 2.936163951914130266e-01
3.790000000000000036e+00 3.741051165377620169e-01 2.968414605810623108e-01
3.800000000000000266e+00 3.762404348932088527e-01 3.002104807101257933e-01
3.810000000000000053e+00 3.779377261539956234e-01 3.037206237463280223e-01
3.820000000000000284e+00 3.791973482220604152e-01 3.073681115968522337e-01
3.830000000000000071e+00 3.800205237934865532e-01 3.111482305301878082e-01
3.839999999999999858e+00 3.804093355048958069e-01 3.150553382965117222e-01
3.850000000000000089e+00 3.803667227959512953e-01 3.190828679902605325e-01
3.859999999999999876e+00 3.798964801798755397e-01 3.232233291403303066e-01
3.870000000000000107e+00 3.790032564619301714e-01 3.274683067366282452e-01
3.879999999999999893e+00 3.776925543118470063e-01 3.318084590982446347e-01
3.890000000000000124e+00 3.759707294856631798e-01 3.362335156509854706e-01
3.899999999999999911e+00 3.738449889098285350e-01 3.407322758041712030e-01
3.910000000000000142e+00 3.713233867894503160e-01 3.452926101936432124e-01
3.919999999999999929e+00 3.684148178855599087e-01 3.499014655864923218e-01
3.930000000000000160e+00 3.651290071246314772e-01 3.545448747215449448e-01
3.939999999999999947e+00 3.614764947571894593e-01 3.592079722881764692e-01
3.950000000000000178e+00 3.574686163699501429e-01 3.638750181264571726e-01
3.959999999999999964e+00 3.531174771749336916e-01 3.685294285675155268e-01
3.970000000000000195e+00 3.484359201456527777e-01 3.731538166294700032e-01
3.979999999999999982e+00 3.434374877399756221e-01 3.777300415479334927e-01
3.990000000000000213e+00 3.381363771358756876e-01 3.822392678586856163e-01
4.000000000000000000e+00 3.325473891035601315e-01 3.866620339724009536e-01
4.009999999999999787e+00 3.266858708385037002e-01 3.909783298967337006e-01
4.020000000000000462e+00 3.205676532774804910e-01 3.951676834792954285e-01
4.030000000000000249e+00 3.142089836066210840e-01 3.992092542759512752e-01
4.040000000000000036e+00 3.076264538398517101e-01 4.030819339017771563e-01
4.049999999999999822e+00 3.008369264913620666e-01 4.067644515058406740e-01
4.060000000000000497e+00 2.938574584812708723e-01 4.102354828334603964e-01
4.070000000000000284e+00 2.867052244946456385e-01 4.134737612074504964e-01
4.080000000000000071e+00 2.793974410568157984e-01 4.164581886781684728e-01
4.089999999999999858e+00 2.719512925901429456e-01 4.191679455644813368e-01
4.099999999999999645e+00 2.643838606780234413e-01 4.215825966357377164e-01
4.110000000000000320e+00 2.567120576813577415e-01 4.236821922683207675e-01
4.120000000000000107e+00 2.489525657328332253e-01 4.254473630473245560e-01
4.129999999999999893e+00 2.411217819784191030e-01 4.268594064704613888e-01
4.139999999999999680e+00 2.332357707479734144e-01 4.279003646418930717e-01
4.150000000000000355e+00 2.253102231235638298e-01 4.285530921111253555e-01
4.160000000000000142e+00 2.173604241417023131e-01 4.288013133079852657e-01
4.169999999999999929e+00 2.094012276216841717e-01 4.286296693394569535e-01
4.179999999999999716e+00 2.014470383646460028e-01 4.280237542375440740e-01
4.190000000000000391e+00 1.935118012251144382e-01 4.269701410686757570e-01
4.200000000000000178e+00 1.856089963270327048e-01 4.254563986237155371e-01
4.209999999999999964e+00 1.777516394875457706e-01 4.234710996929454407e-01
4.219999999999999751e+00 1.699522867317016517e-01 4.210038221826330473e-01
4.230000000000000426e+00 1.622230416363430461e-01 4.180451445401555666e-01
4.240000000000000213e+00 1.545755641374779721e-01 4.145866371155309538e-01
4.250000000000000000e+00 1.470210793767064705e-01 4.106208511925944493e-01
4.259999999999999787e+00 1.395703851518439453e-01 4.061413074686544555e-01
4.270000000000000462e+00 1.322338565761660145e-01 4.011424857448734338e-01
4.280000000000000249e+00 1.250214466395857260e-01 3.956198175104727599e-01
4.290000000000000036e+00 1.179426815017913938e-01 3.895696829637967928e-01
4.299999999999999822e+00 1.110066495286097382e-01 3.829894138159336547e-01
4.310000000000000497e+00 1.042219833037649479e-01 3.758773029735342774e-01
4.320000000000000284e+00 9.759683410260656944e-02 3.682326219039923076e-01
4.330000000000000071e+00 9.113883859489020633e-02 3.600556461570340039e-01
4.339999999999999858e+00 8.485507784198598191e-02 3.513476891621308273e-01
4.350000000000000533e+00 7.875202896091980376e-02 3.421111440519760127e-01
4.360000000000000320e+00 7.283551013392688955e-02 3.323495328901882595e-01
4.370000000000000107e+00 6.711061993812289517e-02 3.220675623183198444e-01
4.379999999999999893e+00 6.158167224599538775e-02 3.112711842948313046e-01
4.389999999999999680e+00 5.625212819471095416e-02 2.999676602882622722e-01
4.400000000000000355e+00 5.112452693245941177e-02 2.881656270186962465e-01
4.410000000000000142e+00 4.620041701597789319e-02 2.758751616250192384e-01
4.419999999999999929e+00 4.148029044901481444e-02 2.631078439781011635e-01
4.429999999999999716e+00 3.696352141224714533e-02 2.498768137678810952e-01
4.440000000000000391e+00 3.264831173809500803e-02 2.361968199694245707e-01
4.450000000000000178e+00 2.853164512770395636e-02 2.220842603413822614e-01
4.459999999999999964e+00 2.460925199258495386e-02 2.075572087296840285e-01
4.469999999999999751e+00 2.087558663223763530e-02 1.926354281375116662e-01
4.480000000000000426e+00 1.732381823545256147e-02 1.773403677751542729e-01
4.490000000000000213e+00 1.394583692241464432e-02 1.616951426139291992e-01
4.500000000000000000e+00 1.073227573414035213e-02 1.457244943288200922e-01
4.509999999999999787e+00 7.672549133338871924e-03 1.294547329151002624e-01
4.520000000000000462e+00 4.754908215664855296e-03 1.129136586941243553e-01
4.530000000000000249e+00 1.966512452379152488e-03 9.613046487073582946e-02
4.540000000000000036e+00 -7.064825950181631347e-04 7.913562125697133631e-02
4.549999999999999822e+00 -3.278822520151073935e-03 6.196074022128392894e-02
4.560000000000000497e+00 -5.766037563455445394e-03 4.463842634688539035e-02
4.570000000000000284e+00 -8.184313962941733647e-03 2.720211167511534314e-02
4.580000000000000071e+00 -1.055035506627607401e-02 9.685878758961232599e-03
4.589999999999999858e+00 -1.288123435101795611e-02 -7.875725951824541146e-03
4.600000000000000533e+00 -1.519424269286893774e-02 -2.544788563739506029e-02
4.610000000000000320e+00 -1.750673235797852584e-02 -4.299571062216757389e-02
4.620000000000000107e+00 -1.983596027110078042e-02 -6.048443685754693877e-02
4.629999999999999893e+00 -2.219893312477662362e-02 -7.787962233322323624e-02
4.639999999999999680e+00 -2.461225684556669208e-02 -9.514733843190099905e-02
4.650000000000000355e+00 -2.709199282327261205e-02 -1.122543533703244251e-01
4.660000000000000142e+00 -2.965352314134081513e-02 -1.291683050669451271e-01
4.669999999999999929e+00 -3.231142682611977401e-02 -1.458578610377566365e-01
4.679999999999999716e+00 -3.507936886564504836e-02 -1.622928632390990000e-01
4.690000000000000391e+00 -3.797000344272443567e-02 -1.784444561405194862e-01
4.700000000000000178e+00 -4.099489249083806269e-02 -1.942851967116885348e-01
4.709999999999999964e+00 -4.416444032409566622e-02 -2.097891454335989725e-01
4.719999999999999751e+00 -4.748784472400462836e-02 -2.249319378839254036e-01
4.730000000000000426e+00 -5.097306449608697554e-02 -2.396908368873050255e-01
4.740000000000000213e+00 -5.462680314834759271e-02 -2.540447656513876162e-01
4.750000000000000000e+00 -5.845450800073974384e-02 -2.679743227171977882e-01
4.759999999999999787e+00 -6.246038371895389768e-02 -2.814617799268460119e-01
4.770000000000000462e+00 -6.664741898503116768e-02 -2.944910649432619376e-01
4.780000000000000249e+00 -7.101742477829407763e-02 -3.070477301370510004e-01
4.790000000000000036e+00 -7.557108254843775130e-02 -3.191189098781078148e-01
4.799999999999999822e+00 -8.030800042241856285e-02 -3.306932684293020230e-01
4.810000000000000497e+00 -8.522677550056981244e-02 -3.417609407333617733e-01
4.820000000000000284e+00 -9.032506026614048333e-02 -3.523134684109311965e-01
4.830000000000000071e+00 -9.559963115557147673e-02 -3.623437332485527351e-01
4.839999999999999858e+00 -1.010464574121446857e-01 -3.718458903528277237e-01
4.850000000000000533e+00 -1.066607684695682207e-01 -3.808153029858271088e-01
4.860000000000000320e+00 -1.124371182796751328e-01 -3.892484808831614407e-01
4.870000000000000107e+00 -1.183694452036633538e-01 -3.971430235976420864e-01
4.879999999999999893e+00 -1.244511263221872582e-01 -4.044975701169410409e-01
4.889999999999999680e+00 -1.306750252784288913e-01 -4.113117556828173593e-01
4.900000000000000355e+00 -1.370335330418043784e-01 -4.175861764025479150e-01
4.910000000000000142e+00 -1.435186012598421990e-01 -4.233223619007447924e-01
4.919999999999999929e+00 -1.501217681435791929e-01 -4.285227559222091198e-01
4.929999999999999716e+00 -1.568341770994983453e-01 -4.331907044739630175e-01
4.940000000000000391e+00 -1.636465885709850465e-01 -4.373304507965515842e-01
4.950000000000000178e+00 -1.705493857776688715e-01 -4.409471361895707653e-01
4.959999999999999964e+00 -1.775325752359084297e-01 -4.440468054914857299e-01
4.969999999999999751e+00 -1.845857831032287621e-01 -4.466364158350382141e-01
4.980000000000000426e+00 -1.916982485100661993e-01 -4.487238471712973742e-01
4.990000000000000213e+00 -1.988588151213307731e-01 -4.503179129804207315e-01
5.000000000000000000e+00 -2.060559222070176832e-01 -4.514283695664906282e-01
5.009999999999999787e+00 -2.132775964956089287e-01 -4.520659223667504722e-01
5.020000000000000462e+00 -2.205114460378572727e-01 -4.522422277898677234e-01
5.030000000000000249e+00 -2.277446572244526679e-01 -4.519698892296968862e-01
5.040000000000000036e+00 -2.349639959828352109e-01 -4.512624460751734623e-01
5.049999999999999822e+00 -2.421558140308004980e-01 -4.501343547470241235e-01
5.060000000000000497e+00 -2.493060608930363908e-01 -4.486009610305410900e-01
5.070000000000000284e+00 -2.564003021974417540e-01 -4.466784632326088467e-01
5.080000000000000071e+00 -2.634237445674512124e-01 -4.443838659618865039e-01
5.089999999999999858e+00 -2.703612672212611923e-01 -4.417349246047942435e-01
5.100000000000000533e+00 -2.771974601854048093e-01 -4.387500808380062067e-01
5.110000000000000320e+00 -2.839166688348518375e-01 -4.354483897722229990e-01
5.120000000000000107e+00 -2.905030442906231802e-01 -4.318494395543507891e-01
5.129999999999999893e+00 -2.969405990440485699e-01 -4.279732644590238944e-01
5.139999999999999680e+00 -3.032132670387525097e-01 -4.238402526698245021e-01
5.150000000000000355e+00 -3.093049673308371772e-01 -4.194710500810046039e-01
5.160000000000000142e+00 -3.151996703671441913e-01 -4.148864615387221622e-01
5.169999999999999929e+00 -3.208814658725144264e-01 -4.101073509849179621e-01
5.179999999999999716e+00 -3.263346313201231363e-01 -4.051545419665543712e-01
5.190000000000000391e+00 -3.315436999737275681e-01 -4.000487199290839735e-01
5.200000000000000178e+00 -3.364935275354500877e-01 -3.948103376280568400e-01
5.209999999999999964e+00 -3.411693565050891719e-01 -3.894595248704333379e-01
5.219999999999999751e+00 -3.455568774535522358e-01 -3.840160036422273770e-01
5.230000000000000426e+00 -3.496422865298579596e-01 -3.784990094973383901e-01
5.240000000000000213e+00 -3.534123386536822675e-01 -3.729272198803628147e-01
5.250000000000000000e+00 -3.568543959886696371e-01 -3.673186898408825063e-01
5.259999999999999787e+00 -3.599564714405246169e-01 -3.616907953755350014e-01
5.270000000000000462e+00 -3.627072670730276394e-01 -3.560601844145501738e-01
5.280000000000000249e+00 -3.650962074794898427e-01 -3.504427352585609001e-01
5.290000000000000036e+00 -3.671134682819868211e-01 -3.448535220762231623e-01
5.299999999999999822e+00 -3.687500000516449328e-01 -3.393067868996756387e-01
5.310000000000000497e+00 -3.699975480465457212e-01 -3.338159174085006398e-01
5.320000000000000284e+00 -3.708486682463819628e-01 -3.283934296779782436e-01
5.330000000000000071e+00 -3.712967402225750280e-01 -3.230509549873370467e-01
5.339999999999999858e+00 -3.713359774177094064e-01 -3.177992297404332867e-01
5.350000000000000533e+00 -3.709614354182919072e-01 -3.126480875456407738e-01
5.360000000000000320e+00 -3.701690187903096674e-01 -3.076064525332385946e-01
5.370000000000000107e+00 -3.689554870090336891e-01 -3.026823330555373781e-01
5.379999999999999893e+00 -3.673184599549290108e-01 -2.978828150145171882e-01
5.389999999999999680e+00 -3.652564233690908102e-01 -2.932140541899274644e-01
5.400000000000000355e+00 -3.627687345676083863e-01 -2.886812670927896285e-01
5.410000000000000142e+00 -3.598556286084637623e-01 -2.842887200394361158e-01
5.419999999999999929e+00 -3.565182249911251211e-01 -2.800397163234735753e-01
5.429999999999999716e+00 -3.527585348522698228e-01 -2.759365815508690312e-01
5.440000000000000391e+00 -3.485794685054552366e-01 -2.719806473900743260e-01
5.450000000000000178e+00 -3.439848430623950182e-01 -2.681722341681935795e-01
5.459999999999999964e+00 -3.389793897728511918e-01 -2.645106329093805386e-01
5.469999999999999751e+00 -3.335687606327484844e-01 -2.609940875571765684e-01
5.480000000000000426e+00 -3.277595337391666641e-01 -2.576197782432967376e-01
5.490000000000000213e+00 -3.215592168189891353e-01 -2.543838065571926155e-01
5.500000000000000000e+00 -3.149762483271085212e-01 -2.512811838303070644e-01
5.509999999999999787e+00 -3.080199955014443214e-01 -2.483058234741202241e-01
5.520000000000000462e+00 -3.007007487759885134e-01 -2.454505384007797109e-01
5.530000000000000249e+00 -2.930297119893675584e-01 -2.427070445094550166e-01
5.540000000000000036e+00 -2.850189878838251811e-01 -2.400659711417937603e-01
5.549999999999999822e+00 -2.766815584662981609e-01 -2.375168792983554933e-01
5.560000000000000497e+00 -2.680312598968701554e-01 -2.350482882680201557e-01
5.570000000000000284e+00 -2.590827516773187011e-01 -2.326477111584219215e-01
5.580000000000000071e+00 -2.498514800302201744e-01 -2.303016996324211418e-01
5.589999999999999858e+00 -2.403536354833054334e-01 -2.279958979591933943e-01
5.600000000000000533e+00 -2.306061048004658387e-01 -2.257151062846381173e-01
5.610000000000000320e+00 -2.206264175258554616e-01 -2.234433528207734609e-01
5.620000000000000107e+00 -2.104326875269476038e-01 -2.211639744538018981e-01
5.629999999999999893e+00 -2.000435500323306248e-01 -2.188597050816490086e-01
5.639999999999999680e+00 -1.894780947570028906e-01 -2.165127708196510903e-01
5.650000000000000355e+00 -1.787557957889332194e-01 -2.141049910627815800e-01
5.660000000000000142e+00 -1.678964389731779361e-01 -2.116178842687268802e-01
5.669999999999999929e+00 -1.569200475720631816e-01 -2.090327772317375210e-01
5.679999999999999716e+00 -1.458468070006689599e-01 -2.063309165550562263e-01
5.690000000000000391e+00 -1.346969894356443709e-01 -2.034935810013247248e-01
5.700000000000000178e+00 -1.234908790725356004e-01 -2.005021934061422262e-01
5.709999999999999964e+00 -1.122486987633228156e-01 -1.973384308792286990e-01
5.719999999999999751e+00 -1.009905387034272239e-01 -1.939843320887001121e-01
5.730000000000000426e+00 -8.973628775839163907e-02 -1.904224005241247630e-01
5.740000000000000213e+00 -7.850556792758821290e-02 -1.866357027596911855e-01
5.750000000000000000e+00 -6.731767233899761671e-02 -1.826079608856177317e-01
5.759999999999999787e+00 -5.619150705893594111e-02 -1.783236384389158269e-01
5.770000000000000462e+00 -4.514553688743710297e-02 -1.737680193383411009e-01
5.780000000000000249e+00 -3.419773519774450821e-02 -1.689272795071278255e-01
5.790000000000000036e+00 -2.336553777088358486e-02 -1.637885510451321802e-01
5.799999999999999822e+00 -1.266580047726415664e-02 -1.583399789836161531e-01
5.810000000000000497e+00 -2.114760570064652852e-03 -1.525707708156969489e-01
5.820000000000000284e+00 8.271998717265190842e-03 -1.464712391385513957e-01
5.830000000000000071e+00 1.847958063225732181e-02 -1.400328378654756289e-01
5.839999999999999858e+00 2.849380482247786464e-02 -1.332481925633141884e-01
5.850000000000000533e+00 3.830123512739922603e-02 -1.261111255409124998e-01
5.860000000000000320e+00 4.788920565342402041e-02 -1.186166763553608006e-01
5.870000000000000107e+00 5.724584551732356252e-02 -1.107611184141565897e-01
5.879999999999999893e+00 6.636010259885126439e-02 -1.025419723333126781e-01
5.889999999999999680e+00 7.522176658104982871e-02 -9.395801666513020622e-02
5.900000000000000355e+00 8.382149147906435560e-02 -8.500929653710827261e-02
5.910000000000000142e+00 9.215081776794521728e-02 -7.569713064837238492e-02
5.919999999999999929e+00 1.002021941203150718e-01 -6.602411695595485075e-02
5.929999999999999716e+00 1.079689986595320506e-01 -5.599413725476770631e-02
5.940000000000000391e+00 1.154455595270262869e-01 -4.561236071719397545e-02
5.950000000000000178e+00 1.226271744578460166e-01 -3.488524631618925703e-02
5.959999999999999964e+00 1.295101289601180150e-01 -2.382054391511980590e-02
5.969999999999999751e+00 1.360917126059541515e-01 -1.242729367369520971e-02
5.980000000000000426e+00 1.423702328669054773e-01 -7.158232974995687968e-04
5.990000000000000213e+00 1.483450258695353519e-01 1.130225744638203682e-02
6.000000000000000000e+00 1.540164634087456963e-01 2.361406560899562135e-02
6.009999999999999787e+00 1.593859555402149242e-01 3.620545805488319807e-02
6.020000000000000462e+00 1.644559480801186524e-01 4.906104932519601142e-02
6.030000000000000249e+00 1.692299143708977105e-01 6.216423512266168461e-02
6.040000000000000036e+00 1.737123407261842167e-01 7.549722214415895138e-02
6.049999999999999822e+00 1.779087050452887175e-01 8.904106492792172867e-02
6.060000000000000497e+00 1.818254481863765815e-01 1.027757102942907647e-01
6.070000000000000284e+00 1.854699378054017744e-01 1.166800498434545502e-01
6.080000000000000071e+00 1.888504245021680739e-01 1.307319808336671885e-01
6.089999999999999858e+00 1.919759902621705483e-01 1.449084756026965959e-01
6.100000000000000533e+00 1.948564893392698005e-01 1.591856595181727618e-01
6.110000000000000320e+00 1.975024818856040698e-01 1.735388972540362895e-01
6.120000000000000107e+00 1.999251607970284894e-01 1.879428869958384984e-01
6.129999999999999893e+00 2.021362724003196165e-01 2.023717619828755421e-01
6.140000000000000568e+00 2.041480317579331960e-01 2.167991986057626330e-01
6.150000000000000355e+00 2.059730335029993642e-01 2.311985300997415060e-01
6.160000000000000142e+00 2.076241592375135114e-01 2.455428647121211394e-01
6.169999999999999929e+00 2.091144826267684886e-01 2.598052070817604142e-01
6.179999999999999716e+00 2.104571733999493210e-01 2.739585814537788822e-01
6.190000000000000391e+00 2.116654015180550741e-01 2.879761552674440783e-01
6.200000000000000178e+00 2.127522427941619387e-01 3.018313616022888501e-01
6.209999999999999964e+00 2.137305872464829171e-01 3.154980189489635656e-01
6.219999999999999751e+00 2.146130514314544269e-01 3.289504467881523286e-01
6.230000000000000426e+00 2.154118959426737090e-01 3.421635755131531287e-01
6.240000000000000213e+00 2.161389491731865176e-01 3.551130493185052917e-01
6.250000000000000000e+00 2.168055383253265633e-01 3.677753207964880588e-01
6.259999999999999787e+00 2.174224285166659054e-01 3.801277361326317883e-01
6.270000000000000462e+00 2.179997706758426967e-01 3.921486099670329906e-01
6.280000000000000249e+00 2.185470587517660823e-01 4.038172891859130864e-01
6.290000000000000036e+00 2.190730965780673667e-01 4.151142051226994201e-01
6.299999999999999822e+00 2.195859745459920465e-01 4.260209138745574275e-01
6.310000000000000497e+00 2.200930560477526166e-01 4.365201246732016704e-01
6.320000000000000284e+00 2.206009734632208008e-01 4.465957164821733882e-01
6.330000000000000071e+00 2.211156332802076130e-01 4.562327432208608813e-01
6.339999999999999858e+00 2.216422297667181296e-01 4.654174282328087386e-01
6.350000000000000533e+00 2.221852664564391289e-01 4.741371488170330606e-01
6.360000000000000320e+00 2.227485845698680411e-01 4.823804118213791958e-01
6.370000000000000107e+00 2.233353973759684419e-01 4.901368214521967248e-01
6.379999999999999893e+00 2.239483294055342188e-01 4.973970405812382367e-01
6.390000000000000568e+00 2.245894593594287558e-01 5.041527469259705629e-01
6.400000000000000355e+00 2.252603655137423722e-01 5.103965855414838160e-01
6.410000000000000142e+00 2.259621724102232609e-01 5.161221190898119815e-01
6.419999999999999929e+00 2.266955976339445622e-01 5.213237773455987600e-01
6.429999999999999716e+00 2.274609975202782353e-01 5.259968073562614199e-01
6.440000000000000391e+00 2.282584106984447414e-01 5.301372256017243823e-01
6.450000000000000178e+00 2.290875984672067767e-01 5.337417733956135724e-01
6.459999999999999964e+00 2.299480811071819564e-01 5.368078766395710799e-01
6.469999999999999751e+00 2.308391693608604356e-01 5.393336108886473967e-01
6.480000000000000426e+00 2.317599904524171861e-01 5.413176725126470634e-01
6.490000000000000213e+00 2.327095081713294322e-01 5.427593565503416873e-01
6.500000000000000000e+00 2.336865367029143659e-01 5.436585416553834094e-01
6.509999999999999787e+00 2.346897480514550105e-01 5.440156823294199917e-01
6.520000000000000462e+00 2.357176730638484985e-01 5.438318084342607106e-01
6.530000000000000249e+00 2.367686962200569178e-01 5.431085317757399222e-01
6.540000000000000036e+00 2.378410445076686586e-01 5.418480593617407415e-01
6.549999999999999822e+00 2.389327708384141602e-01 5.400532127599314558e-01
6.560000000000000497e+00 2.400417325917272304e-01 5.377274528208774163e-01
6.570000000000000284e+00 2.411655659819759157e-01 5.348749088927009510e-01
6.580000000000000071e+00 2.423016570398041081e-01 5.315004115369872384e-01
6.589999999999999858e+00 2.434471100726247894e-01 5.276095276643822940e-01
6.600000000000000533e+00 2.445987145236044602e-01 5.232085969436681694e-01
6.610000000000000320e+00 2.457529111819455603e-01 5.183047683008431550e-01
6.620000000000000107e+00 2.469057587097950868e-01 5.129060353150108886e-01
6.629999999999999893e+00 2.480529014430662704e-01 5.070212693351513478e-01
6.640000000000000568e+00 2.491895393956508054e-01 5.006602491849738712e-01
6.650000000000000355e+00 2.503104013501220027e-01 4.938336863903896590e-01
6.660000000000000142e+00 2.514097218546131884e-01 4.865532449534232806e-01
6.669999999999999929e+00 2.524812228669679470e-01 4.788315548050756099e-01
6.679999999999999716e+00 2.535181006955655181e-01 4.706822181947002415e-01
6.690000000000000391e+00 2.545130187837335578e-01 4.621198084116806548e-01
6.700000000000000178e+00 2.554581067737619060e-01 4.531598603830896965e-01
6.709999999999999964e+00 2.563449661697436710e-01 4.438188528451255666e-01
6.719999999999999751e+00 2.571646827982871364e-01 4.341141819428034898e-01
6.730000000000000426e+00 2.579078461450585169e-01 4.240641262682336987e-01
6.740000000000000213e+00 2.585645755255322475e-01 4.136878034994234121e-01
6.750000000000000000e+00 2.591245529325144625e-01 4.030051189458147554e-01
6.759999999999999787e+00 2.595770622930868576e-01 3.920367064408363245e-01
6.770000000000000462e+00 2.599110347654913777e-01 3.808038621430497317e-01
6.780000000000000249e+00 2.601150996138526517e-01 3.693284719139375283e-01
6.790000000000000036e+00 2.601776401169001995e-01 3.576329330301561416e-01
6.799999999999999822e+00 2.600868538972358479e-01 3.457400710599617399e-01
6.810000000000000497e+00 2.598308170010165674e-01 3.336730527865918172e-01
6.820000000000000284e+00 2.593975510148356367e-01 3.214552960952595795e-01
6.830000000000000071e+00 2.587750924773666861e-01 3.091103777551606480e-01
6.839999999999999858e+00 2.579515638280515111e-01 2.966619400239564053e-01
6.850000000000000533e+00 2.569152451334878462e-01 2.841335969805041106e-01
6.860000000000000320e+00 2.556546458437389258e-01 2.715488414533984152e-01
6.870000000000000107e+00 2.541585758547714735e-01 2.589309533598004309e-01
6.879999999999999893e+00 2.524162151887009431e-01 2.463029102029720419e-01
6.890000000000000568e+00 2.504171816492798408e-01 2.336873004000255549e-01
6.900000000000000355e+00 2.481515958648086995e-01 2.211062400260244420e-01
6.910000000000000142e+00 2.456101431928773560e-01 2.085812934691694820e-01
6.919999999999999929e+00 2.427841320294752414e-01 1.961333983969355543e-01
6.929999999999999716e+00 2.396655481373855534e-01 1.837827953372425660e-01
6.940000000000000391e+00 2.362471046836643052e-01 1.715489620845463692e-01
6.950000000000000178e+00 2.325222877517161280e-01 1.594505530505311575e-01
6.959999999999999964e+00 2.284853971682762053e-01 1.475053435950819947e-01
6.969999999999999751e+00 2.241315825579129062e-01 1.357301792974557886e-01
6.980000000000000426e+00 2.194568746058904452e-01 1.241409300617652839e-01
6.990000000000000213e+00 2.144582115730191973e-01 1.127524488965027938e-01
7.000000000000000000e+00 2.091334611621946393e-01 1.015785351659418412e-01
7.009999999999999787e+00 2.034814378846544758e-01 9.063190208257956848e-02
7.020000000000000462e+00 1.975019161137193113e-01 7.992414819467882903e-02
7.030000000000000249e+00 1.911956390443285414e-01 6.946573262133341753e-02
7.040000000000000036e+00 1.845643237976811735e-01 5.926595379888170007e-02
7.049999999999999822e+00 1.776106629216739341e-01 4.933293152606151727e-02
7.060000000000000497e+00 1.703383225397333278e-01 3.967359212980724886e-02
7.070000000000000284e+00 1.627519373935646940e-01 3.029365661750310634e-02
7.080000000000000071e+00 1.548571030099133716e-01 2.119763173293716385e-02
7.089999999999999858e+00 1.466603651986559675e-01 1.238880389006541752e-02
7.100000000000000533e+00 1.381692070605000378e-01 3.869236018685280609e-03
7.110000000000000320e+00 1.293920336486482081e-01 -4.360232583198348465e-03
7.120000000000000107e+00 1.203381543914338186e-01 -1.229998323663526044e-02
7.129999999999999893e+00 1.110177633437632871e-01 -1.995161150032841169e-02
7.140000000000000568e+00 1.014419172958672261e-01 -2.731791716432895728e-02
7.150000000000000355e+00 9.162251173002275428e-02 -3.440289032355258597e-02
7.160000000000000142e+00 8.157225458121565576e-02 -4.121169320773188094e-02
7.169999999999999929e+00 7.130463772770646858e-02 -4.775063742893453922e-02
7.179999999999999716e+00 6.083390611354314720e-02 -5.402715630630172683e-02
7.190000000000000391e+00 5.017502438848459034e-02 -6.004977194110365513e-02
7.200000000000000178e+00 3.934364094251501659e-02 -6.582805674412631203e-02
7.209999999999999964e+00 2.835604921290494490e-02 -7.137258916175237555e-02
7.219999999999999751e+00 1.722914615202220112e-02 -7.669490340646080428e-02
7.230000000000000426e+00 5.980387763925802160e-03 -8.180743307083938876e-02
7.240000000000000213e+00 -5.372258353025217113e-03 -8.672344859012821872e-02
7.250000000000000000e+00 -1.681036348230911456e-02 -9.145698861490716980e-02
7.259999999999999787e+00 -2.831509126296475470e-02 -9.602278546043718777e-02
7.270000000000000462e+00 -3.986725408707029322e-02 -1.004361849097348963e-01
7.280000000000000249e+00 -5.144737228922311584e-02 -1.047130607606975156e-01
7.290000000000000036e+00 -6.303573593477380943e-02 -1.088697246203785135e-01
7.299999999999999822e+00 -7.461246895040200833e-02 -1.129228315585230763e-01
7.310000000000000497e+00 -8.615759527780375571e-02 -1.168892823344643145e-01
7.320000000000000284e+00 -9.765110667087463503e-02 -1.207861230032109129e-01
7.330000000000000071e+00 -1.090730317008993949e-01 -1.246304427850469798e-01
7.339999999999999858e+00 -1.204035054849150188e-01 -1.284392711454670766e-01
7.350000000000000533e+00 -1.316228396114567933e-01 -1.322294750764536619e-01
7.360000000000000320e+00 -1.427115917069964324e-01 -1.360176575940929278e-01
7.370000000000000107e+00 -1.536506340669162307e-01 -1.398200584699846039e-01
7.379999999999999893e+00 -1.644212207678832638e-01 -1.436524581940852308e-01
7.390000000000000568e+00 -1.750050526847089227e-01 -1.475300861244620287e-01
7.400000000000000355e+00 -1.853843398544280374e-01 -1.514675337154411383e-01
7.410000000000000142e+00 -1.955418606633109180e-01 -1.554786736310954098e-01
7.419999999999999929e+00 -2.054610173781947491e-01 -1.595765854477435020e-01
7.429999999999999716e+00 -2.151258876009021770e-01 -1.637734885296426857e-01
7.440000000000000391e+00 -2.245212712921541842e-01 -1.680806825293365558e-01
7.450000000000000178e+00 -2.336327330874986563e-01 -1.725084958216583642e-01
7.459999999999999964e+00 -2.424466397102347515e-01 -1.770662420320180119e-01
7.469999999999999751e+00 -2.509501923727544548e-01 -1.817621846694343346e-01
7.480000000000000426e+00 -2.591314541455743137e-01 -1.866035097270053456e-01
7.490000000000000213e+00 -2.669793723599465096e-01 -1.915963059713918504e-01
7.500000000000000000e+00 -2.744837961926360759e-01 -1.967455525125001436e-01
7.509999999999999787e+00 -2.816354896576600542e-01 -2.020551131287191826e-01
7.520000000000000462e+00 -2.884261402970537125e-01 -2.075277367252131577e-01
7.530000000000000249e+00 -2.948483639189305450e-01 -2.131650632258235423e-01
7.540000000000000036e+00 -3.008957057743903984e-01 -2.189676341453786479e-01
7.549999999999999822e+00 -3.065626385938043930e-01 -2.249349070602492673e-01
7.560000000000000497e+00 -3.118445579167241632e-01 -2.310652731916246483e-01
7.570000000000000284e+00 -3.167377751477021275e-01 -2.373560773382474010e-01
7.580000000000000071e+00 -3.212395087527821214e-01 -2.438036394423984676e-01
7.589999999999999858e+00 -3.253478739790133800e-01 -2.504032771431127791e-01
7.600000000000000533e+00 -3.290618714332327888e-01 -2.571493287615213563e-01
7.610000000000000320e+00 -3.323813747983189737e-01 -2.640351762717091932e-01
7.620000000000000107e+00 -3.353071178973037747e-01 -2.710532679327442573e-01
7.629999999999999893e+00 -3.378406812407264703e-01 -2.781951403893330177e-01
7.640000000000000568e+00 -3.399844781133516958e-01 -2.854514401851576122e-01
7.650000000000000355e+00 -3.417417401759573758e-01 -2.928119447694898514e-01
7.660000000000000142e+00 -3.431165024795624352e-01 -3.002655832091329913e-01
7.669999999999999929e+00 -3.441135877164847034e-01 -3.078004569392449041e-01
7.679999999999999716e+00 -3.447385894680786711e-01 -3.154038609934854964e-01
7.690000000000000391e+00 -3.449978541558313405e-01 -3.230623062420150959e-01
7.700000000000000178e+00 -3.448984613632344876e-01 -3.307615432314687798e-01
7.709999999999999964e+00 -3.444482021726090748e-01 -3.384865882612430044e-01
7.719999999999999751e+00 -3.436555551554231203e-01 -3.462217523431078137e-01
7.730000000000000426e+00 -3.425296596675733163e-01 -3.539506736751177329e-01
7.740000000000000213e+00 -3.410802861329142455e-01 -3.616563542158105493e-01
7.750000000000000000e+00 -3.393178030486250774e-01 -3.693212008715436867e-01
7.759999999999999787e+00 -3.372531405137195182e-01 -3.769270717102787827e-01
7.770000000000000462e+00 -3.348977501653527256e-01 -3.844553274920075037e-01
7.780000000000000249e+00 -3.322635615041404367e-01 -3.918868886628984471e-01
7.790000000000000036e+00 -3.293629346964782600e-01 -3.992022978016364076e-01
7.799999999999999822e+00 -3.262086100553280299e-01 -4.063817873374281908e-01
7.810000000000000497e+00 -3.228136545172425320e-01 -4.134053521853716662e-01
7.820000000000000284e+00 -3.191914055483670021e-01 -4.202528267723192879e-01
7.830000000000000071e+00 -3.153554130215163176e-01 -4.269039657610734229e-01
7.839999999999999858e+00 -3.113193797058911860e-01 -4.333385276287902710e-01
7.850000000000000533e+00 -3.070971010965023451e-01 -4.395363601225837358e-01
7.860000000000000320e+00 -3.027024053780995594e-01 -4.454774865068205636e-01
7.870000000000000107e+00 -2.981490943650590419e-01 -4.511421914370891684e-01
7.879999999999999893e+00 -2.934508862815126129e-01 -4.565111052491264143e-01
7.890000000000000568e+00 -2.886213612430023057e-01 -4.615652854398852312e-01
7.900000000000000355e+00 -2.836739102708539240e-01 -4.662862941441445197e-01
7.910000000000000142e+00 -2.786216886129782577e-01 -4.706562704740976932e-01
7.919999999999999929e+00 -2.734775740604324934e-01 -4.746579966904788117e-01
7.930000000000000604e+00 -2.682541308393511792e-01 -4.782749573100240070e-01
7.940000000000000391e+00 -2.629635795251466512e-01 -4.814913904221900798e-01
7.950000000000000178e+00 -2.576177732734838410e-01 -4.842923306837486064e-01
7.959999999999999964e+00 -2.522281804944762618e-01 -4.866636436777040942e-01
7.969999999999999751e+00 -2.468058739175870153e-01 -4.885920515567251377e-01
7.980000000000000426e+00 -2.413615258101073635e-01 -4.900651501339065019e-01
7.990000000000000213e+00 -2.359054089275023081e-01 -4.910714178277238440e-01
8.000000000000000000e+00 -2.304474025952376881e-01 -4.916002171057810011e-01
8.009999999999999787e+00 -2.249970031548637339e-01 -4.916417892955611824e-01
8.019999999999999574e+00 -2.195633378578576711e-01 -4.911872438323762191e-01
8.029999999999999361e+00 -2.141551811644779035e-01 -4.902285431879605526e-01
8.040000000000000924e+00 -2.087809723064709688e-01 -4.887584848613269473e-01
8.050000000000000711e+00 -2.034488329061174550e-01 -4.867706819111770056e-01
8.060000000000000497e+00 -1.981665834130673653e-01 -4.842595435620181132e-01
8.070000000000000284e+00 -1.929417571270211351e-01 -4.812202574212156025e-01
8.080000000000000071e+00 -1.877816106197676138e-01 -4.776487747998857114e-01
8.089999999999999858e+00 -1.826931294544269502e-01 -4.735418005367844074e-01
8.099999999999999645e+00 -1.776830282217965462e-01 -4.688967885825741089e-01
8.109999999999999432e+00 -1.727577440711201007e-01 -4.637119444151159287e-01
8.120000000000000995e+00 -1.679234231018289503e-01 -4.579862351291520972e-01
8.130000000000000782e+00 -1.631858991992788943e-01 -4.517194077817778819e-01
8.140000000000000568e+00 -1.585506651356198282e-01 -4.449120162854691141e-01
8.150000000000000355e+00 -1.540228360103174099e-01 -4.375654568312101755e-01
8.160000000000000142e+00 -1.496071053664538020e-01 -4.296820115042888077e-01
8.169999999999999929e+00 -1.453076945813038257e-01 -4.212648994339696085e-01
8.179999999999999716e+00 -1.411282963850961358e-01 -4.123183345051580906e-01
8.189999999999999503e+00 -1.370720136026692682e-01 -4.028475883649214606e-01
8.199999999999999289e+00 -1.331412944314238345e-01 -3.928590571885684501e-01
8.210000000000000853e+00 -1.293378657586276015e-01 -3.823603304375914336e-01
8.220000000000000639e+00 -1.256626661754163543e-01 -3.713602596528216004e-01
8.230000000000000426e+00 -1.221157804584002693e-01 -3.598690251872928569e-01
8.240000000000000213e+00 -1.186963773582879050e-01 -3.478981986997228271e-01
8.250000000000000000e+00 -1.154026525553166899e-01 -3.354607992049352116e-01
8.259999999999999787e+00 -1.122317786117486560e-01 -3.225713405139356560e-01
8.269999999999999574e+00 -1.091798636719402277e-01 -3.092458679939766863e-01
8.279999999999999361e+00 -1.062419205316133819e-01 -2.955019827362589391e-01
8.290000000000000924e+00 -1.034118475224916345e-01 -2.813588514325930934e-01
8.300000000000000711e+00 -1.006824224403283369e-01 -2.668372005273972891e-01
8.310000000000000497e+00 -9.804531048875431143e-02 -2.519592935212580653e-01
8.320000000000000284e+00 -9.549108692464326753e-02 -2.367488906490030909e-01
8.330000000000000071e+00 -9.300927478014384131e-02 -2.212311905297353054e-01
8.339999999999999858e+00 -9.058839771024887466e-02 -2.054327537785569924e-01
8.349999999999999645e+00 -8.821604768134447272e-02 -1.893814089691992775e-01
8.359999999999999432e+00 -8.587896688453099114e-02 -1.731061417325760743e-01
8.370000000000000995e+00 -8.356314293653044345e-02 -1.566369681575473516e-01
8.380000000000000782e+00 -8.125391612938018260e-02 -1.400047940164197702e-01
8.390000000000000568e+00 -7.893609721606822949e-02 -1.232412616590869286e-01
8.400000000000000355e+00 -7.659409398022205828e-02 -1.063785866973513267e-01
8.410000000000000142e+00 -7.421204464044900417e-02 -8.944938682724051793e-02
8.419999999999999929e+00 -7.177395598927240050e-02 -7.248650530583231055e-02
8.429999999999999716e+00 -6.926384406686368622e-02 -5.552283170572068494e-02
8.439999999999999503e+00 -6.666587512353379374e-02 -3.859112261200288441e-02
8.449999999999999289e+00 -6.396450463332697955e-02 -2.172382490269340882e-02
8.460000000000000853e+00 -6.114461218359255185e-02 -4.952904164750556240e-03
8.470000000000000639e+00 -5.819163018013307626e-02 1.169031935269907937e-02
8.480000000000000426e+00 -5.509166447099128616e-02 2.817532505417759056e-02
8.490000000000000213e+00 -5.183160519932798055e-02 4.447253464776412119e-02
8.500000000000000000e+00 -4.839922644114013489e-02 6.055344149621965516e-02
8.509999999999999787e+00 -4.478327345970549433e-02 7.639072537289011422e-02
8.519999999999999574e+00 -4.097353670772153206e-02 9.195835168693319850e-02
8.529999999999999361e+00 -3.696091202167963580e-02 1.072316546174506280e-01
8.540000000000000924e+00 -3.273744677225963462e-02 1.221874039744550722e-01
8.550000000000000711e+00 -2.829637205058969582e-02 1.368038559754877204e-01
8.560000000000000497e+00 -2.363212127442211943e-02 1.510607884797199041e-01
8.570000000000000284e+00 -1.874033588240802545e-02 1.649395215467602260e-01
8.580000000000000071e+00 -1.361785904120644576e-02 1.784229244763529676e-01
8.589999999999999858e+00 -8.262718512530228820e-03 1.914954107300715913e-01
8.599999999999999645e+00 -2.674100009921190173e-03 2.041429223308351693e-01
8.609999999999999432e+00 3.147687486168610285e-03 2.163529054760308934e-01
8.620000000000000995e+00 9.201252894404612914e-03 2.281142791823945748e-01
8.630000000000000782e+00 1.548416907529685110e-02 2.394173988045349977e-01
8.640000000000000568e+00 2.199302215053120652e-02 2.502540162349098929e-01
8.650000000000000355e+00 2.872346254975660304e-02 2.606172385036978900e-01
8.660000000000000142e+00 3.567025633038443250e-02 2.705014863566182481e-01
8.669999999999999929e+00 4.282733545025955296e-02 2.799024542030870699e-01
8.679999999999999716e+00 5.018784584167353124e-02 2.888170726032283642e-01
8.689999999999999503e+00 5.774419233189078543e-02 2.972434742083781001e-01
8.700000000000001066e+00 6.548807967316633283e-02 3.051809637947895948e-01
8.710000000000000853e+00 7.341054917667355628e-02 3.126299927438017656e-01
8.720000000000000639e+00 8.150201068208794142e-02 3.195921380334708073e-01
8.730000000000000426e+00 8.975226983000922365e-02 3.260700855262366193e-01
8.740000000000000213e+00 9.815055083042870110e-02 3.320676170738007249e-01
8.750000000000000000e+00 1.066855151299605786e-01 3.375896007225817064e-01
8.759999999999999787e+00 1.153452765671729718e-01 3.426419830984235859e-01
8.769999999999999574e+00 1.241174137635422531e-01 3.472317828840711385e-01
8.779999999999999361e+00 1.329889806228237992e-01 3.513670841822455482e-01
8.790000000000000924e+00 1.419465159006521038e-01 3.550570284844375424e-01
8.800000000000000711e+00 1.509760528568813154e-01 3.583118039425935430e-01
8.810000000000000497e+00 1.600631300147610792e-01 3.611426306678814924e-01
8.820000000000000284e+00 1.691928040240406050e-01 3.635617408561757080e-01
8.830000000000000071e+00 1.783496655612834825e-01 3.655823526607494545e-01
8.839999999999999858e+00 1.875178591030079167e-01 3.672186368943057833e-01
8.849999999999999645e+00 1.966811072797878812e-01 3.684856758391265030e-01
8.859999999999999432e+00 2.058227403670881139e-01 3.693994136687657748e-01
8.870000000000000995e+00 2.149257312970372646e-01 3.699765982295765143e-01
8.880000000000000782e+00 2.239727363907988988e-01 3.702347141870256930e-01
8.890000000000000568e+00 2.329461418202015688e-01 3.701919078015147857e-01
8.900000000000000355e+00 2.418281156164721335e-01 3.698669038525273511e-01
8.910000000000000142e+00 2.506006648598141373e-01 3.692789154699400167e-01
8.919999999999999929e+00 2.592456975123170748e-01 3.684475478493114409e-01
8.929999999999999716e+00 2.677450882039483226e-01 3.673926970168111539e-01
8.939999999999999503e+00 2.760807471520238532e-01 3.661344449630851150e-01
8.950000000000001066e+00 2.842346912926559943e-01 3.646929525789258109e-01
8.960000000000000853e+00 2.921891166312118315e-01 3.630883518956313782e-01
8.970000000000000639e+00 2.999264707797764107e-01 3.613406391574360277e-01
8.980000000000000426e+00 3.074295246437480089e-01 3.594695702318663755e-01
8.990000000000000213e+00 3.146814422467099082e-01 3.574945597974465983e-01
9.000000000000000000e+00 3.216658477410898054e-01 3.554345856393577030e-01
9.009999999999999787e+00 3.283668887393812463e-01 3.533080992364399653e-01
9.019999999999999574e+00 3.347692952133098365e-01 3.511329436424890371e-01
9.029999999999999361e+00 3.408584333420459633e-01 3.489262794574151116e-01
9.040000000000000924e+00 3.466203538403743734e-01 3.467045194566053534e-01
9.050000000000000711e+00 3.520418344582203485e-01 3.444832722074923081e-01
9.060000000000000497e+00 3.571104165083301418e-01 3.422772947588940129e-01
9.070000000000000284e+00 3.618144354434026932e-01 3.401004542493311633e-01
9.080000000000000071e+00 3.661430456618343654e-01 3.379656980530969523e-01
9.089999999999999858e+00 3.700862398670776154e-01 3.358850318748571873e-01
9.099999999999999645e+00 3.736348634345140196e-01 3.338695050216725080e-01
9.109999999999999432e+00 3.767806243474272065e-01 3.319292019313903053e-01
9.120000000000000995e+00 3.795160993467321942e-01 3.300732389229845132e-01
9.130000000000000782e+00 3.818347369949839365e-01 3.283097650610475315e-01
9.140000000000000568e+00 3.837308583823344499e-01 3.266459659952325456e-01
9.150000000000000355e+00 3.851996562000395974e-01 3.250880696466048603e-01
9.160000000000000142e+00 3.862371928763376761e-01 3.236413526656757300e-01
9.169999999999999929e+00 3.868403984116411953e-01 3.223101466790698200e-01
9.179999999999999716e+00 3.870070684674692951e-01 3.210978434696955541e-01
9.189999999999999503e+00 3.867358631598202812e-01 3.200068983940885237e-01
9.200000000000001066e+00 3.860263068868227121e-01 3.190388315244586659e-01
9.210000000000000853e+00 3.848787893872300803e-01 3.181942262051559722e-01
9.220000000000000639e+00 3.832945680857456350e-01 3.174727249265318907e-01
9.230000000000000426e+00 3.812757716386335205e-01 3.168730226358304480e-01
9.240000000000000213e+00 3.788254044539975940e-01 3.163928578171052441e-01
9.250000000000000000e+00 3.759473518307275830e-01 3.160290018726220618e-01
9.259999999999999787e+00 3.726463852433645196e-01 3.157772475196685691e-01
9.269999999999999574e+00 3.689281672014443347e-01 3.156323970726638284e-01
9.279999999999999361e+00 3.647992550349965502e-01 3.155882516053460929e-01
9.290000000000000924e+00 3.602671029058057139e-01 3.156376020771031188e-01
9.300000000000000711e+00 3.553400613188695267e-01 3.157722235578802050e-01
9.310000000000000497e+00 3.500273734113450441e-01 3.159828736955684891e-01
9.320000000000000284e+00 3.443391673272948039e-01 3.162592965377622467e-01
9.330000000000000071e+00 3.382864440448660748e-01 3.165902327470604405e-01
9.339999999999999858e+00 3.318810601063069132e-01 3.169634371378992621e-01
9.349999999999999645e+00 3.251357048077052614e-01 3.173657043167009140e-01
9.359999999999999432e+00 3.180638715309549447e-01 3.177829030305769908e-01
9.370000000000000995e+00 3.106798230409815176e-01 3.182000196286551841e-01
9.380000000000000782e+00 3.029985507218874163e-01 3.186012108207897375e-01
9.390000000000000568e+00 2.950357278812618111e-01 3.189698656881310157e-01
9.400000000000000355e+00 2.868076574070709817e-01 3.192886766662664799e-01
9.410000000000000142e+00 2.783312142109593545e-01 3.195397189920284320e-01
9.419999999999999929e+00 2.696237830302294913e-01 3.197045378870765897e-01
9.429999999999999716e+00 2.607031922834538440e-01 3.197642425521466936e-01
9.439999999999999503e+00 2.515876447772429358e-01 3.196996058718386546e-01
9.450000000000001066e+00 2.422956461405809392e-01 3.194911685867026785e-01
9.460000000000000853e+00 2.328459319154961293e-01 3.191193465817507291e-01
9.470000000000000639e+00 2.232573942567485092e-01 3.185645398718353061e-01
9.480000000000000426e+00 2.135490091877624563e-01 3.178072418367405838e-01
9.490000000000000213e+00 2.037397653252737695e-01 3.168281472731029891e-01
9.500000000000000000e+00 1.938485949221803450e-01 3.156082578858266374e-01
9.509999999999999787e+00 1.838943079889674981e-01 3.141289839364911352e-01
9.519999999999999574e+00 1.738955301417847710e-01 3.123722408971145725e-01
9.529999999999999361e+00 1.638706446935935257e-01 3.103205401200202496e-01
9.540000000000000924e+00 1.538377393582757990e-01 3.079570727230018790e-01
9.550000000000000711e+00 1.438145577812272868e-01 3.052657860970637849e-01
9.560000000000000497e+00 1.338184559491634174e-01 3.022314526647166266e-01
9.570000000000000284e+00 1.238663633722536517e-01 2.988397307427187455e-01
9.580000000000000071e+00 1.139747487788680957e-01 2.950772175866142599e-01
9.589999999999999858e+00 1.041595899226138572e-01 2.909314949079406243e-01
9.599999999999999645e+00 9.443634697797280431e-02 2.863911673513502842e-01
9.609999999999999432e+00 8.481993889927828822e-02 2.814458945915050414e-01
9.620000000000000995e+00 7.532472204175510999e-02 2.760864178526332702e-01
9.630000000000000782e+00 6.596447029589048994e-02 2.703045817622624636e-01
9.640000000000000568e+00 5.675235596951309219e-02 2.640933525211701105e-01
9.650000000000000355e+00 4.770093066666605819e-02 2.574468334016551396e-01
9.660000000000000142e+00 3.882210545858029438e-02 2.503602785747523485e-01
9.669999999999999929e+00 3.012712971870443873e-02 2.428301062143994604e-01
9.679999999999999716e+00 2.162656809861463955e-02 2.348539117345505300e-01
9.689999999999999503e+00 1.333027525159219753e-02 2.264304818869214697e-01
9.700000000000001066e+00 5.247368061652943685e-03 2.175598102868201156e-01
9.710000000000000853e+00 -2.613804696970914963e-03 2.082431147477743771e-01
9.720000000000000639e+00 -1.024569516687948503e-02 1.984828565988605020e-01
9.730000000000000426e+00 -1.764159139514952235e-02 1.882827619388557083e-01
9.740000000000000213e+00 -2.479565403396667700e-02 1.776478445562065522e-01
9.750000000000000000e+00 -3.170295411240808131e-02 1.665844300212479256e-01
9.759999999999999787e+00 -3.835951107686831618e-02 1.551001802449527844e-01
9.769999999999999574e+00 -4.476233015624983547e-02 1.432041176044437369e-01
9.779999999999999361e+00 -5.090943799122563118e-02 1.309066475666287865e-01
9.790000000000000924e+00 -5.679991537919123340e-02 1.182195786040845659e-01
9.800000000000000711e+00 -6.243392593168495264e-02 1.051561380971300225e-01
9.810000000000000497e+00 -6.781273942183378700e-02 9.173098285726884182e-02
9.820000000000000284e+00 -7.293874861749054250e-02 7.796020289287883265e-02
9.830000000000000071e+00 -7.781547845175350309e-02 6.386131706988948387e-02
9.839999999999999858e+00 -8.244758647593096457e-02 4.945325939846451080e-02
9.849999999999999645e+00 -8.684085366902494219e-02 3.475635480017989776e-02
9.859999999999999432e+00 -9.100216483963488590e-02 1.979228337623270204e-02
9.870000000000000995e+00 -9.493947804699109927e-02 4.584032401826477511e-03
9.880000000000000782e+00 -9.866178268282901898e-02 -1.084416449017444085e-02
9.890000000000000568e+00 -1.021790460894774766e-01 -2.646690120827726450e-02
9.900000000000000355e+00 -1.055021488356594483e-01 -4.225768617129806171e-02
9.910000000000000142e+00 -1.086428090234791699e-01 -5.818904203782936102e-02
9.919999999999999929e+00 -1.116134962510119816e-01 -7.423261758675209210e-02
9.929999999999999716e+00 -1.144273360978985965e-01 -9.035931084425195825e-02
9.939999999999999503e+00 -1.170980062296051588e-01 -1.065394022712938954e-01
9.950000000000001066e+00 -1.196396254231253120e-01 -1.227426965657300167e-01
9.960000000000000853e+00 -1.220666369969921200e-01 -1.389386714027830150e-01
9.970000000000000639e+00 -1.243936882763877760e-01 -1.550966312433890715e-01
9.980000000000000426e+00 -1.266355078355810293e-01 -1.711858641876222720e-01
9.990000000000000213e+00 -1.288067823315995064e-01 -1.871757997448314781e-01
1.000000000000000000e+01 -1.309220347727395872e-01 -2.030361653365317931e-01
1.000999999999999979e+01 -1.329955060521694765e-01 -2.187371393444551004e-01
1.001999999999999957e+01 -1.350410415206260983e-01 -2.342494985649633266e-01
1.002999999999999936e+01 -1.370719842743271799e-01 -2.495447580312301072e-01
1.004000000000000092e+01 -1.391010766971704227e-01 -2.645953013137872234e-01
1.005000000000000071e+01 -1.411403716235657413e-01 -2.793744996043595608e-01
1.006000000000000050e+01 -1.432011542843069918e-01 -2.938568181223111253e-01
1.007000000000000028e+01 -1.452938759680381109e-01 -3.080179086512973008e-01
1.008000000000000007e+01 -1.474281000810694076e-01 -3.218346873087663540e-01
1.008999999999999986e+01 -1.496124610250303688e-01 -3.352853969649391419e-01
1.009999999999999964e+01 -1.518546360419038566e-01 -3.483496540525305996e-01
1.010999999999999943e+01 -1.541613299062870868e-01 -3.610084798351864133e-01
1.012000000000000099e+01 -1.565382720821220375e-01 -3.732443165228754300e-01
1.013000000000000078e+01 -1.589902257122161322e-01 -3.850410289279830311e-01
1.014000000000000057e+01 -1.615210075797903488e-01 -3.963838926388027484e-01
1.015000000000000036e+01 -1.641335179775725572e-01 -4.072595699403869784e-01
1.016000000000000014e+01 -1.668297792463959706e-01 -4.176560749301141962e-01
1.016999999999999993e+01 -1.696109816057549680e-01 -4.275627294516746724e-01
1.017999999999999972e+01 -1.724775347962676508e-01 -4.369701116025582199e-01
1.018999999999999950e+01 -1.754291239903477129e-01 -4.458699986538621762e-01
1.020000000000000107e+01 -1.784647684034477988e-01 -4.542553062560349408e-01
1.021000000000000085e+01 -1.815828810537011839e-01 -4.621200257901194042e-01
1.022000000000000064e+01 -1.847813281713406863e-01 -4.694591616625338193e-01
1.023000000000000043e+01 -1.880574868485927476e-01 -4.762686702351860424e-01
1.024000000000000021e+01 -1.914082996425797434e-01 -4.825454019355928659e-01
1.025000000000000000e+01 -1.948303249940880333e-01 -4.882870479086622306e-01
1.025999999999999979e+01 -1.983197824991217717e-01 -4.934920923586938457e-01
1.026999999999999957e+01 -2.018725922627689351e-01 -4.981597714935480092e-01
1.027999999999999936e+01 -2.054844077703767702e-01 -5.022900397298396546e-01
1.029000000000000092e+01 -2.091506419236158210e-01 -5.058835435558454163e-01
1.030000000000000071e+01 -2.128664861028024546e-01 -5.089416031849361977e-01
1.031000000000000050e+01 -2.166269223261689525e-01 -5.114662018741334970e-01
1.032000000000000028e+01 -2.204267287761623728e-01 -5.134599825367260895e-01
1.033000000000000007e+01 -2.242604791473407910e-01 -5.149262510512604418e-01
1.033999999999999986e+01 -2.281225364355803920e-01 -5.158689854672822150e-01
1.034999999999999964e+01 -2.320070419303564280e-01 -5.162928501358803324e-01
1.035999999999999943e+01 -2.359079002878118614e-01 -5.162032136542046290e-01
1.037000000000000099e+01 -2.398187616500216668e-01 -5.156061694105417148e-01
1.038000000000000078e+01 -2.437330018339619042e-01 -5.145085574519421279e-01
1.039000000000000057e+01 -2.476437016417784021e-01 -5.129179863703665632e-01
1.040000000000000036e+01 -2.515436263424056240e-01 -5.108428539152957137e-01
1.041000000000000014e+01 -2.554252063446613152e-01 -5.082923650891355560e-01
1.041999999999999993e+01 -2.592805200255775544e-01 -5.052765465638823228e-01
1.042999999999999972e+01 -2.631012795975991025e-01 -5.018062563699171585e-01
1.043999999999999950e+01 -2.668788207975559823e-01 -4.978931879461988008e-01
1.045000000000000107e+01 -2.706040970627006659e-01 -4.935498678006104978e-01
1.046000000000000085e+01 -2.742676787285371898e-01 -4.887896462045118184e-01
1.047000000000000064e+01 -2.778597576438927574e-01 -4.836266805309982764e-01
1.048000000000000043e+01 -2.813701574549150042e-01 -4.780759110363057562e-01
1.049000000000000021e+01 -2.847883496656568036e-01 -4.721530290725862722e-01
1.050000000000000000e+01 -2.881034754426179401e-01 -4.658744379025067106e-01
1.050999999999999979e+01 -2.913043729978107566e-01 -4.592572064568328227e-01
1.051999999999999957e+01 -2.943796102629122613e-01 -4.523190165308518806e-01
1.052999999999999936e+01 -2.973175224587384924e-01 -4.450781040503844488e-01
1.054000000000000092e+01 -3.001062540719197091e-01 -4.375531951501198669e-01
1.055000000000000071e+01 -3.027338046760210122e-01 -4.297634378938817723e-01
1.056000000000000050e+01 -3.051880779785344777e-01 -4.217283305267229832e-01
1.057000000000000028e+01 -3.074569334386594854e-01 -4.134676471819638266e-01
1.058000000000000007e+01 -3.095282397834696053e-01 -4.050013619727059200e-01
1.058999999999999986e+01 -3.113899297512408015e-01 -3.963495723781335633e-01
1.059999999999999964e+01 -3.130300554091407506e-01 -3.875324227918838793e-01
1.060999999999999943e+01 -3.144368434264714351e-01 -3.785700290355137332e-01
1.062000000000000099e+01 -3.155987497321205981e-01 -3.694824045576817206e-01
1.063000000000000078e+01 -3.165045130434027687e-01 -3.602893889426688201e-01
1.064000000000000057e+01 -3.171432068204522170e-01 -3.510105792441297612e-01
1.065000000000000036e+01 -3.175042892730193245e-01 -3.416652645455734438e-01
1.066000000000000014e+01 -3.175776511221434228e-01 -3.322723640321045835e-01
1.066999999999999993e+01 -3.173536608950253690e-01 -3.228503687424417179e-01
1.067999999999999972e+01 -3.168232076049248280e-01 -3.134172870599946648e-01
1.068999999999999950e+01 -3.159777407367344582e-01 -3.039905939003222923e-01
1.070000000000000107e+01 -3.148093075209594249e-01 -2.945871834626652142e-01
1.071000000000000085e+01 -3.133105875324764811e-01 -2.852233253380652700e-01
1.072000000000000064e+01 -3.114749246943089855e-01 -2.759146237077843566e-01
1.073000000000000043e+01 -3.092963567998502361e-01 -2.666759793247625021e-01
1.074000000000000021e+01 -3.067696426889846562e-01 -2.575215539483846072e-01
1.075000000000000000e+01 -3.038902872243481323e-01 -2.484647368989937044e-01
1.075999999999999979e+01 -3.006545642138632179e-01 -2.395181134128117062e-01
1.076999999999999957e+01 -2.970595374154079704e-01 -2.306934345091093130e-01
1.077999999999999936e+01 -2.931030797400686616e-01 -2.220015881278829262e-01
1.079000000000000092e+01 -2.887838907432438984e-01 -2.134525713558233229e-01
1.080000000000000071e+01 -2.841015124594617469e-01 -2.050554636284549759e-01
1.081000000000000050e+01 -2.790563435988931973e-01 -1.968184008741145630e-01
1.082000000000000028e+01 -2.736496520830196677e-01 -1.887485506479215647e-01
1.083000000000000007e+01 -2.678835858556242178e-01 -1.808520883878808883e-01
1.083999999999999986e+01 -2.617611818650535938e-01 -1.731341750076492991e-01
1.084999999999999964e+01 -2.552863730763043071e-01 -1.655989361182225728e-01
1.085999999999999943e+01 -2.484639933385142940e-01 -1.582494432410262442e-01
1.087000000000000099e+01 -2.412997799063030802e-01 -1.510876974350474633e-01
1.088000000000000078e+01 -2.338003733932607631e-01 -1.441146158085207796e-01
1.089000000000000057e+01 -2.259733149236490268e-01 -1.373300214194521363e-01
1.090000000000000036e+01 -2.178270402446358667e-01 -1.307326370876179256e-01
1.091000000000000014e+01 -2.093708705664770742e-01 -1.243200836427262312e-01
1.091999999999999993e+01 -2.006149999119525018e-01 -1.180888831188438848e-01
1.092999999999999972e+01 -1.915704787788100605e-01 -1.120344673741178604e-01
1.093999999999999950e+01 -1.822491939493833812e-01 -1.061511925679169827e-01
1.095000000000000107e+01 -1.726638443191300110e-01 -1.004323598658654337e-01
1.096000000000000085e+01 -1.628279126595592319e-01 -9.487024266839538811e-02
1.097000000000000064e+01 -1.527556332796944638e-01 -8.945612057227055047e-02
1.098000000000000043e+01 -1.424619556024936118e-01 -8.418032017923621213e-02
1.099000000000000021e+01 -1.319625037271404122e-01 -7.903226276396524419e-02
1.100000000000000000e+01 -1.212735321033426988e-01 -7.400051870736536197e-02
1.100999999999999979e+01 -1.104118774982972423e-01 -6.907286849378550808e-02
1.101999999999999957e+01 -9.939490748939051878e-02 -6.423636996437410984e-02
1.102999999999999936e+01 -8.824046576470397085e-02 -5.947743141641024384e-02
1.104000000000000092e+01 -7.696681455779000314e-02 -5.478189004234607085e-02
1.105000000000000071e+01 -6.559257458197254032e-02 -5.013509511482003300e-02
1.106000000000000050e+01 -5.413666286173146602e-02 -4.552199524704845374e-02
1.107000000000000028e+01 -4.261822888395736669e-02 -4.092722899350188792e-02
1.108000000000000007e+01 -3.105658950953899683e-02 -3.633521800497030441e-02
1.108999999999999986e+01 -1.947116309568419287e-02 -3.173026191602627832e-02
1.109999999999999964e+01 -7.881403281567531810e-03 -2.709663412211068753e-02
1.110999999999999943e+01 3.693267115452873034e-03 -2.241867759820956318e-02
1.112000000000000099e+01 1.523352165830069160e-02 -1.768089992117391138e-02
1.113000000000000078e+01 2.672019488765210032e-02 -1.286806668262635393e-02
1.114000000000000057e+01 3.813434556767233974e-02 -7.965292518177532685e-03
1.115000000000000036e+01 4.945731821923087662e-02 -2.958129030136194635e-03
1.116000000000000014e+01 6.067080261386120776e-02 2.167351056462239918e-03
1.116999999999999993e+01 7.175689093887108183e-02 7.424474092594853143e-03
1.117999999999999972e+01 8.269813238321797877e-02 1.282589056722211775e-02
1.118999999999999950e+01 9.347758493399939417e-02 1.838350545583497531e-02
1.120000000000000107e+01 1.040788642136586672e-01 2.410841419043322983e-02
1.121000000000000085e+01 1.144861892273139614e-01 3.001084449606881283e-02
1.122000000000000064e+01 1.246844249270846472e-01 3.610010425023404967e-02
1.123000000000000043e+01 1.346591215351259085e-01 4.238453543541790408e-02
1.124000000000000021e+01 1.443965505985963516e-01 4.887147417397860044e-02
1.125000000000000000e+01 1.538837377774148751e-01 5.556721675979430647e-02
1.125999999999999979e+01 1.631084923889800087e-01 6.247699153445992332e-02
1.126999999999999957e+01 1.720594337527359408e-01 6.960493639833895130e-02
1.127999999999999936e+01 1.807260143914302120e-01 7.695408169953177335e-02
1.129000000000000092e+01 1.890985401550991929e-01 8.452633820746678628e-02
1.130000000000000071e+01 1.971681873383817341e-01 9.232248985273981690e-02
1.131000000000000050e+01 2.049270168619351518e-01 1.003421909010784041e-01
1.132000000000000028e+01 2.123679855849193998e-01 1.085839672266759592e-01
1.133000000000000007e+01 2.194849548081726498e-01 1.170452213580620154e-01
1.133999999999999986e+01 2.262726960174398505e-01 1.257222409873649249e-01
1.134999999999999964e+01 2.327268939034747020e-01 1.346102106602004855e-01
1.135999999999999943e+01 2.388441466817430303e-01 1.437032263971788071e-01
1.137000000000000099e+01 2.446219637195861385e-01 1.529943130377017235e-01
1.138000000000000078e+01 2.500587604638443429e-01 1.624754441406415228e-01
1.139000000000000057e+01 2.551538506479038571e-01 1.721375643229314523e-01
1.140000000000000036e+01 2.599074357447077599e-01 1.819706139642095488e-01
1.141000000000000014e+01 2.643205916222232665e-01 1.919635562516223137e-01
1.141999999999999993e+01 2.683952523509114951e-01 2.021044065818803637e-01
1.142999999999999972e+01 2.721341911095308541e-01 2.123802643759750419e-01
1.143999999999999950e+01 2.755409981367105687e-01 2.227773473939496651e-01
1.145000000000000107e+01 2.786200556815895957e-01 2.332810286614130646e-01
1.146000000000000085e+01 2.813765099178002771e-01 2.438758761348040760e-01
1.147000000000000064e+01 2.838162398013784338e-01 2.545456952378510329e-01
1.148000000000000043e+01 2.859458228748730790e-01 2.652735743965140003e-01
1.149000000000000021e+01 2.877724980469377747e-01 2.760419336835933657e-01
1.150000000000000000e+01 2.893041254087472258e-01 2.868325766571123703e-01
1.150999999999999979e+01 2.905491431852937900e-01 2.976267454388250577e-01
1.151999999999999957e+01 2.915165219604077262e-01 3.084051790314426000e-01
1.152999999999999936e+01 2.922157163584628292e-01 3.191481748163894627e-01
1.154000000000000092e+01 2.926566144122939583e-01 3.298356531094335242e-01
1.155000000000000071e+01 2.928494848948142160e-01 3.404472245809986863e-01
1.156000000000000050e+01 2.928049229400376263e-01 3.509622602732415664e-01
1.157000000000000028e+01 2.925337943264052498e-01 3.613599638692113203e-01
1.158000000000000007e+01 2.920471788401396984e-01 3.716194457928458927e-01
1.158999999999999986e+01 2.913563131774267734e-01 3.817197986446523861e-01
1.159999999999999964e+01 2.904725338801318890e-01 3.916401734090897424e-01
1.160999999999999943e+01 2.894072208291109116e-01 4.013598558083980028e-01
1.162000000000000099e+01 2.881717418406556930e-01 4.108583421262358981e-01
1.163000000000000078e+01 2.867773989239851828e-01 4.201154137852154413e-01
1.164000000000000057e+01 2.852353767598843071e-01 4.291112099372316746e-01
1.165000000000000036e+01 2.835566939516951934e-01 4.378262973160598759e-01
1.166000000000000014e+01 2.817521575792114596e-01 4.462417366093394677e-01
1.166999999999999993e+01 2.798323215531863806e-01 4.543391446327099126e-01
1.167999999999999972e+01 2.778074492230201420e-01 4.621007516329433962e-01
1.168999999999999950e+01 2.756874806329110972e-01 4.695094531093674806e-01
1.170000000000000107e+01 2.734820047528625508e-01 4.765488556231336492e-01
1.171000000000000085e+01 2.712002369312802585e-01 4.832033161608519922e-01
1.172000000000000064e+01 2.688510017266685925e-01 4.894579747311210149e-01
1.173000000000000043e+01 2.664427211786802308e-01 4.952987799974425953e-01
1.174000000000000021e+01 2.639834084753058252e-01 5.007125078862620926e-01
1.175000000000000000e+01 2.614806668654751087e-01 5.056867732514319647e-01
1.175999999999999979e+01 2.589416935571013934e-01 5.102100348228422177e-01
1.176999999999999957e+01 2.563732882322425355e-01 5.142715938136575016e-01
1.177999999999999936e+01 2.537818657062467786e-01 5.178615867037007492e-01
1.179000000000000092e+01 2.511734721592825403e-01 5.209709728521040306e-01
1.180000000000000071e+01 2.485538042792813374e-01 5.235915177164865986e-01
1.181000000000000050e+01 2.459282305777520938e-01 5.257157725648864410e-01
1.182000000000000028e+01 2.433018140766647630e-01 5.273370516568964828e-01
1.183000000000000007e+01 2.406793355179793203e-01 5.284494079388079024e-01
1.183999999999999986e+01 2.380653162193692440e-01 5.290476083413125918e-01
1.184999999999999964e+01 2.354640396918807055e-01 5.291271097853261773e-01
1.185999999999999943e+01 2.328795711488169939e-01 5.286840369902359171e-01
1.187000000000000099e+01 2.303157740707122147e-01 5.277151631385652575e-01
1.188000000000000078e+01 2.277763230489434354e-01 5.262178943816144816e-01
1.189000000000000057e+01 2.252647122098784260e-01 5.241902590728438893e-01
1.190000000000000036e+01 2.227842586213875098e-01 5.216309024911315317e-01
1.191000000000000014e+01 2.203381002024272228e-01 5.185390876669019322e-01
1.191999999999999993e+01 2.179291877920105092e-01 5.149147027535398990e-01
1.192999999999999972e+01 2.155602711834539997e-01 5.107582751982441271e-01
1.193999999999999950e+01 2.132338790901153747e-01 5.060709927648910922e-01
1.195000000000000107e+01 2.109522931762539688e-01 5.008547312514446403e-01
1.196000000000000085e+01 2.087175164571907215e-01 4.951120885312016995e-01
1.197000000000000064e+01 2.065312365424103735e-01 4.888464243362297679e-01
1.198000000000000043e+01 2.043947843593082458e-01 4.820619049983043691e-01
1.199000000000000021e+01 2.023090891495913923e-01 4.747635521730768082e-01
1.200000000000000000e+01 2.002746306706797985e-01 4.669572944024188432e-01
1.200999999999999979e+01 1.982913896567971013e-01 4.586500202229088496e-01
1.201999999999999957e+01 1.963587976951504110e-01 4.498496314096984139e-01
1.203000000000000114e+01 1.944756877484667690e-01 4.405650948583864079e-01
1.204000000000000092e+01 1.926402466035366523e-01 4.308064915560367303e-01
1.205000000000000071e+01 1.908499705443336691e-01 4.205850610783622434e-01
1.206000000000000050e+01 1.891016255364413867e-01 4.099132400744917581e-01
1.207000000000000028e+01 1.873912131664564051e-01 3.988046932639326969e-01
1.208000000000000007e+01 1.857139435060394805e-01 3.872743355714651781e-01
1.208999999999999986e+01 1.840642159665134836e-01 3.753383441629082884e-01
1.209999999999999964e+01 1.824356090782928985e-01 3.630141593151077206e-01
1.210999999999999943e+01 1.808208799726913896e-01 3.503204732533070631e-01
1.212000000000000099e+01 1.792119741652416498e-01 3.372772063136175169e-01
1.213000000000000078e+01 1.776000460436264472e-01 3.239054700322001046e-01
1.214000000000000057e+01 1.759754902542819965e-01 3.102275170200246013e-01
1.215000000000000036e+01 1.743279839646999785e-01 2.962666777462799050e-01
1.216000000000000014e+01 1.726465397587282624e-01 2.820472846179661874e-01
1.216999999999999993e+01 1.709195687052087742e-01 2.675945840012038945e-01
1.217999999999999972e+01 1.691349529314933320e-01 2.529346370746739514e-01
1.218999999999999950e+01 1.672801268380568751e-01 2.380942106310947881e-01
1.220000000000000107e+01 1.653421659135064503e-01 2.231006591428809915e-01
1.221000000000000085e+01 1.633078819552875038e-01 2.079817995779879303e-01
1.222000000000000064e+01 1.611639233742384048e-01 1.927657805870783558e-01
1.223000000000000043e+01 1.588968791640431866e-01 1.774809477801518598e-01
1.224000000000000021e+01 1.564933850520233705e-01 1.621557068673320778e-01
1.225000000000000000e+01 1.539402303171259756e-01 1.468183864533691985e-01
1.225999999999999979e+01 1.512244637650399515e-01 1.314971022485630081e-01
1.226999999999999957e+01 1.483334973887930064e-01 1.162196243913313221e-01
1.228000000000000114e+01 1.452552063146769212e-01 1.010132494718235102e-01
1.229000000000000092e+01 1.419780237357814445e-01 8.590467870512878690e-02
1.230000000000000071e+01 1.384910296657437256e-01 7.091990353107407996e-02
1.231000000000000050e+01 1.347840324998030581e-01 5.608409972050922010e-02
1.232000000000000028e+01 1.308476425444474733e-01 4.142153085121551281e-02
1.233000000000000007e+01 1.266733368659130887e-01 2.695546178652065417e-02
1.233999999999999986e+01 1.222535150062283721e-01 1.270808255308786966e-02
1.234999999999999964e+01 1.175815453178405690e-01 -1.299557221974651780e-03
1.235999999999999943e+01 1.126518018685281203e-01 -1.504760338382266083e-02
1.237000000000000099e+01 1.074596920618028778e-01 -2.851744211727650843e-02
1.238000000000000078e+01 1.020016752991346753e-01 -4.169173509000381750e-02
1.239000000000000057e+01 9.627527317430038811e-02 -5.455444552392526431e-02
1.240000000000000036e+01 9.027907183277530945e-02 -6.709085598927468086e-02
1.241000000000000014e+01 8.401271724681766417e-02 -7.928757882484253894e-02
1.241999999999999993e+01 7.747690424705608314e-02 -9.113256016166861040e-02
1.242999999999999972e+01 7.067336021211927111e-02 -1.026150785645224689e-01
1.243999999999999950e+01 6.360482434825498466e-02 -1.137257393057666405e-01
1.245000000000000107e+01 5.627502349100020618e-02 -1.244564652507217511e-01
1.246000000000000085e+01 4.868864533178660775e-02 -1.348004852645776908e-01
1.247000000000000064e+01 4.085130991574737608e-02 -1.447523209515551301e-01
1.248000000000000043e+01 3.276954017568478594e-02 -1.543077724115708704e-01
1.249000000000000021e+01 2.445073216459963880e-02 -1.634639035531678664e-01
1.250000000000000000e+01 1.590312552946523614e-02 -1.722190273396175531e-01
1.250999999999999979e+01 7.135774636625112979e-03 -1.805726911740423435e-01
1.251999999999999957e+01 -1.841479380787154011e-03 -1.885256624555323446e-01
1.253000000000000114e+01 -1.101803552557998299e-02 -1.960799141680275859e-01
1.254000000000000092e+01 -2.038255880163325137e-02 -2.032386102034757225e-01
1.255000000000000071e+01 -2.992300518631023712e-02 -2.100060899763829536e-01
1.256000000000000050e+01 -3.962664597562684521e-02 -2.163878517637041199e-01
1.257000000000000028e+01 -4.948009187205840848e-02 -2.223905341066507724e-01
1.258000000000000007e+01 -5.946931726954140379e-02 -2.280218945431574940e-01
1.258999999999999986e+01 -6.957968525235855295e-02 -2.332907849040805059e-01
1.259999999999999964e+01 -7.979597386217236743e-02 -2.382071224042931756e-01
1.260999999999999943e+01 -9.010240419934935352e-02 -2.427818557920565778e-01
1.262000000000000099e+01 -1.004826709106534238e-01 -2.470269258856081229e-01
1.263000000000000078e+01 -1.109199755760560263e-01 -2.509552199228554104e-01
1.264000000000000057e+01 -1.213970634443519991e-01 -2.545805192753582413e-01
1.265000000000000036e+01 -1.318962638828491407e-01 -2.579174402273727296e-01
1.266000000000000014e+01 -1.423995348037236652e-01 -2.609813676897324020e-01
1.266999999999999993e+01 -1.528885112124252765e-01 -2.637883819011386244e-01
1.267999999999999972e+01 -1.633445578960043276e-01 -2.663551783599288902e-01
1.268999999999999950e+01 -1.737488261359986519e-01 -2.686989814211704353e-01
1.270000000000000107e+01 -1.840823141963094378e-01 -2.708374521804647883e-01
1.271000000000000085e+01 -1.943259312061322019e-01 -2.727885914407985335e-01
1.272000000000000064e+01 -2.044605639361164462e-01 -2.745706387160747330e-01
1.273000000000000043e+01 -2.144671458568740419e-01 -2.762019683591319663e-01
1.274000000000000021e+01 -2.243267277766435031e-01 -2.777009840083682901e-01
1.275000000000000000e+01 -2.340205492826483713e-01 -2.790860126216723192e-01
1.275999999999999979e+01 -2.435301101610976848e-01 -2.803751994064077047e-01
1.276999999999999957e+01 -2.528372409456751124e-01 -2.815864049580502626e-01
1.278000000000000114e+01 -2.619241717447309270e-01 -2.827371058872047982e-01
1.279000000000000092e+01 -2.707735985233168385e-01 -2.838443001459261539e-01
1.280000000000000071e+01 -2.793687460668702882e-01 -2.849244181614152271e-01
1.281000000000000050e+01 -2.876934269271128053e-01 -2.859932407513715025e-01
1.282000000000000028e+01 -2.957320957450839116e-01 -2.870658246346482478e-01
1.283000000000000007e+01 -3.034698984580246339e-01 -2.881564361684263442e-01
1.283999999999999986e+01 -3.108927160222165753e-01 -2.892784937446291615e-01
1.284999999999999964e+01 -3.179872024186485846e-01 -2.904445190701212542e-01
1.285999999999999943e+01 -3.247408168478658763e-01 -2.916660973439829663e-01
1.287000000000000099e+01 -3.311418501598463182e-01 -2.929538461376524072e-01
1.288000000000000078e+01 -3.371794456994269273e-01 -2.943173925866490181e-01
1.289000000000000057e+01 -3.428436148731174860e-01 -2.957653583222783489e-01
1.290000000000000036e+01 -3.481252478547866569e-01 -2.973053514139958886e-01
1.291000000000000014e+01 -3.530161199419254436e-01 -2.989439644629873771e-01
1.291999999999999993e+01 -3.575088941477994608e-01 -3.006867778892077236e-01
1.292999999999999972e+01 -3.615971206653696979e-01 -3.025383673906147930e-01
1.293999999999999950e+01 -3.652752338647488606e-01 -3.045023145266093079e-01
1.295000000000000107e+01 -3.685385474864487643e-01 -3.065812193883569181e-01
1.296000000000000085e+01 -3.713832486679027323e-01 -3.087767143661623304e-01
1.297000000000000064e+01 -3.738063913918068804e-01 -3.110894781065059456e-01
1.298000000000000043e+01 -3.758058898736404974e-01 -3.135192488656941001e-01
1.299000000000000021e+01 -3.773805123150540952e-01 -3.160648366091788342e-01
1.300000000000000000e+01 -3.785298753431274310e-01 -3.187241333703355051e-01
1.300999999999999979e+01 -3.792544393368219580e-01 -3.214941215639633421e-01
1.301999999999999957e+01 -3.795555047158374329e-01 -3.243708801414901810e-01
1.303000000000000114e+01 -3.794352091382958703e-01 -3.273495886699247515e-01
1.304000000000000092e+01 -3.788965254271753347e-01 -3.304245296080111638e-01
1.305000000000000071e+01 -3.779432599260693082e-01 -3.335890892338502223e-01
1.306000000000000050e+01 -3.765800508773264332e-01 -3.368357578418695319e-01
1.307000000000000028e+01 -3.748123663241869630e-01 -3.401561299674076277e-01
1.308000000000000007e+01 -3.726465009669108208e-01 -3.435409055090614672e-01
1.308999999999999986e+01 -3.700895713541163534e-01 -3.469798926979850706e-01
1.309999999999999964e+01 -3.671495087668553703e-01 -3.504620139063404638e-01
1.310999999999999943e+01 -3.638350491557029720e-01 -3.539753152920788737e-01
1.312000000000000099e+01 -3.601557195207260031e-01 -3.575069812434888417e-01
1.313000000000000078e+01 -3.561218201800551708e-01 -3.610433545151331414e-01
1.314000000000000057e+01 -3.517444024534015501e-01 -3.645699628388913149e-01
1.315000000000000036e+01 -3.470352413897724864e-01 -3.680715526530594084e-01
1.316000000000000014e+01 -3.420068032905640432e-01 -3.715321304232276356e-01
1.316999999999999993e+01 -3.366722079161206249e-01 -3.749350118364235263e-01
1.317999999999999972e+01 -3.310451854111055026e-01 -3.782628789410272807e-01
1.318999999999999950e+01 -3.251400281365471878e-01 -3.814978450861835069e-01
1.320000000000000107e+01 -3.189715377488404058e-01 -3.846215272931864937e-01
1.321000000000000085e+01 -3.125549680128403840e-01 -3.876151254751318831e-01
1.322000000000000064e+01 -3.059059639721218860e-01 -3.904595077174123907e-01
1.323000000000000043e+01 -2.990404982194161954e-01 -3.931353006475135636e-01
1.324000000000000021e+01 -2.919748051095733543e-01 -3.956229837645258152e-01
1.325000000000000000e+01 -2.847253138321602095e-01 -3.979029864725475152e-01
1.325999999999999979e+01 -2.773085813077948991e-01 -3.999557864724107015e-01
1.326999999999999957e+01 -2.697412258892839532e-01 -4.017620081164318679e-01
1.328000000000000114e+01 -2.620398628342478498e-01 -4.033025193233777395e-01
1.329000000000000092e+01 -2.542210424700302451e-01 -4.045585256863716284e-01
1.330000000000000071e+01 -2.463011918951178159e-01 -4.055116604843970185e-01
1.331000000000000050e+01 -2.382965609560237785e-01 -4.061440694263285245e-01
1.332000000000000028e+01 -2.302231731075931043e-01 -4.064384891115856435e-01
1.333000000000000007e+01 -2.220967816118795957e-01 -4.063783183788265418e-01
1.333999999999999986e+01 -2.139328313609037968e-01 -4.059476819276925386e-01
1.334999999999999964e+01 -2.057464264271494370e-01 -4.051314858316770184e-01
1.335999999999999943e+01 -1.975523032585461414e-01 -4.039154648051079821e-01
1.337000000000000099e+01 -1.893648092481981515e-01 -4.022862213359741368e-01
1.338000000000000078e+01 -1.811978862296194648e-01 -4.002312570405505698e-01
1.339000000000000057e+01 -1.730650582820150163e-01 -3.977389968272417309e-01
1.340000000000000036e+01 -1.649794230831908015e-01 -3.947988066677836083e-01
1.341000000000000014e+01 -1.569536459254214089e-01 -3.914010059565731781e-01
1.341999999999999993e+01 -1.489999554168233986e-01 -3.875368755868452975e-01
1.342999999999999972e+01 -1.411301398313385969e-01 -3.831986629802322519e-01
1.343999999999999950e+01 -1.333555430472008752e-01 -3.783795853696474421e-01
1.345000000000000107e+01 -1.256870590284314970e-01 -3.730738326516138126e-01
1.346000000000000085e+01 -1.181351238570355761e-01 -3.672765710917791915e-01
1.347000000000000064e+01 -1.107097044143883213e-01 -3.609839490866862954e-01
1.348000000000000043e+01 -1.034202829368339183e-01 -3.541931060577399593e-01
1.349000000000000021e+01 -9.627583682957792377e-02 -3.469021853831474322e-01
1.350000000000000000e+01 -8.928481331023024881e-02 -3.391103520652611336e-01
1.350999999999999979e+01 -8.245509866351190265e-02 -3.308178155904136220e-01
1.351999999999999957e+01 -7.579398211551909015e-02 -3.220258581733372316e-01
1.353000000000000114e+01 -6.930811457269449305e-02 -3.127368682968650893e-01
1.354000000000000092e+01 -6.300346270996701192e-02 -3.029543791687210885e-01
1.355000000000000071e+01 -5.688525912686431124e-02 -2.926831114301692849e-01
1.356000000000000050e+01 -5.095794951218992480e-02 -2.819290191754924568e-01
1.357000000000000028e+01 -4.522513795979219570e-02 -2.706993380859646914e-01
1.358000000000000007e+01 -3.968953175315085430e-02 -2.590026342558650607e-01
1.358999999999999986e+01 -3.435288707880482240e-02 -2.468488520991560242e-01
1.359999999999999964e+01 -2.921595723273674033e-02 -2.342493595806096895e-01
1.360999999999999943e+01 -2.427844494549744395e-02 -2.212169889201157091e-01
1.362000000000000099e+01 -1.953896046806025480e-02 -2.077660708778403531e-01
1.363000000000000078e+01 -1.499498702944260589e-02 -1.939124607434749015e-01
1.364000000000000057e+01 -1.064285519869426731e-02 -1.796735542259206009e-01
1.365000000000000036e+01 -6.477727559019387168e-03 -1.650682915696123909e-01
1.366000000000000014e+01 -2.493594933053924073e-03 -1.501171484077170881e-01
1.366999999999999993e+01 1.316714810508084338e-03 -1.348421120964421738e-01
1.367999999999999972e+01 4.961514582605487493e-03 -1.192666425528857849e-01
1.368999999999999950e+01 8.450222018224429199e-03 -1.034156169340453013e-01
1.370000000000000107e+01 1.179330932047900626e-02 -8.731525783844155952e-02
1.371000000000000085e+01 1.500223909384984684e-02 -7.099304507498557792e-02
1.372000000000000064e+01 1.808938657033977437e-02 -5.447761141623362613e-02
1.373000000000000043e+01 2.106794894376360847e-02 -3.779862312469167013e-02
1.374000000000000021e+01 2.395184282748692023e-02 -2.098664640093391223e-02
1.375000000000000000e+01 2.675559113140367137e-02 -4.073001240806152501e-03
1.375999999999999979e+01 2.949420090698126606e-02 1.291039550370694754e-02
1.376999999999999957e+01 3.218303392777352445e-02 2.993119579804962016e-02
1.378000000000000114e+01 3.483767195075852807e-02 4.695679255151312403e-02
1.379000000000000092e+01 3.747377873622038252e-02 6.395449574922539016e-02
1.380000000000000071e+01 4.010696098690420125e-02 8.089171003550141292e-02
1.381000000000000050e+01 4.275263039849142715e-02 9.773611114935158717e-02
1.382000000000000028e+01 4.542586899213209295e-02 1.144558186311974979e-01
1.383000000000000007e+01 4.814129982641692646e-02 1.310195623009746957e-01
1.383999999999999986e+01 5.091296506275568706e-02 1.473968401495133196e-01
1.384999999999999964e+01 5.375421318807239307e-02 1.635580654834889180e-01
1.385999999999999943e+01 5.667759698670973151e-02 1.794747014137264840e-01
1.387000000000000099e+01 5.969478360530206668e-02 1.951193810702920584e-01
1.388000000000000078e+01 6.281647777692961343e-02 2.104660122573546732e-01
1.389000000000000057e+01 6.605235897168439119e-02 2.254898656171278604e-01
1.390000000000000036e+01 6.941103292801049929e-02 2.401676457453835734e-01
1.391000000000000014e+01 7.289999770122612688e-02 2.544775450808208772e-01
1.391999999999999993e+01 7.652562405101738519e-02 2.683992807665706026e-01
1.392999999999999972e+01 8.029314968671068253e-02 2.819141150441643040e-01
1.393999999999999950e+01 8.420668660565601427e-02 2.950048600787285036e-01
1.395000000000000107e+01 8.826924050334399030e-02 3.076558684200902949e-01
1.396000000000000085e+01 9.248274101028933214e-02 3.198530105700903015e-01
1.397000000000000064e+01 9.684808132562254535e-02 3.315836413450781173e-01
1.398000000000000043e+01 1.013651656749060825e-01 3.428365568892325355e-01
1.399000000000000021e+01 1.060329629228453363e-01 3.536019443054059797e-01
1.400000000000000000e+01 1.108495646218655012e-01 3.638713259237872921e-01
1.400999999999999979e+01 1.158122457751671469e-01 3.736375002246070665e-01
1.401999999999999957e+01 1.209175266366889073e-01 3.828944813708776151e-01
1.403000000000000114e+01 1.261612339579596676e-01 3.916374391938852728e-01
1.404000000000000092e+01 1.315385602194320824e-01 3.998626413124437562e-01
1.405000000000000071e+01 1.370441195468412587e-01 4.075673988627283584e-01
1.406000000000000050e+01 1.426719992057693120e-01 4.147500170759492177e-01
1.407000000000000028e+01 1.484158057835345823e-01 4.214097516741733829e-01
1.408000000000000007e+01 1.542687053998735291e-01 4.275467717689371838e-01
1.408999999999999986e+01 1.602234575294032570e-01 4.331621296519458930e-01
1.409999999999999964e+01 1.662724422622623710e-01 4.382577375712549128e-01
1.410999999999999943e+01 1.724076810674280424e-01 4.428363512988444106e-01
1.412000000000000099e+01 1.786208513491849559e-01 4.469015600249350850e-01
1.413000000000000078e+01 1.849032952947720909e-01 4.504577818685474577e-01
1.414000000000000057e+01 1.912460236947975400e-01 4.535102640795865558e-01
1.415000000000000036e+01 1.976397155728852328e-01 4.560650868308619987e-01
1.416000000000000014e+01 2.040747145834884424e-01 4.581291693634433337e-01
1.416999999999999993e+01 2.105410232242703461e-01 4.597102771586803471e-01
1.417999999999999972e+01 2.170282959604041273e-01 4.608170287667198162e-01
1.418999999999999950e+01 2.235258323722694174e-01 4.614589009245714246e-01
1.420000000000000107e+01 2.300225714161162061e-01 4.616462306454284237e-01
1.421000000000000085e+01 2.365070878312250935e-01 4.613902130523190315e-01
1.422000000000000064e+01 2.429675916397842361e-01 4.607028938592884759e-01
1.423000000000000043e+01 2.493919315709129947e-01 4.595971555671342634e-01
1.424000000000000021e+01 2.557676031024720409e-01 4.580866966321428535e-01
1.425000000000000000e+01 2.620817616586036403e-01 4.561860030786106801e-01
1.425999999999999979e+01 2.683212413328331380e-01 4.539103122518781674e-01
1.426999999999999957e+01 2.744725793317236429e-01 4.512755686406283995e-01
1.428000000000000114e+01 2.805220461582714764e-01 4.482983719277979784e-01
1.429000000000000092e+01 2.864556813830294035e-01 4.449959176512787717e-01
1.430000000000000071e+01 2.922593346896216193e-01 4.413859310617742060e-01
1.431000000000000050e+01 2.979187117346563940e-01 4.374865949495672091e-01
1.432000000000000028e+01 3.034194242341855530e-01 4.333164723691499964e-01
1.433000000000000007e+01 3.087470435832495586e-01 4.288944253163533560e-01
1.433999999999999986e+01 3.138871572342298299e-01 4.242395305035565056e-01
1.434999999999999964e+01 3.188254270054498019e-01 4.193709934327320421e-01
1.435999999999999943e+01 3.235476484644292938e-01 4.143080619827226863e-01
1.437000000000000099e+01 3.280398105303261591e-01 4.090699407067125981e-01
1.438000000000000078e+01 3.322881544662846243e-01 4.036757069800237518e-01
1.439000000000000057e+01 3.362792314828250140e-01 3.981442300499278275e-01
1.440000000000000036e+01 3.399999582454168445e-01 3.924940939219149771e-01
1.441000000000000014e+01 3.434376696697094555e-01 3.867435248754858557e-01
1.441999999999999993e+01 3.465801684927952708e-01 3.809103242423659830e-01
1.442999999999999972e+01 3.494157712241880986e-01 3.750118069069733329e-01
1.443999999999999950e+01 3.519333502015602466e-01 3.690647458091459443e-01
1.445000000000000107e+01 3.541223715992362631e-01 3.630853225488064884e-01
1.446000000000000085e+01 3.559729293576536224e-01 3.570890840175620640e-01
1.447000000000000064e+01 3.574757751153243568e-01 3.510909048189871373e-01
1.448000000000000043e+01 3.586223443275053380e-01 3.451049550928568244e-01
1.449000000000000021e+01 3.594047788445230984e-01 3.391446732334915115e-01
1.450000000000000000e+01 3.598159462948045118e-01 3.332227428924604551e-01
1.450999999999999979e+01 3.598494566710790377e-01 3.273510735840637897e-01
1.451999999999999957e+01 3.594996765516461079e-01 3.215407841701276581e-01
1.453000000000000114e+01 3.587617414014345751e-01 3.158021884895141906e-01
1.454000000000000092e+01 3.576315663900070940e-01 3.101447824171438827e-01
1.455000000000000071e+01 3.561058561365816888e-01 3.045772316859112760e-01
1.456000000000000050e+01 3.541821137471096170e-01 2.991073598804211420e-01
1.457000000000000028e+01 3.518586494476769189e-01 2.937421361107638851e-01
1.458000000000000007e+01 3.491345890446836409e-01 2.884876619936977415e-01
1.458999999999999986e+01 3.460098823585205929e-01 2.833491577029993991e-01
1.459999999999999964e+01 3.424853116872562664e-01 2.783309469953750281e-01
1.460999999999999943e+01 3.385625002637582259e-01 2.734364412678740863e-01
1.462000000000000099e+01 3.342439205773458100e-01 2.686681228517385223e-01
1.463000000000000078e+01 3.295329023431128324e-01 2.640275278907469048e-01
1.464000000000000057e+01 3.244336398217845252e-01 2.595152292842034525e-01
1.465000000000000036e+01 3.189511981234713356e-01 2.551308202911247713e-01
1.466000000000000014e+01 3.130915180725682978e-01 2.508728994887327590e-01
1.466999999999999993e+01 3.068614191704410188e-01 2.467390578516629462e-01
1.467999999999999972e+01 3.002686001689967021e-01 2.427258687656939917e-01
1.468999999999999950e+01 2.933216367627033416e-01 2.388288818095724575e-01
1.470000000000000107e+01 2.860299759193722924e-01 2.350426211298085877e-01
1.471000000000000085e+01 2.784039264007351355e-01 2.313605891962980110e-01
1.472000000000000064e+01 2.704546450715251682e-01 2.277752766623046821e-01
1.473000000000000043e+01 2.621941186589121786e-01 2.242781789627093236e-01
1.474000000000000021e+01 2.536351407006173786e-01 2.208598201721650445e-01
1.475000000000000000e+01 2.447912835073938198e-01 2.175097845134292274e-01
1.475999999999999979e+01 2.356768650608931648e-01 2.142167557596512395e-01
1.476999999999999957e+01 2.263069108681795283e-01 2.109685646173189433e-01
1.478000000000000114e+01 2.166971108960244474e-01 2.077522440136737591e-01
1.479000000000000092e+01 2.068637718083641830e-01 2.045540920486366709e-01
1.480000000000000071e+01 1.968237648257370187e-01 2.013597422115535052e-01
1.481000000000000050e+01 1.865944696131429381e-01 1.981542403120962748e-01
1.482000000000000028e+01 1.761937146798966125e-01 1.949221274368388990e-01
1.483000000000000007e+01 1.656397148393448371e-01 1.916475281223027072e-01
1.483999999999999986e+01 1.549510063259524895e-01 1.883142428349657005e-01
1.484999999999999964e+01 1.441463802008537964e-01 1.849058437715169478e-01
1.485999999999999943e+01 1.332448146937504629e-01 1.814057729403882324e-01
1.487000000000000099e+01 1.222654071287779948e-01 1.777974414594119534e-01
1.488000000000000078e+01 1.112273060650155049e-01 1.740643290045561231e-01
1.489000000000000057e+01 1.001496442495899836e-01 1.701900823705103649e-01
1.490000000000000036e+01 8.905147293425431931e-02 1.661586121540586936e-01
1.491000000000000014e+01 7.795169804677253012e-02 1.619541866435538768e-01
1.491999999999999993e+01 6.686901863872260487e-02 1.575615220896333102e-01
1.492999999999999972e+01 5.582186795400335966e-02 1.529658686402583789e-01
1.493999999999999950e+01 4.482835738022184630e-02 1.481530913434529195e-01
1.495000000000000107e+01 3.390622346116804048e-02 1.431097457496712799e-01
1.496000000000000085e+01 2.307277806569600284e-02 1.378231477783103398e-01
1.497000000000000064e+01 1.234486172939705702e-02 1.322814376452075558e-01
1.498000000000000043e+01 1.738800113139824313e-03 1.264736377758680641e-01
1.499000000000000021e+01 -8.729636540703163486e-03 1.203897047487271221e-01
1.500000000000000000e+01 -1.904527112567747094e-02 1.140205754204186850e-01
1.500999999999999979e+01 -2.919355477304985333e-02 1.073582074777242046e-01
1.501999999999999957e+01 -3.916059957419460585e-02 1.003956147361024509e-01
1.503000000000000114e+01 -4.893320917063917475e-02 9.312689756062184077e-02
1.504000000000000092e+01 -5.849890745498140254e-02 8.554726882055030401e-02
1.505000000000000071e+01 -6.784596560768786644e-02 7.765307580338555449e-02
1.506000000000000050e+01 -7.696342766312580519e-02 6.944181850801293965e-02
1.507000000000000028e+01 -8.584113475446966679e-02 6.091216471097807283e-02
1.508000000000000007e+01 -9.446974813316270925e-02 5.206396215618015050e-02
1.508999999999999986e+01 -1.028407709965862837e-01 4.289824815894530130e-02
1.509999999999999964e+01 -1.109465690899760909e-01 3.341725684315224876e-02
1.510999999999999943e+01 -1.187803899781146588e-01 2.362442414808388694e-02
1.512000000000000099e+01 -1.263363808117323184e-01 1.352439065346589843e-02
1.513000000000000078e+01 -1.336096043456969640e-01 3.123002180403873854e-03
1.514000000000000057e+01 -1.405960529037563467e-01 -7.572691963585187654e-03
1.515000000000000036e+01 -1.472926599304065776e-01 -1.855444331184176107e-02
1.516000000000000014e+01 -1.536973087267861082e-01 -2.981281143068101325e-02
1.516999999999999993e+01 -1.598088379363873934e-01 -4.133717433340861058e-02
1.517999999999999972e+01 -1.656270433294830813e-01 -5.311574252329506751e-02
1.518999999999999950e+01 -1.711526754337335254e-01 -6.513557710577699833e-02
1.520000000000000107e+01 -1.763874325731802639e-01 -7.738261242477631474e-02
1.521000000000000085e+01 -1.813339489090018408e-01 -8.984168367289561974e-02
1.522000000000000064e+01 -1.859957771227002676e-01 -1.024965598998828081e-01
1.523000000000000043e+01 -1.903773654450283681e-01 -1.153299827982818271e-01
1.524000000000000021e+01 -1.944840288106549631e-01 -1.283237115804450879e-01
1.525000000000000000e+01 -1.983219140075862807e-01 -1.414585741784972761e-01
1.525999999999999979e+01 -2.018979587895771421e-01 -1.547145249004620582e-01
1.526999999999999957e+01 -2.052198450266956853e-01 -1.680707085641270360e-01
1.528000000000000114e+01 -2.082959460811479313e-01 -1.815055310083371343e-01
1.529000000000000092e+01 -2.111352687094713021e-01 -1.949967357526054546e-01
1.530000000000000071e+01 -2.137473899052746706e-01 -2.085214864438299787e-01
1.531000000000000050e+01 -2.161423892057951768e-01 -2.220564545972234238e-01
1.532000000000000028e+01 -2.183307770876908027e-01 -2.355779120110950420e-01
1.533000000000000007e+01 -2.203234201699014738e-01 -2.490618271155456698e-01
1.533999999999999986e+01 -2.221314640215015790e-01 -2.624839644069885125e-01
1.534999999999999964e+01 -2.237662544379799001e-01 -2.758199860268744086e-01
1.535999999999999943e+01 -2.252392580983948733e-01 -2.890455544669837118e-01
1.537000000000000099e+01 -2.265619835469150634e-01 -3.021364353274953451e-01
1.538000000000000078e+01 -2.277459034542838046e-01 -3.150685990196640529e-01
1.539000000000000057e+01 -2.288023791072356650e-01 -3.278183202936204577e-01
1.540000000000000036e+01 -2.297425880467588166e-01 -3.403622744842577652e-01
1.541000000000000014e+01 -2.305774557297666505e-01 -3.526776294044665638e-01
1.541999999999999993e+01 -2.313175920241293260e-01 -3.647421318745830421e-01
1.542999999999999972e+01 -2.319732332654622919e-01 -3.765341879586884266e-01
1.543999999999999950e+01 -2.325541905073421067e-01 -3.880329360806393235e-01
1.545000000000000107e+01 -2.330698044868211860e-01 -3.992183123131751721e-01
1.546000000000000085e+01 -2.335289077066912133e-01 -4.100711072694853132e-01
1.547000000000000064e+01 -2.339397939075283928e-01 -4.205730141751437556e-01
1.548000000000000043e+01 -2.343101950689978064e-01 -4.307066678559666739e-01
1.549000000000000021e+01 -2.346472659441146413e-01 -4.404556745405514562e-01
1.550000000000000000e+01 -2.349575759951052500e-01 -4.498046325412937696e-01
1.550999999999999979e+01 -2.352471084681183600e-01 -4.587391440408433718e-01
1.551999999999999957e+01 -2.355212662190646067e-01 -4.672458183685652133e-01
1.553000000000000114e+01 -2.357848837869654379e-01 -4.753122673001092813e-01
1.554000000000000092e+01 -2.360422451067394900e-01 -4.829270930493981817e-01
1.555000000000000071e+01 -2.362971061624536129e-01 -4.900798697432278694e-01
1.556000000000000050e+01 -2.365527218064871484e-01 -4.967611192716587243e-01
1.557000000000000028e+01 -2.368118759112284033e-01 -5.029622824903166034e-01
1.558000000000000007e+01 -2.370769139788614921e-01 -5.086756868119133301e-01
1.558999999999999986e+01 -2.373497773121554244e-01 -5.138945112625924461e-01
1.559999999999999964e+01 -2.376320378451569626e-01 -5.186127500934545331e-01
1.561000000000000121e+01 -2.379249327471664732e-01 -5.228251760287087047e-01
1.562000000000000099e+01 -2.382293979457650868e-01 -5.265273041997443615e-01
1.563000000000000078e+01 -2.385460997640823644e-01 -5.297153577599803542e-01
1.564000000000000057e+01 -2.388754639326687301e-01 -5.323862360999886967e-01
1.565000000000000036e+01 -2.392177013157335552e-01 -5.345374864879852694e-01
1.566000000000000014e+01 -2.395728297833181752e-01 -5.361672798495671355e-01
1.566999999999999993e+01 -2.399406917631611014e-01 -5.372743912751158923e-01
1.567999999999999972e+01 -2.403209671163841210e-01 -5.378581857064413940e-01
1.568999999999999950e+01 -2.407131810973653085e-01 -5.379186091090527588e-01
1.570000000000000107e+01 -2.411167072778725162e-01 -5.374561852861213795e-01
1.571000000000000085e+01 -2.415307654362880974e-01 -5.364720183379932950e-01
1.572000000000000064e+01 -2.419544145321594619e-01 -5.349678006202732705e-01
1.573000000000000043e+01 -2.423865410020505096e-01 -5.329458259072459292e-01
1.574000000000000021e+01 -2.428258427224926630e-01 -5.304090073287396345e-01
1.575000000000000000e+01 -2.432708090877038765e-01 -5.273608995203539207e-01
1.575999999999999979e+01 -2.437196977417490917e-01 -5.238057243118405815e-01
1.576999999999999957e+01 -2.441705085852994006e-01 -5.197483991786543411e-01
1.578000000000000114e+01 -2.446209557446696325e-01 -5.151945675991976836e-01
1.579000000000000092e+01 -2.450684382442245290e-01 -5.101506303966525380e-01
1.580000000000000071e+01 -2.455100101616373709e-01 -5.046237771006539807e-01
1.581000000000000050e+01 -2.459423510682963721e-01 -4.986220163411411166e-01
1.582000000000000028e+01 -2.463617375640606011e-01 -4.921542042848018883e-01
1.583000000000000007e+01 -2.467640167065993650e-01 -4.852300701434460461e-01
1.583999999999999986e+01 -2.471445821109989338e-01 -4.778602378227999048e-01
1.584999999999999964e+01 -2.474983534557833320e-01 -4.700562428386276248e-01
1.586000000000000121e+01 -2.478197600778391241e-01 -4.618305437033161098e-01
1.587000000000000099e+01 -2.481027292720935917e-01 -4.531965270783972488e-01
1.588000000000000078e+01 -2.483406798335215937e-01 -4.441685060947974661e-01
1.589000000000000057e+01 -2.485265212907384058e-01 -4.347617113605940498e-01
1.590000000000000036e+01 -2.486526591838201239e-01 -4.249922743031044892e-01
1.591000000000000014e+01 -2.487110066359991545e-01 -4.148772026255257428e-01
1.591999999999999993e+01 -2.486930023615162855e-01 -4.044343477951941601e-01
1.592999999999999972e+01 -2.485896351422799688e-01 -3.936823646179859471e-01
1.593999999999999950e+01 -2.483914746962127273e-01 -3.826406630884947591e-01
1.595000000000000107e+01 -2.480887087523857559e-01 -3.713293528356496065e-01
1.596000000000000085e+01 -2.476711860443271129e-01 -3.597691806056582120e-01
1.597000000000000064e+01 -2.471284648352297386e-01 -3.479814613361431608e-01
1.598000000000000043e+01 -2.464498664990454890e-01 -3.359880034748483624e-01
1.599000000000000021e+01 -2.456245336013149760e-01 -3.238110292814236901e-01
1.600000000000000000e+01 -2.446414918545358197e-01 -3.114730909199734388e-01
1.601000000000000156e+01 -2.434897152661702757e-01 -2.989969832021109331e-01
1.601999999999999957e+01 -2.421581937540090157e-01 -2.864056538744006453e-01
1.603000000000000114e+01 -2.406360024742326409e-01 -2.737221123599709038e-01
1.603999999999999915e+01 -2.389123720925426242e-01 -2.609693378618055393e-01
1.605000000000000071e+01 -2.369767592282159829e-01 -2.481701877153278668e-01
1.605999999999999872e+01 -2.348189163146385816e-01 -2.353473068412898772e-01
1.607000000000000028e+01 -2.324289601472019351e-01 -2.225230390980398876e-01
1.608000000000000185e+01 -2.297974384295335404e-01 -2.097193412666649992e-01
1.608999999999999986e+01 -2.269153936807047356e-01 -1.969577003253004388e-01
1.610000000000000142e+01 -2.237744239278943725e-01 -1.842590545823991621e-01
1.610999999999999943e+01 -2.203667396793198285e-01 -1.716437191454313893e-01
1.612000000000000099e+01 -2.166852167492381298e-01 -1.591313161040018298e-01
1.612999999999999901e+01 -2.127234445884919056e-01 -1.467407097074517608e-01
1.614000000000000057e+01 -2.084757698583258601e-01 -1.344899467193615417e-01
1.614999999999999858e+01 -2.039373350699505150e-01 -1.223962020376322263e-01
1.616000000000000014e+01 -1.991041121954391646e-01 -1.104757295814899759e-01
1.617000000000000171e+01 -1.939729312350291501e-01 -9.874381836809047186e-02
1.617999999999999972e+01 -1.885415037998304510e-01 -8.721475363338056230e-02
1.619000000000000128e+01 -1.828084418356283325e-01 -7.590178279613161993e-02
1.619999999999999929e+01 -1.767732716714033314e-01 -6.481708602184345358e-02
1.621000000000000085e+01 -1.704364436241785075e-01 -5.397175111531419406e-02
1.621999999999999886e+01 -1.637993374289248016e-01 -4.337575245745108748e-02
1.623000000000000043e+01 -1.568642637879328339e-01 -3.303793370320854544e-02
1.624000000000000199e+01 -1.496344623480856395e-01 -2.296599397280032345e-02
1.625000000000000000e+01 -1.421140964169566034e-01 -1.316647729647688926e-02
1.626000000000000156e+01 -1.343082447201170981e-01 -3.644765112707592722e-03
1.626999999999999957e+01 -1.262228904832887189e-01 5.594928331317127260e-03
1.628000000000000114e+01 -1.178649080951671424e-01 1.454955777153942899e-02
1.628999999999999915e+01 -1.092420475713050537e-01 2.321724594464190036e-02
1.630000000000000071e+01 -1.003629169980340963e-01 3.159727980132086972e-02
1.630999999999999872e+01 -9.123696308988279990e-02 3.969010382218824545e-02
1.632000000000000028e+01 -8.187444994627846029e-02 4.749731028362988439e-02
1.633000000000000185e+01 -7.228643604555802515e-02 5.502162626732994000e-02
1.633999999999999986e+01 -6.248474946847514672e-02 6.226689716209171666e-02
1.635000000000000142e+01 -5.248196130145374450e-02 6.923806637235066508e-02
1.635999999999999943e+01 -4.229135713362853349e-02 7.594115092630653041e-02
1.637000000000000099e+01 -3.192690653285946978e-02 8.238321266948127330e-02
1.637999999999999901e+01 -2.140323036577515894e-02 8.857232473780002335e-02
1.639000000000000057e+01 -1.073556581657256551e-02 9.451753302859550177e-02
1.639999999999999858e+01 6.027104051473967456e-05 1.002288124282695453e-01
1.641000000000000014e+01 1.096792524911063826e-02 1.057170176112181281e-01
1.642000000000000171e+01 2.197054567110607107e-02 1.109938282949552435e-01
1.642999999999999972e+01 3.305083045946796694e-02 1.160716889195842344e-01
1.644000000000000128e+01 4.419107534150305827e-02 1.209637428137629589e-01
1.644999999999999929e+01 5.537322470042611161e-02 1.256837610115939252e-01
1.646000000000000085e+01 6.657892538601999088e-02 1.302460659925612774e-01
1.646999999999999886e+01 7.778958312305872536e-02 1.346654507265824530e-01
1.648000000000000043e+01 8.898642132100675894e-02 1.389570935151097641e-01
1.649000000000000199e+01 1.001505420225208554e-01 1.431364692236189728e-01
1.650000000000000000e+01 1.112629886636950088e-01 1.472192575973417794e-01
1.651000000000000156e+01 1.223048102581340557e-01 1.512212494375678173e-01
1.651999999999999957e+01 1.332571265619872936e-01 1.551582514872291152e-01
1.653000000000000114e+01 1.441011937301210633e-01 1.590459909291853380e-01
1.653999999999999915e+01 1.548184699364817674e-01 1.629000204364946802e-01
1.655000000000000071e+01 1.653906804059769586e-01 1.667356247292995086e-01
1.655999999999999872e+01 1.757998812920681941e-01 1.705677295867765730e-01
1.657000000000000028e+01 1.860285218345753555e-01 1.744108142344469314e-01
1.658000000000000185e+01 1.960595042462769388e-01 1.782788279773175610e-01
1.658999999999999986e+01 2.058762408047251080e-01 1.821851118787388701e-01
1.660000000000000142e+01 2.154627076667113839e-01 1.861423261951409558e-01
1.660999999999999943e+01 2.248034949760617240e-01 1.901623841701655659e-01
1.662000000000000099e+01 2.338838528994838517e-01 1.942563926709315603e-01
1.662999999999999901e+01 2.426897332982402289e-01 1.984346000175446489e-01
1.664000000000000057e+01 2.512078268233675082e-01 2.027063512181384308e-01
1.664999999999999858e+01 2.594255953065970344e-01 2.070800506796745544e-01
1.666000000000000014e+01 2.673312994054820591e-01 2.115631323235204475e-01
1.667000000000000171e+01 2.749140215468392490e-01 2.161620368986046647e-01
1.667999999999999972e+01 2.821636842947530255e-01 2.208821961577496218e-01
1.669000000000000128e+01 2.890710643454859619e-01 2.257280234483643455e-01
1.669999999999999929e+01 2.956278024192365295e-01 2.307029101704920759e-01
1.671000000000000085e+01 3.018264093756335420e-01 2.358092274761809659e-01
1.671999999999999886e+01 3.076602689243005395e-01 2.410483325266123966e-01
1.673000000000000043e+01 3.131236373323698086e-01 2.464205785891026845e-01
1.674000000000000199e+01 3.182116405464937570e-01 2.519253282459014698e-01
1.675000000000000000e+01 3.229202691472855546e-01 2.575609690008176522e-01
1.676000000000000156e+01 3.272463715392665007e-01 2.633249306074911811e-01
1.676999999999999957e+01 3.311876457499830506e-01 2.692137035031643699e-01
1.678000000000000114e+01 3.347426301691059924e-01 2.752228578119205182e-01
1.678999999999999915e+01 3.379106935037137216e-01 2.813470624786880148e-01
1.680000000000000071e+01 3.406920241616827050e-01 2.875801042063959034e-01
1.680999999999999872e+01 3.430876192036599881e-01 2.939149059895159732e-01
1.682000000000000028e+01 3.450992729282283400e-01 3.003435451635236841e-01
1.683000000000000185e+01 3.467295650776333060e-01 3.068572710169638618e-01
1.683999999999999986e+01 3.479818485758632285e-01 3.134465221361477094e-01
1.685000000000000142e+01 3.488602366400889165e-01 3.201009437674739999e-01
1.685999999999999943e+01 3.493695890434335705e-01 3.268094055845699453e-01
1.687000000000000099e+01 3.495154972545120864e-01 3.335600203329369129e-01
1.687999999999999901e+01 3.493042681395673865e-01 3.403401638900863113e-01
1.689000000000000057e+01 3.487429058883415589e-01 3.471364973214765004e-01
1.689999999999999858e+01 3.478390918165422119e-01 3.539349915298411475e-01
1.691000000000000014e+01 3.466011617068098238e-01 3.607209550865532188e-01
1.692000000000000171e+01 3.450380803767734705e-01 3.674790657981548136e-01
1.692999999999999972e+01 3.431594132067351532e-01 3.741934064997570197e-01
1.694000000000000128e+01 3.409752944197533830e-01 3.808475054811540916e-01
1.694999999999999929e+01 3.384963919817713385e-01 3.874243818437088094e-01
1.696000000000000085e+01 3.357338690767099898e-01 3.939065959595236532e-01
1.696999999999999886e+01 3.326993422083721064e-01 4.002763050631524266e-01
1.698000000000000043e+01 3.294048360843444545e-01 4.065153238547010717e-01
1.699000000000000199e+01 3.258627355433081352e-01 4.126051898366726589e-01
1.700000000000000000e+01 3.220857348924293651e-01 4.185272329507211397e-01
1.701000000000000156e+01 3.180867851219342235e-01 4.242626489300469483e-01
1.701999999999999957e+01 3.138790395556650958e-01 4.297925756440044154e-01
1.703000000000000114e+01 3.094757985756594332e-01 4.350981715887313195e-01
1.703999999999999915e+01 3.048904541221539310e-01 4.401606955761159790e-01
1.705000000000000071e+01 3.001364347149038658e-01 4.449615865973229334e-01
1.705999999999999872e+01 2.952271517648623056e-01 4.494825427899057924e-01
1.707000000000000028e+01 2.901759479452534762e-01 4.537055984217799876e-01
1.708000000000000185e+01 2.849960483668583233e-01 4.576131978226226638e-01
1.708999999999999986e+01 2.797005152535536610e-01 4.611882652441046115e-01
1.710000000000000142e+01 2.743022067413908860e-01 4.644142697141805387e-01
1.710999999999999943e+01 2.688137403290986605e-01 4.672752840657364293e-01
1.712000000000000099e+01 2.632474613920261497e-01 4.697560374634504599e-01
1.712999999999999901e+01 2.576154170381781405e-01 4.718419609209426602e-01
1.714000000000000057e+01 2.519293354377289962e-01 4.735192254884343921e-01
1.715000000000000213e+01 2.462006106005354689e-01 4.747747729937056849e-01
1.716000000000000014e+01 2.404402924143471953e-01 4.755963394299643210e-01
1.717000000000000171e+01 2.346590815947414421e-01 4.759724712967471350e-01
1.717999999999999972e+01 2.288673290414814376e-01 4.758925354073380021e-01
1.719000000000000128e+01 2.230750389502567099e-01 4.753467228715570481e-01
1.719999999999999929e+01 2.172918748987172632e-01 4.743260481395106254e-01
1.721000000000000085e+01 2.115271680160960843e-01 4.728223441437655605e-01
1.721999999999999886e+01 2.057899262608102187e-01 4.708282546988281081e-01
1.723000000000000043e+01 2.000888437738705117e-01 4.683372254029863901e-01
1.724000000000000199e+01 1.944323092505579886e-01 4.653434943347529162e-01
1.725000000000000000e+01 1.888284122806156151e-01 4.618420838416769647e-01
1.726000000000000156e+01 1.832849466491338619e-01 4.578287946817894416e-01
1.726999999999999957e+01 1.778094096663375145e-01 4.533002036973433624e-01
1.728000000000000114e+01 1.724089967034835025e-01 4.482536660781027971e-01
1.728999999999999915e+01 1.670905902518915465e-01 4.426873231098337191e-01
1.730000000000000071e+01 1.618607429895673189e-01 4.366001161067949443e-01
1.730999999999999872e+01 1.567256545307864901e-01 4.299918070000168790e-01
1.732000000000000028e+01 1.516911417434426701e-01 4.228630058021601301e-01
1.733000000000000185e+01 1.467626027412117784e-01 4.152152049018429936e-01
1.733999999999999986e+01 1.419449748864348715e-01 4.070508198632363794e-01
1.735000000000000142e+01 1.372426873684545190e-01 3.983732361286789203e-01
1.735999999999999943e+01 1.326596091441849257e-01 3.891868607514832878e-01
1.737000000000000099e+01 1.281989932361763396e-01 3.794971780313643461e-01
1.737999999999999901e+01 1.238634185718393704e-01 3.693108076941367668e-01
1.739000000000000057e+01 1.196547307097157037e-01 3.586355640580178861e-01
1.740000000000000213e+01 1.155739829292500159e-01 3.474805144678222990e-01
1.741000000000000014e+01 1.116213792547772199e-01 3.358560351612575601e-01
1.742000000000000171e+01 1.077962210386587683e-01 3.237738626630152217e-01
1.742999999999999972e+01 1.040968587400858542e-01 3.112471387855725857e-01
1.744000000000000128e+01 1.005206505035554782e-01 2.982904473523127487e-01
1.744999999999999929e+01 9.706392906424182732e-02 2.849198408489309053e-01
1.746000000000000085e+01 9.372197838749950216e-02 2.711528553517174589e-01
1.746999999999999886e+01 9.048902128890515262e-02 2.570085122732890248e-01
1.748000000000000043e+01 8.735821908309879258e-02 2.425073057032433310e-01
1.749000000000000199e+01 8.432168407891224571e-02 2.276711743972720803e-01
1.750000000000000000e+01 8.137050548053473276e-02 2.125234577765121313e-01
1.751000000000000156e+01 7.849478897626895046e-02 1.970888356313216794e-01
1.751999999999999957e+01 7.568371000495129064e-02 1.813932515714891114e-01
1.753000000000000114e+01 7.292558039297807049e-02 1.654638206187843130e-01
1.753999999999999915e+01 7.020792775995812751e-02 1.493287216881879764e-01
1.755000000000000071e+01 6.751758680618352715e-02 1.330170760415477771e-01
1.755999999999999872e+01 6.484080132803728136e-02 1.165588131125512433e-01
1.757000000000000028e+01 6.216333556534757443e-02 9.998452538614116536e-02
1.758000000000000185e+01 5.947059327412151236e-02 8.332531426098642446e-02
1.758999999999999986e+01 5.674774274475138935e-02 6.661262902363447591e-02
1.760000000000000142e+01 5.397984585437553412e-02 4.987810121203258701e-02
1.760999999999999943e+01 5.115198915611443575e-02 3.315337674017251879e-02
1.762000000000000099e+01 4.824941496966621279e-02 1.646994819225141085e-02
1.762999999999999901e+01 4.525765044814998583e-02 -1.410103269136530019e-04
1.764000000000000057e+01 4.216263265470717586e-02 -1.664880347757378629e-02
1.765000000000000213e+01 3.895082778742516016e-02 -3.302336793326429015e-02
1.766000000000000014e+01 3.560934283956004864e-02 -4.923541660299728812e-02
1.767000000000000171e+01 3.212602816952596363e-02 -6.525657206937501842e-02
1.767999999999999972e+01 2.848956967633534815e-02 -8.105948775381079108e-02
1.769000000000000128e+01 2.468956952484905806e-02 -9.661795562020993045e-02
1.769999999999999929e+01 2.071661463433696268e-02 -1.119069995509264503e-01
1.771000000000000085e+01 1.656233242594220070e-02 -1.269029538643583754e-01
1.771999999999999886e+01 1.221943361189082623e-02 -1.415835267826746902e-01
1.773000000000000043e+01 7.681742093813226369e-03 -1.559278489913867860e-01
1.774000000000000199e+01 2.944212311669418877e-03 -1.699165077505451760e-01
1.775000000000000000e+01 -1.997065358816683088e-03 -1.835315673116246771e-01
1.776000000000000156e+01 -7.144870330286834555e-03 -1.967565766567675456e-01
1.776999999999999957e+01 -1.250086761776442353e-02 -2.095765658012150867e-01
1.778000000000000114e+01 -1.806563254431876528e-02 -2.219780320798802886e-01
1.778999999999999915e+01 -2.383868301256807792e-02 -2.339489179709433042e-01
1.780000000000000071e+01 -2.981851793023139463e-02 -2.454785820904415716e-01
1.780999999999999872e+01 -3.600266033487256601e-02 -2.565577650209917016e-01
1.782000000000000028e+01 -4.238770376285578428e-02 -2.671785516155450457e-01
1.783000000000000185e+01 -4.896936044910827485e-02 -2.773343313455313153e-01
1.783999999999999986e+01 -5.574251002508223002e-02 -2.870197581454503877e-01
1.785000000000000142e+01 -6.270124749873237646e-02 -2.962307110478232808e-01
1.785999999999999943e+01 -6.983892944776258493e-02 -3.049642567095336987e-01
1.787000000000000099e+01 -7.714821753040732033e-02 -3.132186147100374241e-01
1.787999999999999901e+01 -8.462111861047422190e-02 -3.209931262615118297e-01
1.789000000000000057e+01 -9.224902099871261363e-02 -3.282882267190608272e-01
1.790000000000000213e+01 -1.000227265239533175e-01 -3.351054220241221349e-01
1.791000000000000014e+01 -1.079324783580286329e-01 -3.414472689646961823e-01
1.792000000000000171e+01 -1.159679847215352166e-01 -3.473173589000995154e-01
1.792999999999999972e+01 -1.241184387867627359e-01 -3.527203043832033980e-01
1.794000000000000128e+01 -1.323725352638603636e-01 -3.576617279263089588e-01
1.794999999999999929e+01 -1.407184843015797937e-01 -3.621482520036891639e-01
1.796000000000000085e+01 -1.491440234506788420e-01 -3.661874892689241379e-01
1.796999999999999886e+01 -1.576364285232083051e-01 -3.697880318917309839e-01
1.798000000000000043e+01 -1.661825242325036811e-01 -3.729594388888182177e-01
1.799000000000000199e+01 -1.747686955159108158e-01 -3.757122203367845859e-01
1.800000000000000000e+01 -1.833809004254197683e-01 -3.780578174111212109e-01
1.801000000000000156e+01 -1.920046854218758758e-01 -3.800085772915136051e-01
1.801999999999999957e+01 -2.006252038287537065e-01 -3.815777221060917546e-01
1.803000000000000114e+01 -2.092272380950154498e-01 -3.827793112511199691e-01
1.803999999999999915e+01 -2.177952263875801986e-01 -3.836281966119671205e-01
1.805000000000000071e+01 -2.263132938872518818e-01 -3.841399704193301790e-01
1.805999999999999872e+01 -2.347652890030054451e-01 -3.843309056944215207e-01
1.807000000000000028e+01 -2.431348245539606823e-01 -3.842178894606030348e-01
1.808000000000000185e+01 -2.514053238019676728e-01 -3.838183491192049268e-01
1.808999999999999986e+01 -2.595600710562007141e-01 -3.831501725966188765e-01
1.810000000000000142e+01 -2.675822664198957423e-01 -3.822316230612801125e-01
1.810999999999999943e+01 -2.754550841133657779e-01 -3.810812491765844801e-01
1.812000000000000099e+01 -2.831617336910204896e-01 -3.797177919937467228e-01
1.812999999999999901e+01 -2.906855233769130020e-01 -3.781600896927394539e-01
1.814000000000000057e+01 -2.980099246760817278e-01 -3.764269814466150721e-01
1.815000000000000213e+01 -3.051186373794532170e-01 -3.745372117127630518e-01
1.816000000000000014e+01 -3.119956540691427582e-01 -3.725093362434857003e-01
1.817000000000000171e+01 -3.186253232484714815e-01 -3.703616310583663918e-01
1.817999999999999972e+01 -3.249924102657459901e-01 -3.681120055343673481e-01
1.819000000000000128e+01 -3.310821552707661208e-01 -3.657779206496387103e-01
1.819999999999999929e+01 -3.368803275352269533e-01 -3.633763132680141172e-01
1.821000000000000085e+01 -3.423732755790381277e-01 -3.609235271783891030e-01
1.821999999999999886e+01 -3.475479726698857408e-01 -3.584352514126418199e-01
1.823000000000000043e+01 -3.523920573984644644e-01 -3.559264661640465510e-01
1.824000000000000199e+01 -3.568938691717925549e-01 -3.534113964221008430e-01
1.825000000000000000e+01 -3.610424786069016401e-01 -3.509034732363310871e-01
1.826000000000000156e+01 -3.648277129420331444e-01 -3.484153023277128391e-01
1.826999999999999957e+01 -3.682401767076247667e-01 -3.459586395882874865e-01
1.828000000000000114e+01 -3.712712680105717533e-01 -3.435443728531811236e-01
1.828999999999999915e+01 -3.739131908788241310e-01 -3.411825091995304149e-01
1.830000000000000071e+01 -3.761589641863015698e-01 -3.388821669278964666e-01
1.830999999999999872e+01 -3.780024277281731626e-01 -3.366515713165296741e-01
1.832000000000000028e+01 -3.794382460423383341e-01 -3.344980532091773040e-01
1.833000000000000185e+01 -3.804619105740057461e-01 -3.324280495035058514e-01
1.833999999999999986e+01 -3.810697407569703654e-01 -3.304471046490112807e-01
1.835000000000000142e+01 -3.812588845388407144e-01 -3.285598723385617093e-01
1.835999999999999943e+01 -3.810273188101411801e-01 -3.267701166834569015e-01
1.837000000000000099e+01 -3.803738501117726045e-01 -3.250807122939851634e-01
1.837999999999999901e+01 -3.792981158952079546e-01 -3.234936428409815878e-01
1.839000000000000057e+01 -3.778005864990212626e-01 -3.220099978431484322e-01
1.840000000000000213e+01 -3.758825678882186105e-01 -3.206299676036942214e-01
1.841000000000000014e+01 -3.735462050839055137e-01 -3.193528364016955945e-01
1.842000000000000171e+01 -3.707944860946688070e-01 -3.181769742219109354e-01
1.842999999999999972e+01 -3.676312460521099501e-01 -3.170998274751234969e-01
1.844000000000000128e+01 -3.640611711554485042e-01 -3.161179093134231510e-01
1.844999999999999929e+01 -3.600898019477329348e-01 -3.152267902756178963e-01
1.846000000000000085e+01 -3.557235353821666668e-01 -3.144210901024675486e-01
1.846999999999999886e+01 -3.509696250938874051e-01 -3.136944716357962792e-01
1.848000000000000043e+01 -3.458361792719927275e-01 -3.130396377569845123e-01
1.849000000000000199e+01 -3.403321555296271450e-01 -3.124483323271697865e-01
1.850000000000000000e+01 -3.344673521966329277e-01 -3.119113460632403911e-01
1.851000000000000156e+01 -3.282523955088589851e-01 -3.114185282210704675e-01
1.851999999999999957e+01 -3.216987222391493040e-01 -3.109588048623189716e-01
1.853000000000000114e+01 -3.148185574049343627e-01 -3.105202043564799785e-01
1.853999999999999915e+01 -3.076248867932217523e-01 -3.100898906196879468e-01
1.855000000000000071e+01 -3.001314241620008927e-01 -3.096542044209359412e-01
1.855999999999999872e+01 -2.923525731036146214e-01 -3.091987129003562762e-01
1.857000000000000028e+01 -2.843033836861439401e-01 -3.087082672491244240e-01
1.858000000000000185e+01 -2.759995041187878750e-01 -3.081670683027010194e-01
1.858999999999999986e+01 -2.674571278121328222e-01 -3.075587396049996314e-01
1.860000000000000142e+01 -2.586929363197189025e-01 -3.068664073169216078e-01
1.860999999999999943e+01 -2.497240387494525649e-01 -3.060727861745545231e-01
1.862000000000000099e+01 -2.405679083186003653e-01 -3.051602705555597761e-01
1.862999999999999901e+01 -2.312423167913696953e-01 -3.041110295916304440e-01
1.864000000000000057e+01 -2.217652675811575824e-01 -3.029071051741600851e-01
1.865000000000000213e+01 -2.121549283189139434e-01 -3.015305116422675735e-01
1.866000000000000014e+01 -2.024295636840308943e-01 -2.999633359187844905e-01
1.867000000000000171e+01 -1.926074692649190623e-01 -2.981878368712757021e-01
1.867999999999999972e+01 -1.827069071639554343e-01 -2.961865427210360058e-01
1.869000000000000128e+01 -1.727460439876429832e-01 -2.939423454015189785e-01
1.869999999999999929e+01 -1.627428917701776445e-01 -2.914385908759666854e-01
1.871000000000000085e+01 -1.527152522704333659e-01 -2.886591645582753940e-01
1.871999999999999886e+01 -1.426806649624748069e-01 -2.855885711366804025e-01
1.873000000000000043e+01 -1.326563589123198605e-01 -2.822120082712675782e-01
1.874000000000000199e+01 -1.226592086033273382e-01 -2.785154338177128208e-01
1.875000000000000000e+01 -1.127056936439432833e-01 -2.744856264148112790e-01
1.876000000000000156e+01 -1.028118621692121898e-01 -2.701102394559350972e-01
1.876999999999999957e+01 -9.299329763588908004e-02 -2.653778486383560065e-01
1.878000000000000114e+01 -8.326508861424855579e-02 -2.602779934434651943e-01
1.878999999999999915e+01 -7.364180110139213753e-02 -2.548012130399696096e-01
1.880000000000000071e+01 -6.413745282396283998e-02 -2.489390772164025989e-01
1.880999999999999872e+01 -5.476548896497418495e-02 -2.426842130349992355e-01
1.882000000000000028e+01 -4.553875874137951196e-02 -2.360303279532508236e-01
1.883000000000000185e+01 -3.646949227664655208e-02 -2.289722301805546811e-01
1.883999999999999986e+01 -2.756927725567773907e-02 -2.215058470246838995e-01
1.885000000000000142e+01 -1.884903491671342454e-02 -2.136282419368830121e-01
1.885999999999999943e+01 -1.031899502436049720e-02 -2.053376308869497291e-01
1.887000000000000099e+01 -1.988669576743015959e-03 -1.966333985935042050e-01
1.887999999999999901e+01 6.133174875565480279e-03 -1.875161150035909718e-01
1.889000000000000057e+01 1.403854628484434153e-02 -1.779875522644858155e-01
1.890000000000000213e+01 2.172025737841692256e-02 -1.680507022645389148e-01
1.891000000000000014e+01 2.917195684490831928e-02 -1.577097946450470578e-01
1.892000000000000171e+01 3.638816098926205694e-02 -1.469703150078375542e-01
1.892999999999999972e+01 4.336428527680522005e-02 -1.358390228699822011e-01
1.894000000000000128e+01 5.009667506524484448e-02 -1.243239687542147670e-01
1.894999999999999929e+01 5.658263471967066999e-02 -1.124345096573982627e-01
1.896000000000000085e+01 6.282045422352389163e-02 -1.001813220154075257e-01
1.896999999999999886e+01 6.880943234155936783e-02 -8.757641118606045161e-02
1.898000000000000043e+01 7.454989536182610177e-02 -7.463311640643825740e-02
1.899000000000000199e+01 8.004321044452317180e-02 -6.136611015023402810e-02
1.900000000000000000e+01 8.529179263726148486e-02 -4.779139081678614870e-02
1.901000000000000156e+01 9.029910467884133540e-02 -3.392626772713765865e-02
1.901999999999999957e+01 9.506964880623521019e-02 -1.978933748353623595e-02
1.903000000000000114e+01 9.960894990022417517e-02 -5.400450865828169793e-03
1.903999999999999915e+01 1.039235294513235625e-01 9.219330411418953999e-03
1.905000000000000071e+01 1.080208699957354024e-01 2.404778757721091204e-02
1.905999999999999872e+01 1.119093698568036505e-01 3.906160960898177881e-02
1.907000000000000028e+01 1.155982882259836975e-01 5.423646903069615638e-02
1.908000000000000185e+01 1.190976808233826234e-01 6.954710853314505226e-02
1.908999999999999986e+01 1.224183265858767855e-01 8.496743800102656008e-02
1.910000000000000142e+01 1.255716460349702857e-01 1.004706412873869331e-01
1.910999999999999943e+01 1.285696121712381901e-01 1.160292918393261985e-01
1.912000000000000099e+01 1.314246549219484084e-01 1.316154760564454962e-01
1.912999999999999901e+01 1.341495603281727955e-01 1.472009230618336884e-01
1.914000000000000057e+01 1.367573657928311259e-01 1.627571393904575225e-01
1.915000000000000213e+01 1.392612528177392950e-01 1.782555469568793682e-01
1.916000000000000014e+01 1.416744387327167343e-01 1.936676225576384469e-01
1.917000000000000171e+01 1.440100689608843909e-01 2.089650370967539306e-01
1.917999999999999972e+01 1.462811113700939469e-01 2.241197926978719945e-01
1.919000000000000128e+01 1.485002542306078643e-01 2.391043558846323580e-01
1.919999999999999929e+01 1.506798092342831741e-01 2.538917850717253288e-01
1.921000000000000085e+01 1.528316209321584906e-01 2.684558507114588322e-01
1.921999999999999886e+01 1.549669838179728310e-01 2.827711465819713887e-01
1.923000000000000043e+01 1.570965681280376558e-01 2.968131908798722352e-01
1.924000000000000199e+01 1.592303552470890893e-01 3.105585159874829082e-01
1.925000000000000000e+01 1.613775834099076545e-01 3.239847460176069616e-01
1.926000000000000156e+01 1.635467041747405703e-01 3.370706614907216792e-01
1.926999999999999957e+01 1.657453499223763838e-01 3.497962507641247942e-01
1.928000000000000114e+01 1.679803124097308809e-01 3.621427481029373951e-01
1.928999999999999915e+01 1.702575321846962197e-01 3.740926585520064629e-01
1.930000000000000071e+01 1.725820984552777493e-01 3.856297700287164565e-01
1.930999999999999872e+01 1.749582588059582777e-01 3.967391533029365203e-01
1.932000000000000028e+01 1.773894379725625414e-01 4.074071507556426552e-01
1.933000000000000185e+01 1.798782647279025815e-01 4.176213550066619762e-01
1.933999999999999986e+01 1.824266057977232958e-01 4.273705786698292486e-01
1.935000000000000142e+01 1.850356056227646651e-01 4.366448166267919428e-01
1.935999999999999943e+01 1.877057307100859773e-01 4.454352023060151877e-01
1.937000000000000099e+01 1.904368172763022393e-01 4.537339595094840305e-01
1.937999999999999901e+01 1.932281208773094228e-01 4.615343513455986701e-01
1.939000000000000057e+01 1.960783667428085686e-01 4.688306278032883245e-01
1.940000000000000213e+01 1.989857995880413288e-01 4.756179734409781701e-01
1.941000000000000014e+01 2.019482317574083918e-01 4.818924565673253779e-01
1.942000000000000171e+01 2.049630886621409132e-01 4.876509811620133306e-01
1.942999999999999972e+01 2.080274506034546222e-01 4.928912426286485848e-01
1.944000000000000128e+01 2.111380902196280385e-01 4.976116882928287022e-01
1.944999999999999929e+01 2.142915049558954399e-01 5.018114833621681870e-01
1.946000000000000085e+01 2.174839441253331174e-01 5.054904828571978870e-01
1.946999999999999886e+01 2.207114303024069468e-01 5.086492098085259039e-01
1.948000000000000043e+01 2.239697749638749624e-01 5.112888398023417436e-01
1.949000000000000199e+01 2.272545884598745347e-01 5.134111917489926347e-01
1.950000000000000000e+01 2.305612845570406133e-01 5.150187245533468516e-01
1.951000000000000156e+01 2.338850799416508364e-01 5.161145391859066622e-01
1.951999999999999957e+01 2.372209892007278442e-01 5.167023854944433614e-01
1.953000000000000114e+01 2.405638159100244589e-01 5.167866729609046361e-01
1.953999999999999915e+01 2.439081405477225017e-01 5.163724845003214714e-01
1.955000000000000071e+01 2.472483060200212635e-01 5.154655923193510736e-01
1.955999999999999872e+01 2.505784016287549987e-01 5.140724748030667257e-01
1.957000000000000028e+01 2.538922463316371503e-01 5.122003333798281766e-01
1.958000000000000185e+01 2.571833721431655007e-01 5.098571083249151537e-01
1.958999999999999986e+01 2.604450084997625425e-01 5.070514925026260444e-01
1.960000000000000142e+01 2.636700683680246460e-01 5.037929421115385775e-01
1.960999999999999943e+01 2.668511368121457283e-01 5.000916835857861509e-01
1.962000000000000099e+01 2.699804626582088529e-01 4.959587159131036982e-01
1.962999999999999901e+01 2.730499538019388606e-01 4.914058077542789449e-01
1.964000000000000057e+01 2.760511766057411331e-01 4.864454888843600111e-01
1.965000000000000213e+01 2.789753597235849480e-01 4.810910356192810711e-01
1.966000000000000014e+01 2.818134025817002342e-01 4.753564500381417535e-01
1.967000000000000171e+01 2.845558886322783199e-01 4.692564329570090287e-01
1.967999999999999972e+01 2.871931033893202478e-01 4.628063507507902408e-01
1.969000000000000128e+01 2.897150571531947882e-01 4.560221962517828076e-01
1.969999999999999929e+01 2.921115122357355043e-01 4.489205440736645514e-01
1.971000000000000085e+01 2.943720144128634253e-01 4.415185008151861212e-01
1.971999999999999886e+01 2.964859282584222377e-01 4.338336506864756692e-01
1.973000000000000043e+01 2.984424759523240378e-01 4.258839971710452477e-01
1.974000000000000199e+01 3.002307791090301214e-01 4.176879013873230351e-01
1.975000000000000000e+01 3.018399031391205134e-01 4.092640178445049459e-01
1.976000000000000156e+01 3.032589036371493019e-01 4.006312282989477613e-01
1.976999999999999957e+01 3.044768742826358676e-01 3.918085744100882617e-01
1.978000000000000114e+01 3.054829957470260871e-01 3.828151898703149869e-01
1.978999999999999915e+01 3.062665851166278541e-01 3.736702326431826093e-01
1.980000000000000071e+01 3.068171453684014893e-01 3.643928178910492144e-01
1.980999999999999872e+01 3.071244144704928236e-01 3.550019521091487551e-01
1.982000000000000028e+01 3.071784137207098087e-01 3.455164689110074017e-01
1.983000000000000185e+01 3.069694949819876117e-01 3.359549668328139505e-01
1.983999999999999986e+01 3.064883865223574366e-01 3.263357494447104434e-01
1.985000000000000142e+01 3.057262372163004338e-01 3.166767679777739430e-01
1.985999999999999943e+01 3.046746589128803695e-01 3.069955665993580607e-01
1.987000000000000099e+01 3.033257668222449355e-01 2.973092303988424390e-01
1.987999999999999901e+01 3.016722178145559985e-01 2.876343360828300111e-01
1.989000000000000057e+01 2.997072465631123728e-01 2.779869053251801669e-01
1.990000000000000213e+01 2.974246994954517498e-01 2.683823606743516166e-01
1.991000000000000014e+01 2.948190665419923029e-01 2.588354838892916177e-01
1.992000000000000171e+01 2.918855106909560293e-01 2.493603765560735985e-01
1.992999999999999972e+01 2.886198953708413173e-01 2.399704228307244502e-01
1.994000000000000128e+01 2.850188096877537269e-01 2.306782541588799640e-01
1.994999999999999929e+01 2.810795915448708882e-01 2.214957158393043024e-01
1.996000000000000085e+01 2.768003486658237589e-01 2.124338353248585443e-01
1.996999999999999886e+01 2.721799775335804195e-01 2.035027921897666070e-01
1.998000000000000043e+01 2.672181802424537511e-01 1.947118897343965704e-01
1.999000000000000199e+01 2.619154792440979151e-01 1.860695282463630529e-01
2.000000000000000000e+01 2.562732299498921562e-01 1.775831799876127770e-01
2.001000000000000156e+01 2.502936311329957420e-01 1.692593660292164848e-01
2.001999999999999957e+01 2.439797330546575604e-01 1.611036351068042272e-01
2.003000000000000114e+01 2.373354432220734778e-01 1.531205447179600221e-01
2.003999999999999915e+01 2.303655296701289656e-01 1.453136447265646336e-01
2.005000000000000071e+01 2.230756216475324738e-01 1.376854637763228473e-01
2.005999999999999872e+01 2.154722075798242431e-01 1.302374988450622217e-01
2.007000000000000028e+01 2.075626301780436056e-01 1.229702082915999500e-01
2.008000000000000185e+01 1.993550785628285527e-01 1.158830087571039724e-01
2.008999999999999986e+01 1.908585772795973190e-01 1.089742762822589611e-01
2.010000000000000142e+01 1.820829720912634786e-01 1.022413519898978523e-01
2.010999999999999943e+01 1.730389124505478382e-01 9.568055266001145032e-02
2.012000000000000099e+01 1.637378305740951889e-01 8.928718649056358037e-02
2.012999999999999901e+01 1.541919170648969883e-01 8.305557429385974910e-02
2.014000000000000057e+01 1.444140930574354387e-01 7.697907632526665433e-02
2.015000000000000213e+01 1.344179788909030115e-01 7.105012487993268844e-02
2.016000000000000014e+01 1.242178593491201216e-01 6.526026272518244131e-02
2.017000000000000171e+01 1.138286455406410658e-01 5.960018736292770763e-02
2.017999999999999972e+01 1.032658335282418544e-01 5.405980103940571241e-02
2.019000000000000128e+01 9.254545985273837649e-02 4.862826634053000335e-02
2.019999999999999929e+01 8.168405413114046554e-02 4.329406713189908745e-02
2.021000000000000085e+01 7.069858894276001560e-02 3.804507452479675284e-02
2.021999999999999886e+01 5.960642724838966650e-02 3.286861747507272002e-02
2.023000000000000043e+01 4.842526761641788996e-02 2.775155755223965987e-02
2.024000000000000199e+01 3.717308755520976060e-02 2.268036735296267981e-02
2.025000000000000000e+01 2.586808527278875933e-02 1.764121197773277708e-02
2.026000000000000156e+01 1.452862020242974908e-02 1.262003294304709679e-02
2.026999999999999957e+01 3.173152645944361631e-03 7.602633864853231699e-03
2.028000000000000114e+01 -8.179817104984742071e-03 2.574767223075763965e-03
2.028999999999999915e+01 -1.951180980516348598e-02 -2.477778497772010601e-03
2.030000000000000071e+01 -3.080442808644939107e-02 -7.569092000335058724e-03
2.030999999999999872e+01 -4.203941672437454952e-02 -1.271305339904873002e-02
2.032000000000000028e+01 -5.319872199240206073e-02 -1.792325015914978184e-02
2.033000000000000185e+01 -6.426454976924853013e-02 -2.321289540191480427e-02
2.033999999999999986e+01 -7.521942208233815819e-02 -2.859474918842752275e-02
2.035000000000000142e+01 -8.604623179148900014e-02 -3.408104334565518340e-02
2.035999999999999943e+01 -9.672829514089904823e-02 -3.968341034223490243e-02
2.037000000000000099e+01 -1.072494019339076399e-01 -4.541281665841229165e-02
2.037999999999999901e+01 -1.175938631133265772e-01 -5.127950102642504782e-02
2.039000000000000057e+01 -1.277465555597928348e-01 -5.729291784580781144e-02
2.040000000000000213e+01 -1.376929639510288683e-01 -6.346168600417455286e-02
2.041000000000000014e+01 -1.474192195555157625e-01 -6.979354325959134797e-02
2.042000000000000171e+01 -1.569121358643227604e-01 -7.629530626732207443e-02
2.042999999999999972e+01 -1.661592409941261839e-01 -8.297283626301331372e-02
2.044000000000000128e+01 -1.751488068222716299e-01 -8.983101034779417127e-02
2.044999999999999929e+01 -1.838698748405781791e-01 -9.687369825963175474e-02
2.046000000000000085e+01 -1.923122787380315279e-01 -1.041037444608418627e-01
2.046999999999999886e+01 -2.004666637431530840e-01 -1.115229553249183075e-01
2.048000000000000043e+01 -2.083245027743838573e-01 -1.191320911676675698e-01
2.049000000000000199e+01 -2.158781094610222329e-01 -1.269308628386185689e-01
2.050000000000000000e+01 -2.231206481079818782e-01 -1.349179325691927667e-01
2.051000000000000156e+01 -2.300461406848304247e-01 -1.430909187642704083e-01
2.051999999999999957e+01 -2.366494709232734861e-01 -1.514464044234553330e-01
2.053000000000000114e+01 -2.429263856076342987e-01 -1.599799488870792818e-01
2.053999999999999915e+01 -2.488734931401805350e-01 -1.686861026191713020e-01
2.055000000000000071e+01 -2.544882594577372870e-01 -1.775584247643342550e-01
2.055999999999999872e+01 -2.597690013683537913e-01 -1.865895032465958170e-01
2.057000000000000028e+01 -2.647148773673909661e-01 -1.957709772145328209e-01
2.058000000000000185e+01 -2.693258759818944470e-01 -2.050935616768286007e-01
2.058999999999999986e+01 -2.736028016811990482e-01 -2.145470742143163467e-01
2.060000000000000142e+01 -2.775472583810798533e-01 -2.241204636968089359e-01
2.060999999999999943e+01 -2.811616305592014031e-01 -2.338018409739227865e-01
2.062000000000000099e+01 -2.844490619918381147e-01 -2.435785115469609463e-01
2.062999999999999901e+01 -2.874134321165997541e-01 -2.534370102621211762e-01
2.064000000000000057e+01 -2.900593300238543670e-01 -2.633631380923268650e-01
2.065000000000000213e+01 -2.923920260813122063e-01 -2.733420010945057377e-01
2.066000000000000014e+01 -2.944174412023106702e-01 -2.833580516400536764e-01
2.067000000000000171e+01 -2.961421137790962721e-01 -2.933951320176387823e-01
2.067999999999999972e+01 -2.975731643180702934e-01 -3.034365204988824782e-01
2.069000000000000128e+01 -2.987182578345964346e-01 -3.134649799385257896e-01
2.069999999999999929e+01 -2.995855640904385164e-01 -3.234628089515934057e-01
2.071000000000000085e+01 -3.001837157868966210e-01 -3.334118956712089354e-01
2.071999999999999886e+01 -3.005217648607069747e-01 -3.432937740429684581e-01
2.073000000000000043e+01 -3.006091370670671004e-01 -3.530896825562581665e-01
2.074000000000000199e+01 -3.004555850738336309e-01 -3.627806252511220908e-01
2.075000000000000000e+01 -3.000711403319485382e-01 -3.723474347730161282e-01
2.076000000000000156e+01 -2.994660640282568731e-01 -3.817708371790706767e-01
2.076999999999999957e+01 -2.986507974667350074e-01 -3.910315181305317744e-01
2.078000000000000114e+01 -2.976359122613371766e-01 -4.001101900392611266e-01
2.078999999999999915e+01 -2.964320607566990340e-01 -4.089876596739465131e-01
2.080000000000000071e+01 -2.950499271203422813e-01 -4.176448956764608478e-01
2.080999999999999872e+01 -2.935001795703773286e-01 -4.260630953929438469e-01
2.082000000000000028e+01 -2.917934242146619783e-01 -4.342237503898530582e-01
2.083000000000000185e+01 -2.899401609797714330e-01 -4.421087100043709084e-01
2.083999999999999986e+01 -2.879507420999782297e-01 -4.497002422728196835e-01
2.085000000000000142e+01 -2.858353336169791592e-01 -4.569810915913591898e-01
2.085999999999999943e+01 -2.836038803099022454e-01 -4.639345324910328916e-01
2.087000000000000099e+01 -2.812660744320165107e-01 -4.705444189545532341e-01
2.087999999999999901e+01 -2.788313285757784143e-01 -4.767952287648331011e-01
2.089000000000000057e+01 -2.763087529219361294e-01 -4.826721024545122529e-01
2.090000000000000213e+01 -2.737071370523231906e-01 -4.881608765202666289e-01
2.091000000000000014e+01 -2.710349364210140055e-01 -4.932481106737633958e-01
2.092000000000000171e+01 -2.683002634863311808e-01 -4.979211090204146428e-01
2.092999999999999972e+01 -2.655108834087797076e-01 -5.021679351848291617e-01
2.094000000000000128e+01 -2.626742141195799185e-01 -5.059774215349210902e-01
2.094999999999999929e+01 -2.597973304635861624e-01 -5.093391727915349554e-01
2.096000000000000085e+01 -2.568869720216532260e-01 -5.122435644434901736e-01
2.096999999999999886e+01 -2.539495541237317688e-01 -5.146817365153348867e-01
2.098000000000000043e+01 -2.509911814778988393e-01 -5.166455833529717268e-01
2.099000000000000199e+01 -2.480176637649114391e-01 -5.181277401969596186e-01
2.100000000000000000e+01 -2.450345324852853945e-01 -5.191215674011806502e-01
2.101000000000000156e+01 -2.420470582987181429e-01 -5.196211332224776047e-01
2.101999999999999957e+01 -2.390602680659554558e-01 -5.196211961520800227e-01
2.103000000000000114e+01 -2.360789607926269407e-01 -5.191171877798999024e-01
2.103999999999999915e+01 -2.331077216843754907e-01 -5.181051971764840669e-01
2.105000000000000071e+01 -2.301509335535155132e-01 -5.165819577436598919e-01
2.105999999999999872e+01 -2.272127848696420815e-01 -5.145448374235194189e-01
2.107000000000000028e+01 -2.242972738196873372e-01 -5.119918330669569473e-01
2.108000000000000185e+01 -2.214082078358800276e-01 -5.089215696489332030e-01
2.108999999999999986e+01 -2.185491981613183754e-01 -5.053333048800994209e-01
2.110000000000000142e+01 -2.157236491502700915e-01 -5.012269396063442350e-01
2.110999999999999943e+01 -2.129347421411671437e-01 -4.966030342127689678e-01
2.112000000000000099e+01 -2.101854138914026338e-01 -4.914628310607511152e-01
2.112999999999999901e+01 -2.074783297209013277e-01 -4.858082827908147272e-01
2.114000000000000057e+01 -2.048158516721217126e-01 -4.796420861250105805e-01
2.115000000000000213e+01 -2.022000021535647063e-01 -4.729677206057488759e-01
2.116000000000000014e+01 -1.996324236877818903e-01 -4.657894915189076390e-01
2.117000000000000171e+01 -1.971143355290862209e-01 -4.581125760728708696e-01
2.117999999999999972e+01 -1.946464880465754999e-01 -4.499430717471016306e-01
2.119000000000000128e+01 -1.922291158808519251e-01 -4.412880455886656894e-01
2.119999999999999929e+01 -1.898618909744387018e-01 -4.321555831270381121e-01
2.121000000000000085e+01 -1.875438766433795146e-01 -4.225548355002108902e-01
2.121999999999999886e+01 -1.852734838983518262e-01 -4.124960633413605748e-01
2.123000000000000043e+01 -1.830484312360635413e-01 -4.019906759672103314e-01
2.124000000000000199e+01 -1.808657091046145804e-01 -3.910512644377226454e-01
2.125000000000000000e+01 -1.787215501995700895e-01 -3.796916271220270866e-01
2.126000000000000156e+01 -1.766114066711776676e-01 -3.679267865065701804e-01
2.126999999999999957e+01 -1.745299352187147102e-01 -3.557729961164700638e-01
2.128000000000000114e+01 -1.724709909174176881e-01 -3.432477365870909014e-01
2.128999999999999915e+01 -1.704276304695943878e-01 -3.303697001161459701e-01
2.130000000000000071e+01 -1.683921253977871679e-01 -3.171587627426446510e-01
2.130999999999999872e+01 -1.663559855082963890e-01 -3.036359441324520958e-01
2.132000000000000028e+01 -1.643099927524757919e-01 -2.898233547953558142e-01
2.133000000000000185e+01 -1.622442454058875272e-01 -2.757441309091535064e-01
2.133999999999999986e+01 -1.601482122767575178e-01 -2.614223571760221909e-01
2.135000000000000142e+01 -1.580107964504237628e-01 -2.468829783788687449e-01
2.135999999999999943e+01 -1.558204078807746695e-01 -2.321517005342670081e-01
2.137000000000000099e+01 -1.535650439580119042e-01 -2.172548827480051681e-01
2.137999999999999901e+01 -1.512323770190562022e-01 -2.022194210637988099e-01
2.139000000000000057e+01 -1.488098476267115111e-01 -1.870726257506135914e-01
2.140000000000000213e+01 -1.462847623298709210e-01 -1.718420935953322570e-01
2.141000000000000014e+01 -1.436443945324522853e-01 -1.565555768521961211e-01
2.142000000000000171e+01 -1.408760870454757730e-01 -1.412408505465131692e-01
2.142999999999999972e+01 -1.379673548759711432e-01 -1.259255798366610002e-01
2.144000000000000128e+01 -1.349059868185806255e-01 -1.106371891055839413e-01
2.144999999999999929e+01 -1.316801444602508919e-01 -9.540273438207720613e-02
2.146000000000000085e+01 -1.282784572838587267e-01 -8.024878058553212845e-02
2.146999999999999886e+01 -1.246901126607019850e-01 -6.520128494882579395e-02
2.148000000000000043e+01 -1.209049396514614017e-01 -5.028548780692406600e-02
2.149000000000000199e+01 -1.169134856867502514e-01 -3.552581174856801749e-02
2.150000000000000000e+01 -1.127070853673888540e-01 -2.094576992075352154e-02
2.151000000000000156e+01 -1.082779208063045229e-01 -6.567884056701275147e-03
2.151999999999999957e+01 -1.036190731233459505e-01 7.586387426011435321e-03
2.153000000000000114e+01 -9.872456489610466346e-02 2.149671113306491840e-02
2.153999999999999915e+01 -9.358939355876066957e-02 3.514393029752332226e-02
2.155000000000000071e+01 -8.820955592194708317e-02 4.851010657234918616e-02
2.155999999999999872e+01 -8.258206415482914620e-02 6.157855248508101870e-02
2.157000000000000028e+01 -7.670495372169335024e-02 7.433385518626546562e-02
2.158000000000000185e+01 -7.057728389552507531e-02 8.676189225297782637e-02
2.158999999999999986e+01 -6.419913157725828934e-02 9.884984040730722399e-02
2.160000000000000142e+01 -5.757157922923884091e-02 1.105861780749719664e-01
2.160999999999999943e+01 -5.069669778349543410e-02 1.219606827402495708e-01
2.162000000000000099e+01 -4.357752540901840832e-02 1.329644240502643182e-01
2.162999999999999901e+01 -3.621804301767736489e-02 1.435897535855706342e-01
2.164000000000000057e+01 -2.862314735679706221e-02 1.538302921471506601e-01
2.165000000000000213e+01 -2.079862247970859154e-02 1.636809153155892316e-01
2.166000000000000014e+01 -1.275111030650897051e-02 1.731377379204206424e-01
2.167000000000000171e+01 -4.488080889154571346e-03 1.821980979211789697e-01
2.167999999999999972e+01 3.982197118198451714e-03 1.908605400519354511e-01
2.169000000000000128e+01 1.265068540669907031e-02 1.991247994237672070e-01
2.169999999999999929e+01 2.150760413144028535e-02 2.069917851205921033e-01
2.171000000000000085e+01 3.054245908621120234e-02 2.144635636690691294e-01
2.171999999999999886e+01 3.974406794784265257e-02 2.215433421184794249e-01
2.173000000000000043e+01 4.910058572446034802e-02 2.282354503370267185e-01
2.174000000000000199e+01 5.859952965097973282e-02 2.345453220215801549e-01
2.175000000000000000e+01 6.822780386869045643e-02 2.404794738325479742e-01
2.176000000000000156e+01 7.797172430071264149e-02 2.460454820075390070e-01
2.176999999999999957e+01 8.781704418901994935e-02 2.512519557789204550e-01
2.178000000000000114e+01 9.774898078998860151e-02 2.561085069225391142e-01
2.178999999999999915e+01 1.077522437331786959e-01 2.606257147978394140e-01
2.180000000000000071e+01 1.178110655322683747e-01 2.648150863024411605e-01
2.180999999999999872e+01 1.279092346985446771e-01 2.686890102549276960e-01
2.182000000000000028e+01 1.380301318476872818e-01 2.722607058351875220e-01
2.183000000000000185e+01 1.481567691120835584e-01 2.755441648482923056e-01
2.183999999999999986e+01 1.582718330765302273e-01 2.785540877310058727e-01
2.185000000000000142e+01 1.683577313484262428e-01 2.813058133844404396e-01
2.185999999999999943e+01 1.783966427583199565e-01 2.838152430865016340e-01
2.187000000000000099e+01 1.883705710671529643e-01 2.860987589078023419e-01
2.187999999999999901e+01 1.982614019370502190e-01 2.881731372188312545e-01
2.189000000000000057e+01 2.080509628073348438e-01 2.900554580286712758e-01
2.190000000000000213e+01 2.177210852107289984e-01 2.917630110311665304e-01
2.191000000000000014e+01 2.272536689702697732e-01 2.933131993483837907e-01
2.192000000000000171e+01 2.366307476386735054e-01 2.947234420494273532e-01
2.192999999999999972e+01 2.458345544815798978e-01 2.960110765819724543e-01
2.194000000000000128e+01 2.548475882664245629e-01 2.971932622819873915e-01
2.194999999999999929e+01 2.636526781011048204e-01 2.982868861228392121e-01
2.196000000000000085e+01 2.722330465717374137e-01 2.993084718281550094e-01
2.196999999999999886e+01 2.805723704565675769e-01 3.002740934044231813e-01
2.198000000000000043e+01 2.886548383425041608e-01 3.011992940513550931e-01
2.199000000000000199e+01 2.964652045401792724e-01 3.020990112835110208e-01
2.200000000000000000e+01 3.039888387804486336e-01 3.029875089495318030e-01
2.201000000000000156e+01 3.112117712768866507e-01 3.038783166701736205e-01
2.201999999999999957e+01 3.181207328515686661e-01 3.047841770385191773e-01
2.203000000000000114e+01 3.247031899413856393e-01 3.057170007409497625e-01
2.203999999999999915e+01 3.309473744251861249e-01 3.066878295716837233e-01
2.205000000000000071e+01 3.368423083339084356e-01 3.077068071329209786e-01
2.205999999999999872e+01 3.423778236224147009e-01 3.087831568427437667e-01
2.207000000000000028e+01 3.475445772889327878e-01 3.099251667193961834e-01
2.208000000000000185e+01 3.523340622222137508e-01 3.111401802783496651e-01
2.208999999999999986e+01 3.567386142345390643e-01 3.124345927718861771e-01
2.210000000000000142e+01 3.607514157979329061e-01 3.138138519231813972e-01
2.210999999999999943e+01 3.643664970394421276e-01 3.152824622604186167e-01
2.212000000000000099e+01 3.675787345679334406e-01 3.168439921426672301e-01
2.212999999999999901e+01 3.703838486991180567e-01 3.185010825883092811e-01
2.214000000000000057e+01 3.727783996178804515e-01 3.202554570678313728e-01
2.215000000000000213e+01 3.747597829686051263e-01 3.221079315037620461e-01
2.216000000000000014e+01 3.763262252970682176e-01 3.240584238284687779e-01
2.217000000000000171e+01 3.774767796841763112e-01 3.261059625814073937e-01
2.217999999999999972e+01 3.782113218156413215e-01 3.282486941765211941e-01
2.219000000000000128e+01 3.785305466262928187e-01 3.304838886324040215e-01
2.219999999999999929e+01 3.784359655471879469e-01 3.328079437266988072e-01
2.221000000000000085e+01 3.779299042722700230e-01 3.352163877059080033e-01
2.221999999999999886e+01 3.770155008533636609e-01 3.377038808461367281e-01
2.223000000000000043e+01 3.756967038320034868e-01 3.402642163133012265e-01
2.224000000000000199e+01 3.739782700279482563e-01 3.428903209073330127e-01
2.225000000000000000e+01 3.718657615308059161e-01 3.455742563888378749e-01
2.226000000000000156e+01 3.693655413860413850e-01 3.483072221741658758e-01
2.226999999999999957e+01 3.664847674321590754e-01 3.510795602424837680e-01
2.228000000000000114e+01 3.632313837337216023e-01 3.538807631237585460e-01
2.228999999999999915e+01 3.596141090659571993e-01 3.566994858282619418e-01
2.230000000000000071e+01 3.556424219410536103e-01 3.595235625361092868e-01
2.230999999999999872e+01 3.513265417230093668e-01 3.623400287904664507e-01
2.232000000000000028e+01 3.466774054554706552e-01 3.651351498325579592e-01
2.233000000000000185e+01 3.417066401228959216e-01 3.678944555837253549e-01
2.233999999999999986e+01 3.364265301765070326e-01 3.706027826237365819e-01
2.235000000000000142e+01 3.308499802790950128e-01 3.732443233404011962e-01
2.235999999999999943e+01 3.249904733526080003e-01 3.758026822390482247e-01
2.237000000000000099e+01 3.188620241450424442e-01 3.782609392077812549e-01
2.237999999999999901e+01 3.124791286637370047e-01 3.806017193421702971e-01
2.239000000000000057e+01 3.058567099460212102e-01 3.828072687477083180e-01
2.240000000000000213e+01 2.990100607507106822e-01 3.848595355663592121e-01
2.241000000000000014e+01 2.919547838509115589e-01 3.867402553208645899e-01
2.242000000000000171e+01 2.847067306862179903e-01 3.884310395425695783e-01
2.242999999999999972e+01 2.772819391874991046e-01 3.899134665499983110e-01
2.244000000000000128e+01 2.696965716176265571e-01 3.911691731799625260e-01
2.244999999999999929e+01 2.619668532751138201e-01 3.921799462431813654e-01
2.246000000000000085e+01 2.541090128840191587e-01 3.929278124836865227e-01
2.246999999999999886e+01 2.461392254428386994e-01 3.933951258658089367e-01
2.248000000000000043e+01 2.380735582287165086e-01 3.935646510932430675e-01
2.249000000000000199e+01 2.299279205531962467e-01 3.934196423791888053e-01
2.250000000000000000e+01 2.217180177449669665e-01 3.929439166314183107e-01
2.251000000000000156e+01 2.134593096973466109e-01 3.921219203866908587e-01
2.251999999999999957e+01 2.051669741680494652e-01 3.909387900197759391e-01
2.253000000000000114e+01 1.968558748610499398e-01 3.893804049571809589e-01
2.253999999999999915e+01 1.885405341603930141e-01 3.874334338377056208e-01
2.255000000000000071e+01 1.802351102291371576e-01 3.850853737740525529e-01
2.255999999999999872e+01 1.719533780387456912e-01 3.823245830746707652e-01
2.257000000000000028e+01 1.637087137605162668e-01 3.791403079757397210e-01
2.258000000000000185e+01 1.555140818360105370e-01 3.755227041030121948e-01
2.258999999999999986e+01 1.473820239523661590e-01 3.714628535260657838e-01
2.260000000000000142e+01 1.393246490845579943e-01 3.669527783781108554e-01
2.260999999999999943e+01 1.313536237330383272e-01 3.619854520886061078e-01
2.262000000000000099e+01 1.234801614836742861e-01 3.565548093105107563e-01
2.262999999999999901e+01 1.157150110484363448e-01 3.506557556171935319e-01
2.264000000000000057e+01 1.080684420097194204e-01 3.442841779954310399e-01
2.265000000000000213e+01 1.005502275872453416e-01 3.374369570714766953e-01
2.266000000000000014e+01 9.316962387187194272e-02 3.301119818791903859e-01
2.267000000000000171e+01 8.593534512197734121e-02 3.223081678163387531e-01
2.267999999999999972e+01 7.885553489112129277e-02 3.140254782422386981e-01
2.269000000000000128e+01 7.193773294531874418e-02 3.052649499528640176e-01
2.269999999999999929e+01 6.518883812877028505e-02 2.960287225352056240e-01
2.271000000000000085e+01 5.861506754203466701e-02 2.863200713585425383e-01
2.271999999999999886e+01 5.222191259988582385e-02 2.761434437143630016e-01
2.273000000000000043e+01 4.601409273086250890e-02 2.655044973771060746e-01
2.274000000000000199e+01 3.999550766028336923e-02 2.544101406328093673e-01
2.275000000000000000e+01 3.416918937710100579e-02 2.428685726199499573e-01
2.276000000000000156e+01 2.853725501674407236e-02 2.308893226534864118e-01
2.276999999999999957e+01 2.310086199210876698e-02 2.184832870657743287e-01
2.278000000000000114e+01 1.786016676904543868e-02 2.056627620020703706e-01
2.278999999999999915e+01 1.281428870797301882e-02 1.924414705579402252e-01
2.280000000000000071e+01 7.961280377730669058e-03 1.788345826439481090e-01
2.280999999999999872e+01 3.298105690688634285e-03 1.648587260109056485e-01
2.282000000000000028e+01 -1.179372889984807134e-03 1.505319869666166821e-01
2.283000000000000185e+01 -5.476396957446765662e-03 1.358738994608414685e-01
2.283999999999999986e+01 -9.599303643035532810e-03 1.209054214059886861e-01
2.285000000000000142e+01 -1.355550523929490402e-02 1.056488973322976116e-01
2.285999999999999943e+01 -1.735345646389831187e-02 9.012800674218054975e-02
2.287000000000000099e+01 -2.100260911874859970e-02 7.436769782201418932e-02
2.287999999999999901e+01 -2.451335416765457187e-02 5.839410648312728241e-02
2.289000000000000057e+01 -2.789695153252341395e-02 4.223446102851202005e-02
2.290000000000000213e+01 -3.116544818447612719e-02 2.591697306888079283e-02
2.291000000000000014e+01 -3.433158537514725134e-02 9.470715631968164641e-03
2.292000000000000171e+01 -3.740869610724079780e-02 -7.074510286588499459e-03
2.292999999999999972e+01 -4.041059417515233815e-02 -2.368831920254340154e-02
2.294000000000000128e+01 -4.335145630961844548e-02 -4.033989287685960795e-02
2.294999999999999929e+01 -4.624569912924487297e-02 -5.699813832063788110e-02
2.296000000000000085e+01 -4.910785273157717429e-02 -7.363184992567352316e-02
2.296999999999999886e+01 -5.195243284342831308e-02 -9.020987346348079139e-02
2.298000000000000043e+01 -5.479381349194763218e-02 -1.067012696377101638e-01
2.299000000000000199e+01 -5.764610215315002506e-02 -1.230754748724830483e-01
2.300000000000000000e+01 -6.052301928337011638e-02 -1.393024570725270028e-01
2.301000000000000156e+01 -6.343778404270586369e-02 -1.553528641987145520e-01
2.301999999999999957e+01 -6.640300788057335035e-02 -1.711981636618001568e-01
2.303000000000000114e+01 -6.943059747577567942e-02 -1.868107707434180365e-01
2.303999999999999915e+01 -7.253166831185059449e-02 -2.021641645010672506e-01
2.305000000000000071e+01 -7.571646992864378145e-02 -2.172329898960333461e-01
2.305999999999999872e+01 -7.899432362959216136e-02 -2.319931451921626864e-01
2.307000000000000028e+01 -8.237357314812855658e-02 -2.464218540006464786e-01
2.308000000000000185e+01 -8.586154849337489237e-02 -2.604977216825117292e-01
2.308999999999999986e+01 -8.946454291239891443e-02 -2.742007761572040070e-01
2.310000000000000142e+01 -9.318780263122863894e-02 -2.875124934934369936e-01
2.310999999999999943e+01 -9.703552877669592569e-02 -3.004158089686177480e-01
2.312000000000000099e+01 -1.010108906426587932e-01 -3.128951145675512580e-01
2.312999999999999901e+01 -1.051160492531688778e-01 -3.249362441424574754e-01
2.314000000000000057e+01 -1.093521899967978828e-01 -3.365264476683741957e-01
2.315000000000000213e+01 -1.137195629647004963e-01 -3.476543561957182726e-01
2.316000000000000014e+01 -1.182175295230571271e-01 -3.583099392214568746e-01
2.317000000000000171e+01 -1.228446135901258007e-01 -3.684844562697394132e-01
2.317999999999999972e+01 -1.275985560698373877e-01 -3.781704044912206353e-01
2.319000000000000128e+01 -1.324763709171011827e-01 -3.873614640583710744e-01
2.319999999999999929e+01 -1.374744013729635728e-01 -3.960524430540272589e-01
2.321000000000000085e+01 -1.425883750076291367e-01 -4.042392234258190831e-01
2.321999999999999886e+01 -1.478134563422423275e-01 -4.119187094146852246e-01
2.323000000000000043e+01 -1.531442959815135785e-01 -4.190887796673342103e-01
2.324000000000000199e+01 -1.585750753733476404e-01 -4.257482440169250704e-01
2.325000000000000000e+01 -1.640995465126217079e-01 -4.318968056708491488e-01
2.326000000000000156e+01 -1.697110661178849178e-01 -4.375350292870913149e-01
2.326999999999999957e+01 -1.754026240255609215e-01 -4.426643151592648540e-01
2.328000000000000114e+01 -1.811668657598386467e-01 -4.472868794729602526e-01
2.328999999999999915e+01 -1.869961094416843495e-01 -4.514057403501966492e-01
2.330000000000000071e+01 -1.928823573915614542e-01 -4.550247091716064229e-01
2.330999999999999872e+01 -1.988173029523524482e-01 -4.581483864639001036e-01
2.332000000000000028e+01 -2.047923332072081049e-01 -4.607821614686010148e-01
2.333000000000000185e+01 -2.107985283880212113e-01 -4.629322143714247328e-01
2.333999999999999986e+01 -2.168266588612589585e-01 -4.646055200731823986e-01
2.335000000000000142e+01 -2.228671806373228315e-01 -4.658098523246977929e-01
2.335999999999999943e+01 -2.289102303767762414e-01 -4.665537870306296631e-01
2.337000000000000099e+01 -2.349456208620011588e-01 -4.668467035496190465e-01
2.337999999999999901e+01 -2.409628378674528448e-01 -4.666987828790792325e-01
2.339000000000000057e+01 -2.469510392978474800e-01 -4.661210017091465541e-01
2.340000000000000213e+01 -2.528990573743719050e-01 -4.651251214578400184e-01
2.341000000000000014e+01 -2.587954045380355672e-01 -4.637236715534240883e-01
2.342000000000000171e+01 -2.646282836108386771e-01 -4.619299264047213582e-01
2.342999999999999972e+01 -2.703856026141732705e-01 -4.597578756895753238e-01
2.344000000000000128e+01 -2.760549944946976142e-01 -4.572221877893818953e-01
2.344999999999999929e+01 -2.816238418558083545e-01 -4.543381663970787465e-01
2.346000000000000085e+01 -2.870793066426928775e-01 -4.511217005208024156e-01
2.346999999999999886e+01 -2.924083645854324010e-01 -4.475892082895026602e-01
2.348000000000000043e+01 -2.975978440720533635e-01 -4.437575751345588793e-01
2.349000000000000199e+01 -3.026344690055761677e-01 -4.396440870679760859e-01
2.350000000000000000e+01 -3.075049050991620070e-01 -4.352663598989384708e-01
2.351000000000000156e+01 -3.121958089839183548e-01 -4.306422653232277464e-01
2.351999999999999957e+01 -3.166938794464940754e-01 -4.257898548820834295e-01
2.353000000000000114e+01 -3.209859100792588626e-01 -4.207272828174355994e-01
2.353999999999999915e+01 -3.250588426147305032e-01 -4.154727288490205894e-01
2.355000000000000071e+01 -3.288998202273910598e-01 -4.100443218667187417e-01
2.355999999999999872e+01 -3.324962401187548378e-01 -4.044600654705532428e-01
2.357000000000000028e+01 -3.358358047534847901e-01 -3.987377662040313409e-01
2.358000000000000185e+01 -3.389065711829323813e-01 -3.928949652176114693e-01
2.358999999999999986e+01 -3.416969979745998476e-01 -3.869488739723409010e-01
2.360000000000000142e+01 -3.441959893583053098e-01 -3.809163144539804424e-01
2.360999999999999943e+01 -3.463929362986059024e-01 -3.748136642203052094e-01
2.362000000000000099e+01 -3.482777543045545987e-01 -3.686568064540415857e-01
2.362999999999999901e+01 -3.498409178884562265e-01 -3.624610850462936518e-01
2.364000000000000057e+01 -3.510734916813468831e-01 -3.562412645953225154e-01
2.365000000000000213e+01 -3.519671583012383143e-01 -3.500114950778334122e-01
2.366000000000000014e+01 -3.525142431478012206e-01 -3.437852808385791770e-01
2.367000000000000171e+01 -3.527077363617346362e-01 -3.375754534525854389e-01
2.367999999999999972e+01 -3.525413122366834462e-01 -3.313941479453261230e-01
2.369000000000000128e+01 -3.520093464049548482e-01 -3.252527818116066616e-01
2.369999999999999929e+01 -3.511069311347868593e-01 -3.191620362547313849e-01
2.371000000000000085e+01 -3.498298890765139113e-01 -3.131318390738273560e-01
2.371999999999999886e+01 -3.481747857782375721e-01 -3.071713486581865715e-01
2.373000000000000043e+01 -3.461389412597214998e-01 -3.012889386015326076e-01
2.374000000000000199e+01 -3.437204408878775097e-01 -2.954921825238033262e-01
2.375000000000000000e+01 -3.409181457405441318e-01 -2.897878387803035083e-01
2.376000000000000156e+01 -3.377317025797881289e-01 -2.841818348442473052e-01
2.376999999999999957e+01 -3.341615534844807889e-01 -2.786792512647242037e-01
2.378000000000000114e+01 -3.302089451173580437e-01 -2.732843052236023085e-01
2.378999999999999915e+01 -3.258759375271908509e-01 -2.680003338373378452e-01
2.380000000000000071e+01 -3.211654123150201046e-01 -2.628297774685894317e-01
2.380999999999999872e+01 -3.160810799274799132e-01 -2.577741634236414559e-01
2.382000000000000028e+01 -3.106274857826147873e-01 -2.528340905108922287e-01
2.383000000000000185e+01 -3.048100148864959502e-01 -2.480092150194964096e-01
2.383999999999999986e+01 -2.986348945642335329e-01 -2.432982387426550208e-01
2.385000000000000142e+01 -2.921091949079912542e-01 -2.386988997146169134e-01
2.385999999999999943e+01 -2.852408265382233021e-01 -2.342079663525675204e-01
2.387000000000000099e+01 -2.780385352829036205e-01 -2.298212356932894385e-01
2.387999999999999901e+01 -2.705118934028107325e-01 -2.255335363896943390e-01
2.389000000000000057e+01 -2.626712870282580936e-01 -2.213387370846700564e-01
2.390000000000000213e+01 -2.545278995228597574e-01 -2.172297607105600770e-01
2.391000000000000014e+01 -2.460936905513271544e-01 -2.131986051740630272e-01
2.392000000000000171e+01 -2.373813706989754413e-01 -2.092363707810924178e-01
2.392999999999999972e+01 -2.284043715682376463e-01 -2.053332946373477852e-01
2.394000000000000128e+01 -2.191768113595804479e-01 -2.014787921316364139e-01
2.394999999999999929e+01 -2.097134560281420090e-01 -1.976615054741926447e-01
2.396000000000000085e+01 -2.000296761905306087e-01 -1.938693591254031512e-01
2.396999999999999886e+01 -1.901414000359259726e-01 -1.900896218155002371e-01
2.398000000000000043e+01 -1.800650625694743545e-01 -1.863089747268421859e-01
2.399000000000000199e+01 -1.698175515817362535e-01 -1.825135852910469425e-01
2.400000000000000000e+01 -1.594161507937220112e-01 -1.786891859468288657e-01
2.401000000000000156e+01 -1.488784806712723507e-01 -1.748211571137530673e-01
2.401999999999999957e+01 -1.382224374340644824e-01 -1.708946135646561282e-01
2.403000000000000114e+01 -1.274661308026397988e-01 -1.668944933268651787e-01
2.403999999999999915e+01 -1.166278210313116404e-01 -1.628056482107256286e-01
2.405000000000000071e+01 -1.057258557658344034e-01 -1.586129350536994997e-01
2.406000000000000227e+01 -9.477860724294712158e-02 -1.543013067791884907e-01
2.407000000000000028e+01 -8.380441031542737451e-02 -1.498559024003726925e-01
2.408000000000000185e+01 -7.282150174253794461e-02 -1.452621351492149326e-01
2.408999999999999986e+01 -6.184796113348863672e-02 -1.405057779773334903e-01
2.410000000000000142e+01 -5.090165387276480990e-02 -1.355730457561463986e-01
2.410999999999999943e+01 -4.000017629309735034e-02 -1.304506735956744434e-01
2.412000000000000099e+01 -2.916080329673449364e-02 -1.251259908014556166e-01
2.412999999999999901e+01 -1.840043856084921589e-02 -1.195869900938664188e-01
2.414000000000000057e+01 -7.735567400604877880e-03 -1.138223918203497692e-01
2.415000000000000213e+01 2.817787694265078569e-03 -1.078217029953084938e-01
2.416000000000000014e+01 1.324410888464486874e-02 -1.015752711015550369e-01
2.417000000000000171e+01 2.352842224723650580e-02 -9.507433267831864876e-02
2.417999999999999972e+01 3.365633459150427914e-02 -8.831105680136219771e-02
2.419000000000000128e+01 4.361406796315837192e-02 -8.127858362862645791e-02
2.419999999999999929e+01 5.338849198106614818e-02 -7.397105823838046046e-02
2.421000000000000085e+01 6.296715415544291983e-02 -6.638366002502894825e-02
2.421999999999999886e+01 7.233830832529861143e-02 -5.851262793996900302e-02
2.423000000000000043e+01 8.149094133302642318e-02 -5.035528187124180266e-02
2.424000000000000199e+01 9.041479802478157024e-02 -4.191004044676568951e-02
2.425000000000000000e+01 9.910040462823463403e-02 -3.317643552278967678e-02
2.426000000000000156e+01 1.075390905160723970e-01 -2.415512358343154670e-02
2.426999999999999957e+01 1.157230083160977474e-01 -1.484789423078434166e-02
2.428000000000000114e+01 1.236451522790032731e-01 -5.257675890404427121e-03
2.428999999999999915e+01 1.312993747649630338e-01 4.611461203356306479e-03
2.430000000000000071e+01 1.386804006622534835e-01 1.475430474098593861e-02
2.431000000000000227e+01 1.457838395072700299e-01 2.516450285259369535e-02
2.432000000000000028e+01 1.526061950375117715e-01 3.583456952665470263e-02
2.433000000000000185e+01 1.591448718791575179e-01 4.675589311076960158e-02
2.433999999999999986e+01 1.653981790502870031e-01 5.791874811979809412e-02
2.435000000000000142e+01 1.713653299508655081e-01 6.931231061392524595e-02
2.435999999999999943e+01 1.770464385122199058e-01 8.092467743443479411e-02
2.437000000000000099e+01 1.824425111924464216e-01 9.274288959675784649e-02
2.437999999999999901e+01 1.875554345301736203e-01 1.047529601377324426e-01
2.439000000000000057e+01 1.923879580071431727e-01 1.169399066964586925e-01
2.440000000000000213e+01 1.969436720195772705e-01 1.292877890756237436e-01
2.441000000000000014e+01 2.012269808183070885e-01 1.417797519832073583e-01
2.442000000000000171e+01 2.052430703468560158e-01 1.543980730940024138e-01
2.442999999999999972e+01 2.089978709835091375e-01 1.671242164978030686e-01
2.444000000000000128e+01 2.124980152760176377e-01 1.799388915182290605e-01
2.444999999999999929e+01 2.157507908439503519e-01 1.928221167951318926e-01
2.446000000000000085e+01 2.187640887116315269e-01 2.057532894267648516e-01
2.446999999999999886e+01 2.215463474218442308e-01 2.187112588680722169e-01
2.448000000000000043e+01 2.241064933647747837e-01 2.316744051812908434e-01
2.449000000000000199e+01 2.264538778357959581e-01 2.446207211374028523e-01
2.450000000000000000e+01 2.285982114075459370e-01 2.575278975745902699e-01
2.451000000000000156e+01 2.305494962644027701e-01 2.703734113354077095e-01
2.451999999999999957e+01 2.323179571991701442e-01 2.831346150303725717e-01
2.453000000000000114e+01 2.339139720111269027e-01 2.957888278143275262e-01
2.453999999999999915e+01 2.353480020703686837e-01 3.083134263151300347e-01
2.455000000000000071e+01 2.366305238247906895e-01 3.206859348235681084e-01
2.456000000000000227e+01 2.377719620226017572e-01 3.328841138399823429e-01
2.457000000000000028e+01 2.387826254048271979e-01 3.448860460776334014e-01
2.458000000000000185e+01 2.396726455890472174e-01 3.566702190456361166e-01
2.458999999999999986e+01 2.404519198182220319e-01 3.682156033750958457e-01
2.460000000000000142e+01 2.411300581877612315e-01 3.795017261102781592e-01
2.460999999999999943e+01 2.417163358912110538e-01 3.905087382611655000e-01
2.462000000000000099e+01 2.422196509415322219e-01 4.012174760031259058e-01
2.462999999999999901e+01 2.426484877326219036e-01 4.116095150118159185e-01
2.464000000000000057e+01 2.430108867064022238e-01 4.216672175347331852e-01
2.465000000000000213e+01 2.433144202864807870e-01 4.313737719226251044e-01
2.466000000000000014e+01 2.435661751322245328e-01 4.407132244716650549e-01
2.467000000000000171e+01 2.437727406592619106e-01 4.496705035581959886e-01
2.467999999999999972e+01 2.439402036660998918e-01 4.582314361791280932e-01
2.469000000000000128e+01 2.440741488038669360e-01 4.663827571399598582e-01
2.469999999999999929e+01 2.441796645291686441e-01 4.741121112561277884e-01
2.471000000000000085e+01 2.442613540906077019e-01 4.814080490493745090e-01
2.471999999999999886e+01 2.443233510193611457e-01 4.882600165265993941e-01
2.473000000000000043e+01 2.443693385248833505e-01 4.946583397220220002e-01
2.474000000000000199e+01 2.444025721395753636e-01 5.005942047625073776e-01
2.475000000000000000e+01 2.444259049121879912e-01 5.060596342789467350e-01
2.476000000000000156e+01 2.444418144195695808e-01 5.110474610323860745e-01
2.476999999999999957e+01 2.444524308506260957e-01 5.155512996512363610e-01
2.478000000000000114e+01 2.444595654152343089e-01 5.195655173848644504e-01
2.478999999999999915e+01 2.444647383442839772e-01 5.230852047690077722e-01
2.480000000000000071e+01 2.444692057746528091e-01 5.261061470700575393e-01
2.481000000000000227e+01 2.444739848541558902e-01 5.286247973289249780e-01
2.482000000000000028e+01 2.444798764554695913e-01 5.306382517619702144e-01
2.483000000000000185e+01 2.444874849536493033e-01 5.321442281976639377e-01
2.483999999999999986e+01 2.444972345978193295e-01 5.331410481349304620e-01
2.485000000000000142e+01 2.445093820924497674e-01 5.336276229044238928e-01
2.485999999999999943e+01 2.445240250957036454e-01 5.336034442994697091e-01
2.487000000000000099e+01 2.445411064398809731e-01 5.330685799214609499e-01
2.487999999999999901e+01 2.445604139801669241e-01 5.320236733575915977e-01
2.489000000000000057e+01 2.445815760807631412e-01 5.304699491795913380e-01
2.490000000000000213e+01 2.446040528501483291e-01 5.284092226232041112e-01
2.491000000000000014e+01 2.446271233376874910e-01 5.258439136821969617e-01
2.492000000000000171e+01 2.446498690002437970e-01 5.227770652302493604e-01
2.492999999999999972e+01 2.446711538379737760e-01 5.192123646716445551e-01
2.494000000000000128e+01 2.446896016814089081e-01 5.151541685195647480e-01
2.494999999999999929e+01 2.447035711856463125e-01 5.106075292110784369e-01
2.496000000000000085e+01 2.447111291505551789e-01 5.055782233924631663e-01
2.496999999999999886e+01 2.447100228371343611e-01 5.000727808489005000e-01
2.498000000000000043e+01 2.446976519884834222e-01 4.940985132100452759e-01
2.499000000000000199e+01 2.446710412885008679e-01 4.876635415384392158e-01
2.500000000000000000e+01 2.446268140018526271e-01 4.807768219017108380e-01
2.501000000000000156e+01 2.445611675346925085e-01 4.734481680421701033e-01
2.501999999999999957e+01 2.444698516370566455e-01 4.656882702885020708e-01
2.503000000000000114e+01 2.443481499350849406e-01 4.575087099032100757e-01
2.503999999999999915e+01 2.441908654347964280e-01 4.489219681252200056e-01
2.505000000000000071e+01 2.439923105798894321e-01 4.399414292483294076e-01
2.506000000000000227e+01 2.437463023750516544e-01 4.305813771712471705e-01
2.507000000000000028e+01 2.434461630048659064e-01 4.208569849618620795e-01
2.508000000000000185e+01 2.430847262881614679e-01 4.107842970948527572e-01
2.508999999999999986e+01 2.426543502103177541e-01 4.003802041453536353e-01
2.510000000000000142e+01 2.421469356734963774e-01 3.896624098495032329e-01
2.510999999999999943e+01 2.415539514990875936e-01 3.786493905726187048e-01
2.512000000000000099e+01 2.408664656099233081e-01 3.673603473546747655e-01
2.512999999999999901e+01 2.400751822141805880e-01 3.558151508280198994e-01
2.514000000000000057e+01 2.391704847105225185e-01 3.440342794211289634e-01
2.515000000000000213e+01 2.381424839369790381e-01 3.320387513722134476e-01
2.516000000000000014e+01 2.369810712963486554e-01 3.198500511753419873e-01
2.517000000000000171e+01 2.356759762103151357e-01 3.074900511673581138e-01
2.517999999999999972e+01 2.342168272846761601e-01 2.949809290345826729e-01
2.519000000000000128e+01 2.325932165104576399e-01 2.823450820727080313e-01
2.519999999999999929e+01 2.307947657813558540e-01 2.696050390704425315e-01
2.521000000000000085e+01 2.288111949777506815e-01 2.567833707068358784e-01
2.521999999999999886e+01 2.266323908519344565e-01 2.439025993536893255e-01
2.523000000000000043e+01 2.242484759483811263e-01 2.309851091583710048e-01
2.524000000000000199e+01 2.216498768066161029e-01 2.180530572495098240e-01
2.525000000000000000e+01 2.188273907220133485e-01 2.051282868596201459e-01
2.526000000000000156e+01 2.157722503807547876e-01 1.922322430963073481e-01
2.526999999999999957e+01 2.124761857380381147e-01 1.793858920192635542e-01
2.528000000000000114e+01 2.089314825719367774e-01 1.666096435960042754e-01
2.528999999999999915e+01 2.051310372173649199e-01 1.539232790177002541e-01
2.530000000000000071e+01 2.010684070634377596e-01 1.413458827601604684e-01
2.531000000000000227e+01 1.967378564810720598e-01 1.288957796767472297e-01
2.532000000000000028e+01 1.921343979337334640e-01 1.165904773125006483e-01
2.533000000000000185e+01 1.872538281106052027e-01 1.044466135347099367e-01
2.533999999999999986e+01 1.820927590059145396e-01 9.247990948712381254e-02
2.535000000000000142e+01 1.766486439486026350e-01 8.070512779528143943e-02
2.535999999999999943e+01 1.709197986610030973e-01 6.913603588109959452e-02
2.537000000000000099e+01 1.649054174919236948e-01 5.778537418757037636e-02
2.537999999999999901e+01 1.586055850270180756e-01 4.666482907050007595e-02
2.539000000000000057e+01 1.520212833263651642e-01 3.578501008450159226e-02
2.540000000000000213e+01 1.451543950748725997e-01 2.515543137531758150e-02
2.541000000000000014e+01 1.380077029549627299e-01 1.478449688991810389e-02
2.542000000000000171e+01 1.305848855628531924e-01 4.679489129070105516e-03
2.542999999999999972e+01 1.228905101898241509e-01 -5.153438806803860468e-03
2.544000000000000128e+01 1.149300227787922735e-01 -1.470926809017421288e-02
2.544999999999999929e+01 1.067097353452210601e-01 -2.398411612207428101e-02
2.546000000000000085e+01 9.823681112117518821e-02 -3.297523568132631339e-02
2.546999999999999886e+01 8.951924764371042842e-02 -4.168101131866496639e-02
2.548000000000000043e+01 8.056585796556026136e-02 -5.010095298581531548e-02
2.549000000000000199e+01 7.138625011918277308e-02 -5.823568682887500514e-02
2.550000000000000000e+01 6.199080491671415949e-02 -6.608694301795672854e-02
2.551000000000000156e+01 5.239065212032499586e-02 -7.365754043363018089e-02
2.551999999999999957e+01 4.259764497195606819e-02 -8.095136798774607567e-02
2.553000000000000114e+01 3.262433303036210708e-02 -8.797336232394853406e-02
2.553999999999999915e+01 2.248393322861772653e-02 -9.472948162345029566e-02
2.555000000000000071e+01 1.219029903827374348e-02 -1.012266752359268218e-01
2.556000000000000227e+01 1.757887608494752927e-03 -1.074728488646553293e-01
2.557000000000000028e+01 -8.798275259335911619e-03 -1.134768250597583406e-01
2.558000000000000185e+01 -1.946263243826726330e-02 -1.192482988135496053e-01
2.558999999999999986e+01 -3.021913522684559900e-02 -1.247977881068862566e-01
2.560000000000000142e+01 -4.105128562357433786e-02 -1.301365793239647184e-01
2.560999999999999943e+01 -5.194218118959929159e-02 -1.352766675334868829e-01
2.562000000000000099e+01 -6.287456252128667544e-02 -1.402306917244165729e-01
2.562999999999999901e+01 -7.383086330352101045e-02 -1.450118651821243887e-01
2.564000000000000057e+01 -8.479326285767360694e-02 -1.496339012926971024e-01
2.565000000000000213e+01 -9.574374103715267703e-02 -1.541109351664448623e-01
2.566000000000000014e+01 -1.066641352603368564e-01 -1.584574415729556596e-01
2.567000000000000171e+01 -1.175361994077029903e-01 -1.626881497760811202e-01
2.567999999999999972e+01 -1.283416642493275528e-01 -1.668179559448281779e-01
2.569000000000000128e+01 -1.390622990128887460e-01 -1.708618338921860658e-01
2.569999999999999929e+01 -1.496799736529099978e-01 -1.748347449557399458e-01
2.571000000000000085e+01 -1.601767213411904867e-01 -1.787515478790759060e-01
2.571999999999999886e+01 -1.705348006678098494e-01 -1.826269095796460296e-01
2.573000000000000043e+01 -1.807367570231353526e-01 -1.864752176954937724e-01
2.574000000000000199e+01 -1.907654826248462443e-01 -1.903104957893479166e-01
2.575000000000000000e+01 -2.006042746607111515e-01 -1.941463220539048629e-01
2.576000000000000156e+01 -2.102368910378230593e-01 -1.979957523071884662e-01
2.576999999999999957e+01 -2.196476032619051055e-01 -2.018712479928607140e-01
2.578000000000000114e+01 -2.288212460153813688e-01 -2.057846098090613807e-01
2.578999999999999915e+01 -2.377432630589820517e-01 -2.097469174831522176e-01
2.580000000000000071e+01 -2.463997491471469625e-01 -2.137684760915067872e-01
2.581000000000000227e+01 -2.547774877204868615e-01 -2.178587691965289952e-01
2.582000000000000028e+01 -2.628639842168678520e-01 -2.220264189410286471e-01
2.583000000000000185e+01 -2.706474949238963368e-01 -2.262791531067652739e-01
2.583999999999999986e+01 -2.781170513771651920e-01 -2.306237790133225385e-01
2.585000000000000142e+01 -2.852624803880034476e-01 -2.350661640093767712e-01
2.585999999999999943e+01 -2.920744198591275764e-01 -2.396112221945945475e-01
2.587000000000000099e+01 -2.985443306141217779e-01 -2.442629069102636163e-01
2.587999999999999901e+01 -3.046645045249101735e-01 -2.490242084533504929e-01
2.589000000000000057e+01 -3.104280692684588949e-01 -2.538971564044926743e-01
2.590000000000000213e+01 -3.158289900783394777e-01 -2.588828259173614477e-01
2.591000000000000014e+01 -3.208620688774469487e-01 -2.639813472961257679e-01
2.592000000000000171e+01 -3.255229411844737797e-01 -2.691919181898777547e-01
2.592999999999999972e+01 -3.298080711786085528e-01 -2.745128177576282025e-01
2.594000000000000128e+01 -3.337147452847520346e-01 -2.799414222038078548e-01
2.594999999999999929e+01 -3.372410646062564687e-01 -2.854742211504178173e-01
2.596000000000000085e+01 -3.403859364851823388e-01 -2.911068343956160764e-01
2.596999999999999886e+01 -3.431490654131724161e-01 -2.968340287065998617e-01
2.598000000000000043e+01 -3.455309434514846068e-01 -3.026497344035941617e-01
2.599000000000000199e+01 -3.475328402490361346e-01 -3.085470616076455563e-01
2.600000000000000000e+01 -3.491567926752305873e-01 -3.145183161435194941e-01
2.601000000000000156e+01 -3.504055940127622226e-01 -3.205550152059675750e-01
2.601999999999999957e+01 -3.512827825874204613e-01 -3.266479030085864821e-01
2.603000000000000114e+01 -3.517926296499809258e-01 -3.327869667352888472e-01
2.603999999999999915e+01 -3.519401262722404722e-01 -3.389614532011219206e-01
2.605000000000000071e+01 -3.517309689774774650e-01 -3.451598866983708325e-01
2.606000000000000227e+01 -3.511715437971334453e-01 -3.513700885526937490e-01
2.607000000000000028e+01 -3.502689084318486024e-01 -3.575791989402432591e-01
2.608000000000000185e+01 -3.490307721971920851e-01 -3.637737015188809986e-01
2.608999999999999986e+01 -3.474654734529646349e-01 -3.699394514040786897e-01
2.610000000000000142e+01 -3.455819542497095553e-01 -3.760617069731433948e-01
2.610999999999999943e+01 -3.433897319762836409e-01 -3.821251659111264409e-01
2.612000000000000099e+01 -3.408988678567033137e-01 -3.881140058200937548e-01
2.612999999999999901e+01 -3.381199322210755032e-01 -3.940119296031339702e-01
2.614000000000000057e+01 -3.350639665618381224e-01 -3.998022157089803352e-01
2.615000000000000213e+01 -3.317424424799259586e-01 -4.054677731865078405e-01
2.616000000000000014e+01 -3.281672177226095943e-01 -4.109912013552028398e-01
2.617000000000000171e+01 -3.243504896122119119e-01 -4.163548537528609095e-01
2.617999999999999972e+01 -3.203047462590471461e-01 -4.215409058803278319e-01
2.619000000000000128e+01 -3.160427160392031976e-01 -4.265314261301564880e-01
2.619999999999999929e+01 -3.115773158946605892e-01 -4.313084491664855302e-01
2.621000000000000085e+01 -3.069215990765133961e-01 -4.358540509218825632e-01
2.621999999999999886e+01 -3.020887029988014727e-01 -4.401504242973854897e-01
2.623000000000000043e+01 -2.970917978983014796e-01 -4.441799545979620012e-01
2.624000000000000199e+01 -2.919440370026983866e-01 -4.479252937097722986e-01
2.625000000000000000e+01 -2.866585088946889126e-01 -4.513694320297012563e-01
2.626000000000000156e+01 -2.812481927222772460e-01 -4.544957671924472753e-01
2.626999999999999957e+01 -2.757259168461056453e-01 -4.572881687058265032e-01
2.628000000000000114e+01 -2.701043214341439236e-01 -4.597310376995775716e-01
2.628999999999999915e+01 -2.643958254142697029e-01 -4.618093611146427135e-01
2.630000000000000071e+01 -2.586125980787190581e-01 -4.635087598053687086e-01
2.631000000000000227e+01 -2.527665355042548745e-01 -4.648155301922758942e-01
2.632000000000000028e+01 -2.468692418119484422e-01 -4.657166792830560453e-01
2.633000000000000185e+01 -2.409320151449138026e-01 -4.661999530688425986e-01
2.633999999999999986e+01 -2.349658380957241888e-01 -4.662538584955692733e-01
2.635000000000000142e+01 -2.289813721723470419e-01 -4.658676794001875288e-01
2.635999999999999943e+01 -2.229889557570432779e-01 -4.650314869823485853e-01
2.637000000000000099e+01 -2.169986048914996635e-01 -4.637361455477243544e-01
2.637999999999999901e+01 -2.110200161179288658e-01 -4.619733144035720884e-01
2.639000000000000057e+01 -2.050625705239908225e-01 -4.597354469051831982e-01
2.640000000000000213e+01 -1.991353380826294817e-01 -4.570157877388617562e-01
2.641000000000000014e+01 -1.932470813490441419e-01 -4.538083695793651562e-01
2.642000000000000171e+01 -1.874062575780063855e-01 -4.501080102746081724e-01
2.642999999999999972e+01 -1.816210183566890901e-01 -4.459103116863074590e-01
2.644000000000000128e+01 -1.758992059112347572e-01 -4.412116612517490988e-01
2.644999999999999929e+01 -1.702483453386612056e-01 -4.360092372299052554e-01
2.646000000000000085e+01 -1.646756321375665855e-01 -4.303010184567759855e-01
2.646999999999999886e+01 -1.591879145587408451e-01 -4.240857992634342044e-01
2.648000000000000043e+01 -1.537916704665793222e-01 -4.173632100102301346e-01
2.649000000000000199e+01 -1.484929785897433629e-01 -4.101337434674097726e-01
2.650000000000000000e+01 -1.432974842397032877e-01 -4.023987870323121885e-01
2.651000000000000156e+01 -1.382103597830462993e-01 -3.941606605233137217e-01
2.651999999999999957e+01 -1.332362603617086028e-01 -3.854226590382266449e-01
2.653000000000000114e+01 -1.283792755584310941e-01 -3.761891001176381200e-01
2.653999999999999915e+01 -1.236428778965053127e-01 -3.664653742194023400e-01
2.655000000000000071e+01 -1.190298692372579042e-01 -3.562579972966810615e-01
2.656000000000000227e+01 -1.145423262900298750e-01 -3.455746640855968943e-01
2.657000000000000028e+01 -1.101815465725168725e-01 -3.344243005561062243e-01
2.658000000000000185e+01 -1.059479962498214439e-01 -3.228171138665576478e-01
2.658999999999999986e+01 -1.018412613348576023e-01 -3.107646380930503272e-01
2.660000000000000142e+01 -9.786000374824484205e-02 -2.982797739822773408e-01
2.660999999999999943e+01 -9.400192371102733535e-02 -2.853768210029575259e-01
2.662000000000000099e+01 -9.026372987804837100e-02 -2.720715000466513711e-01
2.662999999999999901e+01 -8.664111851441139156e-02 -2.583809652527366829e-01
2.664000000000000057e+01 -8.312876287409809439e-02 -2.443238036022058468e-01
2.665000000000000213e+01 -7.972031376156094029e-02 -2.299200211368953584e-01
2.666000000000000014e+01 -7.640841204809872833e-02 -2.151910149097466807e-01
2.667000000000000171e+01 -7.318471368009878131e-02 -2.001595300514701636e-01
2.667999999999999972e+01 -7.003992746166452787e-02 -1.848496016423746280e-01
2.669000000000000128e+01 -6.696386562624943861e-02 -1.692864813971711180e-01
2.669999999999999929e+01 -6.394550693764307348e-02 -1.534965494967700517e-01
2.671000000000000085e+01 -6.097307178723549576e-02 -1.375072122256873475e-01
2.671999999999999886e+01 -5.803410848919337423e-02 -1.213467863878405356e-01
2.673000000000000043e+01 -5.511558972512662496e-02 -1.050443717686788681e-01
2.674000000000000199e+01 -5.220401786174935083e-02 -8.862971317962342610e-02
2.675000000000000000e+01 -4.928553766513271706e-02 -7.213305385436132033e-02
2.676000000000000156e+01 -4.634605476881210884e-02 -5.558498215917513641e-02
2.676999999999999957e+01 -4.337135812478706137e-02 -3.901627372593158283e-02
2.678000000000000114e+01 -4.034724457977864609e-02 -2.245773121260277727e-02
2.678999999999999915e+01 -3.725964367632465107e-02 -5.940023939687572550e-03
2.680000000000000071e+01 -3.409474078047724371e-02 1.050647035944557960e-02
2.681000000000000227e+01 -3.083909668487327602e-02 2.685181949998574971e-02
2.682000000000000028e+01 -2.747976192636293960e-02 4.306668445968805936e-02
2.683000000000000185e+01 -2.400438418859759601e-02 5.912245874936319229e-02
2.683999999999999986e+01 -2.040130732824062612e-02 7.499139785003534897e-02
2.685000000000000142e+01 -1.665966076403360002e-02 9.064673727044206264e-02
2.685999999999999943e+01 -1.276943819516184603e-02 1.060627980522311775e-01
2.687000000000000099e+01 -8.721564862895769821e-03 1.212150788462673656e-01
2.687999999999999901e+01 -4.507952830468541991e-03 1.360803339934708034e-01
2.689000000000000057e+01 -1.215440233974925214e-04 1.506366373588798602e-01
2.690000000000000213e+01 4.443658961289567548e-03 1.648634319793493841e-01
2.691000000000000014e+01 9.192574010388001454e-03 1.787415658848981181e-01
2.692000000000000171e+01 1.412903210481179610e-02 1.922533147330758307e-01
2.692999999999999972e+01 1.925578065351951640e-02 2.053823921474210168e-01
2.694000000000000128e+01 2.457449662495922102e-02 2.181139488685960304e-01
2.694999999999999929e+01 3.008580838682898412e-02 2.304345620047546228e-01
2.696000000000000085e+01 3.578932503731840215e-02 2.423322158019330930e-01
2.696999999999999886e+01 4.168367192145670114e-02 2.537962754430335699e-01
2.698000000000000043e+01 4.776653097627110017e-02 2.648174554239342005e-01
2.699000000000000199e+01 5.403468453841805269e-02 2.753877840475475458e-01
2.700000000000000000e+01 6.048406127693727041e-02 2.855005655228843864e-01
2.701000000000000156e+01 6.710978297974366791e-02 2.951503410592505317e-01
2.701999999999999957e+01 7.390621102233520257e-02 3.043328502099338917e-01
2.703000000000000114e+01 8.086699147690577794e-02 3.130449935503944459e-01
2.703999999999999915e+01 8.798509797475581595e-02 3.212847975794174693e-01
2.705000000000000071e+01 9.525287160907217054e-02 3.290513825149119498e-01
2.706000000000000227e+01 1.026620573528267688e-01 3.363449334265952162e-01
2.707000000000000028e+01 1.102038366614576520e-01 3.431666749134585359e-01
2.708000000000000185e+01 1.178688561258061512e-01 3.495188493024889431e-01
2.708999999999999986e+01 1.256472522312817031e-01 3.554046981241565928e-01
2.710000000000000142e+01 1.335286724584956175e-01 3.608284464167617611e-01
2.710999999999999943e+01 1.415022931232569892e-01 3.657952892322695604e-01
2.712000000000000099e+01 1.495568344950900241e-01 3.703113795661997498e-01
2.712999999999999901e+01 1.576805738493678444e-01 3.743838168179745574e-01
2.714000000000000057e+01 1.658613571957114341e-01 3.780206348090816570e-01
2.715000000000000213e+01 1.740866104824115024e-01 3.812307883464781111e-01
2.716000000000000014e+01 1.823433511022672093e-01 3.840241373185173668e-01
2.717000000000000171e+01 1.906182005194251572e-01 3.864114273496631613e-01
2.717999999999999972e+01 1.988973988005838800e-01 3.884042661164081589e-01
2.719000000000000128e+01 2.071668217693386771e-01 3.900150945370406408e-01
2.719999999999999929e+01 2.154120014123737936e-01 3.912571521879132930e-01
2.721000000000000085e+01 2.236181500543662770e-01 3.921444364635598423e-01
2.721999999999999886e+01 2.317701886891615493e-01 3.926916551814461642e-01
2.723000000000000043e+01 2.398527797128412187e-01 3.929141725278788577e-01
2.724000000000000199e+01 2.478503641548452652e-01 3.928279484428733315e-01
2.725000000000000000e+01 2.557472033516123289e-01 3.924494717417088552e-01
2.726000000000000156e+01 2.635274248584869028e-01 3.917956874627527841e-01
2.726999999999999957e+01 2.711750722549336468e-01 3.908839191085302089e-01
2.728000000000000114e+01 2.786741583700351188e-01 3.897317866041346557e-01
2.728999999999999915e+01 2.860087213439408416e-01 3.883571209288521620e-01
2.730000000000000071e+01 2.931628828498482053e-01 3.867778764791532931e-01
2.731000000000000227e+01 3.001209077329164976e-01 3.850120422908871465e-01
2.732000000000000028e+01 3.068672642791037131e-01 3.830775532835994923e-01
2.733000000000000185e+01 3.133866843092469323e-01 3.809922026896033764e-01
2.733999999999999986e+01 3.196642223018310025e-01 3.787735567951723836e-01
2.735000000000000142e+01 3.256853127809904991e-01 3.764388730525720095e-01
2.735999999999999943e+01 3.314358252626716794e-01 3.740050225222849023e-01
2.737000000000000099e+01 3.369021161291168021e-01 3.714884174784378046e-01
2.737999999999999901e+01 3.420710768967477611e-01 3.689049448616313898e-01
2.739000000000000057e+01 3.469301784514706166e-01 3.662699060974182186e-01
2.740000000000000213e+01 3.514675109442421119e-01 3.635979636213577115e-01
2.741000000000000014e+01 3.556718191640708127e-01 3.609030942689951948e-01
2.742000000000000171e+01 3.595325333309505877e-01 3.581985495075334369e-01
2.742999999999999972e+01 3.630397953730894467e-01 3.554968223114861603e-01
2.744000000000000128e+01 3.661844808669353912e-01 3.528096203230473571e-01
2.744999999999999929e+01 3.689582169210108287e-01 3.501478447946113626e-01
2.746000000000000085e+01 3.713533963719938269e-01 3.475215746904324887e-01
2.746999999999999886e+01 3.733631887310238651e-01 3.449400552306625678e-01
2.748000000000000043e+01 3.749815483676617323e-01 3.424116900967495436e-01
2.749000000000000199e+01 3.762032204469588637e-01 3.399440364842599704e-01
2.750000000000000000e+01 3.770237451410329288e-01 3.375438021882711248e-01
2.751000000000000156e+01 3.774394606206721847e-01 3.352168439371672193e-01
2.751999999999999957e+01 3.774475052957374510e-01 3.329681662514630269e-01
2.753000000000000114e+01 3.770458197173121029e-01 3.308019201926107877e-01
2.753999999999999915e+01 3.762331484820354288e-01 3.287214014791718930e-01
2.755000000000000071e+01 3.750090423929038352e-01 3.267290475799314864e-01
2.756000000000000227e+01 3.733738610344864983e-01 3.248264335405686154e-01
2.757000000000000028e+01 3.713287758178376863e-01 3.230142664569128352e-01
2.758000000000000185e+01 3.688757734453981252e-01 3.212923786678822946e-01
2.758999999999999986e+01 3.660176596429982609e-01 3.196597198990517308e-01
2.760000000000000142e+01 3.627580629086552544e-01 3.181143487377243173e-01
2.760999999999999943e+01 3.591014379400324641e-01 3.166534239568938314e-01
2.762000000000000099e+01 3.550530683275381905e-01 3.152731963236323764e-01
2.762999999999999901e+01 3.506190680410787852e-01 3.139690016229131353e-01
2.764000000000000057e+01 3.458063811977183932e-01 3.127352556971182973e-01
2.765000000000000213e+01 3.406227795766474942e-01 3.115654523418937560e-01
2.766000000000000014e+01 3.350768573478393186e-01 3.104521649089682089e-01
2.767000000000000171e+01 3.291780225017770234e-01 3.093870524454587767e-01
2.767999999999999972e+01 3.229364845090818004e-01 3.083608711475562814e-01
2.769000000000000128e+01 3.163632377994539668e-01 3.073634918258184023e-01
2.769999999999999929e+01 3.094700407270485898e-01 3.063839239721335983e-01
2.771000000000000085e+01 3.022693897816309816e-01 3.054103468881551597e-01
2.771999999999999886e+01 2.947744889084458753e-01 3.044301481858454062e-01
2.773000000000000043e+01 2.869992139111407492e-01 3.034299698075261231e-01
2.774000000000000199e+01 2.789580720274737469e-01 3.023957615408160438e-01
2.775000000000000000e+01 2.706661568829247244e-01 3.013128418286112331e-01
2.776000000000000156e+01 2.621390991387237412e-01 3.001659655015321837e-01
2.776999999999999957e+01 2.533930132543778524e-01 2.989393978955776632e-01
2.778000000000000114e+01 2.444444408769086974e-01 2.976169946664278254e-01
2.778999999999999915e+01 2.353102914465519668e-01 2.961822864787262977e-01
2.780000000000000071e+01 2.260077806689337887e-01 2.946185676379944329e-01
2.781000000000000227e+01 2.165543675446574279e-01 2.929089876480213683e-01
2.782000000000000028e+01 2.069676906674385863e-01 2.910366446202088953e-01
2.783000000000000185e+01 1.972655045007417063e-01 2.889846794350537373e-01
2.783999999999999986e+01 1.874656163204011239e-01 2.867363695603016849e-01
2.785000000000000142e+01 1.775858244678047426e-01 2.842752214649046372e-01
2.785999999999999943e+01 1.676438584964390077e-01 2.815850606312870208e-01
2.787000000000000099e+01 1.576573217161862106e-01 2.786501182582095115e-01
2.787999999999999901e+01 1.476436365475552182e-01 2.754551138594066861e-01
2.789000000000000057e+01 1.376199929953408896e-01 2.719853330951683690e-01
2.790000000000000213e+01 1.276033004417536088e-01 2.682267003204450440e-01
2.791000000000000014e+01 1.176101428467923177e-01 2.641658454888140550e-01
2.792000000000000171e+01 1.076567373326210025e-01 2.597901652112925008e-01
2.792999999999999972e+01 9.775889602299817072e-02 2.550878779270812635e-01
2.794000000000000128e+01 8.793199091226711062e-02 2.500480732944037054e-01
2.794999999999999929e+01 7.819092145461940813e-02 2.446607560485531685e-01
2.796000000000000085e+01 6.855008449641918078e-02 2.389168846963633797e-01
2.796999999999999886e+01 5.902334612493160410e-02 2.328084055174766964e-01
2.798000000000000043e+01 4.962401497777773479e-02 2.263282824196379273e-01
2.799000000000000199e+01 4.036481655010049074e-02 2.194705232453134924e-01
2.800000000000000000e+01 3.125786805125747858e-02 2.122302031486299201e-01
2.801000000000000156e+01 2.231465339956771252e-02 2.046034856544223235e-01
2.801999999999999957e+01 1.354599800116751927e-02 1.965876419754940541e-01
2.803000000000000114e+01 4.962043035555935983e-03 1.881810691014966785e-01
2.803999999999999915e+01 -3.427780936571644520e-03 1.793833070855302969e-01
2.805000000000000071e+01 -1.161478112121449267e-02 1.701950558459255636e-01
2.806000000000000227e+01 -1.959103035658519079e-02 1.606181916747388139e-01
2.807000000000000028e+01 -2.734939553634770440e-02 1.506557835059552930e-01
2.808000000000000185e+01 -3.488356630747920656e-02 1.403121088503937464e-01
2.808999999999999986e+01 -4.218808363951909862e-02 1.295926691563028810e-01
2.810000000000000142e+01 -4.925836774929007178e-02 1.185042042102145005e-01
2.810999999999999943e+01 -5.609074476422037936e-02 1.070547050572927122e-01
2.812000000000000099e+01 -6.268247142209629197e-02 9.525342479945932139e-02
2.812999999999999901e+01 -6.903175703895637894e-02 8.311088652785185438e-02
2.814000000000000057e+01 -7.513778193283933426e-02 7.063888756793065826e-02
2.815000000000000213e+01 -8.100071147153017903e-02 5.785049916435274636e-02
2.816000000000000014e+01 -8.662170491885495816e-02 4.476006071125693958e-02
2.817000000000000171e+01 -9.200291828723228260e-02 3.138316764360911393e-02
2.817999999999999972e+01 -9.714750046402094441e-02 1.773665214748210844e-02
2.819000000000000128e+01 -1.020595819648151964e-01 3.838555921307607900e-03
2.819999999999999929e+01 -1.067442557765108241e-01 -1.029190567509968325e-02
2.821000000000000085e+01 -1.112075498842236693e-01 -2.463438861389120535e-02
2.821999999999999886e+01 -1.154563912257837582e-01 -3.916747470696922001e-02
2.823000000000000043e+01 -1.194985609817887234e-01 -5.386873582124570431e-02
2.824000000000000199e+01 -1.233426412837678454e-01 -6.871480779925720483e-02
2.825000000000000000e+01 -1.269979536032413703e-01 -8.368147387707690343e-02
2.826000000000000156e+01 -1.304744892654657873e-01 -9.874375718054324846e-02
2.826999999999999957e+01 -1.337828327084531199e-01 -1.138760216708927242e-01
2.828000000000000114e+01 -1.369340782755422425e-01 -1.290520807080105248e-01
2.828999999999999915e+01 -1.399397414836524578e-01 -1.442453122095883611e-01
2.830000000000000071e+01 -1.428116658450328536e-01 -1.594287792131033887e-01
2.831000000000000227e+01 -1.455619264339275964e-01 -1.745753544998046858e-01
2.832000000000000028e+01 -1.482027314778278093e-01 -1.896578478202682050e-01
2.833000000000000185e+01 -1.507463233132662617e-01 -2.046491341732545599e-01
2.833999999999999986e+01 -1.532048800765864194e-01 -2.195222815363601088e-01
2.835000000000000142e+01 -1.555904194997520806e-01 -2.342506764301392763e-01
2.835999999999999943e+01 -1.579147061498746840e-01 -2.488081457177835354e-01
2.837000000000000099e+01 -1.601891633893784417e-01 -2.631690730998547112e-01
2.837999999999999901e+01 -1.624247912430811791e-01 -2.773085088567008860e-01
2.839000000000000057e+01 -1.646320912412050641e-01 -2.912022715177852161e-01
2.840000000000000213e+01 -1.668209991664066083e-01 -3.048270402940235768e-01
2.841000000000000014e+01 -1.690008264719340125e-01 -3.181604372923640400e-01
2.842000000000000171e+01 -1.711802109610647549e-01 -3.311810987364952608e-01
2.842999999999999972e+01 -1.733670771295756641e-01 -3.438687346384819432e-01
2.844000000000000128e+01 -1.755686063778826855e-01 -3.562041765975597074e-01
2.844999999999999929e+01 -1.777912171025867183e-01 -3.681694136383501514e-01
2.846000000000000085e+01 -1.800405544833378613e-01 -3.797476162353429219e-01
2.846999999999999886e+01 -1.823214895949372416e-01 -3.909231488977146785e-01
2.848000000000000043e+01 -1.846381273009048973e-01 -4.016815719027388987e-01
2.849000000000000199e+01 -1.869938222274296902e-01 -4.120096329619585274e-01
2.850000000000000000e+01 -1.893912019792656498e-01 -4.218952497772484600e-01
2.851000000000000156e+01 -1.918321966447447957e-01 -4.313274845899007226e-01
2.851999999999999957e+01 -1.943180735479701216e-01 -4.402965119417104334e-01
2.853000000000000114e+01 -1.968494761440566232e-01 -4.487935809503794671e-01
2.853999999999999915e+01 -1.994264659188988709e-01 -4.568109734509631092e-01
2.855000000000000071e+01 -2.020485661484809348e-01 -4.643419593700802706e-01
2.856000000000000227e+01 -2.047148063936233831e-01 -4.713807506806074743e-01
2.857000000000000028e+01 -2.074237666529852309e-01 -4.779224552329747744e-01
2.858000000000000185e+01 -2.101736201681496941e-01 -4.839630316771153518e-01
2.858999999999999986e+01 -2.129621739672182823e-01 -4.894992465796011993e-01
2.860000000000000142e+01 -2.157869063444941005e-01 -4.945286347071082833e-01
2.860999999999999943e+01 -2.186450006001513513e-01 -4.990494632942926723e-01
2.862000000000000099e+01 -2.215333745015644618e-01 -5.030607009460031920e-01
2.862999999999999901e+01 -2.244487050733374178e-01 -5.065619916453744098e-01
2.864000000000000057e+01 -2.273874484720780909e-01 -5.095536341557387328e-01
2.865000000000000213e+01 -2.303458548507132109e-01 -5.120365669204697268e-01
2.866000000000000014e+01 -2.333199782618782248e-01 -5.140123583856438527e-01
2.867000000000000171e+01 -2.363056817871364290e-01 -5.154832025003730500e-01
2.867999999999999972e+01 -2.392986382053119143e-01 -5.164519189929712706e-01
2.869000000000000128e+01 -2.422943266262940487e-01 -5.169219578814246985e-01
2.869999999999999929e+01 -2.452880256139879922e-01 -5.168974075570209603e-01
2.871000000000000085e+01 -2.482748034018643912e-01 -5.163830056828864201e-01
2.871999999999999886e+01 -2.512495058655572766e-01 -5.153841520762392214e-01
2.873000000000000043e+01 -2.542067429584747296e-01 -5.139069226954466885e-01
2.874000000000000199e+01 -2.571408743382889162e-01 -5.119580838306755366e-01
2.875000000000000000e+01 -2.600459949148345995e-01 -5.095451055996245149e-01
2.876000000000000156e+01 -2.629159210342443820e-01 -5.066761738763874146e-01
2.876999999999999957e+01 -2.657441779814089244e-01 -5.033601998302130731e-01
2.878000000000000114e+01 -2.685239894347745682e-01 -4.996068263194841652e-01
2.878999999999999915e+01 -2.712482694461105792e-01 -4.954264304719657730e-01
2.880000000000000071e+01 -2.739096174454513366e-01 -4.908301218821461420e-01
2.881000000000000227e+01 -2.765003166904186904e-01 -4.858297359670307181e-01
2.882000000000000028e+01 -2.790123364920554794e-01 -4.804378221395199100e-01
2.883000000000000185e+01 -2.814373384587381954e-01 -4.746676265800497951e-01
2.883999999999999986e+01 -2.837666869081556520e-01 -4.685330695090055286e-01
2.885000000000000142e+01 -2.859914635071268418e-01 -4.620487169812565464e-01
2.885999999999999943e+01 -2.881024861123551717e-01 -4.552297473369837921e-01
2.887000000000000099e+01 -2.900903317040401941e-01 -4.480919125470312903e-01
2.887999999999999901e+01 -2.919453632302470569e-01 -4.406514947840158292e-01
2.889000000000000057e+01 -2.936577601144370608e-01 -4.329252586304828121e-01
2.890000000000000213e+01 -2.952175521226181876e-01 -4.249303994010795171e-01
2.891000000000000014e+01 -2.966146562408639720e-01 -4.166844881061363970e-01
2.892000000000000171e+01 -2.978389161788583261e-01 -4.082054136187661664e-01
2.892999999999999972e+01 -2.988801440906362350e-01 -3.995113226266813200e-01
2.894000000000000128e+01 -2.997281640895942401e-01 -3.906205579539110961e-01
2.894999999999999929e+01 -3.003728571305361861e-01 -3.815515958274144914e-01
2.896000000000000085e+01 -3.008042068362674626e-01 -3.723229826405423659e-01
2.896999999999999886e+01 -3.010123458590351908e-01 -3.629532717310336443e-01
2.898000000000000043e+01 -3.009876023868236494e-01 -3.534609606475819232e-01
2.899000000000000199e+01 -3.007205464298990383e-01 -3.438644293280531672e-01
2.900000000000000000e+01 -3.002020355527617035e-01 -3.341818795563085698e-01
2.901000000000000156e+01 -2.994232597494738135e-01 -3.244312760054635092e-01
2.901999999999999957e+01 -2.983757851949175866e-01 -3.146302891154749148e-01
2.903000000000000114e+01 -2.970515966396489738e-01 -3.047962399942034661e-01
2.903999999999999915e+01 -2.954431382505305903e-01 -2.949460474754809769e-01
2.905000000000000071e+01 -2.935433527322514058e-01 -2.850961774168638274e-01
2.906000000000000227e+01 -2.913457185953096662e-01 -2.752625942751529275e-01
2.907000000000000028e+01 -2.888442854633669343e-01 -2.654607149605072713e-01
2.908000000000000185e+01 -2.860337073365545879e-01 -2.557053649409581353e-01
2.908999999999999986e+01 -2.829092737469976471e-01 -2.460107365488426179e-01
2.910000000000000142e+01 -2.794669387583467723e-01 -2.363903494293269070e-01
2.910999999999999943e+01 -2.757033477724877835e-01 -2.268570130686910769e-01
2.912000000000000099e+01 -2.716158621139671547e-01 -2.174227913459667039e-01
2.912999999999999901e+01 -2.672025813663557181e-01 -2.080989690652015056e-01
2.914000000000000057e+01 -2.624623634351401225e-01 -1.988960204461487080e-01
2.915000000000000213e+01 -2.573948423093235793e-01 -1.898235795774342871e-01
2.916000000000000014e+01 -2.520004434892698653e-01 -1.808904128669364675e-01
2.917000000000000171e+01 -2.462803970420890665e-01 -1.721043935578647210e-01
2.917999999999999972e+01 -2.402367482386562614e-01 -1.634724784143476439e-01
2.919000000000000128e+01 -2.338723657188300498e-01 -1.550006867157487922e-01
2.919999999999999929e+01 -2.271909471242147815e-01 -1.466940817329624724e-01
2.921000000000000085e+01 -2.201970221314715759e-01 -1.385567548911714186e-01
2.921999999999999886e+01 -2.128959528142493896e-01 -1.305918128506657894e-01
2.923000000000000043e+01 -2.052939312587565013e-01 -1.228013677591550668e-01
2.924000000000000199e+01 -1.973979743571837031e-01 -1.151865309445322533e-01
2.925000000000000000e+01 -1.892159157049450868e-01 -1.077474103254395243e-01
2.926000000000000156e+01 -1.807563945322142596e-01 -1.004831118176325450e-01
2.926999999999999957e+01 -1.720288416076374560e-01 -9.339174500662586476e-02
2.928000000000000114e+01 -1.630434620624275632e-01 -8.647043334125631420e-02
2.928999999999999915e+01 -1.538112150962350488e-01 -7.971532907867101558e-02
2.930000000000000071e+01 -1.443437905421320888e-01 -7.312163317909867177e-02
2.931000000000000227e+01 -1.346535822865244370e-01 -6.668362030906420379e-02
2.932000000000000028e+01 -1.247536585605642373e-01 -6.039466906515281869e-02
2.933000000000000185e+01 -1.146577291423609563e-01 -5.424729747783665207e-02
2.933999999999999986e+01 -1.043801095335938484e-01 -4.823320379727558810e-02
2.935000000000000142e+01 -9.393568219964346100e-02 -4.234331250150359660e-02
2.935999999999999943e+01 -8.333985498862074570e-02 -3.656782540326256742e-02
2.937000000000000099e+01 -7.260851687125922937e-02 -3.089627766623062946e-02
2.937999999999999901e+01 -6.175799117006273986e-02 -2.531759847588177514e-02
2.939000000000000057e+01 -5.080498647193437689e-02 -1.982017604604012842e-02
2.940000000000000213e+01 -3.976654544326742313e-02 -1.439192658073394984e-02
2.941000000000000014e+01 -2.865999178973536315e-02 -9.020366753460410530e-03
2.942000000000000171e+01 -1.750287562434052827e-02 -3.692689213708468324e-03
2.942999999999999972e+01 -6.312917526270946447e-03 1.604159415361895453e-03
2.944000000000000128e+01 4.892048410582960395e-03 6.883398622799933794e-03
2.944999999999999929e+01 1.609413222731604157e-02 1.215833278446887440e-02
2.946000000000000085e+01 2.727544612579343997e-02 1.744226925312818838e-02
2.946999999999999886e+01 3.841816254196213365e-02 2.274843640297461583e-02
2.948000000000000043e+01 4.950457193538570361e-02 2.808990227018201558e-02
2.949000000000000199e+01 6.051713996476509871e-02 3.347949442375375978e-02
2.950000000000000000e+01 7.143856372415990919e-02 3.892972168410013117e-02
2.951000000000000156e+01 8.225182672341226076e-02 4.445269828044487448e-02
2.951999999999999957e+01 9.294025230883268263e-02 5.006007100299621204e-02
2.953000000000000114e+01 1.034875552363503370e-01 5.576294986244181850e-02
2.953999999999999915e+01 1.138778911288294837e-01 6.157184271864304254e-02
2.955000000000000071e+01 1.240959035718006837e-01 6.749659428344458034e-02
2.956000000000000227e+01 1.341267686270523896e-01 7.354632984046161059e-02
2.957000000000000028e+01 1.439562365709556868e-01 7.972940395885845521e-02
2.958000000000000185e+01 1.535706706935169030e-01 8.605335440988826079e-02
2.958999999999999986e+01 1.629570830244455315e-01 9.252486142576658856e-02
2.960000000000000142e+01 1.721031668833679085e-01 9.914971237178281382e-02
2.960999999999999943e+01 1.809973261821263835e-01 1.059327718358833714e-01
2.962000000000000099e+01 1.896287014372175228e-01 1.128779570767201729e-01
2.962999999999999901e+01 1.979871924792547533e-01 1.199882187126755789e-01
2.964000000000000057e+01 2.060634778732685080e-01 1.272655264818965404e-01
2.965000000000000213e+01 2.138490310881421830e-01 1.347108598579658811e-01
2.966000000000000014e+01 2.213361334750238996e-01 1.423242032684027825e-01
2.967000000000000171e+01 2.285178841327344668e-01 1.501045456344187456e-01
2.967999999999999972e+01 2.353882067526903432e-01 1.580498839306923309e-01
2.969000000000000128e+01 2.419418535464565867e-01 1.661572304536108047e-01
2.969999999999999929e+01 2.481744063656453891e-01 1.744226234853650248e-01
2.971000000000000085e+01 2.540822751265116031e-01 1.828411410491975475e-01
2.971999999999999886e+01 2.596626936504284888e-01 1.914069174673778406e-01
2.973000000000000043e+01 2.649137130267588125e-01 2.001131624573206924e-01
2.974000000000000199e+01 2.698341925968947286e-01 2.089521825315635017e-01
2.975000000000000000e+01 2.744237886479701238e-01 2.179154045028474929e-01
2.976000000000000156e+01 2.786829408926181362e-01 2.269934009348275883e-01
2.976999999999999957e+01 2.826128567978996586e-01 2.361759174203953704e-01
2.978000000000000114e+01 2.862154938129796156e-01 2.454519016115565277e-01
2.978999999999999915e+01 2.894935395321504013e-01 2.548095339655570557e-01
2.980000000000000071e+01 2.924503898182560513e-01 2.642362602097713120e-01
2.981000000000000227e+01 2.950901249023322737e-01 2.737188255611347487e-01
2.982000000000000028e+01 2.974174834691332703e-01 2.832433107630895619e-01
2.983000000000000185e+01 2.994378347359217263e-01 2.927951700227700571e-01
2.983999999999999986e+01 3.011571485340327481e-01 3.023592709423701397e-01
2.985000000000000142e+01 3.025819634097883792e-01 3.119199365404479729e-01
2.985999999999999943e+01 3.037193527736004595e-01 3.214609894507793331e-01
2.987000000000000099e+01 3.045768891436885228e-01 3.309657983680702187e-01
2.987999999999999901e+01 3.051626065536396371e-01 3.404173267815247539e-01
2.989000000000000057e+01 3.054849612207182763e-01 3.497981839994289688e-01
2.990000000000000213e+01 3.055527906038643104e-01 3.590906784214603076e-01
2.991000000000000014e+01 3.053752710159201023e-01 3.682768729615595316e-01
2.992000000000000171e+01 3.049618739928359745e-01 3.773386424644983306e-01
2.992999999999999972e+01 3.043223216622591987e-01 3.862577328955306144e-01
2.994000000000000128e+01 3.034665413937042699e-01 3.950158220168677459e-01
2.994999999999999929e+01 3.024046200509979965e-01 4.035945811993864596e-01
2.996000000000000085e+01 3.011467582033705570e-01 4.119757379553599108e-01
2.996999999999999886e+01 2.997032246828889579e-01 4.201411387205215009e-01
2.998000000000000043e+01 2.980843119013549813e-01 4.280728113638065380e-01
2.999000000000000199e+01 2.963002923578910708e-01 4.357530268629349890e-01
3.000000000000000000e+01 2.943613767778509027e-01 4.431643595556936099e-01
3.001000000000000156e+01 2.922776743232954888e-01 4.502897453621153567e-01
3.001999999999999957e+01 2.900591553041455550e-01 4.571125373732348174e-01
3.003000000000000114e+01 2.877156167966141154e-01 4.636165582187278811e-01
3.003999999999999915e+01 2.852566515413170189e-01 4.697861486591453639e-01
3.005000000000000071e+01 2.826916204475844463e-01 4.756062118986684739e-01
3.006000000000000227e+01 2.800296289733307242e-01 4.810622531809451985e-01
3.007000000000000028e+01 2.772795075821710697e-01 4.861404143125799826e-01
3.008000000000000185e+01 2.744497964024347758e-01 4.908275028547447461e-01
3.008999999999999986e+01 2.715487341278384759e-01 4.951110158311377019e-01
3.010000000000000142e+01 2.685842511086972140e-01 4.989791579175833491e-01
3.010999999999999943e+01 2.655639664878137185e-01 5.024208542020869306e-01
3.012000000000000099e+01 2.624951891390079339e-01 5.054257577308075566e-01
3.012999999999999901e+01 2.593849220712026171e-01 5.079842521817192758e-01
3.014000000000000057e+01 2.562398698697993527e-01 5.100874501299924590e-01
3.015000000000000213e+01 2.530664486625051057e-01 5.117271874836156753e-01
3.016000000000000014e+01 2.498707980215221780e-01 5.128960147708437889e-01
3.017000000000000171e+01 2.466587941507014103e-01 5.135871860491643126e-01
3.017999999999999972e+01 2.434360636572485970e-01 5.137946462754543475e-01
3.019000000000000128e+01 2.402079971750089860e-01 5.135130180260103483e-01
3.019999999999999929e+01 2.369797620919286696e-01 5.127375884808654805e-01
3.021000000000000085e+01 2.337563136393503438e-01 5.114642975875370867e-01
3.021999999999999886e+01 2.305424036261361220e-01 5.096897282939830687e-01
3.023000000000000043e+01 2.273425861465117881e-01 5.074110996887478686e-01
3.024000000000000199e+01 2.241612196567016602e-01 5.046262638084358931e-01
3.025000000000000000e+01 2.210024649009912356e-01 5.013337067699146221e-01
3.026000000000000156e+01 2.178702782713751729e-01 4.975325547589568020e-01
3.026999999999999957e+01 2.147684003043815182e-01 4.932225852610392924e-01
3.028000000000000114e+01 2.117003391514761523e-01 4.884042437570020323e-01
3.028999999999999915e+01 2.086693490026184650e-01 4.830786659302256369e-01
3.030000000000000071e+01 2.056784035926429166e-01 4.772477052472686720e-01
3.031000000000000227e+01 2.027301650734315286e-01 4.709139655853734063e-01
3.032000000000000028e+01 1.998269486873616441e-01 4.640808383929383996e-01
3.033000000000000185e+01 1.969706838251782943e-01 4.567525436881765821e-01
3.033999999999999986e+01 1.941628721901651478e-01 4.489341740318831264e-01
3.035000000000000142e+01 1.914045439162980200e-01 4.406317404574931484e-01
3.035999999999999943e+01 1.886962125972198590e-01 4.318522192100996970e-01
3.037000000000000099e+01 1.860378302719648824e-01 4.226035980399706071e-01
3.037999999999999901e+01 1.834287434794338867e-01 4.128949207189592241e-01
3.039000000000000057e+01 1.808676515342605429e-01 4.027363284029019663e-01
3.040000000000000213e+01 1.783525681901278193e-01 3.921390964516697220e-01
3.041000000000000014e+01 1.758807878416865922e-01 3.811156653421587936e-01
3.042000000000000171e+01 1.734488573726382099e-01 3.696796643683666894e-01
3.042999999999999972e+01 1.710525546856695445e-01 3.578459269160540468e-01
3.044000000000000128e+01 1.686868748509460503e-01 3.456304962256061541e-01
3.044999999999999929e+01 1.663460246856870162e-01 3.330506207129501628e-01
3.046000000000000085e+01 1.640234264306142387e-01 3.201247381012122251e-01
3.046999999999999886e+01 1.617117310230582194e-01 3.068724478209265416e-01
3.048000000000000043e+01 1.594028412850773402e-01 2.933144713590621344e-01
3.049000000000000199e+01 1.570879451524208603e-01 2.794726004713973810e-01
3.050000000000000000e+01 1.547575588712301886e-01 2.653696334129662104e-01
3.051000000000000156e+01 1.524015798889288009e-01 2.510292995812994366e-01
3.051999999999999957e+01 1.500093489688081316e-01 2.364761732008451300e-01
3.053000000000000114e+01 1.475697208693329820e-01 2.217355768982159914e-01
3.053999999999999915e+01 1.450711427539488896e-01 2.068334762210829181e-01
3.055000000000000071e+01 1.425017393396142140e-01 1.917963663333329682e-01
3.056000000000000227e+01 1.398494036564335019e-01 1.766511522709026949e-01
3.057000000000000028e+01 1.371018921800503665e-01 1.614250242626320553e-01
3.058000000000000185e+01 1.342469230156693727e-01 1.461453297055395062e-01
3.058999999999999986e+01 1.312722757597277190e-01 1.308394434320974686e-01
3.060000000000000142e+01 1.281658916435567397e-01 1.155346379173616544e-01
3.060999999999999943e+01 1.249159725732412879e-01 1.002579550462718988e-01
3.062000000000000099e+01 1.215110777208009002e-01 8.503608099718715230e-02
3.062999999999999901e+01 1.179402163924737901e-01 6.989522569892056558e-02
3.064000000000000057e+01 1.141929359981259939e-01 5.486100818829164893e-02
3.065000000000000213e+01 1.102594040687646104e-01 3.995834903751382949e-02
3.066000000000000014e+01 1.061304834132577035e-01 2.521137084029480627e-02
3.067000000000000171e+01 1.017977996665479640e-01 1.064330754771648270e-02
3.067999999999999972e+01 9.725380065536284868e-02 -3.723576764463627526e-03
3.069000000000000128e+01 9.249180718882717145e-02 -1.786805933041155092e-02
3.069999999999999929e+01 8.750605506546607626e-02 -3.177002017840248327e-02
3.071000000000000085e+01 8.229172826985824141e-02 -4.541049372000253298e-02
3.071999999999999886e+01 7.684498350675911249e-02 -5.877171069497193201e-02
3.073000000000000043e+01 7.116296638329290547e-02 -7.183713090022346426e-02
3.074000000000000199e+01 6.524381969661664782e-02 -8.459146728638383683e-02
3.075000000000000000e+01 5.908668441165246255e-02 -9.702070213438822310e-02
3.076000000000000156e+01 5.269169401806939046e-02 -1.091120961240466952e-01
3.076999999999999957e+01 4.605996303539632020e-02 -1.208541911745487085e-01
3.078000000000000114e+01 3.919357048847522257e-02 -1.322368079723538203e-01
3.078999999999999915e+01 3.209553920177373593e-02 -1.432510391048237020e-01
3.080000000000000071e+01 2.476981176052271694e-02 -1.538892386893023767e-01
3.081000000000000227e+01 1.722122396025175736e-02 -1.641450093291411672e-01
3.082000000000000028e+01 9.455476515824658146e-03 -1.740131871433578947e-01
3.083000000000000185e+01 1.479105729032695197e-03 -1.834898255089467967e-01
3.083999999999999986e+01 -6.700546276685589303e-03 -1.925721780287966145e-01
3.085000000000000142e+01 -1.507536125112804784e-02 -2.012586810987172237e-01
3.085999999999999943e+01 -2.363647405459788284e-02 -2.095489362996075522e-01
3.087000000000000099e+01 -3.237430117283492115e-02 -2.174436926908974443e-01
3.087999999999999901e+01 -4.127856836939727825e-02 -2.249448289346510088e-01
3.089000000000000057e+01 -5.033833745739255822e-02 -2.320553350415598959e-01
3.090000000000000213e+01 -5.954203228792649683e-02 -2.387792934055447680e-01
3.091000000000000014e+01 -6.887746415751692941e-02 -2.451218586873783467e-01
3.092000000000000171e+01 -7.833185692751191975e-02 -2.510892360235291165e-01
3.092999999999999972e+01 -8.789187222226370333e-02 -2.566886569773998983e-01
3.094000000000000128e+01 -9.754363512712375950e-02 -2.619283526184819078e-01
3.094999999999999929e+01 -1.072727608405882604e-01 -2.668175231119189195e-01
3.096000000000000085e+01 -1.170643827462672232e-01 -2.713663032267719655e-01
3.097000000000000242e+01 -1.269031823596538933e-01 -2.755857232251516242e-01
3.098000000000000043e+01 -1.367734215726025548e-01 -2.794876646745440563e-01
3.099000000000000199e+01 -1.466589775663665884e-01 -2.830848108294373722e-01
3.100000000000000000e+01 -1.565433806941155526e-01 -2.863905913522561963e-01
3.101000000000000156e+01 -1.664098555486936137e-01 -2.894191212833891469e-01
3.101999999999999957e+01 -1.762413653342453645e-01 -2.921851343210212226e-01
3.103000000000000114e+01 -1.860206595547862773e-01 -2.947039106283220744e-01
3.103999999999999915e+01 -1.957303249227240749e-01 -2.969911995429483365e-01
3.105000000000000071e+01 -2.053528392797420721e-01 -2.990631377163096571e-01
3.106000000000000227e+01 -2.148706282153257652e-01 -3.009361633523499058e-01
3.107000000000000028e+01 -2.242661239684298202e-01 -3.026269273427231732e-01
3.108000000000000185e+01 -2.335218261088945757e-01 -3.041522022027260408e-01
3.108999999999999986e+01 -2.426203634204322779e-01 -3.055287897963591126e-01
3.110000000000000142e+01 -2.515445563489736025e-01 -3.067734288963601674e-01
3.110999999999999943e+01 -2.602774793409664000e-01 -3.079027036538509177e-01
3.112000000000000099e+01 -2.688025223772576022e-01 -3.089329540511147609e-01
3.112999999999999901e+01 -2.771034510101530457e-01 -3.098801893798337481e-01
3.114000000000000057e+01 -2.851644642340728231e-01 -3.107600057265992310e-01
3.115000000000000213e+01 -2.929702495631434367e-01 -3.115875083595448514e-01
3.116000000000000014e+01 -3.005060347505674745e-01 -3.123772397971987802e-01
3.117000000000000171e+01 -3.077576356625865706e-01 -3.131431142067268025e-01
3.117999999999999972e+01 -3.147114999115451783e-01 -3.138983586278951132e-01
3.119000000000000128e+01 -3.213547459548312668e-01 -3.146554613562040914e-01
3.119999999999999929e+01 -3.276751974757125541e-01 -3.154261276490040733e-01
3.121000000000000085e+01 -3.336614129745542612e-01 -3.162212427475001308e-01
3.122000000000000242e+01 -3.393027106106602520e-01 -3.170508420409635097e-01
3.123000000000000043e+01 -3.445891884422117579e-01 -3.179240880425928673e-01
3.124000000000000199e+01 -3.495117403107452780e-01 -3.188492537044116393e-01
3.125000000000000000e+01 -3.540620677039715281e-01 -3.198337114759417510e-01
3.126000000000000156e+01 -3.582326880034986671e-01 -3.208839274120846574e-01
3.126999999999999957e+01 -3.620169395797663836e-01 -3.220054595628306093e-01
3.128000000000000114e+01 -3.654089842333896332e-01 -3.232029598333230891e-01
3.128999999999999915e+01 -3.684038074990321210e-01 -3.244801784887193508e-01
3.130000000000000071e+01 -3.709972173244389104e-01 -3.258399704944063835e-01
3.131000000000000227e+01 -3.731858416137137091e-01 -3.272843029276916726e-01
3.132000000000000028e+01 -3.749671250813442214e-01 -3.288142627702353993e-01
3.133000000000000185e+01 -3.763393258036428213e-01 -3.304300644884882177e-01
3.133999999999999986e+01 -3.773015117795313622e-01 -3.321310569285811920e-01
3.135000000000000142e+01 -3.778535577259085065e-01 -3.339157291881429401e-01
3.135999999999999943e+01 -3.779961422375597291e-01 -3.357817152753881929e-01
3.137000000000000099e+01 -3.777307453414187610e-01 -3.377257975201848894e-01
3.137999999999999901e+01 -3.770596463738550286e-01 -3.397439088569875199e-01
3.139000000000000057e+01 -3.759859220115051026e-01 -3.418311342498774330e-01
3.140000000000000213e+01 -3.745134441948584358e-01 -3.439817116699150357e-01
3.141000000000000014e+01 -3.726468776029835395e-01 -3.461890331594226766e-01
3.142000000000000171e+01 -3.703916762707296639e-01 -3.484456466219615911e-01
3.142999999999999972e+01 -3.677540788892551538e-01 -3.507432590566919584e-01
3.144000000000000128e+01 -3.647411022990376672e-01 -3.530727420083068502e-01
3.144999999999999929e+01 -3.613605326731576528e-01 -3.554241400266118234e-01
3.146000000000000085e+01 -3.576209138984093872e-01 -3.577866829218417366e-01
3.147000000000000242e+01 -3.535315326927552793e-01 -3.601488025628452050e-01
3.148000000000000043e+01 -3.491024000490196011e-01 -3.624981548962602496e-01
3.149000000000000199e+01 -3.443442286650574280e-01 -3.648216477677458935e-01
3.150000000000000000e+01 -3.392684061076870483e-01 -3.671054750042148096e-01
3.151000000000000156e+01 -3.338869635585970386e-01 -3.693351570727296251e-01
3.151999999999999957e+01 -3.282125401018163857e-01 -3.714955884719215451e-01
3.153000000000000114e+01 -3.222583426303178289e-01 -3.735710918407743053e-01
3.153999999999999915e+01 -3.160381015697776852e-01 -3.755454785930754102e-01
3.155000000000000071e+01 -3.095660227361078931e-01 -3.774021157097627865e-01
3.156000000000000227e+01 -3.028567357558267781e-01 -3.791239981517883217e-01
3.157000000000000028e+01 -2.959252395804377600e-01 -3.806938261988342953e-01
3.158000000000000185e+01 -2.887868457139010081e-01 -3.820940868797513268e-01
3.158999999999999986e+01 -2.814571198425579457e-01 -3.833071385438600043e-01
3.160000000000000142e+01 -2.739518226066354201e-01 -3.843152975324877207e-01
3.160999999999999943e+01 -2.662868502795403547e-01 -3.851009258506311594e-01
3.162000000000000099e+01 -2.584781761241067843e-01 -3.856465187117560922e-01
3.162999999999999901e+01 -2.505417931732014103e-01 -3.859347908357247392e-01
3.164000000000000057e+01 -2.424936591358720084e-01 -3.859487604207542666e-01
3.165000000000000213e+01 -2.343496440606964437e-01 -3.856718297841190690e-01
3.166000000000000014e+01 -2.261254812970982242e-01 -3.850878617707881313e-01
3.167000000000000171e+01 -2.178367221859426328e-01 -3.841812511610951386e-01
3.167999999999999972e+01 -2.094986947861514903e-01 -3.829369904636206190e-01
3.169000000000000128e+01 -2.011264668084824792e-01 -3.813407296526675205e-01
3.169999999999999929e+01 -1.927348127855186000e-01 -3.793788295952413292e-01
3.171000000000000085e+01 -1.843381853631975709e-01 -3.770384091041272256e-01
3.172000000000000242e+01 -1.759506904588932774e-01 -3.743073857449124575e-01
3.173000000000000043e+01 -1.675860658991513985e-01 -3.711745107090891338e-01
3.174000000000000199e+01 -1.592576630315351571e-01 -3.676293982362359158e-01
3.175000000000000000e+01 -1.509784307041197593e-01 -3.636625502196776938e-01
3.176000000000000156e+01 -1.427609009269881213e-01 -3.592653767564902845e-01
3.176999999999999957e+01 -1.346171754759383221e-01 -3.544302134995354625e-01
3.178000000000000114e+01 -1.265589126720743640e-01 -3.491503367326527218e-01
3.178999999999999915e+01 -1.185973135736912293e-01 -3.434199771174935578e-01
3.180000000000000071e+01 -1.107431068496012444e-01 -3.372343330502738379e-01
3.181000000000000227e+01 -1.030065316655135316e-01 -3.305895845187032389e-01
3.182000000000000028e+01 -9.539731800599536571e-02 -3.234829082645176435e-01
3.183000000000000185e+01 -8.792466397166005809e-02 -3.159124949377035141e-01
3.183999999999999986e+01 -8.059720973134869293e-02 -3.078775687781085124e-01
3.185000000000000142e+01 -7.342300796819219155e-02 -2.993784101832713818e-01
3.185999999999999943e+01 -6.640949083179263635e-02 -2.904163813234958980e-01
3.187000000000000099e+01 -5.956343359103569851e-02 -2.809939547527903203e-01
3.187999999999999901e+01 -5.289091536746225175e-02 -2.711147447442084357e-01
3.189000000000000057e+01 -4.639727751171194431e-02 -2.607835408576907321e-01
3.190000000000000213e+01 -4.008708035923193996e-02 -2.500063430351721627e-01
3.191000000000000014e+01 -3.396405926031431655e-02 -2.387903973188857665e-01
3.192000000000000171e+01 -2.803108091798490326e-02 -2.271442311114904578e-01
3.192999999999999972e+01 -2.229010118024028764e-02 -2.150776867473867815e-01
3.194000000000000128e+01 -1.674212551621639608e-02 -2.026019520290936737e-01
3.194999999999999929e+01 -1.138717345548877040e-02 -1.897295863055726561e-01
3.196000000000000085e+01 -6.224248283247124473e-03 -1.764745406345721024e-01
3.197000000000000242e+01 -1.251313259966995405e-03 -1.628521705807746967e-01
3.198000000000000043e+01 3.534724428015102032e-03 -1.488792402568039075e-01
3.199000000000000199e+01 8.138020880263913126e-03 -1.345739163146251471e-01
3.200000000000000000e+01 1.256379288480755779e-02 -1.199557507387834787e-01
3.200999999999999801e+01 1.681830470785456930e-02 -1.050456514771480332e-01
3.202000000000000313e+01 2.090884366361094038e-02 -8.986584016496190763e-02
3.203000000000000114e+01 2.484368407758069316e-02 -7.443979644848525146e-02
3.203999999999999915e+01 2.863203949535057455e-02 -5.879218868880166371e-02
3.204999999999999716e+01 3.228400323941885142e-02 -4.294879111708117120e-02
3.206000000000000227e+01 3.581047767240188445e-02 -2.693638781181385833e-02
3.207000000000000028e+01 3.922309277902263219e-02 -1.078266416793949301e-02
3.207999999999999829e+01 4.253411492467319699e-02 5.483913180978790096e-03
3.209000000000000341e+01 4.575634687825214791e-02 2.183422675162214471e-02
3.210000000000000142e+01 4.890302039498154590e-02 3.823864742442120712e-02
3.210999999999999943e+01 5.198768283516454203e-02 5.466718077632010814e-02
3.211999999999999744e+01 5.502407944223262209e-02 7.108961864627619254e-02
3.213000000000000256e+01 5.802603301374056888e-02 8.747569390898606023e-02
3.214000000000000057e+01 6.100732276902015583e-02 1.037952363415831081e-01
3.214999999999999858e+01 6.398156424490743233e-02 1.200183274272849238e-01
3.216000000000000369e+01 6.696209203544872812e-02 1.361154519505430038e-01
3.217000000000000171e+01 6.996184713306913272e-02 1.520576443000205280e-01
3.217999999999999972e+01 7.299327052887862044e-02 1.678166275071108771e-01
3.218999999999999773e+01 7.606820459125884781e-02 1.833649432057558593e-01
3.220000000000000284e+01 7.919780356836741975e-02 1.986760708996714586e-01
3.221000000000000085e+01 8.239245435640099591e-02 2.137245351603093979e-01
3.221999999999999886e+01 8.566170844691124719e-02 2.284859996464106424e-01
3.223000000000000398e+01 8.901422571932490757e-02 2.429373471265419693e-01
3.224000000000000199e+01 9.245773048574353059e-02 2.570567449915887592e-01
3.225000000000000000e+01 9.599897993099615334e-02 2.708236960565042484e-01
3.225999999999999801e+01 9.964374482879830019e-02 2.842190747612493573e-01
3.227000000000000313e+01 1.033968021615919858e-01 2.972251491815067759e-01
3.228000000000000114e+01 1.072619390337349043e-01 3.098255895424747441e-01
3.228999999999999915e+01 1.112419670512076186e-01 3.220054641865152667e-01
3.229999999999999716e+01 1.153387461512432044e-01 3.337512241711229621e-01
3.231000000000000227e+01 1.195532167067653029e-01 3.450506778620840986e-01
3.232000000000000028e+01 1.238854386068066610e-01 3.558929570334003478e-01
3.232999999999999829e+01 1.283346359276852644e-01 3.662684760874918566e-01
3.234000000000000341e+01 1.328992457620556678e-01 3.761688860645284738e-01
3.235000000000000142e+01 1.375769697643271783e-01 3.855870251181240382e-01
3.235999999999999943e+01 1.423648270005201111e-01 3.945168670969750879e-01
3.236999999999999744e+01 1.472592067565388074e-01 4.029534697906419494e-01
3.238000000000000256e+01 1.522559200581774241e-01 4.108929242760371303e-01
3.239000000000000057e+01 1.573502487851849985e-01 4.183323066439323390e-01
3.239999999999999858e+01 1.625369914158395490e-01 4.252696331974543109e-01
3.241000000000000369e+01 1.678105046125913102e-01 4.317038200034521989e-01
3.242000000000000171e+01 1.731647400478186216e-01 4.376346474496332628e-01
3.242999999999999972e+01 1.785932760657440443e-01 4.430627302227442277e-01
3.243999999999999773e+01 1.840893439761158989e-01 4.479894928831086864e-01
3.245000000000000284e+01 1.896458489715260876e-01 4.524171509758027621e-01
3.246000000000000085e+01 1.952553858475910009e-01 4.563486973955205306e-01
3.246999999999999886e+01 2.009102498785165225e-01 4.597878935171652581e-01
3.248000000000000398e+01 2.066024433551922890e-01 4.627392644230454155e-01
3.249000000000000199e+01 2.123236784250208398e-01 4.652080974050590845e-01
3.250000000000000000e+01 2.180653769790820706e-01 4.672004428002225485e-01
3.250999999999999801e+01 2.238186684107251467e-01 4.687231161330238649e-01
3.252000000000000313e+01 2.295743861189713797e-01 4.697837004899312885e-01
3.253000000000000114e+01 2.353230636497946060e-01 4.703905480403159367e-01
3.253999999999999915e+01 2.410549313589731846e-01 4.705527796432946719e-01
3.254999999999999716e+01 2.467599144431718017e-01 4.702802815396457392e-01
3.256000000000000227e+01 2.524276331234256432e-01 4.695836982191157194e-01
3.257000000000000028e+01 2.580474056801761451e-01 4.684744206722695758e-01
3.257999999999999829e+01 2.636082549349794690e-01 4.669645693779795326e-01
3.259000000000000341e+01 2.690989186549342382e-01 4.650669715375023716e-01
3.260000000000000142e+01 2.745078642260992408e-01 4.627951322382526378e-01
3.260999999999999943e+01 2.798233078061631574e-01 4.601631994090306099e-01
3.261999999999999744e+01 2.850332380289321010e-01 4.571859226076713245e-01
3.263000000000000256e+01 2.901254441982192844e-01 4.538786058561893322e-01
3.264000000000000057e+01 2.950875487806233211e-01 4.502570549020256108e-01
3.264999999999999858e+01 2.999070438892483259e-01 4.463375194321084760e-01
3.266000000000000369e+01 3.045713313469459171e-01 4.421366308948063151e-01
3.267000000000000171e+01 3.090677658308595976e-01 4.376713366900051305e-01
3.267999999999999972e+01 3.133837005320001534e-01 4.329588315668075338e-01
3.268999999999999773e+01 3.175065347156402207e-01 4.280164871200120569e-01
3.270000000000000284e+01 3.214237625411376920e-01 4.228617802998186903e-01
3.271000000000000085e+01 3.251230224933329693e-01 4.175122218442808841e-01
3.271999999999999886e+01 3.285921467911380733e-01 4.119852855120200164e-01
3.273000000000000398e+01 3.318192101709833697e-01 4.062983389355940833e-01
3.274000000000000199e+01 3.347925774914002339e-01 4.004685768364223408e-01
3.275000000000000000e+01 3.375009496677949250e-01 3.945129572437469645e-01
3.275999999999999801e+01 3.399334075204986649e-01 3.884481412467111205e-01
3.277000000000000313e+01 3.420794532014075351e-01 3.822904366846262558e-01
3.278000000000000114e+01 3.439290489516054206e-01 3.760557460504578842e-01
3.278999999999999915e+01 3.454726530310001098e-01 3.697595187511956705e-01
3.279999999999999716e+01 3.467012527479230166e-01 3.634167077406482149e-01
3.281000000000000227e+01 3.476063945987615811e-01 3.570417304197092689e-01
3.282000000000000028e+01 3.481802116022246762e-01 3.506484335902681493e-01
3.282999999999999829e+01 3.484154479773626800e-01 3.442500621551646822e-01
3.284000000000000341e+01 3.483054813669785310e-01 3.378592311808218396e-01
3.285000000000000142e+01 3.478443428471323928e-01 3.314879008836140728e-01
3.285999999999999943e+01 3.470267349880830077e-01 3.251473540670880569e-01
3.286999999999999744e+01 3.458480482418959667e-01 3.188481755255156980e-01
3.288000000000000256e+01 3.443043759271993132e-01 3.126002329397830626e-01
3.289000000000000057e+01 3.423925280629530055e-01 3.064126588234087345e-01
3.289999999999999858e+01 3.401100442717838734e-01 3.002938331279120798e-01
3.291000000000000369e+01 3.374552059310855778e-01 2.942513661855203910e-01
3.292000000000000171e+01 3.344270476987095675e-01 2.882920817504760480e-01
3.292999999999999972e+01 3.310253684819761122e-01 2.824219999946472326e-01
3.293999999999999773e+01 3.272507418564334913e-01 2.766463204151227706e-01
3.295000000000000284e+01 3.231045258768774353e-01 2.709694047170912445e-01
3.296000000000000085e+01 3.185888721602623819e-01 2.653947598406449226e-01
3.296999999999999886e+01 3.137067340608075128e-01 2.599250214013064109e-01
3.298000000000000398e+01 3.084618737042131853e-01 2.545619379073441046e-01
3.299000000000000199e+01 3.028588676025549820e-01 2.493063561989441457e-01
3.300000000000000000e+01 2.969031105359308809e-01 2.441582086220284165e-01
3.300999999999999801e+01 2.906008173626987712e-01 2.391165025005168587e-01
3.302000000000000313e+01 2.839590224081686154e-01 2.341793125032080869e-01
3.303000000000000114e+01 2.769855760824339042e-01 2.293437765139491324e-01
3.303999999999999915e+01 2.696891383917416340e-01 2.246060956058225644e-01
3.304999999999999716e+01 2.620791690340310010e-01 2.199615386917571080e-01
3.306000000000000227e+01 2.541659138072143720e-01 2.154044523760516305e-01
3.307000000000000028e+01 2.459603871072274517e-01 2.109282764651597419e-01
3.307999999999999829e+01 2.374743503502917408e-01 2.065255655137018254e-01
3.309000000000000341e+01 2.287202862183659591e-01 2.021880166854763961e-01
3.310000000000000142e+01 2.197113686963535206e-01 1.979065041021459415e-01
3.310999999999999943e+01 2.104614289420695949e-01 1.936711197374376414e-01
3.311999999999999744e+01 2.009849171029963744e-01 1.894712207955279726e-01
3.313000000000000256e+01 1.912968602651755057e-01 1.852954833922567379e-01
3.314000000000000057e+01 1.814128167870746045e-01 1.811319622403963214e-01
3.314999999999999858e+01 1.713488273328677702e-01 1.769681559287212269e-01
3.316000000000000369e+01 1.611213629735460950e-01 1.727910772821730223e-01
3.317000000000000171e+01 1.507472707691072944e-01 1.685873281997571638e-01
3.317999999999999972e+01 1.402437172796072162e-01 1.643431782902865512e-01
3.318999999999999773e+01 1.296281304762945397e-01 1.600446465655830652e-01
3.320000000000000284e+01 1.189181405359739790e-01 1.556775854075922172e-01
3.321000000000000085e+01 1.081315200021318174e-01 1.512277660008544689e-01
3.321999999999999886e+01 9.728612378556886209e-02 1.466809644150991465e-01
3.323000000000000398e+01 8.639982945604397779e-02 1.420230475340651666e-01
3.324000000000000199e+01 7.549047824578947186e-02 1.372400580550686700e-01
3.325000000000000000e+01 6.457581714705945553e-02 1.323182978279754118e-01
3.325999999999999801e+01 5.367344244069426062e-02 1.272444088602376899e-01
3.327000000000000313e+01 4.280074494277985586e-02 1.220054513843324834e-01
3.328000000000000114e+01 3.197485720371710805e-02 1.165889784627673897e-01
3.328999999999999915e+01 2.121260284031101229e-02 1.109831066911357994e-01
3.329999999999999716e+01 1.053044812873127518e-02 1.051765826486597971e-01
3.331000000000000227e+01 -5.554406381582721109e-05 9.915884483544884498e-02
3.332000000000000028e+01 -1.052975797646168478e-02 9.292008092356547622e-02
3.332999999999999829e+01 -2.087706628858236602e-02 8.645128023233288050e-02
3.334000000000000341e+01 -3.108286913039149529e-02 7.974428141480403853e-02
3.335000000000000142e+01 -4.113313083503863932e-02 7.279181540989197730e-02
3.335999999999999943e+01 -5.101441451310521902e-02 6.558754377168499183e-02
3.336999999999999744e+01 -6.071391453758882145e-02 5.812609253269160337e-02
3.338000000000000256e+01 -7.021948702585212310e-02 5.040308179035916936e-02
3.339000000000000057e+01 -7.951967839496798529e-02 4.241515122588806336e-02
3.339999999999999858e+01 -8.860375204911477565e-02 3.415998177120310730e-02
3.341000000000000369e+01 -9.746171323315054591e-02 2.563631363453511974e-02
3.342000000000000171e+01 -1.060843320564336945e-01 1.684396087839637457e-02
3.342999999999999972e+01 -1.144631646567971645e-01 7.783822717146852456e-03
3.343999999999999773e+01 -1.225905724378899830e-01 -1.542108333465731090e-03
3.345000000000000284e+01 -1.304597392755496577e-01 -1.113074136352063155e-02
3.346000000000000085e+01 -1.380646865521682476e-01 -2.097788498690703399e-02
3.346999999999999886e+01 -1.454002858438503409e-01 -3.107824827131467835e-02
3.348000000000000398e+01 -1.524622690551546700e-01 -4.142544472836350022e-02
3.349000000000000199e+01 -1.592472357718382747e-01 -5.201199945633446647e-02
3.350000000000000000e+01 -1.657526575845973682e-01 -6.282935956760844765e-02
3.350999999999999801e+01 -1.719768791274184083e-01 -7.386790806594693837e-02
3.352000000000000313e+01 -1.779191155736318253e-01 -8.511698136345885457e-02
3.353000000000000114e+01 -1.835794463416896005e-01 -9.656489064208745310e-02
3.353999999999999915e+01 -1.889588047812977845e-01 -1.081989472686684106e-01
3.354999999999999716e+01 -1.940589636388013184e-01 -1.200054924653357058e-01
3.356000000000000227e+01 -1.988825161382927476e-01 -1.319699314180078076e-01
3.357000000000000028e+01 -2.034328525611592275e-01 -1.440767719749261599e-01
3.357999999999999829e+01 -2.077141322607887197e-01 -1.563096680452355780e-01
3.359000000000000341e+01 -2.117312511097690086e-01 -1.686514677552260755e-01
3.360000000000000142e+01 -2.154898044427721315e-01 -1.810842663582925283e-01
3.360999999999999943e+01 -2.189960456278829681e-01 -1.935894638254015421e-01
3.361999999999999744e+01 -2.222568404707325751e-01 -2.061478269676433328e-01
3.363000000000000256e+01 -2.252796177277009426e-01 -2.187395558632533321e-01
3.364000000000000057e+01 -2.280723160748666101e-01 -2.313443542804256292e-01
3.364999999999999858e+01 -2.306433279465449349e-01 -2.439415037065169045e-01
3.366000000000000369e+01 -2.330014407194646309e-01 -2.565099405160684021e-01
3.367000000000000171e+01 -2.351557757742817334e-01 -2.690283357366718420e-01
3.367999999999999972e+01 -2.371157260137815304e-01 -2.814751768051485525e-01
3.368999999999999773e+01 -2.388908924554773716e-01 -2.938288506487576890e-01
3.370000000000000284e+01 -2.404910205443492044e-01 -3.060677273789250696e-01
3.371000000000000085e+01 -2.419259368483256678e-01 -3.181702438498075214e-01
3.371999999999999886e+01 -2.432054868042517193e-01 -3.301149863120410588e-01
3.373000000000000398e+01 -2.443394741751834243e-01 -3.418807713841969242e-01
3.374000000000000199e+01 -2.453376028608749981e-01 -3.534467245713022177e-01
3.375000000000000000e+01 -2.462094216725174700e-01 -3.647923555814878704e-01
3.375999999999999801e+01 -2.469642726406173772e-01 -3.758976297282521917e-01
3.377000000000000313e+01 -2.476112433721209538e-01 -3.867430347564608240e-01
3.378000000000000114e+01 -2.481591239104412594e-01 -3.973096424942212379e-01
3.378999999999999915e+01 -2.486163684810966668e-01 -4.075791648090150709e-01
3.379999999999999716e+01 -2.489910624275315787e-01 -4.175340034335082717e-01
3.381000000000000227e+01 -2.492908945578719004e-01 -4.271572933226245872e-01
3.382000000000000028e+01 -2.495231350354171207e-01 -4.364329393068275831e-01
3.382999999999999829e+01 -2.496946188552689738e-01 -4.453456459151055036e-01
3.384000000000000341e+01 -2.498117348583510366e-01 -4.538809403526535280e-01
3.385000000000000142e+01 -2.498804201438862282e-01 -4.620251887304804295e-01
3.385999999999999943e+01 -2.499061596538681429e-01 -4.697656057548383335e-01
3.386999999999999744e+01 -2.498939906198251459e-01 -4.770902581912203622e-01
3.388000000000000256e+01 -2.498485114847823485e-01 -4.839880625185322138e-01
3.389000000000000057e+01 -2.497738948432114692e-01 -4.904487772818093561e-01
3.389999999999999858e+01 -2.496739038802370803e-01 -4.964629907346565507e-01
3.391000000000000369e+01 -2.495519117395706976e-01 -5.020221044336753424e-01
3.392000000000000171e+01 -2.494109232085500172e-01 -5.071183135050620905e-01
3.392999999999999972e+01 -2.492535980790457906e-01 -5.117445843470646016e-01
3.393999999999999773e+01 -2.490822755254218646e-01 -5.158946305601382898e-01
3.395000000000000284e+01 -2.488989988355688188e-01 -5.195628879088225460e-01
3.396000000000000085e+01 -2.487055398384026561e-01 -5.227444891152193129e-01
3.396999999999999886e+01 -2.485034223910494444e-01 -5.254352392635109892e-01
3.398000000000000398e+01 -2.482939443209159769e-01 -5.276315925585416400e-01
3.399000000000000199e+01 -2.480781972614503894e-01 -5.293306311297228950e-01
3.400000000000000000e+01 -2.478570838748941907e-01 -5.305300465053807146e-01
3.400999999999999801e+01 -2.476313320197866819e-01 -5.312281243033885048e-01
3.402000000000000313e+01 -2.474015054942695635e-01 -5.314237325930173395e-01
3.403000000000000114e+01 -2.471680110670838315e-01 -5.311163142821822003e-01
3.403999999999999915e+01 -2.469311015950904908e-01 -5.303058837755854071e-01
3.404999999999999716e+01 -2.466908751176231929e-01 -5.289930280348799085e-01
3.406000000000000227e+01 -2.464472699123105293e-01 -5.271789120540846252e-01
3.407000000000000028e+01 -2.462000555924409029e-01 -5.248652886445502874e-01
3.407999999999999829e+01 -2.459488204206818629e-01 -5.220545123061514081e-01
3.409000000000000341e+01 -2.456929551061886041e-01 -5.187495568475283259e-01
3.410000000000000142e+01 -2.454316334400497013e-01 -5.149540363104727625e-01
3.410999999999999943e+01 -2.451637902058669549e-01 -5.106722286542523248e-01
3.411999999999999744e+01 -2.448880968763822441e-01 -5.059091015668746305e-01
3.413000000000000256e+01 -2.446029356719143510e-01 -5.006703396940088702e-01
3.414000000000000057e+01 -2.443063726105342837e-01 -4.949623725141554242e-01
3.414999999999999858e+01 -2.439961302222025674e-01 -4.887924020421425819e-01
3.416000000000000369e+01 -2.436695606284950688e-01 -4.821684295132420139e-01
3.417000000000000171e+01 -2.433236197053036676e-01 -4.750992801879030947e-01
3.417999999999999972e+01 -2.429548430475193532e-01 -4.675946254227361654e-01
3.418999999999999773e+01 -2.425593244419466388e-01 -4.596650011769503608e-01
3.420000000000000284e+01 -2.421326975276540394e-01 -4.513218221646325135e-01
3.421000000000000085e+01 -2.416701212819770406e-01 -4.425773909213074342e-01
3.421999999999999886e+01 -2.411662699161332135e-01 -4.334449011270169461e-01
3.423000000000000398e+01 -2.406153276978384992e-01 -4.239384346162677897e-01
3.424000000000000199e+01 -2.400109891406372875e-01 -4.140729516057807258e-01
3.425000000000000000e+01 -2.393464649123937249e-01 -4.038642737819903572e-01
3.425999999999999801e+01 -2.386144937202148708e-01 -3.933290600093035105e-01
3.427000000000000313e+01 -2.378073603279248216e-01 -3.824847745447423897e-01
3.428000000000000114e+01 -2.369169197571181773e-01 -3.713496477720419908e-01
3.428999999999999915e+01 -2.359346276159886846e-01 -3.599426295958293442e-01
3.430000000000000426e+01 -2.348515763937626954e-01 -3.482833357613800418e-01
3.431000000000000227e+01 -2.336585374549256522e-01 -3.363919874849184977e-01
3.432000000000000028e+01 -2.323460083687146627e-01 -3.242893448909017207e-01
3.432999999999999829e+01 -2.309042651176456407e-01 -3.119966348537892009e-01
3.434000000000000341e+01 -2.293234186461202972e-01 -2.995354739302756308e-01
3.435000000000000142e+01 -2.275934751381628041e-01 -2.869277871420168879e-01
3.435999999999999943e+01 -2.257043993535673143e-01 -2.741957234269706278e-01
3.436999999999999744e+01 -2.236461803054343167e-01 -2.613615686185321585e-01
3.438000000000000256e+01 -2.214088985301123080e-01 -2.484476568349520964e-01
3.439000000000000057e+01 -2.189827941835242320e-01 -2.354762811668892064e-01
3.439999999999999858e+01 -2.163583351959227630e-01 -2.224696045385678722e-01
3.441000000000000369e+01 -2.135262847301024891e-01 -2.094495715885697218e-01
3.442000000000000171e+01 -2.104777672154777013e-01 -1.964378223709216109e-01
3.442999999999999972e+01 -2.072043322712874558e-01 -1.834556086173461664e-01
3.443999999999999773e+01 -2.036980158853023415e-01 -1.705237132292307389e-01
3.445000000000000284e+01 -1.999513982782334387e-01 -1.576623735852389352e-01
3.446000000000000085e+01 -1.959576579567984533e-01 -1.448912091600016161e-01
3.446999999999999886e+01 -1.917106215380888212e-01 -1.322291538536205235e-01
3.448000000000000398e+01 -1.872048090123176745e-01 -1.196943933335472832e-01
3.449000000000000199e+01 -1.824354741980047934e-01 -1.073043075925522172e-01
3.450000000000000000e+01 -1.773986402308410648e-01 -9.507541883167479335e-02
3.450999999999999801e+01 -1.720911300126522214e-01 -8.302334468786180810e-02
3.452000000000000313e+01 -1.665105916278794562e-01 -7.116275674481280233e-02
3.453000000000000114e+01 -1.606555188098326703e-01 -5.950734419446558621e-02
3.453999999999999915e+01 -1.545252666058567759e-01 -4.806978245730610111e-02
3.455000000000000426e+01 -1.481200624479976635e-01 -3.686170652362688593e-02
3.456000000000000227e+01 -1.414410128825410451e-01 -2.589368874587103658e-02
3.457000000000000028e+01 -1.344901062471056952e-01 -1.517522079472974177e-02
3.457999999999999829e+01 -1.272702116072875200e-01 -4.714699488628335856e-03
3.459000000000000341e+01 -1.197850742761173010e-01 5.480583782896095851e-03
3.460000000000000142e+01 -1.120393082390567646e-01 1.540445029767080476e-02
3.460999999999999943e+01 -1.040383857956136693e-01 2.505183812178195593e-02
3.461999999999999744e+01 -9.578862470687903030e-02 3.441880328868549693e-02
3.463000000000000256e+01 -8.729717310773137118e-02 4.350251816015653777e-02
3.464000000000000057e+01 -7.857199240467151180e-02 5.230126703554413559e-02
3.464999999999999858e+01 -6.962183833709351122e-02 6.081443901628977300e-02
3.466000000000000369e+01 -6.045624033318643120e-02 6.904251807350664238e-02
3.467000000000000171e+01 -5.108547924368816301e-02 7.698707021032262510e-02
3.467999999999999972e+01 -4.152056348942494146e-02 8.465072756028933776e-02
3.468999999999999773e+01 -3.177320361402041771e-02 9.203716922087840091e-02
3.470000000000000284e+01 -2.185578519322718682e-02 9.915109858913542795e-02
3.471000000000000085e+01 -1.178134001879100820e-02 1.059982169467366259e-01
3.471999999999999886e+01 -1.563515449047096295e-03 1.125851930354445779e-01
3.473000000000000398e+01 8.783458198203784179e-03 1.189196283722352560e-01
3.474000000000000199e+01 1.924480234173667897e-02 1.250100180765999214e-01
3.475000000000000000e+01 2.980522704940813741e-02 1.308657070206589446e-01
3.475999999999999801e+01 4.044897028050810361e-02 1.364968411651122648e-01
3.477000000000000313e+01 5.115983954694876962e-02 1.419143140095475430e-01
3.478000000000000114e+01 6.192125604832973002e-02 1.471297081626210812e-01
3.478999999999999915e+01 7.271630129343104043e-02 1.521552321239536543e-01
3.480000000000000426e+01 8.352776617102351808e-02 1.570036524628360408e-01
3.481000000000000227e+01 9.433820237769328931e-02 1.616882216761559854e-01
3.482000000000000028e+01 1.051299760515262277e-01 1.662226021063542558e-01
3.482999999999999829e+01 1.158853234000310622e-01 1.706207863965320259e-01
3.484000000000000341e+01 1.265864080507308753e-01 1.748970150508788735e-01
3.485000000000000142e+01 1.372153797956033594e-01 1.790656917513152591e-01
3.485999999999999943e+01 1.477544343480684530e-01 1.831412971526925892e-01
3.486999999999999744e+01 1.581858736855517866e-01 1.871383019364984968e-01
3.488000000000000256e+01 1.684921665135184488e-01 1.910710799445104191e-01
3.489000000000000057e+01 1.786560083598487392e-01 1.949538222374687380e-01
3.489999999999999858e+01 1.886603807926857113e-01 1.988004529283515787e-01
3.491000000000000369e+01 1.984886092512875011e-01 2.026245476245843169e-01
3.492000000000000171e+01 2.081244189883844353e-01 2.064392552784303780e-01
3.492999999999999972e+01 2.175519886441146800e-01 2.102572241905174000e-01
3.493999999999999773e+01 2.267560010053584485e-01 2.140905328391068674e-01
3.495000000000000284e+01 2.357216905494063375e-01 2.179506261191522520e-01
3.496000000000000085e+01 2.444348874261400018e-01 2.218482574727251300e-01
3.496999999999999886e+01 2.528820575967045126e-01 2.257934372788462651e-01
3.498000000000000398e+01 2.610503389171048294e-01 2.297953877493381647e-01
3.499000000000000199e+01 2.689275730301377010e-01 2.338625044515265372e-01
3.500000000000000000e+01 2.765023330062424955e-01 2.380023244521246029e-01
3.500999999999999801e+01 2.837639467508130120e-01 2.422215009531984153e-01
3.502000000000000313e+01 2.907025162698138043e-01 2.465257841744053213e-01
3.503000000000000114e+01 2.973089329548291859e-01 2.509200081292449203e-01
3.503999999999999915e+01 3.035748891107203362e-01 2.554080828500494560e-01
3.505000000000000426e+01 3.094928860018885675e-01 2.599929915397000690e-01
3.506000000000000227e+01 3.150562387350572813e-01 2.646767920698473997e-01
3.507000000000000028e+01 3.202590783261817231e-01 2.694606222074844015e-01
3.507999999999999829e+01 3.250963513156536755e-01 2.743447079350874174e-01
3.509000000000000341e+01 3.295638172989621695e-01 2.793283742345947784e-01
3.510000000000000142e+01 3.336580447294096308e-01 2.844100577318494083e-01
3.510999999999999943e+01 3.373764053258947460e-01 2.895873206447537873e-01
3.511999999999999744e+01 3.407170673831191876e-01 2.948568655434679608e-01
3.513000000000000256e+01 3.436789882352986880e-01 3.002145505121881497e-01
3.514000000000000057e+01 3.462619060693680195e-01 3.056554043963634615e-01
3.514999999999999858e+01 3.484663312219393183e-01 3.111736419232530859e-01
3.516000000000000369e+01 3.502935370283218885e-01 3.167626785936810130e-01
3.517000000000000171e+01 3.517455502243806431e-01 3.224151453547016155e-01
3.517999999999999972e+01 3.528251408355843610e-01 3.281229031725035883e-01
3.518999999999999773e+01 3.535358114250187200e-01 3.338770577281630625e-01
3.520000000000000284e+01 3.538817855160061865e-01 3.396679745518890181e-01
3.521000000000000085e+01 3.538679949577319128e-01 3.454852949905856674e-01
3.521999999999999886e+01 3.535000659660336164e-01 3.513179534656974412e-01
3.523000000000000398e+01 3.527843035480839884e-01 3.571541965208256397e-01
3.524000000000000199e+01 3.517276740103685295e-01 3.629816041795201342e-01
3.525000000000000000e+01 3.503377852550198512e-01 3.687871141317584089e-01
3.525999999999999801e+01 3.486228645904639323e-01 3.745570492424524778e-01
3.527000000000000313e+01 3.465917338182495921e-01 3.802771488272944089e-01
3.528000000000000114e+01 3.442537814079927871e-01 3.859326040714901040e-01
3.528999999999999915e+01 3.416189316352285510e-01 3.915080978774845843e-01
3.530000000000000426e+01 3.386976106306949230e-01 3.969878493213051529e-01
3.531000000000000227e+01 3.355007093718502253e-01 4.023556627770609739e-01
3.532000000000000028e+01 3.320395437354570212e-01 4.075949816393281688e-01
3.532999999999999829e+01 3.283258118208361442e-01 4.126889464379971395e-01
3.534000000000000341e+01 3.243715488436128558e-01 4.176204570042950648e-01
3.535000000000000142e+01 3.201890799861132342e-01 4.223722382149141530e-01
3.535999999999999943e+01 3.157909716696684077e-01 4.269269087182105404e-01
3.536999999999999744e+01 3.111899817827722403e-01 4.312670519368856925e-01
3.538000000000000256e+01 3.063990094543503906e-01 4.353752885496282587e-01
3.539000000000000057e+01 3.014310450007768871e-01 4.392343495836011358e-01
3.539999999999999858e+01 2.962991206965959190e-01 4.428271492035129597e-01
3.541000000000000369e+01 2.910162630206139522e-01 4.461368562636265911e-01
3.542000000000000171e+01 2.855954470101813025e-01 4.491469636979389390e-01
3.542999999999999972e+01 2.800495533168377293e-01 4.518413548614571007e-01
3.543999999999999773e+01 2.743913284964759058e-01 4.542043660016161777e-01
3.545000000000000284e+01 2.686333489879610958e-01 4.562208441320630969e-01
3.546000000000000085e+01 2.627879891375852206e-01 4.578761996989564875e-01
3.546999999999999886e+01 2.568673935153255039e-01 4.591564535693985483e-01
3.548000000000000398e+01 2.508834536457655862e-01 4.600482780286245799e-01
3.549000000000000199e+01 2.448477891452859601e-01 4.605390316424091690e-01
3.550000000000000000e+01 2.387717331217987515e-01 4.606167880185733643e-01
3.550999999999999801e+01 2.326663215581691313e-01 4.602703586808266079e-01
3.552000000000000313e+01 2.265422862699773554e-01 4.594893104436100217e-01
3.553000000000000114e+01 2.204100509069121250e-01 4.582639778422143428e-01
3.553999999999999915e+01 2.142797293591346131e-01 4.565854713225187544e-01
3.555000000000000426e+01 2.081611258394838737e-01 4.544456820238451100e-01
3.556000000000000227e+01 2.020637358429915320e-01 4.518372840918221667e-01
3.557000000000000028e+01 1.959967471399242656e-01 4.487537355316805199e-01
3.557999999999999829e+01 1.899690399398484830e-01 4.451892786527628099e-01
3.559000000000000341e+01 1.839891853736547178e-01 4.411389411599696553e-01
3.560000000000000142e+01 1.780654414788796214e-01 4.365985389161348706e-01
3.560999999999999943e+01 1.722057459409075952e-01 4.315646813308787744e-01
3.561999999999999744e+01 1.664177049377386641e-01 4.260347802274234708e-01
3.563000000000000256e+01 1.607085775570310515e-01 4.200070629014250323e-01
3.564000000000000057e+01 1.550852553983064486e-01 4.134805899184560984e-01
3.564999999999999858e+01 1.495542371369390777e-01 4.064552780037861135e-01
3.566000000000000369e+01 1.441215980055426393e-01 3.989319281648559534e-01
3.567000000000000171e+01 1.387929543376951735e-01 3.909122589594318797e-01
3.567999999999999972e+01 1.335734235132609027e-01 3.823989445875398130e-01
3.568999999999999773e+01 1.284675798381698930e-01 3.733956572500070070e-01
3.570000000000000284e+01 1.234794070785852765e-01 3.639071129880336319e-01
3.571000000000000085e+01 1.186122485441394730e-01 3.539391200039312402e-01
3.571999999999999886e+01 1.138687557717451282e-01 3.434986282699507010e-01
3.573000000000000398e+01 1.092508369952012171e-01 3.325937790664925120e-01
3.574000000000000199e+01 1.047596066917464708e-01 3.212339529587295850e-01
3.575000000000000000e+01 1.003953375709169121e-01 3.094298146267238092e-01
3.575999999999999801e+01 9.615741641040614907e-02 2.971933529123466089e-01
3.577000000000000313e+01 9.204430514594712232e-02 2.845379144394452053e-01
3.578000000000000114e+01 8.805350858635796474e-02 2.714782292031385769e-01
3.578999999999999915e+01 8.418155005077063158e-02 2.580304266099729960e-01
3.580000000000000426e+01 8.042395611371407071e-02 2.442120405816388118e-01
3.581000000000000227e+01 7.677525149726943665e-02 2.300420025084055908e-01
3.582000000000000028e+01 7.322896497112775516e-02 2.155406210504841880e-01
3.582999999999999829e+01 6.977764691518580087e-02 2.007295480310588021e-01
3.584000000000000341e+01 6.641289897031500689e-02 1.856317299376146479e-01
3.585000000000000142e+01 6.312541595683075768e-02 1.702713448414121256e-01
3.585999999999999943e+01 5.990503998329099050e-02 1.546737248508188722e-01
3.586999999999999744e+01 5.674082640719073367e-02 1.388652645245845585e-01
3.588000000000000256e+01 5.362112105081493635e-02 1.228733159776510125e-01
3.589000000000000057e+01 5.053364782680511147e-02 1.067260717064264647e-01
3.589999999999999858e+01 4.746560569556437098e-02 9.045243643453114435e-02
3.591000000000000369e+01 4.440377366676875881e-02 7.408188952635338942e-02
3.592000000000000171e+01 4.133462237564110991e-02 5.764433972750079155e-02
3.592999999999999972e+01 3.824443061624736157e-02 4.116997416256545916e-02
3.593999999999999773e+01 3.511940510293502099e-02 2.468910364682646436e-02
3.595000000000000284e+01 3.194580166018644307e-02 8.232006446100078798e-03
3.596000000000000085e+01 2.871004601252240968e-02 -8.171227354142317559e-03
3.596999999999999886e+01 2.539885236042640354e-02 -2.449084873371283957e-02
3.598000000000000398e+01 2.199933798511245070e-02 -4.069759781501049167e-02
3.599000000000000199e+01 1.849913222271802604e-02 -5.676284519429345560e-02
3.600000000000000000e+01 1.488647828440241641e-02 -7.265872475654271134e-02
3.600999999999999801e+01 1.115032656905950298e-02 -8.835825641139812003e-02
3.602000000000000313e+01 7.280418315156050001e-03 -1.038354574294222815e-01
3.603000000000000114e+01 3.267358662036559409e-03 -1.190654413266968720e-01
3.603999999999999915e+01 -8.973215673159625145e-04 -1.340245035338983315e-01
3.605000000000000426e+01 -5.221115797226897476e-03 -1.486901933853994884e-01
3.606000000000000227e+01 -9.710503522021331213e-03 -1.630413722662543419e-01
3.607000000000000028e+01 -1.437092394402953062e-02 -1.770582580517760241e-01
3.607999999999999829e+01 -1.920676110546692961e-02 -1.907224562577170823e-01
3.609000000000000341e+01 -2.422133996365458466e-02 -2.040169785811886405e-01
3.610000000000000142e+01 -2.941693265175427535e-02 -2.169262497465143658e-01
3.610999999999999943e+01 -3.479477398692658319e-02 -2.294361037702380979e-01
3.611999999999999744e+01 -4.035508513889296545e-02 -2.415337709206044903e-01
3.613000000000000256e+01 -4.609710425768937664e-02 -2.532078567653596735e-01
3.614000000000000057e+01 -5.201912278221167141e-02 -2.644483147753429741e-01
3.614999999999999858e+01 -5.811852611216249131e-02 -2.752464139791419018e-01
3.616000000000000369e+01 -6.439183732524804415e-02 -2.855947031464871055e-01
3.617000000000000171e+01 -7.083476265783351933e-02 -2.954869729169378179e-01
3.617999999999999972e+01 -7.744223753857881754e-02 -3.049182171888438209e-01
3.618999999999999773e+01 -8.420847206766318704e-02 -3.138845949458900497e-01
3.620000000000000284e+01 -9.112699496499446217e-02 -3.223833935300720599e-01
3.621000000000000085e+01 -9.819069516447875845e-02 -3.304129941769046175e-01
3.621999999999999886e+01 -1.053918604025986527e-01 -3.379728404178782286e-01
3.623000000000000398e+01 -1.127222123323767672e-01 -3.450634097339287387e-01
3.624000000000000199e+01 -1.201729378822693900e-01 -3.516861886194180831e-01
3.625000000000000000e+01 -1.277347167675414452e-01 -3.578436509962593104e-01
3.625999999999999801e+01 -1.353977452433124951e-01 -3.635392397095023043e-01
3.627000000000000313e+01 -1.431517563581542751e-01 -3.687773506455229722e-01
3.628000000000000114e+01 -1.509860371197803974e-01 -3.735633188478770239e-01
3.628999999999999915e+01 -1.588894431156114284e-01 -3.779034058688889863e-01
3.630000000000000426e+01 -1.668504112371793913e-01 -3.818047874911529305e-01
3.631000000000000227e+01 -1.748569712357457562e-01 -3.852755408851463725e-01
3.632000000000000028e+01 -1.828967568853678005e-01 -3.883246302387165505e-01
3.632999999999999829e+01 -1.909570175481965781e-01 -3.909618899016250593e-01
3.634000000000000341e+01 -1.990246309252485801e-01 -3.931980041327229891e-01
3.635000000000000142e+01 -2.070861177355134697e-01 -3.950444826165475654e-01
3.635999999999999943e+01 -2.151276589991259203e-01 -3.965136310269432030e-01
3.636999999999999744e+01 -2.231351165094633549e-01 -3.976185160534498886e-01
3.638000000000000256e+01 -2.310940569680809131e-01 -3.983729244666048830e-01
3.639000000000000057e+01 -2.389897801296550772e-01 -3.987913159751688141e-01
3.639999999999999858e+01 -2.468073511662694786e-01 -3.988887698154197081e-01
3.641000000000000369e+01 -2.545316373164140944e-01 -3.986809252035443674e-01
3.642000000000000171e+01 -2.621473487390493795e-01 -3.981839159702867947e-01
3.642999999999999972e+01 -2.696390833519893837e-01 -3.974142998760436529e-01
3.643999999999999773e+01 -2.769913753014384139e-01 -3.963889832685651982e-01
3.645000000000000284e+01 -2.841887465901258847e-01 -3.951251418889842881e-01
3.646000000000000085e+01 -2.912157612889210712e-01 -3.936401387504124827e-01
3.646999999999999886e+01 -2.980570816742475482e-01 -3.919514401031406470e-01
3.648000000000000398e+01 -3.046975255734428178e-01 -3.900765305588340670e-01
3.649000000000000199e+01 -3.111221241640198532e-01 -3.880328284714716913e-01
3.650000000000000000e+01 -3.173161794612909814e-01 -3.858376026646304635e-01
3.650999999999999801e+01 -3.232653207418724195e-01 -3.835078915537936117e-01
3.652000000000000313e+01 -3.289555591872022067e-01 -3.810604256404174772e-01
3.653000000000000114e+01 -3.343733400895669838e-01 -3.785115542543428524e-01
3.653999999999999915e+01 -3.395055920407359373e-01 -3.758771772965485702e-01
3.655000000000000426e+01 -3.443397726169771800e-01 -3.731726825896949928e-01
3.656000000000000227e+01 -3.488639101803488463e-01 -3.704128892846040300e-01
3.657000000000000028e+01 -3.530666415306693007e-01 -3.676119976023140556e-01
3.657999999999999829e+01 -3.569372452612538660e-01 -3.647835450194956142e-01
3.659000000000000341e+01 -3.604656707900319446e-01 -3.619403688357287208e-01
3.660000000000000142e+01 -3.636425631517952173e-01 -3.590945749001075993e-01
3.660999999999999943e+01 -3.664592837430838412e-01 -3.562575121272978373e-01
3.661999999999999744e+01 -3.689079273049523655e-01 -3.534397523043285028e-01
3.663000000000000256e+01 -3.709813355074447760e-01 -3.506510745832623899e-01
3.664000000000000057e+01 -3.726731075604903243e-01 -3.479004539747421743e-01
3.664999999999999858e+01 -3.739776083172794974e-01 -3.451960531056958437e-01
3.666000000000000369e+01 -3.748899743568459009e-01 -3.425452164825636414e-01
3.667000000000000171e+01 -3.754061185322383754e-01 -3.399544665096211893e-01
3.667999999999999972e+01 -3.755227334497264757e-01 -3.374295005496042443e-01
3.668999999999999773e+01 -3.752372943041312192e-01 -3.349751883791552420e-01
3.670000000000000284e+01 -3.745480614374809281e-01 -3.325955694819082153e-01
3.671000000000000085e+01 -3.734540829152565022e-01 -3.302938497337697399e-01
3.671999999999999886e+01 -3.719551973295466274e-01 -3.280723971638496161e-01
3.673000000000000398e+01 -3.700520369449338265e-01 -3.259327366157276362e-01
3.674000000000000199e+01 -3.677460312045880975e-01 -3.238755432820183966e-01
3.675000000000000000e+01 -3.650394105147822810e-01 -3.219006352350824440e-01
3.675999999999999801e+01 -3.619352101297019231e-01 -3.200069652226888994e-01
3.677000000000000313e+01 -3.584372738688296756e-01 -3.181926121341470126e-01
3.678000000000000114e+01 -3.545502573197800711e-01 -3.164547726648569981e-01
3.678999999999999915e+01 -3.502796301133984658e-01 -3.147897538109244997e-01
3.680000000000000426e+01 -3.456316768077979940e-01 -3.131929669065680044e-01
3.681000000000000227e+01 -3.406134958858205164e-01 -3.116589239725390814e-01
3.682000000000000028e+01 -3.352329963575216842e-01 -3.101812371714716132e-01
3.682999999999999829e+01 -3.294988914663412594e-01 -3.087526221648423386e-01
3.684000000000000341e+01 -3.234206890245566179e-01 -3.073649061358543766e-01
3.685000000000000142e+01 -3.170086779496059659e-01 -3.060090411838675140e-01
3.685999999999999943e+01 -3.102739106364406085e-01 -3.046751237107850896e-01
3.686999999999999744e+01 -3.032281808800591505e-01 -3.033524203107581529e-01
3.688000000000000256e+01 -2.958839971541301628e-01 -3.020294005451641395e-01
3.689000000000000057e+01 -2.882545511529605586e-01 -3.006937768392755062e-01
3.689999999999999858e+01 -2.803536816115098640e-01 -2.993325515800249748e-01
3.691000000000000369e+01 -2.721958335279991426e-01 -2.979320713309591140e-01
3.692000000000000171e+01 -2.637960130220759480e-01 -2.964780879160917038e-01
3.692999999999999972e+01 -2.551697381647535789e-01 -2.949558259642851010e-01
3.693999999999999773e+01 -2.463329862108410151e-01 -2.933500563551446061e-01
3.695000000000000284e+01 -2.373021377470858895e-01 -2.916451748710315317e-01
3.696000000000000085e+01 -2.280939183369005141e-01 -2.898252852420200587e-01
3.696999999999999886e+01 -2.187253382930476053e-01 -2.878742856751148049e-01
3.698000000000000398e+01 -2.092136312413040988e-01 -2.857759578887473784e-01
3.699000000000000199e+01 -1.995761921498858116e-01 -2.835140576305131277e-01
3.700000000000000000e+01 -1.898305154909618320e-01 -2.810724056414529159e-01
3.700999999999999801e+01 -1.799941341723218513e-01 -2.784349780440968369e-01
3.702000000000000313e+01 -1.700845598302658246e-01 -2.755859951731511881e-01
3.703000000000000114e+01 -1.601192250108465498e-01 -2.725100079354572657e-01
3.703999999999999915e+01 -1.501154276880578842e-01 -2.691919808770411038e-01
3.705000000000000426e+01 -1.400902784773403187e-01 -2.656173712463953951e-01
3.706000000000000227e+01 -1.300606508041591280e-01 -2.617722034705332046e-01
3.707000000000000028e+01 -1.200431341840340060e-01 -2.576431385993137035e-01
3.707999999999999829e+01 -1.100539906660435718e-01 -2.532175384191822642e-01
3.709000000000000341e+01 -1.001091143903315578e-01 -2.484835240846777760e-01
3.710000000000000142e+01 -9.022399411524710533e-02 -2.434300292597710302e-01
3.710999999999999943e+01 -8.041367848498862103e-02 -2.380468478963689016e-01
3.711999999999999744e+01 -7.069274373713903270e-02 -2.323246768995197997e-01
3.713000000000000256e+01 -6.107526349400983073e-02 -2.262551540338994804e-01
3.714000000000000057e+01 -5.157478024438181402e-02 -2.198308915105112171e-01
3.714999999999999858e+01 -4.220427810455935208e-02 -2.130455057534722252e-01
3.716000000000000369e+01 -3.297615645045611638e-02 -2.058936438823620596e-01
3.717000000000000171e+01 -2.390220403577391836e-02 -1.983710074548507285e-01
3.717999999999999972e+01 -1.499357325458943076e-02 -1.904743739971511696e-01
3.718999999999999773e+01 -6.260754268435459943e-03 -1.822016168071049769e-01
3.720000000000000284e+01 2.286451203788863497e-03 -1.735517234481837312e-01
3.721000000000000085e+01 1.063895654269734863e-02 -1.645248132649996253e-01
3.721999999999999886e+01 1.878841733903579420e-02 -1.551221541454479991e-01
3.723000000000000398e+01 2.672725885533962925e-02 -1.453461786353821839e-01
3.724000000000000199e+01 3.444870362320992530e-02 -1.352004993832940094e-01
3.725000000000000000e+01 4.194679884909980477e-02 -1.246899237597290794e-01
3.725999999999999801e+01 4.921644319499492159e-02 -1.138204673642168180e-01
3.727000000000000313e+01 5.625341240308009971e-02 -1.025993660064462437e-01
3.728000000000000114e+01 6.305438314922146015e-02 -9.103508563323289837e-02
3.728999999999999915e+01 6.961695444230869834e-02 -7.913732957317509698e-02
3.730000000000000426e+01 7.593966583815997540e-02 -6.691704239093006212e-02
3.731000000000000227e+01 8.202201171018781711e-02 -5.438640958635997807e-02
3.732000000000000028e+01 8.786445081607720253e-02 -4.155885234319298821e-02
3.732999999999999829e+01 9.346841042133648136e-02 -2.844901652933897948e-02
3.734000000000000341e+01 9.883628428698390533e-02 -1.507275517767035257e-02
3.735000000000000142e+01 1.039714238992790890e-01 -1.447103732085028164e-03
3.735999999999999943e+01 1.088781224129784925e-01 1.240975257181105643e-02
3.736999999999999744e+01 1.135615908940480617e-01 2.647851971075351057e-02
3.738000000000000256e+01 1.180279265803601124e-01 4.073884464648726278e-02
3.739000000000000057e+01 1.222840730263308057e-01 5.516937409475521775e-02
3.739999999999999858e+01 1.263377721558739675e-01 6.974782234552825977e-02
3.741000000000000369e+01 1.301975084132679650e-01 8.445104800473941797e-02
3.742000000000000171e+01 1.338724453690736116e-01 9.925513933639087960e-02
3.742999999999999972e+01 1.373723553035169354e-01 1.141355076911865912e-01
3.743999999999999773e+01 1.407075424481846471e-01 1.290669883193268641e-01
3.745000000000000284e+01 1.438887607140318381e-01 1.440239476862689161e-01
3.746000000000000085e+01 1.469271268654350759e-01 1.589803962463102738e-01
3.746999999999999886e+01 1.498340302125894530e-01 1.739101054846928507e-01
3.748000000000000398e+01 1.526210399847132138e-01 1.887867279188146230e-01
3.749000000000000199e+01 1.552998116116824368e-01 2.035839186567858228e-01
3.750000000000000000e+01 1.578819931799184118e-01 2.182754570498249558e-01
3.750999999999999801e+01 1.603791333384070317e-01 2.328353669458949338e-01
3.752000000000000313e+01 1.628025919122189080e-01 2.472380340566552870e-01
3.753000000000000114e+01 1.651634544341666067e-01 2.614583189884131520e-01
3.753999999999999915e+01 1.674724517314076233e-01 2.754716645595047253e-01
3.755000000000000426e+01 1.697398856047239446e-01 2.892541961297555031e-01
3.756000000000000227e+01 1.719755615164035023e-01 3.027828137997634061e-01
3.757000000000000028e+01 1.741887290612121331e-01 3.160352754953829613e-01
3.757999999999999829e+01 1.763880308375184447e-01 3.289902701319197265e-01
3.759000000000000341e+01 1.785814601661754042e-01 3.416274802485678164e-01
3.760000000000000142e+01 1.807763279276025925e-01 3.539276337115151438e-01
3.760999999999999943e+01 1.829792386070501209e-01 3.658725442985777954e-01
3.761999999999999744e+01 1.851960754587265168e-01 3.774451411937850831e-01
3.763000000000000256e+01 1.874319945257240383e-01 3.886294876315892211e-01
3.764000000000000057e+01 1.896914270885944331e-01 3.994107891321102000e-01
3.764999999999999858e+01 1.919780899648689532e-01 4.097753919561203939e-01
3.766000000000000369e+01 1.942950029481607666e-01 4.197107725768892683e-01
3.767000000000000171e+01 1.966445125616396172e-01 4.292055191116673774e-01
3.767999999999999972e+01 1.990283212089237197e-01 4.382493057752855914e-01
3.768999999999999773e+01 2.014475207375092392e-01 4.468328615096266998e-01
3.770000000000000284e+01 2.039026293867454986e-01 4.549479340039462860e-01
3.771000000000000085e+01 2.063936310744600156e-01 4.625872503513545064e-01
3.771999999999999886e+01 2.089200159833103365e-01 4.697444755862277277e-01
3.773000000000000398e+01 2.114808214388804175e-01 4.764141703167679154e-01
3.774000000000000199e+01 2.140746721248926177e-01 4.825917486079282503e-01
3.775000000000000000e+01 2.166998187546529675e-01 4.882734371848434507e-01
3.775999999999999801e+01 2.193541744094249513e-01 4.934562369186656916e-01
3.777000000000000313e+01 2.220353478609903009e-01 4.981378874287956116e-01
3.778000000000000114e+01 2.247406733139994117e-01 5.023168354918254863e-01
3.778999999999999915e+01 2.274672361304841961e-01 5.059922077922590633e-01
3.780000000000000426e+01 2.302118942306506100e-01 5.091637883876231063e-01
3.781000000000000227e+01 2.329712949973465341e-01 5.118320010953716359e-01
3.782000000000000028e+01 2.357418876430456278e-01 5.139978968453273733e-01
3.782999999999999829e+01 2.385199311246637144e-01 5.156631458834952664e-01
3.784000000000000341e+01 2.413014978101101216e-01 5.168300345647308669e-01
3.785000000000000142e+01 2.440824732086250559e-01 5.175014663364754242e-01
3.785999999999999943e+01 2.468585521724678267e-01 5.176809663964795361e-01
3.786999999999999744e+01 2.496252320586475892e-01 5.173726894066353887e-01
3.788000000000000256e+01 2.523778034048398955e-01 5.165814295645464460e-01
3.789000000000000057e+01 2.551113387225480422e-01 5.153126322754979505e-01
3.789999999999999858e+01 2.578206800426086076e-01 5.135724066306934787e-01
3.791000000000000369e+01 2.605004258633584757e-01 5.113675378829503071e-01
3.792000000000000171e+01 2.631449181507213297e-01 5.087054991179141838e-01
3.792999999999999972e+01 2.657482300229939698e-01 5.055944613460836567e-01
3.793999999999999773e+01 2.683041547224959689e-01 5.020433012869257583e-01
3.795000000000000284e+01 2.708061964329983029e-01 4.980616061789814308e-01
3.796000000000000085e+01 2.732475634477379289e-01 4.936596750267431832e-01
3.796999999999999886e+01 2.756211641297974801e-01 4.888485157835150696e-01
3.798000000000000398e+01 2.779196060367066234e-01 4.836398380665864472e-01
3.799000000000000199e+01 2.801351985064054473e-01 4.780460411039257895e-01
3.800000000000000000e+01 2.822599589242535401e-01 4.720801967172575941e-01
3.800999999999999801e+01 2.842856228125853479e-01 4.657560272519886135e-01
3.802000000000000313e+01 2.862036578072699178e-01 4.590878784672508539e-01
3.803000000000000114e+01 2.880052815115528575e-01 4.520906874968801947e-01
3.803999999999999915e+01 2.896814831476476892e-01 4.447799460822303153e-01
3.805000000000000426e+01 2.912230488624125702e-01 4.371716593584770716e-01
3.806000000000000227e+01 2.926205904860176843e-01 4.292823005460006391e-01
3.807000000000000028e+01 2.938645774925908172e-01 4.211287619564214602e-01
3.807999999999999829e+01 2.949453718699461269e-01 4.127283027682153160e-01
3.809000000000000341e+01 2.958532655719547377e-01 4.040984940592280417e-01
3.810000000000000142e+01 2.965785202019252664e-01 3.952571616029106893e-01
3.810999999999999943e+01 2.971114085583846931e-01 3.862223269421513061e-01
3.811999999999999744e+01 2.974422576654992545e-01 3.770121472499377013e-01
3.813000000000000256e+01 2.975614929085092508e-01 3.676448544707911492e-01
3.814000000000000057e+01 2.974596828993130160e-01 3.581386942122517514e-01
3.814999999999999858e+01 2.971275847079146715e-01 3.485118648231383953e-01
3.816000000000000369e+01 2.965561891110142789e-01 3.387824570564625382e-01
3.817000000000000171e+01 2.957367655286354813e-01 3.289683946714150875e-01
3.817999999999999972e+01 2.946609063424678876e-01 3.190873762824997795e-01
3.818999999999999773e+01 2.933205703146083976e-01 3.091568187163152293e-01
3.820000000000000284e+01 2.917081248517786052e-01 2.991938020893201711e-01
3.821000000000000085e+01 2.898163868870455295e-01 2.892150167746287970e-01
3.821999999999999886e+01 2.876386621778491692e-01 2.792367123838201959e-01
3.823000000000000398e+01 2.851687828450967244e-01 2.692746488520604831e-01
3.824000000000000199e+01 2.824011430026651115e-01 2.593440496824526154e-01
3.825000000000000000e+01 2.793307323494182981e-01 2.494595573791960064e-01
3.825999999999999801e+01 2.759531676164500569e-01 2.396351910792922368e-01
3.827000000000000313e+01 2.722647217804665121e-01 2.298843063794509534e-01
3.828000000000000114e+01 2.682623509698883746e-01 2.202195573485198621e-01
3.828999999999999915e+01 2.639437190033437353e-01 2.106528607159748878e-01
3.830000000000000426e+01 2.593072195107642974e-01 2.011953622333294278e-01
3.831000000000000227e+01 2.543519955954278156e-01 1.918574052171623801e-01
3.832000000000000028e+01 2.490779570011782129e-01 1.826485012990225754e-01
3.832999999999999829e+01 2.434857947529450173e-01 1.735773034278713101e-01
3.834000000000000341e+01 2.375769932408631213e-01 1.646515811939250340e-01
3.835000000000000142e+01 2.313538397190821327e-01 1.558781985677075710e-01
3.835999999999999943e+01 2.248194311900752473e-01 1.472630941736666477e-01
3.836999999999999744e+01 2.179776786443039238e-01 1.388112642427253574e-01
3.838000000000000256e+01 2.108333086237851872e-01 1.305267484115180399e-01
3.839000000000000057e+01 2.033918620768280783e-01 1.224126185567175756e-01
3.839999999999999858e+01 1.956596904703120088e-01 1.144709708698392892e-01
3.841000000000000369e+01 1.876439491256616243e-01 1.067029213902715018e-01
3.842000000000000171e+01 1.793525877454958395e-01 9.910860522133156658e-02
3.842999999999999972e+01 1.707943381000288363e-01 9.168717965517858559e-02
3.843999999999999773e+01 1.619786988459465393e-01 8.443683142702410049e-02
3.845000000000000284e+01 1.529159174558780421e-01 7.735478830691444596e-02
3.846000000000000085e+01 1.436169692439006051e-01 7.043733521831177513e-02
3.846999999999999886e+01 1.340935334818609270e-01 6.367983504678489948e-02
3.848000000000000398e+01 1.243579666127626326e-01 5.707675426958530585e-02
3.849000000000000199e+01 1.144232725810518658e-01 5.062169349808418733e-02
3.850000000000000000e+01 1.043030703153066119e-01 4.430742298056145750e-02
3.850999999999999801e+01 9.401155841649769251e-02 3.812592306335917114e-02
3.852000000000000313e+01 8.356347712447979859e-02 3.206842955478256957e-02
3.853000000000000114e+01 7.297406765648724314e-02 2.612548387934525776e-02
3.853999999999999915e+01 6.225902903385580750e-02 2.028698785104499427e-02
3.855000000000000426e+01 5.143447253665853203e-02 1.454226283451708415e-02
3.856000000000000227e+01 4.051687395003185366e-02 8.880113003324410434e-03
3.857000000000000028e+01 2.952302379025556478e-02 3.288892346563832610e-03
3.857999999999999829e+01 1.846997572266470544e-02 -2.243424980352526962e-03
3.859000000000000341e+01 7.374993406714251513e-03 -7.729171416239404881e-03
3.860000000000000142e+01 -3.744503974534183540e-03 -1.318091036770309248e-02
3.860999999999999943e+01 -1.487099722310170936e-02 -1.861135873739445945e-02
3.861999999999999744e+01 -2.598692337776668804e-02 -2.403330818136998476e-02
3.863000000000000256e+01 -3.707473239858019576e-02 -2.945954569465363340e-02
3.864000000000000057e+01 -4.811694396243275385e-02 -3.490277414001228401e-02
3.864999999999999858e+01 -5.909620403995231863e-02 -4.037553334159849766e-02
3.866000000000000369e+01 -6.999534092014822462e-02 -4.589012236215039842e-02
3.867000000000000171e+01 -8.079742034967787867e-02 -5.145852356978476705e-02
3.867999999999999972e+01 -9.148579945858871521e-02 -5.709232907813684837e-02
3.868999999999999773e+01 -1.020441791539246496e-01 -6.280267011207199546e-02
3.870000000000000284e+01 -1.124566546766753439e-01 -6.860014981092031616e-02
3.871000000000000085e+01 -1.227077640359959393e-01 -7.449477993295725020e-02
3.871999999999999886e+01 -1.327825340571892332e-01 -8.049592186961346263e-02
3.873000000000000398e+01 -1.426665238062091445e-01 -8.661223231680566237e-02
3.874000000000000199e+01 -1.523458651829270871e-01 -9.285161388512218339e-02
3.875000000000000000e+01 -1.618073005074827098e-01 -9.922117086180268219e-02
3.875999999999999801e+01 -1.710382169580509926e-01 -1.057271702670579960e-01
3.877000000000000313e+01 -1.800266777535142193e-01 -1.123750082768387587e-01
3.878000000000000114e+01 -1.887614500100504300e-01 -1.191691820153048809e-01
3.878999999999999915e+01 -1.972320292356801175e-01 -1.261132666545070058e-01
3.880000000000000426e+01 -2.054286604605369826e-01 -1.332098976977055260e-01
3.881000000000000227e+01 -2.133423560322284807e-01 -1.404607582676676569e-01
3.882000000000000028e+01 -2.209649101343738320e-01 -1.478665711734666599e-01
3.882999999999999829e+01 -2.282889101115755104e-01 -1.554270954897744306e-01
3.884000000000000341e+01 -2.353077447051269422e-01 -1.631411273522165584e-01
3.885000000000000142e+01 -2.420156093202294467e-01 -1.710065046516011100e-01
3.885999999999999943e+01 -2.484075084570931402e-01 -1.790201152990246458e-01
3.886999999999999744e+01 -2.544792554448851440e-01 -1.871779087329751567e-01
3.888000000000000256e+01 -2.602274696190948755e-01 -1.954749103483208184e-01
3.889000000000000057e+01 -2.656495710797153742e-01 -2.039052385448420768e-01
3.889999999999999858e+01 -2.707437731600699227e-01 -2.124621241189016407e-01
3.891000000000000369e+01 -2.755090727246878868e-01 -2.211379317547642054e-01
3.892000000000000171e+01 -2.799452384000493121e-01 -2.299241834106145466e-01
3.892999999999999972e+01 -2.840527968251060353e-01 -2.388115834369199109e-01
3.893999999999999773e+01 -2.878330169901738844e-01 -2.477900453096820443e-01
3.895000000000000284e+01 -2.912878927140996055e-01 -2.568487199065537796e-01
3.896000000000000085e+01 -2.944201232915907851e-01 -2.659760252978584649e-01
3.896999999999999886e+01 -2.972330923263051261e-01 -2.751596780654380070e-01
3.898000000000000398e+01 -2.997308447517745278e-01 -2.843867261981852801e-01
3.899000000000000199e+01 -3.019180620324309339e-01 -2.936435836424917123e-01
3.900000000000000000e+01 -3.038000355317424517e-01 -3.029160666072235886e-01
3.900999999999999801e+01 -3.053826380344711877e-01 -3.121894317350784598e-01
3.902000000000000313e+01 -3.066722934158208624e-01 -3.214484162543841950e-01
3.903000000000000114e+01 -3.076759444620682515e-01 -3.306772802170659942e-01
3.903999999999999915e+01 -3.084010188652304141e-01 -3.398598509094555298e-01
3.905000000000000426e+01 -3.088553934382454180e-01 -3.489795694930613590e-01
3.906000000000000227e+01 -3.090473566265944938e-01 -3.580195398929916228e-01
3.907000000000000028e+01 -3.089855694266033792e-01 -3.669625799033965352e-01
3.907999999999999829e+01 -3.086790248589114105e-01 -3.757912744234572222e-01
3.909000000000000341e+01 -3.081370061866331445e-01 -3.844880306757619826e-01
3.910000000000000142e+01 -3.073690441102575610e-01 -3.930351351933978332e-01
3.910999999999999943e+01 -3.063848732138230724e-01 -4.014148122949178221e-01
3.911999999999999744e+01 -3.051943879777948010e-01 -4.096092836999480347e-01
3.913000000000000256e+01 -3.038075987116876098e-01 -4.176008288750180930e-01
3.914000000000000057e+01 -3.022345877921666091e-01 -4.253718456417514560e-01
3.914999999999999858e+01 -3.004854666184940681e-01 -4.329049105302475442e-01
3.916000000000000369e+01 -2.985703337152880166e-01 -4.401828383216153662e-01
3.917000000000000171e+01 -2.964992344212550868e-01 -4.471887401972048925e-01
3.917999999999999972e+01 -2.942821226007565905e-01 -4.539060798998766355e-01
3.918999999999999773e+01 -2.919288248019116239e-01 -4.603187273159942139e-01
3.920000000000000284e+01 -2.894490072598949748e-01 -4.664110089066235143e-01
3.921000000000000085e+01 -2.868521461069812872e-01 -4.721677544531176496e-01
3.921999999999999886e+01 -2.841475011018964603e-01 -4.775743396357302051e-01
3.923000000000000398e+01 -2.813440931307721327e-01 -4.826167240335079156e-01
3.924000000000000199e+01 -2.784506856613927495e-01 -4.872814842182463524e-01
3.925000000000000000e+01 -2.754757702528792818e-01 -4.915558417130670987e-01
3.925999999999999801e+01 -2.724275561361468312e-01 -4.954276856949115793e-01
3.927000000000000313e+01 -2.693139637884612303e-01 -4.988855904373395989e-01
3.928000000000000114e+01 -2.661426223305102257e-01 -5.019188276123512926e-01
3.928999999999999915e+01 -2.629208704791336504e-01 -5.045173736942116793e-01
3.930000000000000426e+01 -2.596557606958947440e-01 -5.066719128308373454e-01
3.931000000000000227e+01 -2.563540660837961283e-01 -5.083738356655580493e-01
3.932000000000000028e+01 -2.530222895043708897e-01 -5.096152347002710359e-01
3.932999999999999829e+01 -2.496666743178199976e-01 -5.103888968866510112e-01
3.934000000000000341e+01 -2.462932160922520763e-01 -5.106882942117619839e-01
3.935000000000000142e+01 -2.429076745866935449e-01 -5.105075731051798016e-01
3.935999999999999943e+01 -2.395155852882542014e-01 -5.098415435339918034e-01
3.936999999999999744e+01 -2.361222697781385771e-01 -5.086856686677626582e-01
3.938000000000000256e+01 -2.327328442151469223e-01 -5.070360559863295036e-01
3.939000000000000057e+01 -2.293522252594005217e-01 -5.048894506683719863e-01
3.939999999999999858e+01 -2.259851328132284065e-01 -5.022432320380728621e-01
3.941000000000000369e+01 -2.226360890298757222e-01 -4.990954137615781216e-01
3.942000000000000171e+01 -2.193094131327351648e-01 -4.954446483758433994e-01
3.942999999999999972e+01 -2.160092116964493492e-01 -4.912902366020431288e-01
3.943999999999999773e+01 -2.127393641642018884e-01 -4.866321417468960631e-01
3.945000000000000284e+01 -2.095035035100621112e-01 -4.814710093315454631e-01
3.946000000000000085e+01 -2.063049920981967766e-01 -4.758081919130828230e-01
3.946999999999999886e+01 -2.031468929386076316e-01 -4.696457788829004332e-01
3.948000000000000398e+01 -2.000319366880156102e-01 -4.629866308436126898e-01
3.949000000000000199e+01 -1.969624848906680048e-01 -4.558344179872702573e-01
3.950000000000000000e+01 -1.939404900932347187e-01 -4.481936617270564915e-01
3.950999999999999801e+01 -1.909674535966532916e-01 -4.400697786775364939e-01
3.952000000000000313e+01 -1.880443817220586733e-01 -4.314691259394782263e-01
3.953000000000000114e+01 -1.851717415643414355e-01 -4.223990465286564522e-01
3.953999999999999915e+01 -1.823494172823383885e-01 -4.128679136975890174e-01
3.955000000000000426e+01 -1.795766680266187854e-01 -4.028851728380635211e-01
3.956000000000000227e+01 -1.768520886322440533e-01 -3.924613796229529106e-01
3.957000000000000028e+01 -1.741735742034078993e-01 -3.816082330498042907e-01
3.957999999999999829e+01 -1.715382896887819586e-01 -3.703386020866898942e-01
3.959000000000000341e+01 -1.689426454907703712e-01 -3.586665446926501355e-01
3.960000000000000142e+01 -1.663822800694533532e-01 -3.466073180895437034e-01
3.960999999999999943e+01 -1.638520503942977324e-01 -3.341773792972128065e-01
3.961999999999999744e+01 -1.613460309659045522e-01 -3.213943751066223875e-01
3.963000000000000256e+01 -1.588575219790187842e-01 -3.082771208523348294e-01
3.964000000000000057e+01 -1.563790670301490326e-01 -2.948455675518584229e-01
3.964999999999999858e+01 -1.539024805923785155e-01 -2.811207572000947730e-01
3.966000000000000369e+01 -1.514188852905924976e-01 -2.671247662367942644e-01
3.967000000000000171e+01 -1.489187588170077237e-01 -2.528806374378710919e-01
3.967999999999999972e+01 -1.463919901343027352e-01 -2.384123007117025794e-01
3.968999999999999773e+01 -1.438279444266079288e-01 -2.237444835032829094e-01
3.970000000000000284e+01 -1.412155360817672345e-01 -2.089026117166308261e-01
3.971000000000000085e+01 -1.385433088260792645e-01 -1.939127022538275347e-01
3.971999999999999886e+01 -1.357995219892158822e-01 -1.788012484327055895e-01
3.973000000000000398e+01 -1.329722417558134584e-01 -1.635950996803338664e-01
3.974000000000000199e+01 -1.300494361643231012e-01 -1.483213370026899292e-01
3.975000000000000000e+01 -1.270190725454605207e-01 -1.330071457997611395e-01
3.975999999999999801e+01 -1.238692160536027931e-01 -1.176796876282088511e-01
3.977000000000000313e+01 -1.205881279355843771e-01 -1.023659725101130347e-01
3.978000000000000114e+01 -1.171643622025576037e-01 -8.709273334663192312e-02
3.978999999999999915e+01 -1.135868594211241062e-01 -7.188630392110431644e-02
3.980000000000000426e+01 -1.098450364182339406e-01 -5.677250186960385026e-02
3.981000000000000227e+01 -1.059288707980927113e-01 -4.177651786152165175e-02
3.982000000000000028e+01 -1.018289792954952810e-01 -2.692281207245789468e-02
3.982999999999999829e+01 -9.753668913507845817e-02 -1.223501885131341067e-02
3.984000000000000341e+01 -9.304410172587262995e-02 2.264139711762582548e-03
3.985000000000000142e+01 -8.834414819080781134e-02 1.655293081436962771e-02
3.985999999999999943e+01 -8.343063640685952076e-02 3.061067827343608508e-02
3.986999999999999744e+01 -7.829828940850848407e-02 4.441782007041688435e-02
3.988000000000000256e+01 -7.294277518044291198e-02 5.795595621839436107e-02
3.989000000000000057e+01 -6.736072803038736789e-02 7.120788724312211715e-02
3.989999999999999858e+01 -6.154976188537712722e-02 8.415764373542043708e-02
3.991000000000000369e+01 -5.550847599088488266e-02 9.679050757508117497e-02
3.992000000000000171e+01 -4.923645360869112475e-02 1.090930255430803963e-01
3.992999999999999972e+01 -4.273425440362675631e-02 1.210530161267756033e-01
3.993999999999999773e+01 -3.600340127936745016e-02 1.326595703802097848e-01
3.995000000000000284e+01 -2.904636246814470968e-02 1.439030477279130138e-01
3.996000000000000085e+01 -2.186652969815707989e-02 1.547750675959453648e-01
3.996999999999999886e+01 -1.446819325599344938e-02 1.652684977196305638e-01
3.998000000000000398e+01 -6.856514730679446820e-03 1.753774399156148023e-01
3.999000000000000199e+01 9.625018271244321433e-04 1.850972140196026627e-01
4.000000000000000000e+01 8.982039670177629359e-03 1.944243405841052652e-01
4.000999999999999801e+01 1.719449947307359616e-02 2.033565228071835818e-01
4.002000000000000313e+01 2.559152933604985289e-02 2.118926280283195407e-01
4.003000000000000114e+01 3.416405431849205143e-02 2.200326689863704166e-01
4.003999999999999915e+01 4.290230526391589083e-02 2.277777848923527859e-01
4.005000000000000426e+01 5.179584679674287956e-02 2.351302222318460144e-01
4.006000000000000227e+01 6.083360448659694969e-02 2.420933150831268699e-01
4.007000000000000028e+01 7.000389128422854212e-02 2.486714646224751080e-01
4.007999999999999829e+01 7.929443343084037477e-02 2.548701173915609020e-01
4.009000000000000341e+01 8.869239612634655101e-02 2.606957418269220117e-01
4.010000000000000142e+01 9.818440930926851384e-02 2.661558025010403727e-01
4.010999999999999943e+01 1.077565939494458669e-01 2.712587315002192301e-01
4.011999999999999744e+01 1.173945892831362303e-01 2.760138963673457457e-01
4.013000000000000256e+01 1.270835814276931597e-01 2.804315640676568466e-01
4.014000000000000057e+01 1.368083337998604876e-01 2.845228604918475512e-01
4.014999999999999858e+01 1.465532197285628613e-01 2.882997250914198784e-01
4.016000000000000369e+01 1.563022576013488041e-01 2.917748603433259480e-01
4.017000000000000171e+01 1.660391488153928619e-01 2.949616758612580991e-01
4.017999999999999972e+01 1.757473187218335231e-01 2.978742271052538526e-01
4.018999999999999773e+01 1.854099606592899130e-01 3.005271487850306178e-01
4.020000000000000284e+01 1.950100830720865874e-01 3.029355832006798699e-01
4.021000000000000085e+01 2.045305596047178598e-01 3.051151039119333608e-01
4.021999999999999886e+01 2.139541819601473716e-01 3.070816352690351470e-01
4.023000000000000398e+01 2.232637152094427146e-01 3.088513684693804939e-01
4.024000000000000199e+01 2.324419551475637447e-01 3.104406749199200011e-01
4.025000000000000000e+01 2.414717872081930394e-01 3.118660177817738077e-01
4.025999999999999801e+01 2.503362463822233486e-01 3.131438626470923747e-01
4.027000000000000313e+01 2.590185775323666229e-01 3.142905883462565053e-01
4.028000000000000114e+01 2.675022954621477655e-01 3.153223989041675224e-01
4.028999999999999915e+01 2.757712440825456635e-01 3.162552376567111523e-01
4.030000000000000426e+01 2.838096540242841526e-01 3.171047045025197075e-01
4.031000000000000227e+01 2.916021980680957859e-01 3.178859772018600149e-01
4.032000000000000028e+01 2.991340438083741615e-01 3.186137375457614440e-01
4.032999999999999829e+01 3.063909030259683863e-01 3.193021031071026639e-01
4.034000000000000341e+01 3.133590773213954517e-01 3.199645651548396197e-01
4.035000000000000142e+01 3.200254996478034131e-01 3.206139331670664894e-01
4.035999999999999943e+01 3.263777714805595198e-01 3.212622862228265430e-01
4.036999999999999744e+01 3.324041954639798679e-01 3.219209313916040482e-01
4.038000000000000256e+01 3.380938034818524174e-01 3.226003690784554623e-01
4.039000000000000057e+01 3.434363802033709723e-01 3.233102651270047811e-01
4.039999999999999858e+01 3.484224822562589918e-01 3.240594293371366619e-01
4.041000000000000369e+01 3.530434532707730777e-01 3.248557999238559924e-01
4.042000000000000171e+01 3.572914351187900239e-01 3.257064333327082117e-01
4.042999999999999972e+01 3.611593757385638259e-01 3.266174987389013351e-01
4.043999999999999773e+01 3.646410339857646399e-01 3.275942764946613850e-01
4.045000000000000284e+01 3.677309819834564952e-01 3.286411597542991392e-01
4.046000000000000085e+01 3.704246054567381097e-01 3.297616584999419342e-01
4.046999999999999886e+01 3.727181025315844387e-01 3.309584052129016518e-01
4.048000000000000398e+01 3.746084814523840678e-01 3.322331614852253034e-01
4.049000000000000199e+01 3.760935576298576333e-01 3.335868249411753084e-01
4.050000000000000000e+01 3.771719503722280598e-01 3.350194359363856678e-01
4.050999999999999801e+01 3.778430795800012953e-01 3.365301836196251672e-01
4.052000000000000313e+01 3.781071626013887133e-01 3.381174110741792527e-01
4.053000000000000114e+01 3.779652113544759717e-01 3.397786193979934755e-01
4.053999999999999915e+01 3.774190297272946304e-01 3.415104707287408559e-01
4.055000000000000426e+01 3.764712111716809195e-01 3.433087903664728269e-01
4.056000000000000227e+01 3.751251363149707974e-01 3.451685682871184491e-01
4.057000000000000028e+01 3.733849703288188437e-01 3.470839604695952207e-01
4.057999999999999829e+01 3.712556597201702169e-01 3.490482905728460317e-01
4.059000000000000341e+01 3.687429281486918620e-01 3.510540525923939725e-01
4.060000000000000142e+01 3.658532708303833259e-01 3.530929151953992040e-01
4.060999999999999943e+01 3.625939470606306392e-01 3.551557284758647404e-01
4.061999999999999744e+01 3.589729703829923624e-01 3.572325338856985333e-01
4.063000000000000256e+01 3.549990959431912896e-01 3.593125780818531290e-01
4.064000000000000057e+01 3.506818046009969048e-01 3.613843313848734695e-01
4.064999999999999858e+01 3.460312834251350056e-01 3.634355114710079437e-01
4.066000000000000369e+01 3.410584022664724380e-01 3.654531128207452184e-01
4.067000000000000171e+01 3.357746861902681235e-01 3.674234423242778713e-01
4.067999999999999972e+01 3.301922836464459277e-01 3.693321613029074135e-01
4.068999999999999773e+01 3.243239303642647675e-01 3.711643340493820387e-01
4.070000000000000284e+01 3.181829090707140040e-01 3.729044828247927157e-01
4.071000000000000085e+01 3.117830052464509727e-01 3.745366490804714621e-01
4.071999999999999886e+01 3.051384592449702393e-01 3.760444605061123435e-01
4.073000000000000398e+01 2.982639152058728649e-01 3.774112033457676096e-01
4.074000000000000199e+01 2.911743672876153655e-01 3.786198992770294924e-01
4.075000000000000000e+01 2.838851038253552006e-01 3.796533860207065847e-01
4.075999999999999801e+01 2.764116500822773603e-01 3.804944007432168873e-01
4.077000000000000313e+01 2.687697103054639269e-01 3.811256652355707319e-01
4.078000000000000114e+01 2.609751098180282392e-01 3.815299718041441079e-01
4.078999999999999915e+01 2.530437378766518530e-01 3.816902687914213166e-01
4.080000000000000426e+01 2.449914919974811311e-01 3.815897446603832566e-01
4.081000000000000227e+01 2.368342244039776667e-01 3.812119096240468852e-01
4.082000000000000028e+01 2.285876911790805655e-01 3.805406738804641975e-01
4.082999999999999829e+01 2.202675046129874414e-01 3.795604216208927628e-01
4.084000000000000341e+01 2.118890891298568224e-01 3.782560801113979965e-01
4.085000000000000142e+01 2.034676410552458958e-01 3.766131833015664565e-01
4.085999999999999943e+01 1.950180923551874113e-01 3.746179295831632561e-01
4.086999999999999744e+01 1.865550783419290537e-01 3.722572335008220712e-01
4.088000000000000256e+01 1.780929092052694063e-01 3.695187714000623402e-01
4.089000000000000057e+01 1.696455450969521772e-01 3.663910211788032334e-01
4.089999999999999858e+01 1.612265743735575296e-01 3.628632964807672057e-01
4.091000000000000369e+01 1.528491944953158932e-01 3.589257758266353737e-01
4.092000000000000171e+01 1.445261949884874553e-01 3.545695273158598892e-01
4.092999999999999972e+01 1.362699418110545069e-01 3.497865296436306060e-01
4.093999999999999773e+01 1.280923624184773513e-01 3.445696902593389233e-01
4.095000000000000284e+01 1.200049308103686846e-01 3.389128615417614787e-01
4.096000000000000085e+01 1.120186518514984242e-01 3.328108558798203997e-01
4.096999999999999886e+01 1.041440442019246071e-01 3.262594605251905588e-01
4.098000000000000398e+01 9.639112126069790398e-02 3.192554530243613686e-01
4.099000000000000199e+01 8.876936962393726371e-02 3.117966179444602859e-01
4.100000000000000000e+01 8.128772467862731277e-02 3.038817654818259939e-01
4.100999999999999801e+01 7.395454309486924893e-02 2.955107523887248733e-01
4.102000000000000313e+01 6.677757213735427411e-02 2.866845054765412848e-01
4.103000000000000114e+01 5.976391588669805605e-02 2.774050477588697605e-01
4.103999999999999915e+01 5.291999863762444217e-02 2.676755270915979201e-01
4.105000000000000426e+01 4.625152591811351049e-02 2.575002469561428753e-01
4.106000000000000227e+01 3.976344374565954354e-02 2.468846988236837736e-01
4.107000000000000028e+01 3.345989689784758386e-02 2.358355953397290039e-01
4.107999999999999829e+01 2.734418711889709946e-02 2.243609033867282887e-01
4.109000000000000341e+01 2.141873230635362932e-02 2.124698759243326684e-01
4.110000000000000142e+01 1.568502781804421639e-02 2.001730813783362539e-01
4.110999999999999943e+01 1.014361110474317276e-02 1.874824292554864713e-01
4.111999999999999744e+01 4.794030905625060526e-03 1.744111906064034212e-01
4.113000000000000256e+01 -3.651777606379513373e-04 1.609740119458226149e-01
4.114000000000000057e+01 -5.336511617422025344e-03 1.471869212700229468e-01
4.114999999999999858e+01 -1.012350905065680096e-02 1.330673248860267111e-01
4.116000000000000369e+01 -1.473075092835657122e-02 1.186339938850050069e-01
4.117000000000000171e+01 -1.916385146643659332e-02 1.039070392509720692e-01
4.117999999999999972e+01 -2.342943846537616850e-02 8.890787479167415464e-02
4.118999999999999773e+01 -2.753512244540723408e-02 7.365916730676401458e-02
4.120000000000000284e+01 -3.148945443168304353e-02 5.818477366300252307e-02
4.121000000000000085e+01 -3.530187237948712031e-02 4.250966472054927558e-02
4.121999999999999886e+01 -3.898263647658093550e-02 2.665983634094093099e-02
4.123000000000000398e+01 -4.254275380855931238e-02 1.066220799813761763e-02
4.124000000000000199e+01 -4.599389311672124475e-02 -5.455490199129289786e-03
4.125000000000000000e+01 -4.934829060966993558e-02 -2.166484099070111261e-02
4.125999999999999801e+01 -5.261864800311621265e-02 -3.793687261622814832e-02
4.127000000000000313e+01 -5.581802415110706517e-02 -5.424219906907605526e-02
4.128000000000000114e+01 -5.895972179072798969e-02 -7.055116619426266000e-02
4.128999999999999915e+01 -6.205717104665380707e-02 -8.683400171810119750e-02
4.130000000000000426e+01 -6.512381142809300916e-02 -1.030609671878441463e-01
4.131000000000000227e+01 -6.817297409613876091e-02 -1.192025097379153659e-01
4.132000000000000028e+01 -7.121776618286196348e-02 -1.352294115872166580e-01
4.132999999999999829e+01 -7.427095890443913273e-02 -1.511129352100970269e-01
4.134000000000000341e+01 -7.734488113015927646e-02 -1.668249622109616581e-01
4.135000000000000142e+01 -8.045131994942662790e-02 -1.823381240668922876e-01
4.135999999999999943e+01 -8.360142962311081782e-02 -1.976259230803952549e-01
4.136999999999999744e+01 -8.680565011802975073e-02 -2.126628421006453162e-01
4.138000000000000256e+01 -9.007363620910126267e-02 -2.274244418203419105e-01
4.139000000000000057e+01 -9.341419789860390399e-02 -2.418874447297449937e-01
4.139999999999999858e+01 -9.683525265244291580e-02 -2.560298051020145627e-01
4.141000000000000369e+01 -1.003437896960513859e-01 -2.698307646866219267e-01
4.142000000000000171e+01 -1.039458463544860184e-01 -2.832708940921178087e-01
4.142999999999999972e+01 -1.076464961692421701e-01 -2.963321201376742375e-01
4.143999999999999773e+01 -1.114498482849150540e-01 -3.089977397366248102e-01
4.145000000000000284e+01 -1.153590573782408563e-01 -3.212524211372463356e-01
4.146000000000000085e+01 -1.193763432058014273e-01 -3.330821935795138522e-01
4.146999999999999886e+01 -1.235030186795415402e-01 -3.444744266256855036e-01
4.148000000000000398e+01 -1.277395252450981566e-01 -3.554178005825739950e-01
4.149000000000000199e+01 -1.320854742396328219e-01 -3.659022695506882750e-01
4.150000000000000000e+01 -1.365396928451949043e-01 -3.759190187077998679e-01
4.150999999999999801e+01 -1.411002732312806041e-01 -3.854604174610112288e-01
4.152000000000000313e+01 -1.457646234957847287e-01 -3.945199700824708611e-01
4.153000000000000114e+01 -1.505295190654323267e-01 -4.030922653812781808e-01
4.153999999999999915e+01 -1.553911533025154335e-01 -4.111729268608141363e-01
4.155000000000000426e+01 -1.603451861808959655e-01 -4.187585646708502085e-01
4.156000000000000227e+01 -1.653867900365306454e-01 -4.258467304924725139e-01
4.157000000000000028e+01 -1.705106915613207041e-01 -4.324358762969829351e-01
4.157999999999999829e+01 -1.757112093885207782e-01 -4.385253177041247286e-01
4.159000000000000341e+01 -1.809822868075357805e-01 -4.441152024371309848e-01
4.160000000000000142e+01 -1.863175193398544927e-01 -4.492064841394040053e-01
4.160999999999999943e+01 -1.917101771003111854e-01 -4.538009015871900531e-01
4.161999999999999744e+01 -1.971532220532563051e-01 -4.579009631113138412e-01
4.163000000000000256e+01 -2.026393204463335096e-01 -4.615099358352683367e-01
4.164000000000000057e+01 -2.081608508607587782e-01 -4.646318391525014468e-01
4.164999999999999858e+01 -2.137099084522472436e-01 -4.672714417075581328e-01
4.166000000000000369e+01 -2.192783060678020479e-01 -4.694342610178405262e-01
4.167000000000000171e+01 -2.248575730080686341e-01 -4.711265647781079369e-01
4.167999999999999972e+01 -2.304389522613551067e-01 -4.723553728303251931e-01
4.168999999999999773e+01 -2.360133970631458078e-01 -4.731284587577735401e-01
4.170000000000000284e+01 -2.415715676342920226e-01 -4.734543500740538979e-01
4.171000000000000085e+01 -2.471038289232528884e-01 -4.733423260232130780e-01
4.171999999999999886e+01 -2.526002501247470167e-01 -4.728024120841523570e-01
4.173000000000000398e+01 -2.580506066716776181e-01 -4.718453703773081154e-01
4.174000000000000199e+01 -2.634443853025109639e-01 -4.704826853000462217e-01
4.175000000000000000e+01 -2.687707926962050742e-01 -4.687265438644697690e-01
4.175999999999999801e+01 -2.740187680454396757e-01 -4.665898103720593215e-01
4.177000000000000313e+01 -2.791769998106017892e-01 -4.640859952281681244e-01
4.178000000000000114e+01 -2.842339467661341157e-01 -4.612292178702439571e-01
4.178999999999999915e+01 -2.891778633217219618e-01 -4.580341639511378848e-01
4.180000000000000426e+01 -2.939968289774413934e-01 -4.545160370777564518e-01
4.181000000000000227e+01 -2.986787816581287780e-01 -4.506905055507423041e-01
4.182000000000000028e+01 -3.032115545710792337e-01 -4.465736446786225944e-01
4.182999999999999829e+01 -3.075829161454412541e-01 -4.421818753463714891e-01
4.184000000000000341e+01 -3.117806125433916775e-01 -4.375318996009116557e-01
4.185000000000000142e+01 -3.157924121837514253e-01 -4.326406340728529143e-01
4.185999999999999943e+01 -3.196061516888296095e-01 -4.275251420838256378e-01
4.186999999999999744e+01 -3.232097826549724662e-01 -4.222025652920691763e-01
4.188000000000000256e+01 -3.265914186558767085e-01 -4.166900557063915045e-01
4.189000000000000057e+01 -3.297393819139556870e-01 -4.110047088519268033e-01
4.189999999999999858e+01 -3.326422491170494267e-01 -4.051634988027479900e-01
4.191000000000000369e+01 -3.352888959132920288e-01 -3.991832157095036582e-01
4.192000000000000171e+01 -3.376685396832935226e-01 -3.930804063484720223e-01
4.192999999999999972e+01 -3.397707802630344776e-01 -3.868713181058367478e-01
4.193999999999999773e+01 -3.415856383699163445e-01 -3.805718466918764364e-01
4.195000000000000284e+01 -3.431035915651308166e-01 -3.741974877585303449e-01
4.196000000000000085e+01 -3.443156076648455910e-01 -3.677632924747759602e-01
4.196999999999999886e+01 -3.452131755877709263e-01 -3.612838270015710784e-01
4.198000000000000398e+01 -3.457883336948642250e-01 -3.547731357055707302e-01
4.199000000000000199e+01 -3.460336957359919641e-01 -3.482447078617357250e-01
4.200000000000000000e+01 -3.459424745664765322e-01 -3.417114475221050274e-01
4.200999999999999801e+01 -3.455085038322573410e-01 -3.351856461734984971e-01
4.202000000000000313e+01 -3.447262578450485671e-01 -3.286789577722038502e-01
4.203000000000000114e+01 -3.435908698780583692e-01 -3.222023757294458779e-01
4.203999999999999915e+01 -3.420981491087585202e-01 -3.157662114276100773e-01
4.205000000000000426e+01 -3.402445964185323857e-01 -3.093800738730141386e-01
4.206000000000000227e+01 -3.380274192309551395e-01 -3.030528501350506776e-01
4.207000000000000028e+01 -3.354445455325018033e-01 -2.967926862816935296e-01
4.207999999999999829e+01 -3.324946371735328920e-01 -2.906069685950979919e-01
4.209000000000000341e+01 -3.291771024955954528e-01 -2.845023049352878863e-01
4.210000000000000142e+01 -3.254921082757026851e-01 -2.784845062114041925e-01
4.210999999999999943e+01 -3.214405909217287749e-01 -2.725585680151363932e-01
4.211999999999999744e+01 -3.170242667976986839e-01 -2.667286525661704544e-01
4.213000000000000256e+01 -3.122456415059171597e-01 -2.609980712112249801e-01
4.214000000000000057e+01 -3.071080179066192350e-01 -2.553692678031117547e-01
4.214999999999999858e+01 -3.016155026170288522e-01 -2.498438033611465603e-01
4.216000000000000369e+01 -2.957730107019391208e-01 -2.444223424764527530e-01
4.217000000000000171e+01 -2.895862682483563155e-01 -2.391046419729427330e-01
4.217999999999999972e+01 -2.830618125082201564e-01 -2.338895423653633010e-01
4.218999999999999773e+01 -2.762069892960969386e-01 -2.287749626685252058e-01
4.220000000000000284e+01 -2.690299473430424193e-01 -2.237578991062404155e-01
4.221000000000000085e+01 -2.615396293331193611e-01 -2.188344282445597588e-01
4.221999999999999886e+01 -2.537457593845285353e-01 -2.139997150323383890e-01
4.223000000000000398e+01 -2.456588267818344828e-01 -2.092480261741667680e-01
4.224000000000000199e+01 -2.372900658178836719e-01 -2.045727491880273419e-01
4.225000000000000000e+01 -2.286514316620656129e-01 -1.999664174148390039e-01
4.225999999999999801e+01 -2.197555722336763662e-01 -1.954207411518951443e-01
4.227000000000000313e+01 -2.106157961233888209e-01 -1.909266449798672494e-01
4.228000000000000114e+01 -2.012460366701943337e-01 -1.864743112465625519e-01
4.228999999999999915e+01 -1.916608123637072170e-01 -1.820532295630098440e-01
4.230000000000000426e+01 -1.818751838005934762e-01 -1.776522520618003254e-01
4.231000000000000227e+01 -1.719047074773664141e-01 -1.732596540667928897e-01
4.232000000000000028e+01 -1.617653867484542540e-01 -1.688631997300583110e-01
4.232999999999999829e+01 -1.514736203170697626e-01 -1.644502121086882651e-01
4.234000000000000341e+01 -1.410461486560811717e-01 -1.600076470828866448e-01
4.235000000000000142e+01 -1.304999987762348046e-01 -1.555221704592439080e-01
4.235999999999999943e+01 -1.198524277694375112e-01 -1.509802375604640534e-01
4.236999999999999744e+01 -1.091208655554590928e-01 -1.463681745757502706e-01
4.238000000000000256e+01 -9.832285725175231306e-02 -1.416722609348209094e-01
4.239000000000000057e+01 -8.747600556880957834e-02 -1.368788119728190367e-01
4.239999999999999858e+01 -7.659791360852521991e-02 -1.319742611725180093e-01
4.241000000000000369e+01 -6.570612841159655104e-02 -1.269452413030500715e-01
4.242000000000000171e+01 -5.481808556342744609e-02 -1.217786638194134630e-01
4.242999999999999972e+01 -4.395105512775970141e-02 -1.164617959424153609e-01
4.243999999999999773e+01 -3.312208913490691936e-02 -1.109823349024504774e-01
4.245000000000000284e+01 -2.234797080854170753e-02 -1.053284789003496036e-01
4.246000000000000085e+01 -1.164516567301529699e-02 -9.948899441218868323e-02
4.246999999999999886e+01 -1.029774643571077083e-03 -9.345327954006009408e-02
4.248000000000000398e+01 9.482510834158493565e-03 -8.721142318514329972e-02
4.249000000000000199e+01 1.987645156022031789e-02 -8.075425989083438727e-02
4.250000000000000000e+01 3.013730126245873359e-02 -7.407342027023913755e-02
4.250999999999999801e+01 4.025084519452747089e-02 -6.716137699237702263e-02
4.252000000000000313e+01 5.020343667237432000e-02 -6.001148635352123589e-02
4.253000000000000114e+01 5.998203157773421279e-02 -5.261802550320746064e-02
4.253999999999999915e+01 6.957422085648819199e-02 -4.497622542785169319e-02
4.255000000000000426e+01 7.896826103282578169e-02 -3.708229981826260263e-02
4.256000000000000227e+01 8.815310274756987807e-02 -2.893346996066516533e-02
4.257000000000000028e+01 9.711841731163729785e-02 -2.052798579449281388e-02
4.257999999999999829e+01 1.058546212443606249e-01 -1.186514327485579078e-02
4.259000000000000341e+01 1.143528987424358156e-01 -2.945298164238080441e-03
4.260000000000000142e+01 1.226052219997806614e-01 6.230123642204235708e-03
4.260999999999999943e+01 1.306043692728477146e-01 1.565861917890245397e-02
4.261999999999999744e+01 1.383439405612216788e-01 2.533660481020427041e-02
4.263000000000000256e+01 1.458183707508526328e-01 3.525941595077774354e-02
4.264000000000000057e+01 1.530229400482156499e-01 4.542131012003221280e-02
4.264999999999999858e+01 1.599537815190869017e-01 5.581547337519824487e-02
4.266000000000000369e+01 1.666078855363932187e-01 6.643403019556876066e-02
4.267000000000000171e+01 1.729831009384744100e-01 7.726805691393305586e-02
4.267999999999999972e+01 1.790781327026427783e-01 8.830759880911440152e-02
4.268999999999999773e+01 1.848925359494880127e-01 9.954169098465291687e-02
4.270000000000000284e+01 1.904267061110838377e-01 1.109583831621490102e-01
4.271000000000000085e+01 1.956818651210512627e-01 1.225447685130140740e-01
4.271999999999999886e+01 2.006600435160158513e-01 1.342870166389946440e-01
4.273000000000000398e+01 2.053640583759011318e-01 1.461704107897817684e-01
4.274000000000000199e+01 2.097974870740509923e-01 1.581793893755114311e-01
4.275000000000000000e+01 2.139646368565464585e-01 1.702975917934699268e-01
4.275999999999999801e+01 2.178705103223111672e-01 1.825079085425965197e-01
4.277000000000000313e+01 2.215207669306055449e-01 1.947925355473685005e-01
4.278000000000000114e+01 2.249216807191087020e-01 2.071330325555424956e-01
4.278999999999999915e+01 2.280800944727892909e-01 2.195103854133575727e-01
4.280000000000000426e+01 2.310033706398849918e-01 2.319050719586211728e-01
4.281000000000000227e+01 2.336993393453273560e-01 2.442971312082108659e-01
4.282000000000000028e+01 2.361762439026286464e-01 2.566662354535035329e-01
4.282999999999999829e+01 2.384426842714456041e-01 2.689917648167721720e-01
4.284000000000000341e+01 2.405075589486613541e-01 2.812528837652389924e-01
4.285000000000000142e+01 2.423800058149140069e-01 2.934286190288057927e-01
4.285999999999999943e+01 2.440693424851924365e-01 3.054979383239304069e-01
4.286999999999999744e+01 2.455850067307028262e-01 3.174398292509951203e-01
4.288000000000000256e+01 2.469364975491137038e-01 3.292333777069365031e-01
4.289000000000000057e+01 2.481333174611168035e-01 3.408578451398493470e-01
4.289999999999999858e+01 2.491849166027446938e-01 3.522927439684410689e-01
4.291000000000000369e+01 2.501006391650112404e-01 3.635179104971225095e-01
4.292000000000000171e+01 2.508896727052836173e-01 3.745135746773985419e-01
4.292999999999999972e+01 2.515610008186237034e-01 3.852604260980980189e-01
4.293999999999999773e+01 2.521233596126138399e-01 3.957396756305683883e-01
4.295000000000000284e+01 2.525851983764804132e-01 4.059331122097761813e-01
4.296000000000000085e+01 2.529546447754308924e-01 4.158231542975150408e-01
4.296999999999999886e+01 2.532394748348868463e-01 4.253928956486520141e-01
4.298000000000000398e+01 2.534470879077858618e-01 4.346261450843296736e-01
4.299000000000000199e+01 2.535844867424441595e-01 4.435074600658520660e-01
4.300000000000000000e+01 2.536582626898677972e-01 4.520221739580645437e-01
4.300999999999999801e+01 2.536745860092031180e-01 4.601564169696252260e-01
4.302000000000000313e+01 2.536392011495686716e-01 4.678971308578324662e-01
4.303000000000000114e+01 2.535574268072695037e-01 4.752320775856780921e-01
4.303999999999999915e+01 2.534341604807578419e-01 4.821498422165637621e-01
4.305000000000000426e+01 2.532738871731363139e-01 4.886398304256746594e-01
4.306000000000000227e+01 2.530806918248609816e-01 4.946922610943926268e-01
4.307000000000000028e+01 2.528582749989651823e-01 5.002981545334717062e-01
4.307999999999999829e+01 2.526099712888383864e-01 5.054493169502556338e-01
4.309000000000000341e+01 2.523387698754879782e-01 5.101383218333362946e-01
4.310000000000000142e+01 2.520473366283425554e-01 5.143584889733645582e-01
4.310999999999999943e+01 2.517380371218282398e-01 5.181038618699975729e-01
4.311999999999999744e+01 2.514129599298844386e-01 5.213691842913071861e-01
4.313000000000000256e+01 2.510739395627079595e-01 5.241498767526839853e-01
4.314000000000000057e+01 2.507225784246100431e-01 5.264420136670765471e-01
4.314999999999999858e+01 2.503602671989148543e-01 5.282423018872260956e-01
4.316000000000000369e+01 2.499882031051087750e-01 5.295480613137962811e-01
4.317000000000000171e+01 2.496074055244641154e-01 5.303572081815463024e-01
4.317999999999999972e+01 2.492187285523601303e-01 5.306682415600254554e-01
4.318999999999999773e+01 2.488228701075291815e-01 5.304802335169820360e-01
4.320000000000000284e+01 2.484203773092212297e-01 5.297928232934193682e-01
4.321000000000000085e+01 2.480116479213631542e-01 5.286062157309354692e-01
4.321999999999999886e+01 2.475969277565328863e-01 5.269211840768109889e-01
4.323000000000000398e+01 2.471763040301615255e-01 5.247390771726337944e-01
4.324000000000000199e+01 2.467496947548582786e-01 5.220618309106015431e-01
4.325000000000000000e+01 2.463168343640822766e-01 5.188919837206625862e-01
4.325999999999999801e+01 2.458772558514487339e-01 5.152326957340016556e-01
4.327000000000000313e+01 2.454302698046594289e-01 5.110877711567248793e-01
4.328000000000000114e+01 2.449749407993210559e-01 5.064616832845179051e-01
4.328999999999999915e+01 2.445100616957724959e-01 5.013596014969773362e-01
4.330000000000000426e+01 2.440341264496748153e-01 4.957874194914799748e-01
4.331000000000000227e+01 2.435453021028567699e-01 4.897517839528201522e-01
4.332000000000000028e+01 2.430414006633624113e-01 4.832601228080748990e-01
4.332999999999999829e+01 2.425198516116534586e-01 4.763206721875022920e-01
4.334000000000000341e+01 2.419776757826663793e-01 4.689425012026651740e-01
4.335000000000000142e+01 2.414114613703876311e-01 4.611355336628197299e-01
4.335999999999999943e+01 2.408173427826669211e-01 4.529105658799112422e-01
4.336999999999999744e+01 2.401909830393255674e-01 4.442792797608402511e-01
4.338000000000000256e+01 2.395275603568468858e-01 4.352542504520515720e-01
4.339000000000000057e+01 2.388217594989703041e-01 4.258489478846071430e-01
4.339999999999999858e+01 2.380677683956563540e-01 4.160777316659704517e-01
4.341000000000000369e+01 2.372592804447180570e-01 4.059558388755724612e-01
4.342000000000000171e+01 2.363895028128260023e-01 3.954993644424160126e-01
4.342999999999999972e+01 2.354511709476773407e-01 3.847252339117359088e-01
4.343999999999999773e+01 2.344365694031881886e-01 3.736511685411575967e-01
4.345000000000000284e+01 2.333375589670435846e-01 3.622956428018125896e-01
4.346000000000000085e+01 2.321456099673178397e-01 3.506778344933899061e-01
4.346999999999999886e+01 2.308518415246629540e-01 3.388175678110535993e-01
4.348000000000000398e+01 2.294470664112064628e-01 3.267352498236024139e-01
4.349000000000000199e+01 2.279218410791178651e-01 3.144518009334151265e-01
4.350000000000000000e+01 2.262665203329552177e-01 3.019885799871752652e-01
4.350999999999999801e+01 2.244713160422818488e-01 2.893673047898975281e-01
4.352000000000000313e+01 2.225263592262884671e-01 2.766099688416959190e-01
4.353000000000000114e+01 2.204217647915533984e-01 2.637387551656878992e-01
4.353999999999999915e+01 2.181476981685527006e-01 2.507759481256157108e-01
4.355000000000000426e+01 2.156944430726499551e-01 2.377438441428436355e-01
4.356000000000000227e+01 2.130524696111937566e-01 2.246646622145449246e-01
4.357000000000000028e+01 2.102125019697798636e-01 2.115604551088041685e-01
4.357999999999999829e+01 2.071655849370492575e-01 1.984530220691775315e-01
4.359000000000000341e+01 2.039031485675885658e-01 1.853638238026110163e-01
4.360000000000000142e+01 2.004170703352080030e-01 1.723139004524789630e-01
4.360999999999999943e+01 1.966997341924546228e-01 1.593237931752538028e-01
4.361999999999999744e+01 1.927440860247623677e-01 1.464134698475184349e-01
4.363000000000000256e+01 1.885436850670494657e-01 1.336022553325249551e-01
4.364000000000000057e+01 1.840927509346180768e-01 1.209087666351498364e-01
4.364999999999999858e+01 1.793862060065763708e-01 1.083508531738442138e-01
4.366000000000000369e+01 1.744197129864051288e-01 9.594554230085948487e-02
4.367000000000000171e+01 1.691897075484577462e-01 8.370899011035594361e-02
4.367999999999999972e+01 1.636934260590270640e-01 7.165643749041848698e-02
4.368999999999999773e+01 1.579289284341894029e-01 5.980217130166991940e-02
4.370000000000000284e+01 1.518951162622458606e-01 4.815949050386540004e-02
4.371000000000000085e+01 1.455917463748508112e-01 3.674067700391610986e-02
4.371999999999999886e+01 1.390194400967252331e-01 2.555697096512087041e-02
4.373000000000000398e+01 1.321796884385004200e-01 1.461855029838248637e-02
4.374000000000000199e+01 1.250748535203335954e-01 3.934514051731823753e-03
4.375000000000000000e+01 1.177081665255015619e-01 -6.487130575985095363e-03
4.375999999999999801e+01 1.100837224835718720e-01 -1.663947784896903717e-02
4.377000000000000313e+01 1.022064721726838737e-01 -2.651672995373759514e-02
4.378000000000000114e+01 9.408221141098431495e-02 -3.611420047826910396e-02
4.378999999999999915e+01 8.571756797965736363e-02 -4.542831503473646754e-02
4.380000000000000426e+01 7.711998638581978038e-02 -5.445660909388208570e-02
4.381000000000000227e+01 6.829771063452938495e-02 -6.319772304110207739e-02
4.382000000000000028e+01 5.925976513714241445e-02 -7.165139440667617210e-02
4.382999999999999829e+01 5.001593384014862975e-02 -7.981844716794581074e-02
4.384000000000000341e+01 4.057673761630442577e-02 -8.770077797218334137e-02
4.385000000000000142e+01 3.095340992023471946e-02 -9.530133908772953077e-02
4.385999999999999943e+01 2.115787067535569721e-02 -1.026241178598310960e-01
4.386999999999999744e+01 1.120269832953531795e-02 -1.096741124281854635e-01
4.388000000000000256e+01 1.101099994629518419e-03 -1.164573034568588822e-01
4.389000000000000057e+01 -9.133120429066093199e-03 -1.229806216348393877e-01
4.389999999999999858e+01 -1.948559624763436179e-02 -1.292519107274203993e-01
4.391000000000000369e+01 -2.994143418775345108e-02 -1.352798859947500210e-01
4.392000000000000171e+01 -4.048525291711560503e-02 -1.410740878436066714e-01
4.392999999999999972e+01 -5.110122393550942110e-02 -1.466448306406298585e-01
4.393999999999999773e+01 -6.177311487035776205e-02 -1.520031466882861837e-01
4.395000000000000284e+01 -7.248433517242078294e-02 -1.571607254467540515e-01
4.396000000000000085e+01 -8.321798416311319835e-02 -1.621298481733253749e-01
4.396999999999999886e+01 -9.395690133592547733e-02 -1.669233182432094120e-01
4.398000000000000398e+01 -1.046837187623996246e-01 -1.715543875089523829e-01
4.399000000000000199e+01 -1.153809153998021086e-01 -1.760366791470965309e-01
4.400000000000000000e+01 -1.260308730448958248e-01 -1.803841075272811234e-01
4.400999999999999801e+01 -1.366159336279042791e-01 -1.846107957178260706e-01
4.402000000000000313e+01 -1.471184574947021484e-01 -1.887309913102882264e-01
4.403000000000000114e+01 -1.575208822851343893e-01 -1.927589813011125475e-01
4.403999999999999915e+01 -1.678057819826951347e-01 -1.967090068092560151e-01
4.405000000000000426e+01 -1.779559256868655792e-01 -2.005951784329196297e-01
4.406000000000000227e+01 -1.879543356452461067e-01 -2.044313930551306668e-01
4.407000000000000028e+01 -1.977843440789266993e-01 -2.082312528962545206e-01
4.407999999999999829e+01 -2.074296483416938341e-01 -2.120079875815355785e-01
4.409000000000000341e+01 -2.168743639716970428e-01 -2.157743799439595656e-01
4.410000000000000142e+01 -2.261030752227539964e-01 -2.195426962181864783e-01
4.410999999999999943e+01 -2.351008827008810309e-01 -2.233246212015997378e-01
4.411999999999999744e+01 -2.438534477788695531e-01 -2.271311988657491177e-01
4.413000000000000256e+01 -2.523470335164996192e-01 -2.309727787981659120e-01
4.414000000000000057e+01 -2.605685418746798154e-01 -2.348589687435305995e-01
4.414999999999999858e+01 -2.685055470766836150e-01 -2.387985933976427833e-01
4.416000000000000369e+01 -2.761463250367585665e-01 -2.427996594908781169e-01
4.417000000000000171e+01 -2.834798788436939110e-01 -2.468693270831612274e-01
4.417999999999999972e+01 -2.904959603524188694e-01 -2.510138868833132197e-01
4.418999999999999773e+01 -2.971850879983346516e-01 -2.552387433050734566e-01
4.420000000000000284e+01 -3.035385610050085337e-01 -2.595484028831214762e-01
4.421000000000000085e+01 -3.095484702043355130e-01 -2.639464675975892738e-01
4.421999999999999886e+01 -3.152077057278591665e-01 -2.684356325970173596e-01
4.423000000000000398e+01 -3.205099618574362985e-01 -2.730176877690940751e-01
4.424000000000000199e+01 -3.254497393419944484e-01 -2.776935225869217594e-01
4.425000000000000000e+01 -3.300223454942843859e-01 -2.824631336564067396e-01
4.425999999999999801e+01 -3.342238923771770343e-01 -2.873256344075542090e-01
4.427000000000000313e+01 -3.380512933734945435e-01 -2.922792664081231839e-01
4.428000000000000114e+01 -3.415022584073021394e-01 -2.973214118309037146e-01
4.428999999999999915e+01 -3.445752880490847159e-01 -3.024486066738218404e-01
4.430000000000000426e+01 -3.472696666936906373e-01 -3.076565544126772522e-01
4.431000000000000227e+01 -3.495854549500691522e-01 -3.129401398566639680e-01
4.432000000000000028e+01 -3.515234813275956993e-01 -3.182934430736370501e-01
4.432999999999999829e+01 -3.530853332473201656e-01 -3.237097533518807357e-01
4.434000000000000341e+01 -3.542733473500127017e-01 -3.291815832642495665e-01
4.435000000000000142e+01 -3.550905990187202543e-01 -3.347006829953708684e-01
4.435999999999999943e+01 -3.555408909839087861e-01 -3.402580551795679753e-01
4.436999999999999744e+01 -3.556287408362507896e-01 -3.458439705730015357e-01
4.438000000000000256e+01 -3.553593672376724744e-01 -3.514479849452565863e-01
4.439000000000000057e+01 -3.547386745969833832e-01 -3.570589576207384153e-01
4.439999999999999858e+01 -3.537732359636397428e-01 -3.626650721267931088e-01
4.441000000000000369e+01 -3.524702738928018886e-01 -3.682538594120972619e-01
4.442000000000000171e+01 -3.508376390473466611e-01 -3.738122240848552047e-01
4.442999999999999972e+01 -3.488837863279077856e-01 -3.793264740857619777e-01
4.443999999999999773e+01 -3.466177483598778530e-01 -3.847823541562049865e-01
4.445000000000000284e+01 -3.440491062157015612e-01 -3.901650833892838510e-01
4.446000000000000085e+01 -3.411879573103443475e-01 -3.954593970619861842e-01
4.446999999999999886e+01 -3.380448804757397174e-01 -4.006495928440090282e-01
4.448000000000000398e+01 -3.346308982941415544e-01 -4.057195813654901340e-01
4.449000000000000199e+01 -3.309574368481698059e-01 -4.106529410060074659e-01
4.450000000000000000e+01 -3.270362831242467627e-01 -4.154329766446107075e-01
4.450999999999999801e+01 -3.228795403832321331e-01 -4.200427819895556913e-01
4.452000000000000313e+01 -3.184995818845077209e-01 -4.244653049910863674e-01
4.453000000000000114e+01 -3.139090034146912456e-01 -4.286834157351926411e-01
4.453999999999999915e+01 -3.091205751268780721e-01 -4.326799761247185350e-01
4.455000000000000426e+01 -3.041471932383997823e-01 -4.364379105800759717e-01
4.456000000000000227e+01 -2.990018321624300923e-01 -4.399402769382115830e-01
4.457000000000000028e+01 -2.936974976596802289e-01 -4.431703366978658187e-01
4.457999999999999829e+01 -2.882471815897368894e-01 -4.461116237533201412e-01
4.459000000000000341e+01 -2.826638188166583632e-01 -4.487480107787498729e-01
4.460000000000000142e+01 -2.769602467802334544e-01 -4.510637724711468732e-01
4.460999999999999943e+01 -2.711491681834041767e-01 -4.530436449308628544e-01
4.461999999999999744e+01 -2.652431171689457190e-01 -4.546728805535576456e-01
4.463000000000000256e+01 -2.592544292664301087e-01 -4.559372979233957124e-01
4.464000000000000057e+01 -2.531952152861092764e-01 -4.568233263314949166e-01
4.464999999999999858e+01 -2.470773392225541765e-01 -4.573180446920796505e-01
4.466000000000000369e+01 -2.409124001109931579e-01 -4.574092147870950642e-01
4.467000000000000171e+01 -2.347117176569629149e-01 -4.570853089332982955e-01
4.467999999999999972e+01 -2.284863213390056769e-01 -4.563355323288595944e-01
4.468999999999999773e+01 -2.222469425687517153e-01 -4.551498404939777198e-01
4.470000000000000284e+01 -2.160040093867748312e-01 -4.535189523665490441e-01
4.471000000000000085e+01 -2.097676430799919056e-01 -4.514343597444910872e-01
4.471999999999999886e+01 -2.035476560306423710e-01 -4.488883338760685793e-01
4.473000000000000398e+01 -1.973535500512501317e-01 -4.458739300843181930e-01
4.474000000000000199e+01 -1.911945144270679187e-01 -4.423849913678596368e-01
4.475000000000000000e+01 -1.850794228794253871e-01 -4.384161519452255962e-01
4.475999999999999801e+01 -1.790168286814567966e-01 -4.339628417015914952e-01
4.477000000000000313e+01 -1.730149572024727855e-01 -4.290212924545263040e-01
4.478000000000000114e+01 -1.670816952284947254e-01 -4.235885468794217124e-01
4.478999999999999915e+01 -1.612245765031243838e-01 -4.176624708268419917e-01
4.480000000000000426e+01 -1.554507630530413964e-01 -4.112417696255711852e-01
4.481000000000000227e+01 -1.497670220032953914e-01 -4.043260087999868690e-01
4.482000000000000028e+01 -1.441796977457229234e-01 -3.969156394428786094e-01
4.482999999999999829e+01 -1.386946794951496587e-01 -3.890120282801274865e-01
4.484000000000000341e+01 -1.333173644478543862e-01 -3.806174922475537015e-01
4.485000000000000142e+01 -1.280526169399786862e-01 -3.717353371791376482e-01
4.485999999999999943e+01 -1.229047241847751465e-01 -3.623698999863725900e-01
4.486999999999999744e+01 -1.178773493412866025e-01 -3.525265934975589377e-01
4.488000000000000256e+01 -1.129734828277757924e-01 -3.422119529301926866e-01
4.489000000000000057e+01 -1.081953929357009625e-01 -3.314336827956649301e-01
4.489999999999999858e+01 -1.035445769193897719e-01 -3.202007028893562590e-01
4.491000000000000369e+01 -9.902171382842345215e-02 -3.085231919061297567e-01
4.492000000000000171e+01 -9.462662041043552741e-02 -2.964126271457329098e-01
4.492999999999999972e+01 -9.035821143868605354e-02 -2.838818187381549341e-01
4.493999999999999773e+01 -8.621446580942143667e-02 -2.709449368278695758e-01
4.495000000000000284e+01 -8.219239970772759807e-02 -2.576175302092557629e-01
4.496000000000000085e+01 -7.828804805739487949e-02 -2.439165350031199941e-01
4.496999999999999886e+01 -7.449645535140982100e-02 -2.298602721046675568e-01
4.498000000000000398e+01 -7.081167680727824820e-02 -2.154684323137080471e-01
4.499000000000000199e+01 -6.722679060869117540e-02 -2.007620482743275869e-01
4.500000000000000000e+01 -6.373392178625958415e-02 -1.857634525986075757e-01
4.500999999999999801e+01 -6.032427806014920707e-02 -1.704962218210720193e-01
4.502000000000000313e+01 -5.698819772218404606e-02 -1.549851061205006209e-01
4.503000000000000114e+01 -5.371520938058634703e-02 -1.392559450459367187e-01
4.503999999999999915e+01 -5.049410313363926484e-02 -1.233355697862054817e-01
4.505000000000000426e+01 -4.731301248599529413e-02 -1.072516928188402968e-01
4.506000000000000227e+01 -4.415950607991946802e-02 -9.103278605689833769e-02
4.507000000000000028e+01 -4.102068809002853284e-02 -7.470794887292880881e-02
4.507999999999999829e+01 -3.788330593024499815e-02 -5.830676761103689015e-02
4.509000000000000341e+01 -3.473386375130727705e-02 -4.185916839407431700e-02
4.510000000000000142e+01 -3.155874007106197754e-02 -2.539526518789749637e-02
4.510999999999999943e+01 -2.834430778181702346e-02 -8.945205193932378313e-03
4.511999999999999744e+01 -2.507705472209119726e-02 7.460986298188348326e-03
4.513000000000000256e+01 -2.174370298588326755e-02 2.379355945621446436e-02
4.514000000000000057e+01 -1.833132517163373054e-02 4.002318974838314780e-02
4.514999999999999858e+01 -1.482745584465642794e-02 5.612112207419506921e-02
4.516000000000000369e+01 -1.122019659911205336e-02 7.205930731124009225e-02
4.517000000000000171e+01 -7.498313255524371133e-03 8.781052958814257459e-02
4.517999999999999972e+01 -3.651323913298870714e-03 1.033485228138060347e-01
4.518999999999999773e+01 3.304232103495730911e-04 1.186480752454096427e-01
4.520000000000000284e+01 4.455682989081929946e-03 1.336851211549726637e-01
4.521000000000000085e+01 8.732258227024815300e-03 1.484368189489448375e-01
4.521999999999999886e+01 1.316695645258811331e-02 1.628816153989279814e-01
4.523000000000000398e+01 1.776555872775335485e-02 1.769992959458114024e-01
4.524000000000000199e+01 2.253280027704774799e-02 1.907710213358821683e-01
4.525000000000000000e+01 2.747236249538423727e-02 2.041793511276944750e-01
4.525999999999999801e+01 3.258687566745735453e-02 2.172082548650748068e-01
4.527000000000000313e+01 3.787793152937516533e-02 2.298431119377555842e-01
4.528000000000000114e+01 4.334610463084521970e-02 2.420707013409394703e-01
4.528999999999999915e+01 4.899098131774758114e-02 2.538791826938950891e-01
4.530000000000000426e+01 5.481119505349371646e-02 2.652580699820469845e-01
4.531000000000000227e+01 6.080446673523703244e-02 2.761981995449404592e-01
4.532000000000000028e+01 6.696764863860199535e-02 2.866916938433400341e-01
4.532999999999999829e+01 7.329677064177193835e-02 2.967319225033797636e-01
4.534000000000000341e+01 7.978708743496736033e-02 3.063134620564396671e-01
4.535000000000000142e+01 8.643312551188599147e-02 3.154320556737885695e-01
4.535999999999999943e+01 9.322872886183579400e-02 3.240845740398450858e-01
4.536999999999999744e+01 1.001671024304927604e-01 3.322689783229449967e-01
4.538000000000000256e+01 1.072408525880545610e-01 3.399842859944476881e-01
4.539000000000000057e+01 1.144420240301531194e-01 3.472305400231242012e-01
4.539999999999999858e+01 1.217621327328983344e-01 3.540087817397520875e-01
4.541000000000000369e+01 1.291921947823990724e-01 3.603210274344602060e-01
4.542000000000000171e+01 1.367227510945903113e-01 3.661702485243272243e-01
4.542999999999999972e+01 1.443438882270254853e-01 3.715603549183837950e-01
4.543999999999999773e+01 1.520452556546933731e-01 3.764961810181807200e-01
4.545000000000000284e+01 1.598160800317703634e-01 3.809834736304408831e-01
4.546000000000000085e+01 1.676451770861762114e-01 3.850288809388887068e-01
4.546999999999999886e+01 1.755209618903830204e-01 3.886399415889771891e-01
4.548000000000000398e+01 1.834314583177403535e-01 3.918250728844071551e-01
4.549000000000000199e+01 1.913643085271773958e-01 3.945935570792893365e-01
4.550000000000000000e+01 1.993067833203198691e-01 3.969555247743866144e-01
4.550999999999999801e+01 2.072457941845574358e-01 3.989219344886443253e-01
4.552000000000000313e+01 2.151679077753049507e-01 4.005045475754076545e-01
4.553000000000000114e+01 2.230593635034163746e-01 4.017158977825012189e-01
4.553999999999999915e+01 2.309060947830964827e-01 4.025692549117493857e-01
4.555000000000000426e+01 2.386937543660926087e-01 4.030785822108596816e-01
4.556000000000000227e+01 2.464077440443748213e-01 4.032584873224469013e-01
4.557000000000000028e+01 2.540332488512259124e-01 4.031241668146031687e-01
4.557999999999999829e+01 2.615552757351762847e-01 4.026913445178003648e-01
4.559000000000000341e+01 2.689586965280102993e-01 4.019762040871728836e-01
4.560000000000000142e+01 2.762282948824670847e-01 4.009953163907218343e-01
4.560999999999999943e+01 2.833488167221756560e-01 3.997655624866275903e-01
4.561999999999999744e+01 2.903050236302098241e-01 3.983040530912524968e-01
4.563000000000000256e+01 2.970817485071379771e-01 3.966280455490758805e-01
4.564000000000000057e+01 3.036639527575029085e-01 3.947548593932875827e-01
4.564999999999999858e+01 3.100367842173214483e-01 3.927017916287589561e-01
4.566000000000000369e+01 3.161856350155434203e-01 3.904860328765296651e-01
4.567000000000000171e+01 3.220961985695733332e-01 3.881245854909514681e-01
4.567999999999999972e+01 3.277545249481076950e-01 3.856341846985951172e-01
4.568999999999999773e+01 3.331470738919249386e-01 3.830312237144775089e-01
4.570000000000000284e+01 3.382607648623226493e-01 3.803316836697348546e-01
4.571000000000000085e+01 3.430830235843074782e-01 3.775510690400619707e-01
4.571999999999999886e+01 3.476018246635043663e-01 3.747043491013676841e-01
4.573000000000000398e+01 3.518057299777119229e-01 3.718059057640250575e-01
4.574000000000000199e+01 3.556839226714361701e-01 3.688694879560572293e-01
4.575000000000000000e+01 3.592262367098320031e-01 3.659081725449462308e-01
4.575999999999999801e+01 3.624231820725571929e-01 3.629343316138050612e-01
4.577000000000000313e+01 3.652659657836366258e-01 3.599596057463462784e-01
4.578000000000000114e+01 3.677465090764358013e-01 3.569948828319456924e-01
4.578999999999999915e+01 3.698574610797126239e-01 3.540502817818643178e-01
4.580000000000000426e+01 3.715922094785334973e-01 3.511351404543067156e-01
4.581000000000000227e+01 3.729448886504606042e-01 3.482580070223728619e-01
4.582000000000000028e+01 3.739103858014993231e-01 3.454266339869545011e-01
4.582999999999999829e+01 3.744843456273732607e-01 3.426479740369324789e-01
4.584000000000000341e+01 3.746631740041524994e-01 3.399281769911930429e-01
4.585000000000000142e+01 3.744440411693449877e-01 3.372725871194136582e-01
4.585999999999999943e+01 3.738248847922997498e-01 3.346857402286229077e-01
4.586999999999999744e+01 3.728044132538735900e-01 3.321713600165566160e-01
4.588000000000000256e+01 3.713821093631509140e-01 3.297323533264071571e-01
4.589000000000000057e+01 3.695582346373333382e-01 3.273708040855180523e-01
4.589999999999999858e+01 3.673338341639002524e-01 3.250879658673354045e-01
4.591000000000000369e+01 3.647107419560372543e-01 3.228842531755705680e-01
4.592000000000000171e+01 3.616915866074768005e-01 3.207592317061107590e-01
4.592999999999999972e+01 3.582797969554208928e-01 3.187116079898784093e-01
4.593999999999999773e+01 3.544796073739850950e-01 3.167392189531292868e-01
4.595000000000000284e+01 3.502960622490173259e-01 3.148390220456115385e-01
4.596000000000000085e+01 3.457350191310530341e-01 3.130070866773617122e-01
4.596999999999999886e+01 3.408031500287329041e-01 3.112385877682704027e-01
4.598000000000000398e+01 3.355079402916807396e-01 3.095278022485063452e-01
4.599000000000000199e+01 3.298576845402289015e-01 3.078681093510354239e-01
4.600000000000000000e+01 3.238614791293480955e-01 3.062519955095386881e-01
4.600999999999999801e+01 3.175292106846769880e-01 3.046710646168072634e-01
4.602000000000000313e+01 3.108715403179597714e-01 3.031160543120368089e-01
4.603000000000000114e+01 3.038998832150244800e-01 3.015768588532072858e-01
4.603999999999999915e+01 2.966263833886700341e-01 3.000425589966395079e-01
4.605000000000000426e+01 2.890638834979548100e-01 2.985014591543496132e-01
4.606000000000000227e+01 2.812258897505137134e-01 2.969411319360310553e-01
4.607000000000000028e+01 2.731265320216190728e-01 2.953484700118468864e-01
4.607999999999999829e+01 2.647805194385730032e-01 2.937097450603933790e-01
4.609000000000000341e+01 2.562030917876517155e-01 2.920106733988745984e-01
4.610000000000000142e+01 2.474099671993792993e-01 2.902364877352192618e-01
4.610999999999999943e+01 2.384172866529773172e-01 2.883720143396921731e-01
4.611999999999999744e+01 2.292415559094601596e-01 2.864017548110547318e-01
4.613000000000000256e+01 2.198995855327221527e-01 2.843099715134019267e-01
4.614000000000000057e+01 2.104084296874227378e-01 2.820807756874271766e-01
4.614999999999999858e+01 2.007853244106592161e-01 2.796982171961547303e-01
4.616000000000000369e+01 1.910476260411797522e-01 2.771463748511832081e-01
4.617000000000000171e+01 1.812127504559063185e-01 2.744094462812624036e-01
4.617999999999999972e+01 1.712981137102237983e-01 2.714718363495974840e-01
4.618999999999999773e+01 1.613210746079453695e-01 2.683182431976599003e-01
4.620000000000000284e+01 1.512988796418224813e-01 2.649337410886299371e-01
4.621000000000000085e+01 1.412486106491758209e-01 2.613038593392264519e-01
4.621999999999999886e+01 1.311871354233254683e-01 2.574146567602443314e-01
4.623000000000000398e+01 1.211310614139012171e-01 2.532527911688248756e-01
4.624000000000000199e+01 1.110966925418629264e-01 2.488055836841043256e-01
4.625000000000000000e+01 1.010999890521529360e-01 2.440610776671570670e-01
4.625999999999999801e+01 9.115653023220098017e-02 2.390080923107631428e-01
4.627000000000000313e+01 8.128147974152666322e-02 2.336362710194474224e-01
4.628000000000000114e+01 7.148955322955528879e-02 2.279361248408243168e-01
4.628999999999999915e+01 6.179498786803810234e-02 2.218990713114285529e-01
4.630000000000000426e+01 5.221151339306737138e-02 2.155174691605694637e-01
4.631000000000000227e+01 4.275232424083336147e-02 2.087846493717157581e-01
4.632000000000000028e+01 3.343005237143911734e-02 2.016949431308631413e-01
4.632999999999999829e+01 2.425674040599879941e-02 1.942437071945312121e-01
4.634000000000000341e+01 1.524381475282175942e-02 1.864273471867494425e-01
4.635000000000000142e+01 6.402058466978548246e-03 1.782433392858449039e-01
4.635999999999999943e+01 -2.258416328488643907e-03 1.696902506901682428e-01
4.636999999999999744e+01 -1.072819653500907758e-02 1.607677591600494005e-01
4.638000000000000256e+01 -1.899859665443415918e-02 1.514766718249652144e-01
4.639000000000000057e+01 -2.706168770775215990e-02 1.418189433243789155e-01
4.639999999999999858e+01 -3.491032624409692864e-02 1.317976932227356290e-01
4.641000000000000369e+01 -4.253818307887911876e-02 1.214172225086340151e-01
4.642000000000000171e+01 -4.993977129825653838e-02 1.106830288603787293e-01
4.642999999999999972e+01 -5.711047297652435684e-02 9.960182023995181599e-02
4.643999999999999773e+01 -6.404656397689187375e-02 8.818152626974216923e-02
4.645000000000000284e+01 -7.074523614763943147e-02 7.643130675549272834e-02
4.646000000000000085e+01 -7.720461618735974252e-02 6.436155664871806570e-02
4.646999999999999886e+01 -8.342378043681915323e-02 5.198390669543433845e-02
4.648000000000000398e+01 -8.940276486213952212e-02 3.931121899779835283e-02
4.649000000000000199e+01 -9.514256952499382247e-02 2.635757672266387727e-02
4.650000000000000000e+01 -1.006451568900533083e-01 1.313826722671409056e-02
4.650999999999999801e+01 -1.059134433970117389e-01 -3.302420686287574217e-04
4.652000000000000313e+01 -1.109512838224235159e-01 -1.403033562914828176e-02
4.653000000000000114e+01 -1.157634480729255455e-01 -2.794329004859108165e-02
4.653999999999999915e+01 -1.203555901832289998e-01 -4.204932290397377093e-02
4.655000000000000426e+01 -1.247342094361096609e-01 -5.632765039703031829e-02
4.656000000000000227e+01 -1.289066036736584431e-01 -7.075655378555856245e-02
4.657000000000000028e+01 -1.328808150252102360e-01 -8.531345443156987396e-02
4.657999999999999829e+01 -1.366655684334180942e-01 -9.997499711227211816e-02
4.659000000000000341e+01 -1.402702035116597246e-01 -1.147171410601220548e-01
4.660000000000000142e+01 -1.437046004092560336e-01 -1.295152580246014817e-01
4.660999999999999943e+01 -1.469791004919752675e-01 -1.443442364859369720e-01
4.661999999999999744e+01 -1.501044227604874381e-01 -1.591785910043219121e-01
4.663000000000000256e+01 -1.530915770257590125e-01 -1.739925755614745440e-01
4.664000000000000057e+01 -1.559517749353144800e-01 -1.887602996481921036e-01
4.664999999999999858e+01 -1.586963399958925269e-01 -2.034558457748233129e-01
4.666000000000000369e+01 -1.613366177650392141e-01 -2.180533870334754598e-01
4.667000000000000171e+01 -1.638838873859544965e-01 -2.325273033226332442e-01
4.667999999999999972e+01 -1.663492756165271536e-01 -2.468522948572167142e-01
4.668999999999999773e+01 -1.687436744556720103e-01 -2.610034916296387064e-01
4.670000000000000284e+01 -1.710776633991547002e-01 -2.749565575589786315e-01
4.671000000000000085e+01 -1.733614372649950330e-01 -2.886877881640814159e-01
4.671999999999999886e+01 -1.756047404176934723e-01 -3.021742007196158153e-01
4.673000000000000398e+01 -1.778168080937934381e-01 -3.153936159986369669e-01
4.674000000000000199e+01 -1.800063153918889380e-01 -3.283247308672965215e-01
4.675000000000000000e+01 -1.821813343415393249e-01 -3.409471811728720936e-01
4.675999999999999801e+01 -1.843492993112834100e-01 -3.532415945508672883e-01
4.677000000000000313e+01 -1.865169808596845724e-01 -3.651896329659876650e-01
4.678000000000000114e+01 -1.886904679786917116e-01 -3.767740249908078654e-01
4.678999999999999915e+01 -1.908751585290236474e-01 -3.879785880103818752e-01
4.680000000000000426e+01 -1.930757575260109715e-01 -3.987882407167433474e-01
4.681000000000000227e+01 -1.952962828042976717e-01 -4.091890064202399202e-01
4.682000000000000028e+01 -1.975400774735763809e-01 -4.191680078514772312e-01
4.682999999999999829e+01 -1.998098284772862054e-01 -4.287134542553139305e-01
4.684000000000000341e+01 -2.021075904836226178e-01 -4.378146216844458483e-01
4.685000000000000142e+01 -2.044348142745655295e-01 -4.464618274828008881e-01
4.685999999999999943e+01 -2.067923787546457337e-01 -4.546464000070586930e-01
4.686999999999999744e+01 -2.091806256771444050e-01 -4.623606446675530557e-01
4.688000000000000256e+01 -2.115993961811432067e-01 -4.695978073776947981e-01
4.689000000000000057e+01 -2.140480682477039487e-01 -4.763520364845213462e-01
4.689999999999999858e+01 -2.165255942164079350e-01 -4.826183442132830348e-01
4.691000000000000369e+01 -2.190305375531618193e-01 -4.883925685978623976e-01
4.692000000000000171e+01 -2.215611081248470837e-01 -4.936713367884278947e-01
4.692999999999999972e+01 -2.241151953141394537e-01 -4.984520305306485155e-01
4.693999999999999773e+01 -2.266903983964700386e-01 -5.027327544998196895e-01
4.695000000000000284e+01 -2.292840536983703770e-01 -5.065123080514610798e-01
4.696000000000000085e+01 -2.318932581599566500e-01 -5.097901608204666868e-01
4.696999999999999886e+01 -2.345148890316649248e-01 -5.125664324669804151e-01
4.698000000000000398e+01 -2.371456195441781767e-01 -5.148418767319675737e-01
4.699000000000000199e+01 -2.397819304984684097e-01 -5.166178698320613716e-01
4.700000000000000000e+01 -2.424201178278516389e-01 -5.178964030945898411e-01
4.700999999999999801e+01 -2.450562962838562509e-01 -5.186800796123911539e-01
4.702000000000000313e+01 -2.476863994907212152e-01 -5.189721145865289209e-01
4.703000000000000114e+01 -2.503061766978096903e-01 -5.187763389254061996e-01
4.703999999999999915e+01 -2.529111866337682146e-01 -5.180972055827720579e-01
4.705000000000000426e+01 -2.554967889297195538e-01 -5.169397980461146735e-01
4.706000000000000227e+01 -2.580581336302598117e-01 -5.153098403319124055e-01
4.707000000000000028e+01 -2.605901493499253041e-01 -5.132137078057846802e-01
4.707999999999999829e+01 -2.630875306587106000e-01 -5.106584381239853698e-01
4.709000000000000341e+01 -2.655447252930914215e-01 -5.076517415877651596e-01
4.710000000000000142e+01 -2.679559217889535550e-01 -5.042020102134261439e-01
4.710999999999999943e+01 -2.703150381202617525e-01 -5.003183248475769895e-01
4.711999999999999744e+01 -2.726157119028388975e-01 -4.960104596981052549e-01
4.713000000000000256e+01 -2.748512926870821937e-01 -4.912888837053032698e-01
4.714000000000000057e+01 -2.770148368178507736e-01 -4.861647582428911818e-01
4.714999999999999858e+01 -2.790991052853005749e-01 -4.806499307135550514e-01
4.716000000000000369e+01 -2.810965649284384860e-01 -4.747569236861886033e-01
4.717000000000000171e+01 -2.829993932850777827e-01 -4.684989193102491734e-01
4.717999999999999972e+01 -2.847994873092161705e-01 -4.618897388344616051e-01
4.718999999999999773e+01 -2.864884761012491676e-01 -4.549438171504525674e-01
4.720000000000000284e+01 -2.880577377194611377e-01 -4.476761723746487953e-01
4.721000000000000085e+01 -2.894984200645566164e-01 -4.401023705720386037e-01
4.721999999999999886e+01 -2.908014657541635462e-01 -4.322384858111723016e-01
4.723000000000000398e+01 -2.919576408328034001e-01 -4.241010558194235891e-01
4.724000000000000199e+01 -2.929575670961653278e-01 -4.157070335794061378e-01
4.725000000000000000e+01 -2.937917577479703390e-01 -4.070737352702388789e-01
4.725999999999999801e+01 -2.944506560543702078e-01 -3.982187850099343507e-01
4.727000000000000313e+01 -2.949246766156788935e-01 -3.891600568966850915e-01
4.728000000000000114e+01 -2.952042488389915453e-01 -3.799156148766834051e-01
4.728999999999999915e+01 -2.952798621684860625e-01 -3.705036509840164971e-01
4.730000000000000426e+01 -2.951421126131670847e-01 -3.609424225041447665e-01
4.731000000000000227e+01 -2.947817501045926769e-01 -3.512501886067973533e-01
4.732000000000000028e+01 -2.941897262195072860e-01 -3.414451469773807091e-01
4.732999999999999829e+01 -2.933572418138625237e-01 -3.315453709490640000e-01
4.734000000000000341e+01 -2.922757941347903232e-01 -3.215687476016825253e-01
4.735000000000000142e+01 -2.909372230048130059e-01 -3.115329172498234600e-01
4.735999999999999943e+01 -2.893337557068960675e-01 -3.014552146924565079e-01
4.736999999999999744e+01 -2.874580502386452907e-01 -2.913526125419115820e-01
4.738000000000000256e+01 -2.853032366476804249e-01 -2.812416668926697172e-01
4.739000000000000057e+01 -2.828629562065863579e-01 -2.711384655321507631e-01
4.739999999999999858e+01 -2.801313982333578090e-01 -2.610585788382947525e-01
4.741000000000000369e+01 -2.771033344104844032e-01 -2.510170134540091191e-01
4.742000000000000171e+01 -2.737741505013389087e-01 -2.410281687781990478e-01
4.742999999999999972e+01 -2.701398754050330364e-01 -2.311057962686013378e-01
4.743999999999999773e+01 -2.661972075291791362e-01 -2.212629615143642814e-01
4.745000000000000284e+01 -2.619435384930650645e-01 -2.115120090072871162e-01
4.746000000000000085e+01 -2.573769742007520622e-01 -2.018645295206781820e-01
4.746999999999999886e+01 -2.524963533440131025e-01 -1.923313299943535393e-01
4.748000000000000398e+01 -2.473012634084589823e-01 -1.829224058235556227e-01
4.749000000000000199e+01 -2.417920542626149916e-01 -1.736469154582798990e-01
4.750000000000000000e+01 -2.359698494092754284e-01 -1.645131572371632267e-01
4.750999999999999801e+01 -2.298365549716329670e-01 -1.555285484058051837e-01
4.752000000000000313e+01 -2.233948664741282619e-01 -1.466996063020064023e-01
4.753000000000000114e+01 -2.166482734605975069e-01 -1.380319317284625646e-01
4.753999999999999915e+01 -2.096010619711745904e-01 -1.295301945752871109e-01
4.755000000000000426e+01 -2.022583148757770566e-01 -1.211981217984867409e-01
4.756000000000000227e+01 -1.946259100371565409e-01 -1.130384879042306279e-01
4.757000000000000028e+01 -1.867105162518404304e-01 -1.050531081304309222e-01
4.757999999999999829e+01 -1.785195868941604758e-01 -9.724283455477407412e-02
4.759000000000000341e+01 -1.700613511683055634e-01 -8.960755539003886772e-02
4.760000000000000142e+01 -1.613448028571574377e-01 -8.214619775151769943e-02
4.760999999999999943e+01 -1.523796864456397615e-01 -7.485673419614484458e-02
4.761999999999999744e+01 -1.431764804913212286e-01 -6.773619333723275571e-02
4.763000000000000256e+01 -1.337463781167114174e-01 -6.078067483163290818e-02
4.764000000000000057e+01 -1.241012645064963477e-01 -5.398536901712276681e-02
4.764999999999999858e+01 -1.142536913089918366e-01 -4.734458144668863416e-02
4.766000000000000369e+01 -1.042168478642417073e-01 -4.085176252343024339e-02
4.767000000000000171e+01 -9.400452921100289905e-02 -3.449954238567038561e-02
4.767999999999999972e+01 -8.363110086069994176e-02 -2.827977112763542869e-02
4.768999999999999773e+01 -7.311146036734547660e-02 -2.218356436817830318e-02
4.770000000000000284e+01 -6.246099576731367620e-02 -1.620135410024168068e-02
4.771000000000000085e+01 -5.169554101039620236e-02 -1.032294466915924767e-02
4.771999999999999886e+01 -4.083132855236014380e-02 -4.537573640724370735e-03
4.773000000000000398e+01 -2.988493932776010303e-02 1.166022767346233712e-03
4.774000000000000199e+01 -1.887325036851090349e-02 6.799540101886158983e-03
4.775000000000000000e+01 -7.813380377228678828e-03 1.237503243017360963e-02
4.775999999999999801e+01 3.277366396810332295e-03 1.790483599967469114e-02
4.777000000000000313e+01 1.438155759830407436e-02 2.340149042961942039e-02
4.778000000000000114e+01 2.548169111641808426e-02 2.887765811460185281e-02
4.778999999999999915e+01 3.656025392028152549e-02 3.434604255960298919e-02
4.780000000000000426e+01 4.759978094494424911e-02 3.981930639080826645e-02
4.781000000000000227e+01 5.858291359230287376e-02 4.530998979644855484e-02
4.782000000000000028e+01 6.949245741934714782e-02 5.083043014627794398e-02
4.782999999999999829e+01 8.031143860243067367e-02 5.639268351725474498e-02
4.784000000000000341e+01 9.102315879061666226e-02 6.200844881706252948e-02
4.785000000000000142e+01 1.016112479926862822e-01 6.768899514729238842e-02
4.785999999999999943e+01 1.120597151801126790e-01 7.344509298579884882e-02
4.787000000000000455e+01 1.223529963309643726e-01 7.928694969473822074e-02
4.788000000000000256e+01 1.324759996859729838e-01 8.522414977918994772e-02
4.789000000000000057e+01 1.424141480364062018e-01 9.126560023340865579e-02
4.789999999999999858e+01 1.521534179124243435e-01 9.741948122016733103e-02
4.791000000000000369e+01 1.616803755888001071e-01 1.036932022359478428e-01
4.792000000000000171e+01 1.709822098707863003e-01 1.100933638235141038e-01
4.792999999999999972e+01 1.800467616652380864e-01 1.166257248062049501e-01
4.793999999999999773e+01 1.888625503796730054e-01 1.232951749374523731e-01
4.795000000000000284e+01 1.974187972238229394e-01 1.301057127866960816e-01
4.796000000000000085e+01 2.057054455136884952e-01 1.370604286208151057e-01
4.796999999999999886e+01 2.137131780966718408e-01 1.441614919898959457e-01
4.798000000000000398e+01 2.214334320278368851e-01 1.514101436885899876e-01
4.799000000000000199e+01 2.288584106317987643e-01 1.588066917400966782e-01
4.800000000000000000e+01 2.359810930824998987e-01 1.663505110390544051e-01
4.800999999999999801e+01 2.427952416247837475e-01 1.740400462920009272e-01
4.802000000000000313e+01 2.492954065479862924e-01 1.818728179088115460e-01
4.803000000000000114e+01 2.554769290037651186e-01 1.898454305244892115e-01
4.803999999999999915e+01 2.613359417391531436e-01 1.979535838662995206e-01
4.805000000000000426e+01 2.668693677926252117e-01 2.061920857247253880e-01
4.806000000000000227e+01 2.720749171770661667e-01 2.145548668359741618e-01
4.807000000000000028e+01 2.769510815502237988e-01 2.230349975365857884e-01
4.807999999999999829e+01 2.814971268517671432e-01 2.316247061047634614e-01
4.809000000000000341e+01 2.857130838675995821e-01 2.403153987560838201e-01
4.810000000000000142e+01 2.895997366676348883e-01 2.490976813109929966e-01
4.810999999999999943e+01 2.931586088536860535e-01 2.579613825959202744e-01
4.812000000000000455e+01 2.963919475501028411e-01 2.668955796770879907e-01
4.813000000000000256e+01 2.993027050717910198e-01 2.758886250545959928e-01
4.814000000000000057e+01 3.018945182124517790e-01 2.849281759629123112e-01
4.814999999999999858e+01 3.041716851102891361e-01 2.940012259316450716e-01
4.816000000000000369e+01 3.061391396688034616e-01 3.030941387569619505e-01
4.817000000000000171e+01 3.078024235361415673e-01 3.121926850192108804e-01
4.817999999999999972e+01 3.091676556771588702e-01 3.212820812565537754e-01
4.818999999999999773e+01 3.102414996070101960e-01 3.303470318685094997e-01
4.820000000000000284e+01 3.110311283927442161e-01 3.393717737782835919e-01
4.821000000000000085e+01 3.115441875689513029e-01 3.483401238301528924e-01
4.821999999999999886e+01 3.117887561538010277e-01 3.572355288395687167e-01
4.823000000000000398e+01 3.117733059916377725e-01 3.660411181510366263e-01
4.824000000000000199e+01 3.115066596864531356e-01 3.747397584942389615e-01
4.825000000000000000e+01 3.109979474258648957e-01 3.833141108644307904e-01
4.825999999999999801e+01 3.102565630266003183e-01 3.917466890910179522e-01
4.827000000000000313e+01 3.092921195589178884e-01 4.000199197005108176e-01
4.828000000000000114e+01 3.081144049280274411e-01 4.081162026287172839e-01
4.828999999999999915e+01 3.067333378046471215e-01 4.160179722938974756e-01
4.830000000000000426e+01 3.051589243038058119e-01 4.237077585092286491e-01
4.831000000000000227e+01 3.034012158104476553e-01 4.311682466906270328e-01
4.832000000000000028e+01 3.014702683420854012e-01 4.383823368057421788e-01
4.832999999999999829e+01 2.993761038226325222e-01 4.453332005124425175e-01
4.834000000000000341e+01 2.971286736177122245e-01 4.520043359506979996e-01
4.835000000000000142e+01 2.947378246504726018e-01 4.583796196803622824e-01
4.835999999999999943e+01 2.922132683786518581e-01 4.644433552986374503e-01
4.837000000000000455e+01 2.895645528688849391e-01 4.701803183242163620e-01
4.838000000000000256e+01 2.868010381537279829e-01 4.755757969992575052e-01
4.839000000000000057e+01 2.839318750013894443e-01 4.806156287340968003e-01
4.839999999999999858e+01 2.809659871686027710e-01 4.852862320014279529e-01
4.841000000000000369e+01 2.779120571444589904e-01 4.895746335747644951e-01
4.842000000000000171e+01 2.747785153283956450e-01 4.934684910984182271e-01
4.842999999999999972e+01 2.715735325200579475e-01 4.969561110708740626e-01
4.843999999999999773e+01 2.683050155335925391e-01 5.000264624181889328e-01
4.845000000000000284e+01 2.649806056853340475e-01 5.026691859266418927e-01
4.846000000000000085e+01 2.616076798430721495e-01 5.048745998921686517e-01
4.846999999999999886e+01 2.581933536683960750e-01 5.066337024259364163e-01
4.848000000000000398e+01 2.547444866323139712e-01 5.079381709287447144e-01
4.849000000000000199e+01 2.512676883396708916e-01 5.087803593098400023e-01
4.850000000000000000e+01 2.477693256610912775e-01 5.091532935764685464e-01
4.850999999999999801e+01 2.442555301434048698e-01 5.090506664575373819e-01
4.852000000000000313e+01 2.407322051518775430e-01 5.084668317468252763e-01
4.853000000000000114e+01 2.372050321910320614e-01 5.073967990572603171e-01
4.853999999999999915e+01 2.336794758562354135e-01 5.058362296671466973e-01
4.855000000000000426e+01 2.301607868862233786e-01 5.037814341115124384e-01
4.856000000000000227e+01 2.266540028177559396e-01 5.012293721268827884e-01
4.857000000000000028e+01 2.231639457878768218e-01 4.981776554961149794e-01
4.857999999999999829e+01 2.196952170866923182e-01 4.946245542621217628e-01
4.859000000000000341e+01 2.162521881338486385e-01 4.905690066864376586e-01
4.860000000000000142e+01 2.128389876342265952e-01 4.860106332220889280e-01
4.860999999999999943e+01 2.094594847617891331e-01 4.809497546519044819e-01
4.862000000000000455e+01 2.061172683235658609e-01 4.753874144154383030e-01
4.863000000000000256e+01 2.028156219667148208e-01 4.693254050125063026e-01
4.864000000000000057e+01 1.995574956083542295e-01 4.627662982318255791e-01
4.864999999999999858e+01 1.963454733879883007e-01 4.557134788123067826e-01
4.866000000000000369e+01 1.931817385631834361e-01 4.481711810055428180e-01
4.867000000000000171e+01 1.900680358877393505e-01 4.401445273742208841e-01
4.867999999999999972e+01 1.870056321248777520e-01 4.316395690360672055e-01
4.868999999999999773e+01 1.839952754527318934e-01 4.226633264499045639e-01
4.870000000000000284e+01 1.810371546124975584e-01 4.132238297427947016e-01
4.871000000000000085e+01 1.781308587278828404e-01 4.033301574982042781e-01
4.871999999999999886e+01 1.752753387850534139e-01 3.929924728675242007e-01
4.873000000000000398e+01 1.724688718024826040e-01 3.822220558335825413e-01
4.874000000000000199e+01 1.697090287377322204e-01 3.710313304470802542e-01
4.875000000000000000e+01 1.669926471714294480e-01 3.594338858765856459e-01
4.875999999999999801e+01 1.643158097763870729e-01 3.474444901607716130e-01
4.877000000000000313e+01 1.616738295213495102e-01 3.350790956281336497e-01
4.878000000000000114e+01 1.590612424743962638e-01 3.223548350539383045e-01
4.878999999999999915e+01 1.564718089614506868e-01 3.092900077553590865e-01
4.880000000000000426e+01 1.538985237022795771e-01 2.959040549815616372e-01
4.881000000000000227e+01 1.513336353921749533e-01 2.822175241331215667e-01
4.882000000000000028e+01 1.487686760253180973e-01 2.682520215410446607e-01
4.882999999999999829e+01 1.461945000693622987e-01 2.540301537456513548e-01
4.884000000000000341e+01 1.436013334043871048e-01 2.395754574349276411e-01
4.885000000000000142e+01 1.409788317378760925e-01 2.249123184254418206e-01
4.885999999999999943e+01 1.383161480058970882e-01 2.100658802910492229e-01
4.887000000000000455e+01 1.356020080745778678e-01 1.950619434596408686e-01
4.888000000000000256e+01 1.328247938706464126e-01 1.799268558004231133e-01
4.889000000000000057e+01 1.299726329005221059e-01 1.646873959080606409e-01
4.889999999999999858e+01 1.270334929691495640e-01 1.493706504502120280e-01
4.891000000000000369e+01 1.239952807869666440e-01 1.340038870768138213e-01
4.892000000000000171e+01 1.208459430599674311e-01 1.186144244887911703e-01
4.892999999999999972e+01 1.175735685968553323e-01 1.032295013274598522e-01
4.893999999999999773e+01 1.141664899409965545e-01 8.787614557134956761e-02
4.895000000000000284e+01 1.106133830445039379e-01 7.258104611328951294e-02
4.896000000000000085e+01 1.069033635474692240e-01 5.737042813714696848e-02
4.896999999999999886e+01 1.030260783061915653e-01 4.226993382163467261e-02
4.898000000000000398e+01 9.897179092821320467e-02 2.730450977026889492e-02
4.899000000000000199e+01 9.473146021601454303e-02 1.249830240517229608e-02
4.900000000000000000e+01 9.029681059130974241e-02 -2.125437627629472252e-03
4.900999999999999801e+01 8.566039376314633913e-02 -1.654444120718526895e-02
4.902000000000000313e+01 8.081564110985206550e-02 -3.073749603725699914e-02
4.903000000000000114e+01 7.575690646117515248e-02 -4.468451113412316017e-02
4.903999999999999915e+01 7.047949918624610288e-02 -5.836657038449348522e-02
4.905000000000000426e+01 6.497970770869028467e-02 -7.176597529590307556e-02
4.906000000000000227e+01 5.925481377580497228e-02 -8.486627729108353613e-02
4.907000000000000028e+01 5.330309799804702764e-02 -9.765230010866574051e-02
4.907999999999999829e+01 4.712383734246762546e-02 -1.101101530586987842e-01
4.909000000000000341e+01 4.071729540429849109e-02 -1.222272360372307770e-01
4.910000000000000142e+01 3.408470639059701934e-02 -1.339922373248992604e-01
4.910999999999999943e+01 2.722825382577265599e-02 -1.453951252765811608e-01
4.912000000000000455e+01 2.015104502911214263e-02 -1.564271350504669866e-01
4.913000000000000256e+01 1.285708241857831148e-02 -1.670807515245839869e-01
4.914000000000000057e+01 5.351232663832728408e-03 -1.773496895074459789e-01
4.914999999999999858e+01 -2.360805353401703843e-03 -1.872288722691986262e-01
4.916000000000000369e+01 -1.027253290879613645e-02 -1.967144093038270813e-01
4.917000000000000171e+01 -1.837668339336273951e-02 -2.058035740864110896e-01
4.917999999999999972e+01 -2.666525326127711440e-02 -2.144947824179420093e-01
4.918999999999999773e+01 -3.512953152705034637e-02 -2.227875717606208894e-01
4.920000000000000284e+01 -4.376012753870028166e-02 -2.306825817663346601e-01
4.921000000000000085e+01 -5.254699692324496518e-02 -2.381815359980464786e-01
4.921999999999999886e+01 -6.147946576641975108e-02 -2.452872246461796080e-01
4.923000000000000398e+01 -7.054625324361762928e-02 -2.520034878575706516e-01
4.924000000000000199e+01 -7.973549305775014251e-02 -2.583351991306364059e-01
4.925000000000000000e+01 -8.903475415681917637e-02 -2.642882480936691869e-01
4.925999999999999801e+01 -9.843106129513351510e-02 -2.698695218793028539e-01
4.927000000000000313e+01 -1.079109160640229492e-01 -2.750868842415775672e-01
4.928000000000000114e+01 -1.174603190485151577e-01 -2.799491515356355431e-01
4.928999999999999915e+01 -1.270647937649038439e-01 -2.844660646953713901e-01
4.930000000000000426e+01 -1.367094130008993658e-01 -2.886482564011170759e-01
4.931000000000000227e+01 -1.463788281168534600e-01 -2.925072127258452337e-01
4.932000000000000028e+01 -1.560573017762698078e-01 -2.960552286810346212e-01
4.932999999999999829e+01 -1.657287444604646220e-01 -2.993053572473546864e-01
4.934000000000000341e+01 -1.753767549906881662e-01 -3.022713516645844645e-01
4.935000000000000142e+01 -1.849846651368634021e-01 -3.049676009623893957e-01
4.935999999999999943e+01 -1.945355882413988546e-01 -3.074090589308120514e-01
4.937000000000000455e+01 -2.040124716355871948e-01 -3.096111669480374196e-01
4.938000000000000256e+01 -2.133981524811285613e-01 -3.115897712945774334e-01
4.939000000000000057e+01 -2.226754165363125926e-01 -3.133610357790416190e-01
4.939999999999999858e+01 -2.318270592307139222e-01 -3.149413506732196555e-01
4.941000000000000369e+01 -2.408359483386026123e-01 -3.163472390962864811e-01
4.942000000000000171e+01 -2.496850874732657044e-01 -3.175952620936492443e-01
4.942999999999999972e+01 -2.583576795847208341e-01 -3.187019237208393307e-01
4.943999999999999773e+01 -2.668371896331912518e-01 -3.196835774640127692e-01
4.945000000000000284e+01 -2.751074056303398629e-01 -3.205563353049422082e-01
4.946000000000000085e+01 -2.831524972884626457e-01 -3.213359806704936816e-01
4.946999999999999886e+01 -2.909570715922477069e-01 -3.220378863969307059e-01
4.948000000000000398e+01 -2.985062247048898554e-01 -3.226769386921162219e-01
4.949000000000000199e+01 -3.057855897358968122e-01 -3.232674678994645334e-01
4.950000000000000000e+01 -3.127813800267332800e-01 -3.238231866633458078e-01
4.950999999999999801e+01 -3.194804277468777376e-01 -3.243571358746078492e-01
4.952000000000000313e+01 -3.258702177310480730e-01 -3.248816385457112821e-01
4.953000000000000114e+01 -3.319389166224110954e-01 -3.254082615367921982e-01
4.953999999999999915e+01 -3.376753975109486605e-01 -3.259477848358481866e-01
4.955000000000000426e+01 -3.430692603657348183e-01 -3.265101778968423352e-01
4.956000000000000227e+01 -3.481108486504070898e-01 -3.271045823667293462e-01
4.957000000000000028e+01 -3.527912625791938539e-01 -3.277393003929372495e-01
4.957999999999999829e+01 -3.571023695142616083e-01 -3.284217876020246729e-01
4.959000000000000341e+01 -3.610368120227818167e-01 -3.291586497816913481e-01
4.960000000000000142e+01 -3.645880141041255018e-01 -3.299556422838501590e-01
4.960999999999999943e+01 -3.677501860653858978e-01 -3.308176711959474048e-01
4.962000000000000455e+01 -3.705183284694454904e-01 -3.317487953990423399e-01
4.963000000000000256e+01 -3.728882355075939237e-01 -3.327522287404279244e-01
4.964000000000000057e+01 -3.748564980625502252e-01 -3.338303416901453047e-01
4.964999999999999858e+01 -3.764205066325629345e-01 -3.349846620175680467e-01
4.966000000000000369e+01 -3.775784541883041578e-01 -3.362158742080826879e-01
4.967000000000000171e+01 -3.783293389368470039e-01 -3.375238175318480693e-01
4.967999999999999972e+01 -3.786729668762141010e-01 -3.389074828673388495e-01
4.968999999999999773e+01 -3.786099539444330309e-01 -3.403650085627035748e-01
4.970000000000000284e+01 -3.781417275026114355e-01 -3.418936757791729009e-01
4.971000000000000085e+01 -3.772705268451985727e-01 -3.434899038951843564e-01
4.971999999999999886e+01 -3.759994024041881655e-01 -3.451492466511646429e-01
4.973000000000000398e+01 -3.743322133081549707e-01 -3.468663897783564876e-01
4.974000000000000199e+01 -3.722736229711221534e-01 -3.486351508780062280e-01
4.975000000000000000e+01 -3.698290924184773343e-01 -3.504484822990328596e-01
4.975999999999999801e+01 -3.670048711045433287e-01 -3.522984777045737315e-01
4.977000000000000313e+01 -3.638079850350733335e-01 -3.541763829243603223e-01
4.978000000000000114e+01 -3.602462220732104425e-01 -3.560726115664692992e-01
4.978999999999999915e+01 -3.563281143742604851e-01 -3.579767657162612471e-01
4.980000000000000426e+01 -3.520629179577124956e-01 -3.598776618912290504e-01
4.981000000000000227e+01 -3.474605894793010852e-01 -3.617633622581105102e-01
4.982000000000000028e+01 -3.425317603069879535e-01 -3.636212109634627820e-01
4.982999999999999829e+01 -3.372877080289879981e-01 -3.654378752914703155e-01
4.984000000000000341e+01 -3.317403255268692730e-01 -3.671993912529283866e-01
4.985000000000000142e+01 -3.259020877313151821e-01 -3.688912131357664492e-01
4.985999999999999943e+01 -3.197860161429200154e-01 -3.704982665171304146e-01
4.987000000000000455e+01 -3.134056411476474069e-01 -3.720050042545967606e-01
4.988000000000000256e+01 -3.067749620903403862e-01 -3.733954650416856369e-01
4.989000000000000057e+01 -2.999084049954924835e-01 -3.746533342295913505e-01
4.989999999999999858e+01 -2.928207777494317710e-01 -3.757620067790403695e-01
4.991000000000000369e+01 -2.855272224902762335e-01 -3.767046524063722979e-01
4.992000000000000171e+01 -2.780431649003826666e-01 -3.774642832162383721e-01
4.992999999999999972e+01 -2.703842600696929055e-01 -3.780238243569846723e-01
4.993999999999999773e+01 -2.625663346062884762e-01 -3.783661884787776764e-01
4.995000000000000284e+01 -2.546053247206362946e-01 -3.784743550021160141e-01
4.996000000000000085e+01 -2.465172101090941092e-01 -3.783314553978329720e-01
4.996999999999999886e+01 -2.383179436148619990e-01 -3.779208658211477001e-01
4.998000000000000398e+01 -2.300233768528134048e-01 -3.772263085145803885e-01
4.999000000000000199e+01 -2.216491822476208962e-01 -3.762319633820511711e-01
5.000000000000000000e+01 -2.132107722480685030e-01 -3.749225910262393713e-01
