# Time(s) Theta1(rad) Theta2(rad)
0.000000000000000000e+00 -1.570796326794896558e+00 -1.047197551196597631e+00
1.000000000000000021e-02 -1.570296283419565064e+00 -1.047197651331631008e+00
2.000000000000000042e-02 -1.568795634100929481e+00 -1.047199150733931994e+00
2.999999999999999889e-02 -1.566292822028524379e+00 -1.047205643632644234e+00
4.000000000000000083e-02 -1.562785257129638561e+00 -1.047223107617751836e+00
5.000000000000000278e-02 -1.558269323659395633e+00 -1.047259882801098607e+00
5.999999999999999778e-02 -1.552740391727843505e+00 -1.047326641032855887e+00
7.000000000000000666e-02 -1.546192834081256517e+00 -1.047436342386377506e+00
8.000000000000000167e-02 -1.538620049659930267e+00 -1.047604176031998735e+00
8.999999999999999667e-02 -1.530014495885476444e+00 -1.047847481875650688e+00
1.000000000000000056e-01 -1.520367733799234955e+00 -1.048185645032704505e+00
1.100000000000000006e-01 -1.509670486902924935e+00 -1.048639962746808152e+00
1.199999999999999956e-01 -1.497912721421911897e+00 -1.049233468872239117e+00
1.300000000000000044e-01 -1.485083751953625297e+00 -1.049990710304722130e+00
1.400000000000000133e-01 -1.471172379999577506e+00 -1.050937462578136472e+00
1.499999999999999944e-01 -1.456167076051434028e+00 -1.052100367122613456e+00
1.600000000000000033e-01 -1.440056212198260965e+00 -1.053506480019669178e+00
1.700000000000000122e-01 -1.422828360841873918e+00 -1.055182707013091470e+00
1.799999999999999933e-01 -1.404472672007927470e+00 -1.057155106383174781e+00
1.900000000000000022e-01 -1.384979344316186411e+00 -1.059448037087194150e+00
2.000000000000000111e-01 -1.364340201896093729e+00 -1.062083134759745917e+00
2.099999999999999922e-01 -1.342549397997585103e+00 -1.065078084945400683e+00
2.200000000000000011e-01 -1.319604236532878616e+00 -1.068445211236588532e+00
2.300000000000000100e-01 -1.295506127592280565e+00 -1.072189854766960160e+00
2.399999999999999911e-01 -1.270261648583711045e+00 -1.076308593813544823e+00
2.500000000000000000e-01 -1.243883679879570936e+00 -1.080787354383557552e+00
2.600000000000000089e-01 -1.216392551717633497e+00 -1.085599512791397325e+00
2.700000000000000178e-01 -1.187817112578042122e+00 -1.090704131453205106e+00
2.800000000000000266e-01 -1.158195603953026565e+00 -1.096044507695550507e+00
2.899999999999999800e-01 -1.127576208728370055e+00 -1.101547242746367727e+00
2.999999999999999889e-01 -1.096017143516879511e+00 -1.107122034315449088e+00
3.099999999999999978e-01 -1.063586195340081808e+00 -1.112662352335581195e+00
3.200000000000000067e-01 -1.030359659521474347e+00 -1.118047074355249304e+00
3.300000000000000155e-01 -9.964207185471248840e-01 -1.123143033795527934e+00
3.400000000000000244e-01 -9.618573847435595292e-01 -1.127808309746118232e+00
3.500000000000000333e-01 -9.267602074600786999e-01 -1.131895968445542966e+00
3.599999999999999867e-01 -8.912199796678766939e-01 -1.135257910837476292e+00
3.699999999999999956e-01 -8.553256687425245808e-01 -1.137748489700608934e+00
3.800000000000000044e-01 -8.191627655832079968e-01 -1.139227597812820125e+00
3.900000000000000133e-01 -7.828121392211651042e-01 -1.139563082609847511e+00
4.000000000000000222e-01 -7.463494382292223950e-01 -1.138632405417320026e+00
4.100000000000000311e-01 -7.098449920621086040e-01 -1.136323592689424844e+00
4.199999999999999845e-01 -6.733641254771952633e-01 -1.132535585749539386e+00
4.299999999999999933e-01 -6.369677771018498191e-01 -1.127178129212624169e+00
4.400000000000000022e-01 -6.007133151356025547e-01 -1.120171338116823456e+00
4.500000000000000111e-01 -5.646554488070973932e-01 -1.111445076197867809e+00
4.600000000000000200e-01 -5.288471593481759436e-01 -1.100938243128074312e+00
4.700000000000000289e-01 -4.933405925861601427e-01 -1.088598041978037889e+00
4.799999999999999822e-01 -4.581878723499935857e-01 -1.074379273357726206e+00
4.899999999999999911e-01 -4.234418096542622023e-01 -1.058243679682927985e+00
5.000000000000000000e-01 -3.891564937304340388e-01 -1.040159346736772017e+00
5.100000000000000089e-01 -3.553877587948550687e-01 -1.020100158526085377e+00
5.200000000000000178e-01 -3.221935254021933703e-01 -9.980452947010909348e-01
5.300000000000000266e-01 -2.896340181464897579e-01 -9.739787571095426255e-01
5.400000000000000355e-01 -2.577718628373450449e-01 -9.478889113386189669e-01
5.500000000000000444e-01 -2.266720669951315659e-01 -9.197680298415296107e-01
5.600000000000000533e-01 -1.964018863594149400e-01 -8.896118300879549690e-01
5.700000000000000622e-01 -1.670305785532827936e-01 -8.574190037348062843e-01
5.799999999999999600e-01 -1.386290428299917221e-01 -8.231907418042756497e-01
5.899999999999999689e-01 -1.112693400357127743e-01 -7.869302700235953907e-01
5.999999999999999778e-01 -8.502408137672370914e-02 -7.486424204071638888e-01
6.099999999999999867e-01 -5.996566575375952141e-02 -7.083332804518770454e-01
6.199999999999999956e-01 -3.616533398854640535e-02 -6.660099801828146537e-01
6.300000000000000044e-01 -1.369199159019867870e-02 -6.216807032401634459e-01
6.400000000000000133e-01 7.389271194301584578e-03 -5.753550431846824464e-01
6.500000000000000222e-01 2.701904559108918649e-02 -5.270448408654653250e-01
6.600000000000000311e-01 4.514598880376297085e-02 -4.767657175820647630e-01
6.700000000000000400e-01 6.172986021954168789e-02 -4.245395192956934460e-01
6.800000000000000488e-01 7.674536677476453961e-02 -3.703979326381142689e-01
6.900000000000000577e-01 9.018694131480244069e-02 -3.143875013890502501e-01
7.000000000000000666e-01 1.020744883655117646e-01 -2.565761748452062285e-01
7.099999999999999645e-01 1.124599105506365604e-01 -1.970612314831839962e-01
7.199999999999999734e-01 1.214338959583511207e-01 -1.359780123822551257e-01
7.299999999999999822e-01 1.291319164783333862e-01 -7.350818114868148956e-02
7.399999999999999911e-01 1.357378452143702396e-01 -9.885493231188400426e-03
7.500000000000000000e-01 1.414832701145139204e-01 5.460343519682588076e-02
7.600000000000000089e-01 1.466408373015984090e-01 1.196256088160096848e-01
7.700000000000000178e-01 1.515111267626169655e-01 1.848161737539936456e-01
7.800000000000000266e-01 1.564043995080393323e-01 2.497994069980885301e-01
7.900000000000000355e-01 1.616203801795939865e-01 3.142122292970300212e-01
8.000000000000000444e-01 1.674299999411801299e-01 3.777252957948804002e-01
8.100000000000000533e-01 1.740622840580740849e-01 4.400576745769791964e-01
8.200000000000000622e-01 1.816977663634384843e-01 5.009834564706031612e-01
8.300000000000000711e-01 1.904679342765621397e-01 5.603310500032605557e-01
8.399999999999999689e-01 2.004590402952018124e-01 6.179773777810101398e-01
8.499999999999999778e-01 2.117183252511728175e-01 6.738395021044470967e-01
8.599999999999999867e-01 2.242610289350670527e-01 7.278657243131273491e-01
8.699999999999999956e-01 2.380771236532418789e-01 7.800274439412511196e-01
8.800000000000000044e-01 2.531372197987267758e-01 8.303123893159722879e-01
8.900000000000000133e-01 2.693974595001093486e-01 8.787193625537499386e-01
9.000000000000000222e-01 2.868034294397695527e-01 9.252543785912284990e-01
9.100000000000000311e-01 3.052932208679249859e-01 9.699279689665188942e-01
9.200000000000000400e-01 3.247997952172945180e-01 1.012753396984131138e+00
9.300000000000000488e-01 3.452528042590371493e-01 1.053745554782530069e+00
9.400000000000000577e-01 3.665799928849227673e-01 1.092920349579658668e+00
9.500000000000000666e-01 3.887082851998028832e-01 1.130294428105538040e+00
9.599999999999999645e-01 4.115646304797452859e-01 1.165885125066782768e+00
9.699999999999999734e-01 4.350766671721075229e-01 1.199710548689187917e+00
9.799999999999999822e-01 4.591732430806489407e-01 1.231789746622532711e+00
9.899999999999999911e-01 4.837848242329598758e-01 1.262142904435410884e+00
1.000000000000000000e+00 5.088438118275943056e-01 1.290791549675991634e+00
1.010000000000000009e+00 5.342847824980170302e-01 1.317758741454641891e+00
1.020000000000000018e+00 5.600446628518498393e-01 1.343069233652030459e+00
1.030000000000000027e+00 5.860628465088904004e-01 1.366749605359920627e+00
1.040000000000000036e+00 6.122812601767735341e-01 1.388828355856468022e+00
1.050000000000000044e+00 6.386443842092349721e-01 1.409335964546196251e+00
1.060000000000000053e+00 6.650992328618601235e-01 1.428304917006851360e+00
1.070000000000000062e+00 6.915952979401130962e-01 1.445769702779963861e+00
1.080000000000000071e+00 7.180844616094702593e-01 1.461766785506440458e+00
1.090000000000000080e+00 7.445208818161130893e-01 1.476334551938820683e+00
1.100000000000000089e+00 7.708608550034633522e-01 1.489513243222782224e+00
1.110000000000000098e+00 7.970626609838241672e-01 1.501344871189843833e+00
1.120000000000000107e+00 8.230863941098920389e-01 1.511873123698187937e+00
1.130000000000000115e+00 8.488937856392037018e-01 1.521143260595996916e+00
1.140000000000000124e+00 8.744480218896208967e-01 1.529202001898958496e+00
1.150000000000000133e+00 8.997135628903979443e-01 1.536097408580812562e+00
1.159999999999999920e+00 9.246559662396245383e-01 1.541878756103000514e+00
1.169999999999999929e+00 9.492417208124909189e-01 1.546596399750475470e+00
1.179999999999999938e+00 9.734380950595208359e-01 1.550301627887783695e+00
1.189999999999999947e+00 9.972130038025054377e-01 1.553046504476488732e+00
1.199999999999999956e+00 1.020534898343966379e+00 1.554883696265142445e+00
1.209999999999999964e+00 1.043372682168526300e+00 1.555866281689652686e+00
1.219999999999999973e+00 1.065695657267352825e+00 1.556047542067722222e+00
1.229999999999999982e+00 1.087473499566390833e+00 1.555480731156946739e+00
1.239999999999999991e+00 1.108676268326813430e+00 1.554218825582845298e+00
1.250000000000000000e+00 1.129274446640356588e+00 1.552314254998993226e+00
1.260000000000000009e+00 1.149239010727329591e+00 1.549818617498710083e+00
1.270000000000000018e+00 1.168541526823586585e+00 1.546782383272630401e+00
1.280000000000000027e+00 1.187154269016181596e+00 1.543254594009107805e+00
1.290000000000000036e+00 1.205050352638014077e+00 1.539282566077564862e+00
1.300000000000000044e+00 1.222203875717941424e+00 1.534911605399287282e+00
1.310000000000000053e+00 1.238590062544313586e+00 1.530184745599394880e+00
1.320000000000000062e+00 1.254185398452648981e+00 1.525142517495034600e+00
1.330000000000000071e+00 1.268967751778768527e+00 1.519822757792658185e+00
1.340000000000000080e+00 1.282916475410107449e+00 1.514260464911648674e+00
1.350000000000000089e+00 1.296012483103373691e+00 1.508487706457928290e+00
1.360000000000000098e+00 1.308238297552273055e+00 1.502533580201922181e+00
1.370000000000000107e+00 1.319578068743339827e+00 1.496424228609662732e+00
1.380000000000000115e+00 1.330017562847130907e+00 1.490182904376819994e+00
1.390000000000000124e+00 1.339544123407034659e+00 1.483830081646409838e+00
1.400000000000000133e+00 1.348146608995415940e+00 1.477383606258081628e+00
1.409999999999999920e+00 1.355815309818358516e+00 1.470858878298354488e+00
1.419999999999999929e+00 1.362541849238498859e+00 1.464269057537719965e+00
1.429999999999999938e+00 1.368319074990329121e+00 1.457625283303334296e+00
1.439999999999999947e+00 1.373140944635492744e+00 1.450936901124940448e+00
1.449999999999999956e+00 1.377002410351200634e+00 1.444211687905575969e+00
1.459999999999999964e+00 1.379899306984157192e+00 1.437456069147335258e+00
1.469999999999999973e+00 1.381828247052129921e+00 1.430675322372266134e+00
1.479999999999999982e+00 1.382786526222070878e+00 1.423873761034557539e+00
1.489999999999999991e+00 1.382772040531732305e+00 1.417054897151176940e+00
1.500000000000000000e+00 1.381783218875525465e+00 1.410221576757587414e+00
1.510000000000000009e+00 1.379818971275124762e+00 1.403376087640048508e+00
1.520000000000000018e+00 1.376878654016900017e+00 1.396520237601825531e+00
1.530000000000000027e+00 1.372962053047335651e+00 1.389655400992126255e+00
1.540000000000000036e+00 1.368069385594589793e+00 1.382782533651587098e+00
1.550000000000000044e+00 1.362201320321430043e+00 1.375902155780018621e+00
1.560000000000000053e+00 1.355359016412571282e+00 1.369014302112182113e+00
1.570000000000000062e+00 1.347544181234989313e+00 1.362118440027920041e+00
1.580000000000000071e+00 1.338759146200370953e+00 1.355213356278643477e+00
1.590000000000000080e+00 1.329006960323668496e+00 1.348297013281447354e+00
1.600000000000000089e+00 1.318291502326909281e+00 1.341366373517141053e+00
1.610000000000000098e+00 1.306617605069118282e+00 1.334417202960954230e+00
1.620000000000000107e+00 1.293991199251658619e+00 1.327443841422381476e+00
1.630000000000000115e+00 1.280419465148214808e+00 1.320438959807993529e+00
1.640000000000000124e+00 1.265910994073460749e+00 1.313393301231187360e+00
1.650000000000000133e+00 1.250475960404800579e+00 1.306295404505891433e+00
1.660000000000000142e+00 1.234126292896521093e+00 1.299131330272745855e+00
1.669999999999999929e+00 1.216875842843099242e+00 1.291884394097352784e+00
1.679999999999999938e+00 1.198740547003291912e+00 1.284534910399505181e+00
1.689999999999999947e+00 1.179738576910824399e+00 1.277059962254287973e+00
1.699999999999999956e+00 1.159890468354170645e+00 1.269433208537744440e+00
1.709999999999999964e+00 1.139219227151365921e+00 1.261624735707267408e+00
1.719999999999999973e+00 1.117750403087758082e+00 1.253600969345682659e+00
1.729999999999999982e+00 1.095512130571548504e+00 1.245324649347246959e+00
1.739999999999999991e+00 1.072535129617639749e+00 1.236754880705941417e+00
1.750000000000000000e+00 1.048852668489226536e+00 1.227847260038640531e+00
1.760000000000000009e+00 1.024500485058497334e+00 1.218554083785914122e+00
1.770000000000000018e+00 9.995166714420320453e-01 1.208824633133026571e+00
1.780000000000000027e+00 9.739415256747721017e-01 1.198605530182590417e+00
1.790000000000000036e+00 9.478173759730507131e-01 1.187841157694964345e+00
1.800000000000000044e+00 9.211883853050500948e-01 1.176474130104611326e+00
1.810000000000000053e+00 8.941003442490834674e-01 1.164445802406903541e+00
1.820000000000000062e+00 8.666004601572503407e-01 1.151696802526341656e+00
1.830000000000000071e+00 8.387371502148854852e-01 1.138167572473419487e+00
1.840000000000000080e+00 8.105598447058481870e-01 1.123798904436645651e+00
1.850000000000000089e+00 7.821188047855556214e-01 1.108532460257866115e+00
1.860000000000000098e+00 7.534649574885513568e-01 1.092311264102332036e+00
1.870000000000000107e+00 7.246497483093321534e-01 1.075080160989029032e+00
1.880000000000000115e+00 6.957250095031856096e-01 1.056786236518511002e+00
1.890000000000000124e+00 6.667428395244060502e-01 1.037379195618573391e+00
1.900000000000000133e+00 6.377554922915394942e-01 1.016811701389680689e+00
1.910000000000000142e+00 6.088152601439701384e-01 9.950396736287184796e-01
1.919999999999999929e+00 5.799743541661925850e-01 9.720225485124250886e-01
1.929999999999999938e+00 5.512847584389181099e-01 9.477235277305738892e-01
1.939999999999999947e+00 5.227980680719727102e-01 9.221097815016647825e-01
1.949999999999999956e+00 4.945652848799433343e-01 8.951526488646920354e-01
1.959999999999999964e+00 4.666365605604113620e-01 8.668278422103610215e-01
1.969999999999999973e+00 4.390608941018068201e-01 8.371156433626580906e-01
1.979999999999999982e+00 4.118857525342886627e-01 8.060011318443259798e-01
1.989999999999999991e+00 3.851566169896480929e-01 7.734744443741236042e-01
2.000000000000000000e+00 3.589164436937372082e-01 7.395310834946118295e-01
2.010000000000000231e+00 3.332050251739560598e-01 7.041722984699791965e-01
2.020000000000000018e+00 3.080582504959054613e-01 6.674055496338078264e-01
2.030000000000000249e+00 2.835072567343906447e-01 6.292450769953321643e-01
2.040000000000000036e+00 2.595774716224213963e-01 5.897125871818689191e-01
2.049999999999999822e+00 2.362875568293046902e-01 5.488380628949355300e-01
2.060000000000000053e+00 2.136482665823009053e-01 5.066606943328793022e-01
2.069999999999999840e+00 1.916612521364031985e-01 4.632299147607803480e-01
2.080000000000000071e+00 1.703178770793731533e-01 4.186064804959857000e-01
2.089999999999999858e+00 1.495980909281259541e-01 3.728635513447028926e-01
2.100000000000000089e+00 1.294694865515753357e-01 3.260876388247121449e-01
2.109999999999999876e+00 1.098866472631015306e-01 2.783792983583235348e-01
2.120000000000000107e+00 9.079092178705505667e-02 2.298534039912135396e-01
2.129999999999999893e+00 7.211076237103279662e-02 1.806388382540387028e-01
2.140000000000000124e+00 5.376273003866849365e-02 1.308774614740579600e-01
2.149999999999999911e+00 3.565322365798658660e-02 8.072227908702979404e-02
2.160000000000000142e+00 1.768090636231518797e-02 3.033482030902749302e-02
2.169999999999999929e+00 -2.602857391051638641e-04 -2.011814855964769166e-02
2.180000000000000160e+00 -1.827776136103711688e-02 -7.046834130552581676e-02
2.189999999999999947e+00 -3.647677998386764792e-02 -1.205497980180006423e-01
2.200000000000000178e+00 -5.495713556092157032e-02 -1.702025256050502533e-01
2.209999999999999964e+00 -7.381026923754019364e-02 -2.192756444936932170e-01
2.220000000000000195e+00 -9.311699891318277189e-02 -2.676298316439039149e-01
2.229999999999999982e+00 -1.129459590388624257e-01 -3.151389649321892361e-01
2.240000000000000213e+00 -1.333527573463838545e-01 -3.616909775414617889e-01
2.250000000000000000e+00 -1.543797755032559338e-01 -4.071880242711181652e-01
2.260000000000000231e+00 -1.760565001829892673e-01 -4.515461054942515595e-01
2.270000000000000018e+00 -1.984002515029761882e-01 -4.946943114184263468e-01
2.280000000000000249e+00 -2.214171735067598512e-01 -5.365738461560120021e-01
2.290000000000000036e+00 -2.451033687691937524e-01 -5.771369633008471833e-01
2.300000000000000266e+00 -2.694460904949289026e-01 -6.163459033720675162e-01
2.310000000000000053e+00 -2.944249201698033169e-01 -6.541719027374203188e-01
2.319999999999999840e+00 -3.200128853289130326e-01 -6.905943100936144941e-01
2.330000000000000071e+00 -3.461774889227058893e-01 -7.255998264321412705e-01
2.339999999999999858e+00 -3.728816355134765281e-01 -7.591818687123376153e-01
2.350000000000000089e+00 -4.000844489565241746e-01 -7.913400478624541545e-01
2.359999999999999876e+00 -4.277419827744317060e-01 -8.220797458785357170e-01
2.370000000000000107e+00 -4.558078283019234567e-01 -8.514117750160898890e-01
2.379999999999999893e+00 -4.842336283948213693e-01 -8.793521000132230592e-01
2.390000000000000124e+00 -5.129695060537897700e-01 -9.059216060505841384e-01
2.399999999999999911e+00 -5.419644175540678788e-01 -9.311458969627315341e-01
2.410000000000000142e+00 -5.711664404614398283e-01 -9.550551081615472615e-01
2.419999999999999929e+00 -6.005230072596550173e-01 -9.776837215841662765e-01
2.430000000000000160e+00 -6.299810949357119716e-01 -9.990703710612098831e-01
2.439999999999999947e+00 -6.594873820116220475e-01 -1.019257627138163258e+00
2.450000000000000178e+00 -6.889883799070519732e-01 -1.038291755667229532e+00
2.459999999999999964e+00 -7.184305537305888389e-01 -1.056222438121932949e+00
2.470000000000000195e+00 -7.477604443296932413e-01 -1.073102444176223136e+00
2.479999999999999982e+00 -7.769247838016208885e-01 -1.088987271997865047e+00
2.490000000000000213e+00 -8.058706333442486880e-01 -1.103934726750880779e+00
2.500000000000000000e+00 -8.345455337873975976e-01 -1.118004456953674453e+00
2.510000000000000231e+00 -8.628976776932760773e-01 -1.131257446960249435e+00
2.520000000000000018e+00 -8.908761046960591568e-01 -1.143755467377275403e+00
2.530000000000000249e+00 -9.184309160980789200e-01 -1.155560498380050927e+00
2.540000000000000036e+00 -9.455135034711811270e-01 -1.166734138961839529e+00
2.550000000000000266e+00 -9.720767903377255381e-01 -1.177337010032005526e+00
2.560000000000000053e+00 -9.980754725780393022e-01 -1.187428176010646652e+00
2.569999999999999840e+00 -1.023466251179634190e+00 -1.197064597734352587e+00
2.580000000000000071e+00 -1.048208049435943812e+00 -1.206300632555823205e+00
2.589999999999999858e+00 -1.072262199496343049e+00 -1.215187601193346234e+00
2.600000000000000089e+00 -1.095592600214840617e+00 -1.223773425405458193e+00
2.609999999999999876e+00 -1.118165828165313513e+00 -1.232102355896317114e+00
2.620000000000000107e+00 -1.139951207734204441e+00 -1.240214785355574723e+00
2.629999999999999893e+00 -1.160920835225805137e+00 -1.248147150905893454e+00
2.640000000000000124e+00 -1.181049556158688674e+00 -1.255931924811132694e+00
2.649999999999999911e+00 -1.200314903467558647e+00 -1.263597680058302419e+00
2.660000000000000142e+00 -1.218696996833642077e+00 -1.271169228005026408e+00
2.669999999999999929e+00 -1.236178411952570055e+00 -1.278667812227175515e+00
2.680000000000000160e+00 -1.252744025358941249e+00 -1.286111347886789158e+00
2.689999999999999947e+00 -1.268380841541668635e+00 -1.293514694302178025e+00
2.700000000000000178e+00 -1.283077809321905072e+00 -1.300889948158483689e+00
2.709999999999999964e+00 -1.296825633202535188e+00 -1.308246747024333301e+00
2.720000000000000195e+00 -1.309616585413620582e+00 -1.315592572953311779e+00
2.729999999999999982e+00 -1.321444323147015876e+00 -1.322933048102761244e+00
2.740000000000000213e+00 -1.332303714810623596e+00 -1.330272215493125465e+00
2.750000000000000000e+00 -1.342190678327799480e+00 -1.337612799470864200e+00
2.760000000000000231e+00 -1.351102033986934403e+00 -1.344956441358619026e+00
2.770000000000000018e+00 -1.359035373396050295e+00 -1.352303907476255951e+00
2.780000000000000249e+00 -1.365988945925245002e+00 -1.359655267024272529e+00
2.790000000000000036e+00 -1.371961563572899445e+00 -1.367010038132667971e+00
2.800000000000000266e+00 -1.376952524632576447e+00 -1.374367301387586560e+00
2.810000000000000053e+00 -1.380961556775075927e+00 -1.381725779725042180e+00
2.819999999999999840e+00 -1.383988779475592068e+00 -1.389083884817011505e+00
2.830000000000000071e+00 -1.386034685859607762e+00 -1.396439729811011832e+00
2.839999999999999858e+00 -1.387100143893277959e+00 -1.403791108529251153e+00
2.850000000000000089e+00 -1.387186416560243662e+00 -1.411135441719554295e+00
2.859999999999999876e+00 -1.386295200394122906e+00 -1.418469691361369911e+00
2.870000000000000107e+00 -1.384428682071008110e+00 -1.425790243487462305e+00
2.879999999999999893e+00 -1.381589611826118835e+00 -1.433092761474747956e+00
2.890000000000000124e+00 -1.377781390587910382e+00 -1.440372014683618751e+00
2.899999999999999911e+00 -1.373008174102897661e+00 -1.447621677290486186e+00
2.910000000000000142e+00 -1.367274981145012003e+00 -1.454834117450925168e+00
2.919999999999999929e+00 -1.360587815325018601e+00 -1.462000162176886775e+00
2.930000000000000160e+00 -1.352953789461930567e+00 -1.469108855102918110e+00
2.939999999999999947e+00 -1.344381245821830939e+00 -1.476147217856570215e+00
2.950000000000000178e+00 -1.334879874276803768e+00 -1.483100012090041719e+00
2.959999999999999964e+00 -1.324460817056711592e+00 -1.489949520484133538e+00
2.970000000000000195e+00 -1.313136758433289364e+00 -1.496675349932754751e+00
2.979999999999999982e+00 -1.300921992260208881e+00 -1.503254268661007753e+00
2.990000000000000213e+00 -1.287832462614731277e+00 -1.509660086665774115e+00
3.000000000000000000e+00 -1.273885775238735807e+00 -1.515863583555923322e+00
3.010000000000000231e+00 -1.259101177645860492e+00 -1.521832490396081594e+00
3.020000000000000018e+00 -1.243499505487346113e+00 -1.527531530171066798e+00
3.030000000000000249e+00 -1.227103098789651403e+00 -1.532922514813152004e+00
3.040000000000000036e+00 -1.209935690605725256e+00 -1.537964497234960870e+00
3.050000000000000266e+00 -1.192022273465516813e+00 -1.542613973062589405e+00
3.060000000000000053e+00 -1.173388950754754800e+00 -1.546825123627119325e+00
3.070000000000000284e+00 -1.154062780030964630e+00 -1.550550092810023095e+00
3.080000000000000071e+00 -1.134071617812237198e+00 -1.553739285580141072e+00
3.089999999999999858e+00 -1.113443973693121425e+00 -1.556341677295495440e+00
3.100000000000000089e+00 -1.092208880733035237e+00 -1.558305126623617864e+00
3.109999999999999876e+00 -1.070395789566611189e+00 -1.559576681116336294e+00
3.120000000000000107e+00 -1.048034491005842117e+00 -1.560102869194937458e+00
3.129999999999999893e+00 -1.025155070645965560e+00 -1.559829973668233727e+00
3.140000000000000124e+00 -1.001787897763089186e+00 -1.558704283185506245e+00
3.149999999999999911e+00 -9.779636481198502596e-01 -1.556672321456406438e+00
3.160000000000000142e+00 -9.537133602266200105e-01 -1.553681053889059305e+00
3.169999999999999929e+00 -9.290685228580528587e-01 -1.549678073259798339e+00
3.180000000000000160e+00 -9.040611904758452111e-01 -1.544611767191722107e+00
3.189999999999999947e+00 -8.787241229864587444e-01 -1.538431470105585008e+00
3.200000000000000178e+00 -8.530909454618598176e-01 -1.531087602672893233e+00
3.209999999999999964e+00 -8.271963233559592732e-01 -1.522531801296427956e+00
3.220000000000000195e+00 -8.010761486638892093e-01 -1.512717039975240541e+00
3.229999999999999982e+00 -7.747677317874979153e-01 -1.501597745635341541e+00
3.240000000000000213e+00 -7.483099956115750739e-01 -1.489129907936619590e+00
3.250000000000000000e+00 -7.217436653263540336e-01 -1.475271182447156271e+00
3.260000000000000231e+00 -6.951114499919293088e-01 -1.459980986851649565e+00
3.270000000000000018e+00 -6.684582131540904859e-01 -1.443220587577287883e+00
3.280000000000000249e+00 -6.418311240656329186e-01 -1.424953173521595895e+00
3.290000000000000036e+00 -6.152797883668144063e-01 -1.405143912761695146e+00
3.300000000000000266e+00 -5.888563538446188739e-01 -1.383759990057760403e+00
3.310000000000000053e+00 -5.626155844556351981e-01 -1.360770617958420914e+00
3.320000000000000284e+00 -5.366148996973605367e-01 -1.336147017275250537e+00
3.330000000000000071e+00 -5.109143770550020891e-01 -1.309862365857202171e+00
3.339999999999999858e+00 -4.855767101230711313e-01 -1.281891708312658640e+00
3.350000000000000089e+00 -4.606671177133586648e-01 -1.252211825894850694e+00
3.359999999999999876e+00 -4.362532016863711060e-01 -1.220801070255256748e+00
3.370000000000000107e+00 -4.124047452138754344e-01 -1.187639158737324951e+00
3.379999999999999893e+00 -3.891934361010409016e-01 -1.152706946461312221e+00
3.390000000000000124e+00 -3.666925172305086633e-01 -1.115986185423486043e+00
3.399999999999999911e+00 -3.449763337283668907e-01 -1.077459294238766851e+00
3.410000000000000142e+00 -3.241197581531217176e-01 -1.037109176043045755e+00
3.419999999999999929e+00 -3.041974618549466158e-01 -9.949191319346899487e-01
3.430000000000000160e+00 -2.852829712965924691e-01 -9.508729578453475328e-01
3.439999999999999947e+00 -2.674474639231051443e-01 -9.049552950996671008e-01
3.450000000000000178e+00 -2.507581880816324715e-01 -8.571524042913054586e-01
3.459999999999999964e+00 -2.352764015178773760e-01 -8.074535213328967176e-01
3.470000000000000195e+00 -2.210546735721122813e-01 -7.558530275240789020e-01
3.479999999999999982e+00 -2.081333762796651332e-01 -7.023537016977163816e-01
3.490000000000000213e+00 -1.965361922373781156e-01 -6.469713336736704345e-01
3.500000000000000000e+00 -1.862645082754902370e-01 -5.897409436405143257e-01
3.510000000000000231e+00 -1.772907306516557924e-01 -5.307246507234369970e-01
3.520000000000000018e+00 -1.695508275641860185e-01 -4.700209023797912167e-01
3.530000000000000249e+00 -1.629369026870273740e-01 -4.077741310763045024e-01
3.540000000000000036e+00 -1.572912184162674198e-01 -3.441830892706898015e-01
3.550000000000000266e+00 -1.524036842539864545e-01 -2.795052900672560514e-01
3.560000000000000053e+00 -1.480149760490988009e-01 -2.140547215709585893e-01
3.570000000000000284e+00 -1.438267134025019434e-01 -1.481908875812804061e-01
3.580000000000000071e+00 -1.395184154732712900e-01 -8.229940352816382532e-02
3.589999999999999858e+00 -1.347686939677584794e-01 -1.676729562606561405e-02
3.600000000000000089e+00 -1.292765388530686121e-01 4.804176628376403968e-02
3.609999999999999876e+00 -1.227785288646283252e-01 1.118070510696566183e-01
3.620000000000000107e+00 -1.150593712007635799e-01 1.742619703965376243e-01
3.629999999999999893e+00 -1.059554071069181008e-01 2.351966048577200097e-01
3.640000000000000124e+00 -9.535247407967756272e-02 2.944534853188274237e-01
3.649999999999999911e+00 -8.318025253528492369e-02 3.519194453304912429e-01
3.660000000000000142e+00 -6.940509476009439072e-02 4.075161153343382914e-01
3.669999999999999929e+00 -5.402276562924929887e-02 4.611908369670668639e-01
3.680000000000000160e+00 -3.705189132494461635e-02 5.129089276238415485e-01
3.689999999999999947e+00 -1.852844251728106781e-02 5.626476147851298126e-01
3.700000000000000178e+00 1.498715826365487613e-03 6.103915871053496867e-01
3.709999999999999964e+00 2.297133121061039132e-02 6.561299249759566798e-01
3.720000000000000195e+00 4.582449468909320645e-02 6.998541296173074189e-01
3.729999999999999982e+00 6.998876469485182383e-02 7.415569816891197652e-01
3.740000000000000213e+00 9.539182853018424169e-02 7.812319999596412101e-01
3.750000000000000000e+00 1.219598149653169233e-01 8.188733183595018339e-01
3.760000000000000231e+00 1.496183452303769257e-01 8.544758382301232968e-01
3.770000000000000018e+00 1.782933783727150556e-01 8.880355585406914942e-01
3.780000000000000249e+00 2.079118958492869873e-01 9.195500036065566984e-01
3.790000000000000036e+00 2.384024504182063464e-01 9.490186986041189154e-01
3.800000000000000266e+00 2.696955950003082081e-01 9.764436591149845412e-01
3.810000000000000053e+00 3.017242001634741211e-01 1.001829873374767699e+00
3.820000000000000284e+00 3.344236631833146234e-01 1.025185769084643539e+00
3.830000000000000071e+00 3.677320087314712715e-01 1.046523662879890626e+00
3.839999999999999858e+00 4.015898784434364654e-01 1.065860199265871833e+00
3.850000000000000089e+00 4.359404058267523085e-01 1.083216789712051487e+00
3.859999999999999876e+00 4.707289723101124590e-01 1.098620066427319353e+00
3.870000000000000107e+00 5.059028405717366228e-01 1.112102366982602231e+00
3.879999999999999893e+00 5.414106628458205117e-01 1.123702265519625376e+00
3.890000000000000124e+00 5.772018638046024774e-01 1.133465163199240511e+00
3.899999999999999911e+00 6.132259045803855058e-01 1.141443943683237539e+00
3.910000000000000142e+00 6.494314407710465309e-01 1.147699685977510820e+00
3.919999999999999929e+00 6.857653964265614244e-01 1.152302417080018460e+00
3.930000000000000160e+00 7.221719971220569301e-01 1.155331854685075266e+00
3.939999999999999947e+00 7.585918167577438975e-01 1.156878071509425121e+00
3.950000000000000178e+00 7.949609192809561353e-01 1.157041977858540571e+00
3.959999999999999964e+00 8.312101956999330410e-01 1.155935489305749408e+00
3.970000000000000195e+00 8.672650085046937907e-01 1.153681232850478189e+00
3.979999999999999982e+00 9.030452588479406240e-01 1.150411640767459387e+00
3.990000000000000213e+00 9.384659695227732801e-01 1.146267316685291249e+00
4.000000000000000000e+00 9.734384312380607307e-01 1.141394625580709921e+00
4.009999999999999787e+00 1.007871888783286929e+00 1.135942562360293229e+00
4.020000000000000462e+00 1.041675660081811783e+00 1.130059073381458834e+00
4.030000000000000249e+00 1.074761500524413327e+00 1.123887118536176954e+00
4.040000000000000036e+00 1.107045975674620708e+00 1.117560827716757021e+00
4.049999999999999822e+00 1.138452592544593411e+00 1.111202118388372240e+00
4.060000000000000497e+00 1.168913481715997182e+00 1.104918073336413897e+00
4.070000000000000284e+00 1.198370497085695430e+00 1.098799264473691473e+00
4.080000000000000071e+00 1.226775693216337171e+00 1.092919069167556323e+00
4.089999999999999858e+00 1.254091225006034982e+00 1.087333900046768553e+00
4.099999999999999645e+00 1.280288775330660656e+00 1.082084179665954160e+00
4.110000000000000320e+00 1.305348647165213372e+00 1.077195846678325797e+00
4.120000000000000107e+00 1.329258658286397887e+00 1.072682178824007515e+00
4.129999999999999893e+00 1.352012959068809916e+00 1.068545745201529895e+00
4.139999999999999680e+00 1.373610866422533938e+00 1.064780342047266126e+00
4.150000000000000355e+00 1.394055777056762091e+00 1.061372811695313612e+00
4.160000000000000142e+00 1.413354196763502602e+00 1.058304684896457459e+00
4.169999999999999929e+00 1.431514901043221100e+00 1.055553619501945928e+00
4.179999999999999716e+00 1.448548228530208259e+00 1.053094630282902289e+00
4.190000000000000391e+00 1.464465498523796594e+00 1.050901120706208891e+00
4.200000000000000178e+00 1.479278539638271051e+00 1.048945734776862038e+00
4.209999999999999964e+00 1.492999314240580855e+00 1.047201051251260395e+00
4.219999999999999751e+00 1.505639622817589451e+00 1.045640143901162222e+00
4.230000000000000426e+00 1.517210874447152635e+00 1.044237028936646272e+00
4.240000000000000213e+00 1.527723910250986528e+00 1.042967019911522630e+00
4.250000000000000000e+00 1.537188869286219450e+00 1.041807006871556585e+00
4.259999999999999787e+00 1.545615087642118857e+00 1.040735674606945604e+00
4.270000000000000462e+00 1.553011023421767556e+00 1.039733672110056961e+00
4.280000000000000249e+00 1.559384201630723554e+00 1.038783743309781515e+00
4.290000000000000036e+00 1.564741174216740971e+00 1.037870827280742203e+00
4.299999999999999822e+00 1.569087491839721293e+00 1.036982134113200171e+00
4.310000000000000497e+00 1.572427683831358891e+00 1.036107202498501634e+00
4.320000000000000284e+00 1.574765245035957939e+00 1.035237941978481846e+00
4.330000000000000071e+00 1.576102627249515775e+00 1.034368663779134501e+00
4.339999999999999858e+00 1.576441234204958075e+00 1.033496102325454524e+00
4.350000000000000533e+00 1.575781419520275062e+00 1.032619428730778832e+00
4.360000000000000320e+00 1.574122486721358349e+00 1.031740257720349829e+00
4.370000000000000107e+00 1.571462691270431478e+00 1.030862648140799420e+00
4.379999999999999893e+00 1.567799244650928348e+00 1.029993096882038994e+00
4.389999999999999680e+00 1.563128320617096056e+00 1.029140525737184175e+00
4.400000000000000355e+00 1.557445064284008307e+00 1.028316259755907902e+00
4.410000000000000142e+00 1.550743604909673223e+00 1.027533995218289142e+00
4.419999999999999929e+00 1.543017073630064795e+00 1.026809754586916812e+00
4.429999999999999716e+00 1.534257628012117181e+00 1.026161824760819297e+00
4.440000000000000391e+00 1.524456485341886491e+00 1.025610674700778269e+00
4.450000000000000178e+00 1.513603969075678179e+00 1.025178844761059693e+00
4.459999999999999964e+00 1.501689570457926282e+00 1.024890803327077382e+00
4.469999999999999751e+00 1.488702033245453249e+00 1.024772757841025506e+00
4.480000000000000426e+00 1.474629465341906753e+00 1.024852412905960852e+00
4.490000000000000213e+00 1.459459488208174172e+00 1.025158658309949455e+00
4.500000000000000000e+00 1.443179432228117953e+00 1.025721173153460342e+00
4.509999999999999787e+00 1.425776592847760815e+00 1.026569923477945290e+00
4.520000000000000462e+00 1.407238559154629698e+00 1.027734534632862129e+00
4.530000000000000249e+00 1.387553633147794452e+00 1.029243511853214832e+00
4.540000000000000036e+00 1.366711356743716799e+00 1.031123282787082429e+00
4.549999999999999822e+00 1.344703163738915075e+00 1.033397038408359725e+00
4.560000000000000497e+00 1.321523171860629065e+00 1.036083351170152822e+00
4.570000000000000284e+00 1.297169122499117755e+00 1.039194562535433963e+00
4.580000000000000071e+00 1.271643465128191597e+00 1.042734948631369285e+00
4.589999999999999858e+00 1.244954566151192710e+00 1.046698699714448511e+00
4.600000000000000533e+00 1.217117994043351414e+00 1.051067792281772828e+00
4.610000000000000320e+00 1.188157803529167778e+00 1.055809876875987818e+00
4.620000000000000107e+00 1.158107704762915136e+00 1.060876360565041310e+00
4.629999999999999893e+00 1.127011973829706637e+00 1.066200908008464232e+00
4.639999999999999680e+00 1.094925944634719706e+00 1.071698610030326515e+00
4.650000000000000355e+00 1.061915932857907530e+00 1.077266053669065027e+00
4.660000000000000142e+00 1.028058485997117355e+00 1.082782463894502500e+00
4.669999999999999929e+00 9.934389357718197422e-01 1.088111965550082383e+00
4.679999999999999716e+00 9.581493309891574439e-01 1.093106862038756733e+00
4.690000000000000391e+00 9.222859417665582038e-01 1.097611658262304113e+00
4.700000000000000178e+00 8.859465890901131457e-01 1.101467456208131690e+00
4.709999999999999964e+00 8.492280937819444153e-01 1.104516287202320646e+00
4.719999999999999751e+00 8.122240975589934964e-01 1.106604997337879537e+00
4.730000000000000426e+00 7.750234375951341459e-01 1.107588401596498295e+00
4.740000000000000213e+00 7.377091538352114064e-01 1.107331567388700311e+00
4.750000000000000000e+00 7.003581168241590493e-01 1.105711220630890335e+00
4.759999999999999787e+00 6.630411905685198448e-01 1.102616375095775592e+00
4.770000000000000462e+00 6.258238075810726997e-01 1.097948342480000283e+00
4.780000000000000249e+00 5.887668209287214571e-01 1.091620301280710414e+00
4.790000000000000036e+00 5.519275086488161230e-01 1.083556589694348649e+00
4.799999999999999822e+00 5.153606278303967114e-01 1.073691857636654312e+00
4.810000000000000497e+00 4.791194402013410070e-01 1.061970178333170090e+00
4.820000000000000284e+00 4.432566573380052333e-01 1.048344182212848086e+00
4.830000000000000071e+00 4.078252704431455933e-01 1.032774251244011232e+00
4.839999999999999858e+00 3.728792473414208053e-01 1.015227786298184220e+00
4.850000000000000533e+00 3.384740886733879073e-01 9.956785465064955654e-01
4.860000000000000320e+00 3.046672424841963545e-01 9.741060497255363826e-01
4.870000000000000107e+00 2.715183803579397370e-01 9.504950185785809857e-01
4.879999999999999893e+00 2.390895400482094812e-01 9.248348555078452771e-01
4.889999999999999680e+00 2.074451407813505122e-01 8.971191311761058662e-01
4.900000000000000355e+00 1.766518755639117921e-01 8.673450758705008035e-01
4.910000000000000142e+00 1.467784845714099617e-01 8.355130675006752217e-01
4.919999999999999929e+00 1.178954102109668889e-01 8.016261183392389134e-01
4.929999999999999716e+00 9.007433044738306915e-02 7.656893722134306968e-01
4.940000000000000391e+00 6.338756146239964140e-02 7.277096353083234437e-01
4.950000000000000178e+00 3.790731177498703197e-02 6.876949794725996101e-01
4.959999999999999964e+00 1.370475892273189354e-02 6.456544754725825896e-01
4.969999999999999751e+00 -9.151096181921059003e-03 6.015981381673619621e-01
4.980000000000000426e+00 -3.059486161676184049e-02 5.555371949150665900e-01
4.990000000000000213e+00 -5.056656290815567112e-02 5.074848254541196590e-01
5.000000000000000000e+00 -6.901394243241715243e-02 4.574575597055149934e-01
5.009999999999999787e+00 -8.589538908061708500e-02 4.054775587409369386e-01
5.020000000000000462e+00 -1.011836690488810281e-01 3.515760569481876652e-01
5.030000000000000249e+00 -1.148705552157040649e-01 2.957981556283799662e-01
5.040000000000000036e+00 -1.269724477876008895e-01 2.382091705898956024e-01
5.049999999999999822e+00 -1.375368268843831232e-01 1.789024203241974809e-01
5.060000000000000497e+00 -1.466490716874742084e-01 1.180079484493543468e-01
5.070000000000000284e+00 -1.544386779071827975e-01 5.570101187138349480e-02
5.080000000000000071e+00 -1.610833454837963252e-01 -7.791596036884369282e-03
5.089999999999999858e+00 -1.668090110040054141e-01 -7.218989449418471149e-02
5.100000000000000533e+00 -1.718840721288700524e-01 -1.371660906673151381e-01
5.110000000000000320e+00 -1.766070626657823273e-01 -2.023580852608183600e-01
5.120000000000000107e+00 -1.812888609745288426e-01 -2.673898717234102773e-01
5.129999999999999893e+00 -1.862324062077114206e-01 -3.318951322560261263e-01
5.139999999999999680e+00 -1.917138656349948178e-01 -3.955390609012111036e-01
5.150000000000000355e+00 -1.979686481766841089e-01 -4.580341479328298715e-01
5.160000000000000142e+00 -2.051839277573433984e-01 -5.191479020232695474e-01
5.169999999999999929e+00 -2.134974008806907186e-01 -5.787029807949610749e-01
5.179999999999999716e+00 -2.230006910591466607e-01 -6.365718524161458891e-01
5.190000000000000391e+00 -2.337454229603660172e-01 -6.926685523976801040e-01
5.200000000000000178e+00 -2.457502637155275504e-01 -7.469396866140939339e-01
5.209999999999999964e+00 -2.590077823236396903e-01 -7.993560786361612047e-01
5.219999999999999751e+00 -2.734905145665650350e-01 -8.499057526047295585e-01
5.230000000000000426e+00 -2.891560119608383439e-01 -8.985884419965415315e-01
5.240000000000000213e+00 -3.059508868789388436e-01 -9.454115265897429232e-01
5.250000000000000000e+00 -3.238139774358692047e-01 -9.903871727960175120e-01
5.259999999999999787e+00 -3.426787906370178938e-01 -1.033530422718087927e+00
5.270000000000000462e+00 -3.624753781661089191e-01 -1.074857995281687018e+00
5.280000000000000249e+00 -3.831317769303670406e-01 -1.114387601242706083e+00
5.290000000000000036e+00 -4.045751195482900631e-01 -1.152137615635580481e+00
5.299999999999999822e+00 -4.267324961980703546e-01 -1.188126987503707710e+00
5.310000000000000497e+00 -4.495316269908098961e-01 -1.222375299530621851e+00
5.320000000000000284e+00 -4.729013888693833767e-01 -1.254902912864401365e+00
5.330000000000000071e+00 -4.967722279129709317e-01 -1.285731152694111090e+00
5.339999999999999858e+00 -5.210764795603494148e-01 -1.314882502946250531e+00
5.350000000000000533e+00 -5.457486126293354944e-01 -1.342380789799865415e+00
5.360000000000000320e+00 -5.707254088450151031e-01 -1.368251340843961827e+00
5.370000000000000107e+00 -5.959460860656491388e-01 -1.392521113379254549e+00
5.379999999999999893e+00 -6.213523733610558653e-01 -1.415218786804873341e+00
5.389999999999999680e+00 -6.468885420066563530e-01 -1.436374820842169830e+00
5.400000000000000355e+00 -6.725013981802462348e-01 -1.456021480088874887e+00
5.410000000000000142e+00 -6.981402419997567721e-01 -1.474192827622470947e+00
5.419999999999999929e+00 -7.237567968906661875e-01 -1.490924691873283692e+00
5.429999999999999716e+00 -7.493051137649175963e-01 -1.506254610112291559e+00
5.440000000000000391e+00 -7.747414541545359912e-01 -1.520221752805674509e+00
5.450000000000000178e+00 -8.000241565119818876e-01 -1.532866832287600678e+00
5.459999999999999964e+00 -8.251134898262860728e-01 -1.544231998922453331e+00
5.469999999999999751e+00 -8.499714986299087283e-01 -1.554360727619345406e+00
5.480000000000000426e+00 -8.745618434957475040e-01 -1.563297696508479717e+00
5.490000000000000213e+00 -8.988496410046811214e-01 -1.571088659529473519e+00
5.500000000000000000e+00 -9.228013069335682106e-01 -1.577780312773065186e+00
5.509999999999999787e+00 -9.463844065437044817e-01 -1.583420155901864135e+00
5.520000000000000462e+00 -9.695675152237134276e-01 -1.588056347533223001e+00
5.530000000000000249e+00 -9.923200930203510683e-01 -1.591737553942859318e+00
5.540000000000000036e+00 -1.014612375869121896e+00 -1.594512789873477665e+00
5.549999999999999822e+00 -1.036415285872993808e+00 -1.596431251330595824e+00
5.560000000000000497e+00 -1.057700363168766478e+00 -1.597542137902175030e+00
5.570000000000000284e+00 -1.078439720082074560e+00 -1.597894465732939251e+00
5.580000000000000071e+00 -1.098606019036751258e+00 -1.597536869664032633e+00
5.589999999999999858e+00 -1.118172473583458171e+00 -1.596517396354290019e+00
5.600000000000000533e+00 -1.137112871676849046e+00 -1.594883289708906027e+00
5.610000000000000320e+00 -1.155401619763901211e+00 -1.592680770479096619e+00
5.620000000000000107e+00 -1.173013804047175590e+00 -1.589954815261591659e+00
5.629999999999999893e+00 -1.189925266417507732e+00 -1.586748937239253143e+00
5.639999999999999680e+00 -1.206112689786604575e+00 -1.583104975759350275e+00
5.650000000000000355e+00 -1.221553689102790941e+00 -1.579062898663018633e+00
5.660000000000000142e+00 -1.236226901999624372e+00 -1.574660624657321151e+00
5.669999999999999929e+00 -1.250112075837348513e+00 -1.569933868983463654e+00
5.679999999999999716e+00 -1.263190144734480658e+00 -1.564916019610658404e+00
5.690000000000000391e+00 -1.275443294551936058e+00 -1.559638045286798835e+00
5.700000000000000178e+00 -1.286855011928211390e+00 -1.554128439065285416e+00
5.709999999999999964e+00 -1.297410114985547702e+00 -1.548413198728787243e+00
5.719999999999999751e+00 -1.307094766506198713e+00 -1.542515841379583419e+00
5.730000000000000426e+00 -1.315896467213497623e+00 -1.536457453336558032e+00
5.740000000000000213e+00 -1.323804032827318400e+00 -1.530256768789242106e+00
5.750000000000000000e+00 -1.330807554774453560e+00 -1.523930275471773177e+00
5.759999999999999787e+00 -1.336898348708412287e+00 -1.517492340028584463e+00
5.770000000000000462e+00 -1.342068892443134542e+00 -1.510955349597818964e+00
5.780000000000000249e+00 -1.346312758124303510e+00 -1.504329861279795066e+00
5.790000000000000036e+00 -1.349624540351445301e+00 -1.497624756369083654e+00
5.799999999999999822e+00 -1.351999784756292344e+00 -1.490847391811550793e+00
5.810000000000000497e+00 -1.353434919553181626e+00 -1.484003744779581080e+00
5.820000000000000284e+00 -1.353927192271038527e+00 -1.477098546547788604e+00
5.830000000000000071e+00 -1.353474615320897856e+00 -1.470135400096735268e+00
5.839999999999999858e+00 -1.352075920770972273e+00 -1.463116880517406182e+00
5.850000000000000533e+00 -1.349730527348018905e+00 -1.456044613742051963e+00
5.860000000000000320e+00 -1.346438519932296796e+00 -1.448919333052036684e+00
5.870000000000000107e+00 -1.342200642932764643e+00 -1.441740911283341697e+00
5.879999999999999893e+00 -1.337018307913060200e+00 -1.434508368292749747e+00
5.889999999999999680e+00 -1.330893615746424175e+00 -1.427219853290017770e+00
5.900000000000000355e+00 -1.323829393196426008e+00 -1.419872602397820982e+00
5.910000000000000142e+00 -1.315829243847140395e+00 -1.412462871617299109e+00
5.919999999999999929e+00 -1.306897612189826363e+00 -1.404985847549447220e+00
5.929999999999999716e+00 -1.297039861103649772e+00 -1.397435535437855147e+00
5.940000000000000391e+00 -1.286262359389098942e+00 -1.389804630502220029e+00
5.950000000000000178e+00 -1.274572580665856103e+00 -1.382084370424627284e+00
5.959999999999999964e+00 -1.261979208156112753e+00 -1.374264378764919581e+00
5.969999999999999751e+00 -1.248492247457281934e+00 -1.366332495649212442e+00
5.980000000000000426e+00 -1.234123139163195049e+00 -1.358274610428783724e+00
5.990000000000000213e+00 -1.218884874980259436e+00 -1.350074489814347078e+00
6.000000000000000000e+00 -1.202792106488392188e+00 -1.341713621357487618e+00
6.009999999999999787e+00 -1.185861251352324564e+00 -1.333171063468006290e+00
6.020000000000000462e+00 -1.168110585021467696e+00 -1.324423324409409242e+00
6.030000000000000249e+00 -1.149560322538913937e+00 -1.315444261462467734e+00
6.040000000000000036e+00 -1.130232679848111932e+00 -1.306205021207220707e+00
6.049999999999999822e+00 -1.110151918167980867e+00 -1.296674013716617058e+00
6.060000000000000497e+00 -1.089344365172719264e+00 -1.286816933557145326e+00
6.070000000000000284e+00 -1.067838412433277595e+00 -1.276596829734632177e+00
6.080000000000000071e+00 -1.045664488800851277e+00 -1.265974225296795375e+00
6.089999999999999858e+00 -1.022855012037243272e+00 -1.254907284478246066e+00
6.100000000000000533e+00 -9.994443165022039999e-01 -1.243352031367920718e+00
6.110000000000000320e+00 -9.754685608670017327e-01 -1.231262614494939234e+00
6.120000000000000107e+00 -9.509656217805346756e-01 -1.218591606847708952e+00
6.129999999999999893e+00 -9.259749708722208039e-01 -1.205290346164942461e+00
6.140000000000000568e+00 -9.005375447438661585e-01 -1.191309297724292504e+00
6.150000000000000355e+00 -8.746956081564375429e-01 -1.176598437468783009e+00
6.160000000000000142e+00 -8.484926148199664064e-01 -1.161107647236384377e+00
6.169999999999999929e+00 -8.219730680966680358e-01 -1.144787111855241957e+00
6.179999999999999716e+00 -7.951823831371908069e-01 -1.127587715109486188e+00
6.190000000000000391e+00 -7.681667519154451451e-01 -1.109461424733466206e+00
6.200000000000000178e+00 -7.409730077427070238e-01 -1.090361666351429948e+00
6.209999999999999964e+00 -7.136484921905920098e-01 -1.070243677955085015e+00
6.219999999999999751e+00 -6.862409154543973600e-01 -1.049064848771501746e+00
6.230000000000000426e+00 -6.587982110035129901e-01 -1.026785037858594984e+00
6.240000000000000213e+00 -6.313683773665208498e-01 -1.003366874652274587e+00
6.250000000000000000e+00 -6.039992991047096194e-01 -9.787760475333177057e-01
6.259999999999999787e+00 -5.767385449993582824e-01 -9.529815779244471541e-01
6.270000000000000462e+00 -5.496331323734916507e-01 -9.259560897453705808e-01
6.280000000000000249e+00 -5.227292505363517749e-01 -8.976760821185594263e-01
6.290000000000000036e+00 -4.960719367209837083e-01 -8.681222081467400153e-01
6.299999999999999822e+00 -4.697046966756601716e-01 -8.372795757406461536e-01
6.310000000000000497e+00 -4.436690620882535185e-01 -8.051380709114412948e-01
6.320000000000000284e+00 -4.180040766000623353e-01 -7.716927314822342732e-01
6.330000000000000071e+00 -3.927457067591059170e-01 -7.369441615949547941e-01
6.339999999999999858e+00 -3.679261741899611526e-01 -7.008990202538628589e-01
6.350000000000000533e+00 -3.435732039956951867e-01 -6.635705745219070417e-01
6.360000000000000320e+00 -3.197092056238156621e-01 -6.249793382403895370e-01
6.370000000000000107e+00 -2.963503787789176780e-01 -5.851537789923590971e-01
6.379999999999999893e+00 -2.735057778075776769e-01 -5.441311026857267308e-01
6.390000000000000568e+00 -2.511763667102072661e-01 -5.019580750811009073e-01
6.400000000000000355e+00 -2.293540984919996140e-01 -4.586918437355052558e-01
6.410000000000000142e+00 -2.080210896089837447e-01 -4.144007105328307849e-01
6.419999999999999929e+00 -1.871489691769435970e-01 -3.691647480892287780e-01
6.429999999999999716e+00 -1.666984768023365981e-01 -3.230761896351977969e-01
6.440000000000000391e+00 -1.466194209472576615e-01 -2.762394569484529216e-01
6.450000000000000178e+00 -1.268510714251147864e-01 -2.287707358942419333e-01
6.459999999999999964e+00 -1.073230580546978841e-01 -1.807970075245583508e-01
6.469999999999999751e+00 -8.795679737887319993e-02 -1.324544991959287488e-01
6.480000000000000426e+00 -6.866742605336889627e-02 -8.388657008665600934e-02
6.490000000000000213e+00 -4.936614773904138970e-02 -3.524113020666191920e-02
6.500000000000000000e+00 -2.996285682779228909e-02 1.333225448492150050e-02
6.509999999999999787e+00 -1.036885315171409347e-02 6.168536023956591730e-02
6.520000000000000462e+00 9.500543440408099061e-03 1.096741894390320798e-01
6.530000000000000249e+00 2.972366081846566574e-02 1.571615343333418180e-01
6.540000000000000036e+00 5.037056038704718075e-02 2.040190711010642088e-01
6.549999999999999822e+00 7.150162511797261700e-02 2.501288969396298634e-01
6.560000000000000497e+00 9.316667075467173487e-02 2.953844980180829194e-01
6.570000000000000284e+00 1.154045565538867057e-01 3.396911874874082859e-01
6.580000000000000071e+00 1.382432183551201565e-01 3.829661131587931422e-01
6.589999999999999858e+00 1.617000515958587625e-01 4.251379242463952934e-01
6.600000000000000533e+00 1.857825410421303780e-01 4.661462190421989948e-01
6.610000000000000320e+00 2.104890568493359704e-01 5.059408626297592360e-01
6.620000000000000107e+00 2.358097386862829659e-01 5.444812583628889646e-01
6.629999999999999893e+00 2.617274104871409879e-01 5.817356283359775837e-01
6.640000000000000568e+00 2.882184809645796930e-01 6.176803419188339195e-01
6.650000000000000355e+00 3.152537984945856797e-01 6.522993145962676653e-01
6.660000000000000142e+00 3.427994408148470895e-01 6.855834854218901819e-01
6.669999999999999929e+00 3.708174332107090354e-01 7.175303661220294726e-01
6.679999999999999716e+00 3.992663839501250922e-01 7.481436645341803526e-01
6.690000000000000391e+00 4.281020418895295498e-01 7.774329635258936388e-01
6.700000000000000178e+00 4.572777790997726299e-01 8.054134447845706646e-01
6.709999999999999964e+00 4.867450044983026025e-01 8.321056435614665459e-01
6.719999999999999751e+00 5.164535171309085904e-01 8.575352188887271909e-01
6.730000000000000426e+00 5.463518057850288434e-01 8.817327288060252677e-01
6.740000000000000213e+00 5.763873063045480416e-01 9.047333958448914304e-01
6.750000000000000000e+00 6.065066257909319525e-01 9.265768526849059716e-01
6.759999999999999787e+00 6.366557431411558055e-01 9.473068579775340003e-01
6.770000000000000462e+00 6.667801962830830487e-01 9.669709743215053610e-01
6.780000000000000249e+00 6.968252652429333116e-01 9.856202008200632969e-01
6.790000000000000036e+00 7.267361576587687555e-01 1.003308558482177482e+00
6.799999999999999822e+00 7.564582052312607274e-01 1.020092623234297058e+00
6.810000000000000497e+00 7.859370755786446727e-01 1.036031009735139286e+00
6.820000000000000284e+00 8.151189991308953608e-01 1.051183813279486179e+00
6.830000000000000071e+00 8.439510159454874927e-01 1.065612010889778416e+00
6.839999999999999858e+00 8.723812363315512908e-01 1.079376838719360743e+00
6.850000000000000533e+00 9.003591093943229540e-01 1.092539159960556949e+00
6.860000000000000320e+00 9.278356977746026191e-01 1.105158833094254334e+00
6.870000000000000107e+00 9.547639436497387111e-01 1.117294106647825025e+00
6.879999999999999893e+00 9.810989197439660137e-01 1.129001053224223172e+00
6.890000000000000568e+00 1.006798056719186318e+00 1.140333059741587274e+00
6.900000000000000355e+00 1.031821338095235019e+00 1.151340388358834232e+00
6.910000000000000142e+00 1.056131451721734171e+00 1.162069823602123186e+00
6.919999999999999929e+00 1.079693899753295883e+00 1.172564405075970484e+00
6.929999999999999716e+00 1.102477059101317103e+00 1.182863255338050257e+00
6.940000000000000391e+00 1.124452193921960275e+00 1.193001499557756473e+00
6.950000000000000178e+00 1.145593424099826674e+00 1.203010268912499514e+00
6.959999999999999964e+00 1.165877650456403902e+00 1.212916784954687355e+00
6.969999999999999751e+00 1.185284444524745018e+00 1.222744510305359134e+00
6.980000000000000426e+00 1.203795909078003712e+00 1.232513354131240968e+00
6.990000000000000213e+00 1.221396515207858080e+00 1.242239921542983572e+00
7.000000000000000000e+00 1.238072923580418649e+00 1.251937793036230762e+00
7.009999999999999787e+00 1.253813796470735875e+00 1.261617822054573512e+00
7.020000000000000462e+00 1.268609606000687506e+00 1.271288440782458951e+00
7.030000000000000249e+00 1.282452444034143157e+00 1.280955964274825165e+00
7.040000000000000036e+00 1.295335838196238099e+00 1.290624884864356003e+00
7.049999999999999822e+00 1.307254577376252502e+00 1.300298150707917655e+00
7.060000000000000497e+00 1.318204549345519005e+00 1.309977423667260110e+00
7.070000000000000284e+00 1.328182592799775907e+00 1.319663312313286374e+00
7.080000000000000071e+00 1.337186368885637133e+00 1.329355570874819259e+00
7.089999999999999858e+00 1.345214242778096425e+00 1.339053281097728920e+00
7.100000000000000533e+00 1.352265188099667004e+00 1.348754993940320501e+00
7.110000000000000320e+00 1.358338713143637078e+00 1.358458833051717551e+00
7.120000000000000107e+00 1.363434799493999705e+00 1.368162576818367393e+00
7.129999999999999893e+00 1.367553861039230823e+00 1.377863704709810788e+00
7.140000000000000568e+00 1.370696725418663275e+00 1.387559404328190693e+00
7.150000000000000355e+00 1.372864630978207101e+00 1.397246551383842128e+00
7.160000000000000142e+00 1.374059241690490429e+00 1.406921658203022618e+00
7.169999999999999929e+00 1.374282681182876997e+00 1.416580788677101799e+00
7.179999999999999716e+00 1.373537582726817030e+00 1.426219445049216272e+00
7.190000000000000391e+00 1.371827153739848537e+00 1.435832428575336550e+00
7.200000000000000178e+00 1.369155254812786104e+00 1.445413674068654064e+00
7.209999999999999964e+00 1.365526489703411395e+00 1.454956063840051161e+00
7.219999999999999751e+00 1.360946303313280037e+00 1.464451225663892187e+00
7.230000000000000426e+00 1.355421085995335062e+00 1.473889317378826558e+00
7.240000000000000213e+00 1.348958277758538937e+00 1.483258808181834976e+00
7.250000000000000000e+00 1.341566470357502761e+00 1.492546259954251608e+00
7.259999999999999787e+00 1.333255501070441440e+00 1.501736118443472323e+00
7.270000000000000462e+00 1.324036533143788885e+00 1.510810522854979965e+00
7.280000000000000249e+00 1.313922121346844163e+00 1.519749135766274684e+00
7.290000000000000036e+00 1.302926248506808049e+00 1.528529019215745466e+00
7.299999999999999822e+00 1.291064343998191255e+00 1.537124537400033963e+00
7.310000000000000497e+00 1.278353273294448700e+00 1.545507306230142097e+00
7.320000000000000284e+00 1.264811291808149551e+00 1.553646203402763382e+00
7.330000000000000071e+00 1.250457977349657801e+00 1.561507416441842322e+00
7.339999999999999858e+00 1.235314133310249085e+00 1.569054545066856043e+00
7.350000000000000533e+00 1.219401670509794977e+00 1.576248747675906170e+00
7.360000000000000320e+00 1.202743472614978604e+00 1.583048927166939679e+00
7.370000000000000107e+00 1.185363252025963821e+00 1.589411948266221231e+00
7.379999999999999893e+00 1.167285402736419897e+00 1.595292878713644447e+00
7.390000000000000568e+00 1.148534859113680806e+00 1.600645243527151429e+00
7.400000000000000355e+00 1.129136966305337886e+00 1.605421285269521992e+00
7.410000000000000142e+00 1.109117369618930038e+00 1.609572221281523996e+00
7.419999999999999929e+00 1.088501928079148806e+00 1.613048491363643144e+00
7.429999999999999716e+00 1.067316655740944142e+00 1.615799991542298031e+00
7.440000000000000391e+00 1.045587693278182240e+00 1.617776290828110586e+00
7.450000000000000178e+00 1.023341311862481007e+00 1.618926828535698359e+00
7.459999999999999964e+00 1.000603948914445818e+00 1.619201092756978433e+00
7.469999999999999751e+00 9.774022746387809324e-01 1.618548781368547296e+00
7.480000000000000426e+00 9.537632872635721792e-01 1.616919947914834399e+00
7.490000000000000213e+00 9.297144355690875051e-01 1.614265133992320633e+00
7.500000000000000000e+00 9.052837616320229541e-01 1.610535495767412728e+00
7.509999999999999787e+00 8.805000687212046762e-01 1.605682917914130980e+00
7.520000000000000462e+00 8.553931003283852252e-01 1.599660130130857061e+00
7.530000000000000249e+00 8.299937343751370156e-01 1.592420819359576578e+00
7.540000000000000036e+00 8.043341861358912492e-01 1.583919742340766934e+00
7.549999999999999822e+00 7.784482148561349124e-01 1.574112840729976037e+00
7.560000000000000497e+00 7.523713328345880136e-01 1.562957355960957306e+00
7.570000000000000284e+00 7.261410109242322219e-01 1.550411944828413491e+00
7.580000000000000071e+00 6.997968778292614767e-01 1.536436792767800874e+00
7.589999999999999858e+00 6.733809087559232687e-01 1.520993721589710468e+00
7.600000000000000533e+00 6.469375998962295649e-01 1.504046294245071191e+00
7.610000000000000320e+00 6.205141243104606019e-01 1.485559894790906110e+00
7.620000000000000107e+00 5.941604658805282879e-01 1.465501802013055910e+00
7.629999999999999893e+00 5.679295275054861980e-01 1.443841238752670453e+00
7.640000000000000568e+00 5.418772094614954238e-01 1.420549366606657093e+00
7.650000000000000355e+00 5.160624552536354770e-01 1.395599275932557948e+00
7.660000000000000142e+00 4.905472613581629560e-01 1.368965925647877224e+00
7.669999999999999929e+00 4.653966470632061592e-01 1.340626018772423489e+00
7.679999999999999716e+00 4.406785818209321692e-01 1.310557829899527738e+00
7.690000000000000391e+00 4.164638670854164948e-01 1.278740991847167274e+00
7.700000000000000178e+00 3.928259680995800363e-01 1.245156212555909025e+00
7.709999999999999964e+00 3.698407898829265683e-01 1.209784944118835304e+00
7.719999999999999751e+00 3.475863895244671320e-01 1.172609011639688781e+00
7.730000000000000426e+00 3.261426136761019223e-01 1.133610215039916991e+00
7.740000000000000213e+00 3.055906448318224111e-01 1.092769928779920852e+00
7.750000000000000000e+00 2.860124181649688069e-01 1.050068759277365427e+00
7.759999999999999787e+00 2.674898878000687152e-01 1.005486290204725686e+00
7.770000000000000462e+00 2.501040614344074986e-01 9.590010346430735133e-01
7.780000000000000249e+00 2.339337187503504056e-01 9.105907190909550142e-01
7.790000000000000036e+00 2.190537022641841636e-01 8.602330587365775161e-01
7.799999999999999822e+00 2.055325888187651828e-01 8.079072995912650601e-01
7.810000000000000497e+00 1.934295330192291329e-01 7.535968312192208307e-01
7.820000000000000284e+00 1.827900041749109250e-01 6.972932788696574180e-01
7.830000000000000071e+00 1.736401270136526120e-01 6.390025187174916965e-01
7.839999999999999858e+00 1.659793857277404305e-01 5.787530231904809419e-01
7.850000000000000533e+00 1.597716796825079388e-01 5.166066695592501645e-01
7.860000000000000320e+00 1.549351613571526287e-01 4.526716002156445651e-01
7.870000000000000107e+00 1.513321107767529872e-01 3.871156488456609646e-01
7.879999999999999893e+00 1.487611615688953781e-01 3.201774354960875146e-01
7.890000000000000568e+00 1.469551328318548788e-01 2.521709312449366136e-01
7.900000000000000355e+00 1.455877618603888257e-01 1.834791338728402332e-01
7.910000000000000142e+00 1.442909647968101672e-01 1.145345770205197233e-01
7.919999999999999929e+00 1.426809142181082735e-01 4.578870506464964574e-02
7.930000000000000604e+00 1.403876475052651118e-01 -2.232318978608790333e-02
7.940000000000000391e+00 1.370813473499621349e-01 -8.941272041159736839e-02
7.950000000000000178e+00 1.324899529950657184e-01 -1.551581052221474577e-01
7.959999999999999964e+00 1.264063080156540009e-01 -2.193107185393286529e-01
7.969999999999999751e+00 1.186864033371536620e-01 -2.816907269465134811e-01
7.980000000000000426e+00 1.092419650145884380e-01 -3.421761526885915838e-01
7.990000000000000213e+00 9.803062762161084132e-02 -4.006895760827137720e-01
8.000000000000000000e+00 8.504600489659989992e-02 -4.571853895573553261e-01
8.009999999999999787e+00 7.030891188376693635e-02 -5.116390970683968309e-01
8.019999999999999574e+00 5.386018856797731430e-02 -5.640391030610825140e-01
8.029999999999999361e+00 3.575510622215261058e-02 -6.143808443707199363e-01
8.040000000000000924e+00 1.605912488577835445e-02 -6.626628674596678481e-01
8.050000000000000711e+00 -5.155284538079701884e-03 -7.088844051000732227e-01
8.060000000000000497e+00 -2.781102154269687529e-02 -7.530440487536105287e-01
8.070000000000000284e+00 -5.182815880184171720e-02 -7.951391896037822704e-01
8.080000000000000071e+00 -7.712533413788966175e-02 -8.351659743443783368e-01
8.089999999999999858e+00 -1.036208473413587211e-01 -8.731195950233981984e-01
8.099999999999999645e+00 -1.312335461989763419e-01 -9.089947752549842885e-01
8.109999999999999432e+00 -1.598835558320922667e-01 -9.427863583805422554e-01
8.120000000000000995e+00 -1.894928844525975986e-01 -9.744899328512663939e-01
8.130000000000000782e+00 -2.199859250574179304e-01 -1.004102451298487297e+00
8.140000000000000568e+00 -2.512898630543635159e-01 -1.031622816188547231e+00
8.150000000000000355e+00 -2.833349931921292919e-01 -1.057052417749158035e+00
8.160000000000000142e+00 -3.160549450913431868e-01 -1.080395619669333840e+00
8.169999999999999929e+00 -3.493868140220366403e-01 -1.101660196162260741e+00
8.179999999999999716e+00 -3.832711918678370910e-01 -1.120857730478299841e+00
8.189999999999999503e+00 -4.176520920663350789e-01 -1.138003990617684869e+00
8.199999999999999289e+00 -4.524767618826794902e-01 -1.153119300524336976e+00
8.210000000000000853e+00 -4.876953737809333056e-01 -1.166228933605480300e+00
8.220000000000000639e+00 -5.232605892488148003e-01 -1.177363549025198797e+00
8.230000000000000426e+00 -5.591269872712008038e-01 -1.186559699112669897e+00
8.240000000000000213e+00 -5.952503517881395645e-01 -1.193860431048943127e+00
8.250000000000000000e+00 -6.315868167609486328e-01 -1.199315998678198714e+00
8.259999999999999787e+00 -6.680918737621521775e-01 -1.202984691918802529e+00
8.269999999999999574e+00 -7.047192580840612175e-01 -1.204933772876716880e+00
8.279999999999999361e+00 -7.414197451298862873e-01 -1.205240484376827625e+00
8.290000000000000924e+00 -7.781399158635859958e-01 -1.203993055875574925e+00
8.300000000000000711e+00 -8.148209730583776400e-01 -1.201291599795736520e+00
8.310000000000000497e+00 -8.513977296791650495e-01 -1.197248732796322601e+00
8.320000000000000284e+00 -8.877979119362442439e-01 -1.191989729854545210e+00
8.330000000000000071e+00 -9.239419421526706699e-01 -1.185651986920587042e+00
8.339999999999999858e+00 -9.597433507750534609e-01 -1.178383595517588089e+00
8.349999999999999645e+00 -9.951099222890307239e-01 -1.170340898928770690e+00
8.359999999999999432e+00 -1.029945590584106840e+00 -1.161685030360529947e+00
8.370000000000000995e+00 -1.064152979967052381e+00 -1.152577605164519126e+00
8.380000000000000782e+00 -1.097636363897811274e+00 -1.143175915032540679e+00
8.390000000000000568e+00 -1.130304719974379646e+00 -1.133628101434420055e+00
8.400000000000000355e+00 -1.162074528524775330e+00 -1.124068823174421139e+00
8.410000000000000142e+00 -1.192872007917312960e+00 -1.114615859123936792e+00
8.419999999999999929e+00 -1.222634582734374309e+00 -1.105367931737371689e+00
8.429999999999999716e+00 -1.251311521151856399e+00 -1.096403829098742122e+00
8.439999999999999503e+00 -1.278863803703059965e+00 -1.087782718612480659e+00
8.449999999999999289e+00 -1.305263374776987062e+00 -1.079545415447533019e+00
8.460000000000000853e+00 -1.330491972604273432e+00 -1.071716304835264033e+00
8.470000000000000639e+00 -1.354539726750570994e+00 -1.064305629055003255e+00
8.480000000000000426e+00 -1.377403686445351161e+00 -1.057311888856966586e+00
8.490000000000000213e+00 -1.399086400121823059e+00 -1.050724173724286947e+00
8.500000000000000000e+00 -1.419594619917425415e+00 -1.044524305625016858e+00
8.509999999999999787e+00 -1.438938171305029545e+00 -1.038688731623533812e+00
8.519999999999999574e+00 -1.457129000145062747e+00 -1.033190143108663639e+00
8.529999999999999361e+00 -1.474180391022931857e+00 -1.027998828312899349e+00
8.540000000000000924e+00 -1.490106339950407754e+00 -1.023083780545273491e+00
8.550000000000000711e+00 -1.504921062571256796e+00 -1.018413590444440908e+00
8.560000000000000497e+00 -1.518638615117487989e+00 -1.013957154592265653e+00
8.570000000000000284e+00 -1.531272605869083980e+00 -1.009684234821137450e+00
8.580000000000000071e+00 -1.542835980667297102e+00 -1.005565892981659770e+00
8.589999999999999858e+00 -1.553340868489542892e+00 -1.001574822618341631e+00
8.599999999999999645e+00 -1.562798467441909978e+00 -9.976856091854952036e-01
8.609999999999999432e+00 -1.571218968289631590e+00 -9.938749231294525810e-01
8.620000000000000995e+00 -1.578611503315143771e+00 -9.901216657880018701e-01
8.630000000000000782e+00 -1.584984114053787252e+00 -9.864070790901572350e-01
8.640000000000000568e+00 -1.590343733302072904e+00 -9.827148269460058705e-01
8.650000000000000355e+00 -1.594696177491104150e+00 -9.790310552279952727e-01
8.660000000000000142e+00 -1.598046145531462070e+00 -9.753444373163328018e-01
8.669999999999999929e+00 -1.600397223689831838e+00 -9.716462062637707398e-01
8.679999999999999716e+00 -1.601751892770324703e+00 -9.679301801831315943e-01
8.689999999999999503e+00 -1.602111537336050162e+00 -9.641927815961142123e-01
8.700000000000001066e+00 -1.601476455712394165e+00 -9.604330529588542831e-01
8.710000000000000853e+00 -1.599845870105264023e+00 -9.566526695234349731e-01
8.720000000000000639e+00 -1.597217936199961441e+00 -9.528559504666700430e-01
8.730000000000000426e+00 -1.593589751867677151e+00 -9.490498686069863687e-01
8.740000000000000213e+00 -1.588957364435851893e+00 -9.452440594460781442e-01
8.750000000000000000e+00 -1.583315777050585238e+00 -9.414508273941318839e-01
8.759999999999999787e+00 -1.576658953072123337e+00 -9.376851511760050384e-01
8.769999999999999574e+00 -1.568979819508692808e+00 -9.339646848603195828e-01
8.779999999999999361e+00 -1.560270269397209697e+00 -9.303097542630925920e-01
8.790000000000000924e+00 -1.550521163547513792e+00 -9.267433467271657399e-01
8.800000000000000711e+00 -1.539722333376442931e+00 -9.232910896287688240e-01
8.810000000000000497e+00 -1.527862585145395746e+00 -9.199812165829871491e-01
8.820000000000000284e+00 -1.514929708710351930e+00 -9.168445138427038232e-01
8.830000000000000071e+00 -1.500910493907398724e+00 -9.139142409896132691e-01
8.839999999999999858e+00 -1.485790756500596999e+00 -9.112260210294838014e-01
8.849999999999999645e+00 -1.469555385153011429e+00 -9.088176799729030808e-01
8.859999999999999432e+00 -1.452188410015000652e+00 -9.067290341896288020e-01
8.870000000000000995e+00 -1.433673107982940786e+00 -9.050016001169430835e-01
8.880000000000000782e+00 -1.413992158520912312e+00 -9.036782036567901910e-01
8.890000000000000568e+00 -1.393127866357976696e+00 -9.028024643848410191e-01
8.900000000000000355e+00 -1.371062473437274498e+00 -9.024181192223108550e-01
8.910000000000000142e+00 -1.347778588519649157e+00 -9.025681433019731026e-01
8.919999999999999929e+00 -1.323259768201829667e+00 -9.032936182610743492e-01
8.929999999999999716e+00 -1.297491285929092797e+00 -9.046322957143221322e-01
8.939999999999999503e+00 -1.270461128635048897e+00 -9.066168001303255286e-01
8.950000000000001066e+00 -1.242161258725900774e+00 -9.092724213464506988e-01
8.960000000000000853e+00 -1.212589164089806548e+00 -9.126144698733197336e-01
8.970000000000000639e+00 -1.181749701359345650e+00 -9.166451996345571507e-01
8.980000000000000426e+00 -1.149657184714520053e+00 -9.213503810342807965e-01
8.990000000000000213e+00 -1.116337618276803223e+00 -9.266956915977537790e-01
9.000000000000000000e+00 -1.081830881083696516e+00 -9.326232251511876736e-01
9.009999999999999787e+00 -1.046192589047131083e+00 -9.390485457997831409e-01
9.019999999999999574e+00 -1.009495282853973386e+00 -9.458588254328335054e-01
9.029999999999999361e+00 -9.718285798437531486e-01 -9.529126184470835259e-01
9.040000000000000924e+00 -9.332979966083260193e-01 -9.600417253078853408e-01
9.050000000000000711e+00 -8.940223367512553088e-01 -9.670553177838845382e-01
9.060000000000000497e+00 -8.541298000727088890e-01 -9.737461095364808861e-01
9.070000000000000284e+00 -8.137532461627792202e-01 -9.798979422297648956e-01
9.080000000000000071e+00 -7.730252414444122033e-01 -9.852938586625804573e-01
9.089999999999999858e+00 -7.320735514000485944e-01 -9.897236737971145670e-01
9.099999999999999645e+00 -6.910176260226404965e-01 -9.929902074803416134e-01
9.109999999999999432e+00 -6.499663622068028168e-01 -9.949137219546878574e-01
9.120000000000000995e+00 -6.090171876350356506e-01 -9.953344522992774168e-01
9.130000000000000782e+00 -5.682562875756796972e-01 -9.941134476417948784e-01
9.140000000000000568e+00 -5.277596824164020317e-01 -9.911321132652686217e-01
9.150000000000000355e+00 -4.875948386245795851e-01 -9.862908888136444618e-01
9.160000000000000142e+00 -4.478225242286003605e-01 -9.795074634081214482e-01
9.169999999999999929e+00 -4.084986954987460672e-01 -9.707148244880091648e-01
9.179999999999999716e+00 -3.696762629469830808e-01 -9.598593500552881075e-01
9.189999999999999503e+00 -3.314066513213752008e-01 -9.468990588533179320e-01
9.200000000000001066e+00 -2.937411118675781196e-01 -9.318020694718185393e-01
9.210000000000000853e+00 -2.567317760672005456e-01 -9.145452739533613817e-01
9.220000000000000639e+00 -2.204324592561175689e-01 -8.951132036849807072e-01
9.230000000000000426e+00 -1.848992313428823864e-01 -8.734970529408540019e-01
9.240000000000000213e+00 -1.501907770682801013e-01 -8.496938189457354795e-01
9.250000000000000000e+00 -1.163685671128071031e-01 -8.237055219288590413e-01
9.259999999999999787e+00 -8.349686102166878343e-02 -7.955384718640707842e-01
9.269999999999999574e+00 -5.164255962979680953e-02 -7.652025573832721417e-01
9.279999999999999361e+00 -2.087492136903359302e-02 -7.327105416491168643e-01
9.290000000000000924e+00 8.734848241090331644e-03 -6.980773611289078362e-01
9.300000000000000711e+00 3.711412844060447969e-02 -6.613194344366770672e-01
9.310000000000000497e+00 6.418954220538219957e-02 -6.224540068536144055e-01
9.320000000000000284e+00 8.988775467676120290e-02 -5.814985690796544704e-01
9.330000000000000071e+00 1.141364403374632852e-01 -5.384704148688707059e-01
9.339999999999999858e+00 1.368654655004779008e-01 -4.933864275410791977e-01
9.349999999999999645e+00 1.580083566288835450e-01 -4.462632188212338202e-01
9.359999999999999432e+00 1.775041658427395364e-01 -3.971178038075144912e-01
9.370000000000000995e+00 1.952998543147071164e-01 -3.459690018388369426e-01
9.380000000000000782e+00 2.113533877040045528e-01 -2.928398701640760882e-01
9.390000000000000568e+00 2.256377286064065457e-01 -2.377614620933585221e-01
9.400000000000000355e+00 2.381459194547747571e-01 -1.807782321123160840e-01
9.410000000000000142e+00 2.488973565815295330e-01 -1.219553067378645050e-01
9.419999999999999929e+00 2.579451299951017740e-01 -6.138755383719284725e-02
9.429999999999999716e+00 2.653839032261455788e-01 7.901195931150489793e-04
9.439999999999999503e+00 2.713571671751441317e-01 6.439266731083989614e-02
9.450000000000001066e+00 2.760619665388177602e-01 1.291774243393500332e-01
9.460000000000000853e+00 2.797486900796988252e-01 1.948424075607591011e-01
9.470000000000000639e+00 2.827137429973698435e-01 2.610333500555609421e-01
9.480000000000000426e+00 2.852843605685346229e-01 3.273606169372911823e-01
9.490000000000000213e+00 2.877972118398127166e-01 3.934240587207448181e-01
9.500000000000000000e+00 2.905748301783228627e-01 4.588407310218089452e-01
9.509999999999999787e+00 2.939048268864418167e-01 5.232691838244556415e-01
9.519999999999999574e+00 2.980257206124065639e-01 5.864254752106451418e-01
9.529999999999999361e+00 3.031207741470256511e-01 6.480892349975354572e-01
9.540000000000000924e+00 3.093188499271134484e-01 7.081011691369213379e-01
9.550000000000000711e+00 3.166999976635908598e-01 7.663550223512923809e-01
9.560000000000000497e+00 3.253033349926183204e-01 8.227871406724321934e-01
9.570000000000000284e+00 3.351353528123551251e-01 8.773659762199401690e-01
9.580000000000000071e+00 3.461775309141397750e-01 9.300828680789938741e-01
9.589999999999999858e+00 3.583927698972533271e-01 9.809446259377428978e-01
9.599999999999999645e+00 3.717305389857008535e-01 1.029967945762491732e+00
9.609999999999999432e+00 3.861308639936496534e-01 1.077175417318941397e+00
9.620000000000000995e+00 4.015273552259777112e-01 1.122592804992333937e+00
9.630000000000000782e+00 4.178494765478225070e-01 1.166247298833070545e+00
9.640000000000000568e+00 4.350242411165791134e-01 1.208166466473375555e+00
9.650000000000000355e+00 4.529774789790083633e-01 1.248377697453297630e+00
9.660000000000000142e+00 4.716347902937281233e-01 1.286907978761137050e+00
9.669999999999999929e+00 4.909222676254406670e-01 1.323783884183122872e+00
9.679999999999999716e+00 5.107670476515659974e-01 1.359031693082991321e+00
9.689999999999999503e+00 5.310977354705410658e-01 1.392677578882201672e+00
9.700000000000001066e+00 5.518447316426521310e-01 1.424747826438225395e+00
9.710000000000000853e+00 5.729404843385211832e-01 1.455269049051042707e+00
9.720000000000000639e+00 5.943196789042447525e-01 1.484268391009808008e+00
9.730000000000000426e+00 6.159193790508543653e-01 1.511773699634683332e+00
9.740000000000000213e+00 6.376791247339181901e-01 1.537813664821406467e+00
9.750000000000000000e+00 6.595409938995739907e-01 1.562417921579432045e+00
9.759999999999999787e+00 6.814496324777078451e-01 1.585617116306519581e+00
9.769999999999999574e+00 7.033522566408274557e-01 1.607442938347162009e+00
9.779999999999999361e+00 7.251986309434423905e-01 1.627928119431250709e+00
9.790000000000000924e+00 7.469410255781772090e-01 1.647106404621547782e+00
9.800000000000000711e+00 7.685341560736591582e-01 1.665012497929690305e+00
9.810000000000000497e+00 7.899351079232945771e-01 1.681681987708878889e+00
9.820000000000000284e+00 8.111032497519437001e-01 1.697151253767903434e+00
9.830000000000000071e+00 8.320001373426908486e-01 1.711457361006914812e+00
9.839999999999999858e+00 8.525894111301451916e-01 1.724637942507687871e+00
9.849999999999999645e+00 8.728366899157993242e-01 1.736731074621626014e+00
9.859999999999999432e+00 8.927094629163869755e-01 1.747775147013635122e+00
9.870000000000000995e+00 9.121769821897255381e-01 1.757808729498637534e+00
9.880000000000000782e+00 9.312101574212434674e-01 1.766870437643607072e+00
9.890000000000000568e+00 9.497814546906260258e-01 1.774998798661013177e+00
9.900000000000000355e+00 9.678648004066982002e-01 1.782232118480473471e+00
9.910000000000000142e+00 9.854354916614896931e-01 1.788608351186228740e+00
9.919999999999999929e+00 1.002470115227745984e+00 1.794164973016816989e+00
9.929999999999999716e+00 1.018946471359605255e+00 1.798938856242882300e+00
9.939999999999999503e+00 1.034843510472936101e+00 1.802966152015913259e+00
9.950000000000001066e+00 1.050141273758144811e+00 1.806282173439204053e+00
9.960000000000000853e+00 1.064820847186507713e+00 1.808921286986532539e+00
9.970000000000000639e+00 1.078864319287655471e+00 1.810916805989659206e+00
9.980000000000000426e+00 1.092254751594524453e+00 1.812300891901204691e+00
9.990000000000000213e+00 1.104976152419449908e+00 1.813104459600673124e+00
1.000000000000000000e+01 1.117013461623320936e+00 1.813357089592745108e+00
1.000999999999999979e+01 1.128352538041016428e+00 1.813086945821661855e+00
1.001999999999999957e+01 1.138980155672268513e+00 1.812320700267954443e+00
1.002999999999999936e+01 1.148884001811675937e+00 1.811083464145324839e+00
1.004000000000000092e+01 1.158052681343167745e+00 1.809398726080594599e+00
1.005000000000000071e+01 1.166475722393518044e+00 1.807288297243743402e+00
1.006000000000000050e+01 1.174143585500165621e+00 1.804772263978461133e+00
1.007000000000000028e+01 1.181047673794183073e+00 1.801868947088643980e+00
1.008000000000000007e+01 1.187180344278409017e+00 1.798594869078005365e+00
1.008999999999999986e+01 1.192534920044532321e+00 1.794964727240031754e+00
1.009999999999999964e+01 1.197105701651384857e+00 1.790991374853139417e+00
1.010999999999999943e+01 1.200887979565715913e+00 1.786685807133509218e+00
1.012000000000000099e+01 1.203878044496651700e+00 1.782057154914766128e+00
1.013000000000000078e+01 1.206073198991432838e+00 1.777112681993037624e+00
1.014000000000000057e+01 1.207471766383118261e+00 1.771857789245328885e+00
1.015000000000000036e+01 1.208073101139563121e+00 1.766296021581535092e+00
1.016000000000000014e+01 1.207877596679773680e+00 1.760429080253464118e+00
1.016999999999999993e+01 1.206886694574440755e+00 1.754256837604947439e+00
1.017999999999999972e+01 1.205102891805513998e+00 1.747777355561963342e+00
1.018999999999999950e+01 1.202529749199934495e+00 1.740986906669484080e+00
1.020000000000000107e+01 1.199171898747487086e+00 1.733879997380582294e+00
1.021000000000000085e+01 1.195035051717100227e+00 1.726449394440469964e+00
1.022000000000000064e+01 1.190126006470383802e+00 1.718686152477358453e+00
1.023000000000000043e+01 1.184452656602146714e+00 1.710579645539338500e+00
1.024000000000000021e+01 1.178023999386379916e+00 1.702117599450498897e+00
1.025000000000000000e+01 1.170850144063869225e+00 1.693286129087500980e+00
1.025999999999999979e+01 1.162942320730296464e+00 1.684069776817837649e+00
1.026999999999999957e+01 1.154312888630575795e+00 1.674451556778354222e+00
1.027999999999999936e+01 1.144975345016860491e+00 1.664413001309212436e+00
1.029000000000000092e+01 1.134944333050228904e+00 1.653934213948538456e+00
1.030000000000000071e+01 1.124235649948279514e+00 1.642993926025981155e+00
1.031000000000000050e+01 1.112866253855347765e+00 1.631569560246638240e+00
1.032000000000000028e+01 1.100854270443934135e+00 1.619637299493399407e+00
1.033000000000000007e+01 1.088218997869782712e+00 1.607172162731108411e+00
1.033999999999999986e+01 1.074980910821223823e+00 1.594148087639545519e+00
1.034999999999999964e+01 1.061161662362275271e+00 1.580538020180416892e+00
1.035999999999999943e+01 1.046784084137341919e+00 1.566314012056543525e+00
1.037000000000000099e+01 1.031872183433915069e+00 1.551447324761046076e+00
1.038000000000000078e+01 1.016451137728497711e+00 1.535908542192824910e+00
1.039000000000000057e+01 1.000547284567641526e+00 1.519667689505671104e+00
1.040000000000000036e+01 9.841881077684231371e-01 1.502694360695995934e+00
1.041000000000000014e+01 9.674022166212713492e-01 1.484957852282829505e+00
1.041999999999999993e+01 9.502193197362659438e-01 1.466427305533973602e+00
1.042999999999999972e+01 9.326701885230949118e-01 1.447071855165023679e+00
1.043999999999999950e+01 9.147866128283157483e-01 1.426860786323885799e+00
1.045000000000000107e+01 8.966013415707035916e-01 1.405763699371434639e+00
1.046000000000000085e+01 8.781480118914162247e-01 1.383750683082664690e+00
1.047000000000000064e+01 8.594610571549636813e-01 1.360792498491055103e+00
1.048000000000000043e+01 8.405755982989758790e-01 1.336860772325668467e+00
1.049000000000000021e+01 8.215273061156941337e-01 1.311928206240870143e+00
1.050000000000000000e+01 8.023522398407617606e-01 1.285968798671343949e+00
1.050999999999999979e+01 7.830866467498399652e-01 1.258958090883044667e+00
1.051999999999999957e+01 7.637667288852710845e-01 1.230873431500417725e+00
1.052999999999999936e+01 7.444283588158736586e-01 1.201694277826893753e+00
1.054000000000000092e+01 7.251067512411373261e-01 1.171402525193145916e+00
1.055000000000000071e+01 7.058360701534766024e-01 1.139982890298824492e+00
1.056000000000000050e+01 6.866489792263116287e-01 1.107423336057102636e+00
1.057000000000000028e+01 6.675761148282224333e-01 1.073715570931026431e+00
1.058000000000000007e+01 6.486454899635190063e-01 1.038855604558433843e+00
1.058999999999999986e+01 6.298818146023665854e-01 1.002844402446087857e+00
1.059999999999999964e+01 6.113057443725660178e-01 9.656886002267038860e-01
1.060999999999999943e+01 5.929330501601250969e-01 9.274013162367145124e-01
1.062000000000000099e+01 5.747737296513758531e-01 8.880030466189779981e-01
1.063000000000000078e+01 5.568310867028385402e-01 8.475225970726357749e-01
1.064000000000000057e+01 5.391007966273168028e-01 8.059980646678762684e-01
1.065000000000000036e+01 5.215700286224738136e-01 7.634777772943747154e-01
1.066000000000000014e+01 5.042166730372259487e-01 7.200211453940069672e-01
1.066999999999999993e+01 4.870087548354195550e-01 6.756993340387419389e-01
1.067999999999999972e+01 4.699041285054581518e-01 6.305956459558579308e-01
1.068999999999999950e+01 4.528505285425554194e-01 5.848055240049423453e-01
1.070000000000000107e+01 4.357860631922888528e-01 5.384360693191267977e-01
1.071000000000000085e+01 4.186401879210380761e-01 4.916050251418305761e-01
1.072000000000000064e+01 4.013351753877039130e-01 4.444392016497251685e-01
1.073000000000000043e+01 3.837880287177503069e-01 3.970723980933597019e-01
1.074000000000000021e+01 3.659127409346838444e-01 3.496429324074622480e-01
1.075000000000000000e+01 3.476227545689822285e-01 3.022909453541076097e-01
1.075999999999999979e+01 3.288334499810531830e-01 2.551556761007426344e-01
1.076999999999999957e+01 3.094644911739927173e-01 2.083729037574575116e-01
1.077999999999999936e+01 2.894418791128288149e-01 1.620727214085556644e-01
1.079000000000000092e+01 2.686996066229861979e-01 1.163777541306939278e-01
1.080000000000000071e+01 2.471808605967028283e-01 7.140186930920622288e-02
1.081000000000000050e+01 2.248387675181502676e-01 2.724936768527973230e-02
1.082000000000000028e+01 2.016367189125102544e-01 -1.598540267075776108e-02
1.083000000000000007e+01 1.775483412106413084e-01 -5.821809699714755593e-02
1.083999999999999986e+01 1.525571867350893063e-01 -9.937418593950328449e-02
1.084999999999999964e+01 1.266562269084437198e-01 -1.393886261940287807e-01
1.085999999999999943e+01 9.984721989329090053e-02 -1.782054702134824309e-01
1.087000000000000099e+01 7.214001359497081156e-02 -2.157774781173044387e-01
1.088000000000000078e+01 4.355183423770245255e-02 -2.520657781100824613e-01
1.089000000000000057e+01 1.410659716419228847e-02 -2.870396030319361524e-01
1.090000000000000036e+01 -1.616573401737990412e-02 -3.206761164397543551e-01
1.091000000000000014e+01 -4.722972284756157824e-02 -3.529603301054732856e-01
1.091999999999999993e+01 -7.904496030202651236e-02 -3.838851059983138803e-01
1.092999999999999972e+01 -1.115664862385791212e-01 -4.134512289022099218e-01
1.093999999999999950e+01 -1.447451333479663760e-01 -4.416675329353542678e-01
1.095000000000000107e+01 -1.785277988803811722e-01 -4.685510559227822336e-01
1.096000000000000085e+01 -2.128576556869473946e-01 -4.941271986343094280e-01
1.097000000000000064e+01 -2.476743151479000316e-01 -5.184298581969872810e-01
1.098000000000000043e+01 -2.829139614331768193e-01 -5.415015031384418087e-01
1.099000000000000021e+01 -3.185094785063501965e-01 -5.633931556873562618e-01
1.100000000000000000e+01 -3.543905952192996645e-01 -5.841642448317634351e-01
1.100999999999999979e+01 -3.904840748156831465e-01 -6.038822952824752788e-01
1.101999999999999957e+01 -4.267139719082802540e-01 -6.226224246748210955e-01
1.102999999999999936e+01 -4.630019870550331484e-01 -6.404666140605224101e-01
1.104000000000000092e+01 -4.992679354463642194e-01 -6.575027450118419159e-01
1.105000000000000071e+01 -5.354303188177198525e-01 -6.738234219806393810e-01
1.106000000000000050e+01 -5.714070285380132841e-01 -6.895245677495297487e-01
1.107000000000000028e+01 -6.071161356178567114e-01 -7.047038656239086318e-01
1.108000000000000007e+01 -6.424767543100438072e-01 -7.194590876932710488e-01
1.108999999999999986e+01 -6.774099323793352223e-01 -7.338863943004311219e-01
1.109999999999999964e+01 -7.118395257464361636e-01 -7.480786807473407407e-01
1.110999999999999943e+01 -7.456930096099400052e-01 -7.621240545404850408e-01
1.112000000000000099e+01 -7.789021848389032776e-01 -7.761045130602098885e-01
1.113000000000000078e+01 -8.114037466635301010e-01 -7.900948767788390503e-01
1.114000000000000057e+01 -8.431396954573202596e-01 -8.041620111186046360e-01
1.115000000000000036e+01 -8.740575825849314917e-01 -8.183643477616899808e-01
1.116000000000000014e+01 -9.041105969093360395e-01 -8.327516950190276823e-01
1.116999999999999993e+01 -9.332575076844003004e-01 -8.473653098055217159e-01
1.117999999999999972e+01 -9.614624865420066113e-01 -8.622381918601775830e-01
1.118999999999999950e+01 -9.886948348617610183e-01 -8.773955545008337298e-01
1.120000000000000107e+01 -1.014928643379769291e+00 -8.928554248018076844e-01
1.121000000000000085e+01 -1.040142409128278045e+00 -9.086293285739498460e-01
1.122000000000000064e+01 -1.064318631514178826e+00 -9.247230206300858235e-01
1.123000000000000043e+01 -1.087443405300884347e+00 -9.411372273261003896e-01
1.124000000000000021e+01 -1.109506024146516667e+00 -9.578683751280043790e-01
1.125000000000000000e+01 -1.130498604417323527e+00 -9.749092855958233494e-01
1.125999999999999979e+01 -1.150415732717567696e+00 -9.922498291514761926e-01
1.126999999999999957e+01 -1.169254152987255102e+00 -1.009877504317489016e+00
1.127999999999999936e+01 -1.187012470720730795e+00 -1.027777984528482014e+00
1.129000000000000092e+01 -1.203690899567968486e+00 -1.045935582658719998e+00
1.130000000000000071e+01 -1.219291038920613079e+00 -1.064333653033023408e+00
1.131000000000000050e+01 -1.233815672797248908e+00 -1.082954947366872034e+00
1.132000000000000028e+01 -1.247268607762061832e+00 -1.101781893347685060e+00
1.133000000000000007e+01 -1.259654527798718338e+00 -1.120796833054790165e+00
1.133999999999999986e+01 -1.270978879982306520e+00 -1.139982199219269354e+00
1.134999999999999964e+01 -1.281247780338789388e+00 -1.159320646575487501e+00
1.135999999999999943e+01 -1.290467942772712151e+00 -1.178795135058867238e+00
1.137000000000000099e+01 -1.298646628452506890e+00 -1.198388969739993426e+00
1.138000000000000078e+01 -1.305791614759319819e+00 -1.218085799801271740e+00
1.139000000000000057e+01 -1.311911182214462013e+00 -1.237869580432466643e+00
1.140000000000000036e+01 -1.317014118511635523e+00 -1.257724499409152319e+00
1.141000000000000014e+01 -1.321109737506681370e+00 -1.277634872630284191e+00
1.141999999999999993e+01 -1.324207912250403130e+00 -1.297585011268885369e+00
1.142999999999999972e+01 -1.326319116497427730e+00 -1.317559068399491773e+00
1.143999999999999950e+01 -1.327454475382778831e+00 -1.337540865960515468e+00
1.145000000000000107e+01 -1.327625819554433040e+00 -1.357513710448675193e+00
1.146000000000000085e+01 -1.326845738156785748e+00 -1.377460204500233987e+00
1.147000000000000064e+01 -1.325127627475494174e+00 -1.397362059980207905e+00
1.148000000000000043e+01 -1.322485727482406226e+00 -1.417199924154580515e+00
1.149000000000000021e+01 -1.318935145165526235e+00 -1.436953221773381584e+00
1.150000000000000000e+01 -1.314491856857261221e+00 -1.456600024794597159e+00
1.150999999999999979e+01 -1.309172686489515014e+00 -1.476116955412829279e+00
1.151999999999999957e+01 -1.302995258073691653e+00 -1.495479125993882219e+00
1.152999999999999936e+01 -1.295977919585900251e+00 -1.514660121347584099e+00
1.154000000000000092e+01 -1.288139641291212945e+00 -1.533632020483772118e+00
1.155000000000000071e+01 -1.279499886969424738e+00 -1.552365461337051000e+00
1.156000000000000050e+01 -1.270078466935263606e+00 -1.570829737713967722e+00
1.157000000000000028e+01 -1.259895375568343079e+00 -1.588992925693301972e+00
1.158000000000000007e+01 -1.248970619349593525e+00 -1.606822032614919182e+00
1.158999999999999986e+01 -1.237324047273378413e+00 -1.624283152909032246e+00
1.159999999999999964e+01 -1.224975184727565169e+00 -1.641341630340951596e+00
1.160999999999999943e+01 -1.211943082786701043e+00 -1.657962210794830193e+00
1.162000000000000099e+01 -1.198246185558859533e+00 -1.674109182221795722e+00
1.163000000000000078e+01 -1.183902221207207228e+00 -1.689746494992189429e+00
1.164000000000000057e+01 -1.168928120022131312e+00 -1.704837857901333908e+00
1.165000000000000036e+01 -1.153339958829453504e+00 -1.719346811514314011e+00
1.166000000000000014e+01 -1.137152936329940411e+00 -1.733236772987883256e+00
1.166999999999999993e+01 -1.120381373732672881e+00 -1.746471060537034159e+00
1.167999999999999972e+01 -1.103038742590467969e+00 -1.759012895839384027e+00
1.168999999999999950e+01 -1.085137717298120474e+00 -1.770825388391745969e+00
1.170000000000000107e+01 -1.066690247873720354e+00 -1.781871509229120853e+00
1.171000000000000085e+01 -1.047707653903567904e+00 -1.792114053608586444e+00
1.172000000000000064e+01 -1.028200734796859139e+00 -1.801515600762618519e+00
1.173000000000000043e+01 -1.008179895782752356e+00 -1.810038473280012106e+00
1.174000000000000021e+01 -9.876552875791733133e-01 -1.817644699993818946e+00
1.175000000000000000e+01 -9.666369581734135519e-01 -1.824295986756898413e+00
1.175999999999999979e+01 -9.451350162560969714e-01 -1.829953697280195968e+00
1.176999999999999957e+01 -9.231598045057761714e-01 -1.834578848087301317e+00
1.177999999999999936e+01 -9.007220832544916567e-01 -1.838132118865253739e+00
1.179000000000000092e+01 -8.778332233566672471e-01 -1.840573880832744980e+00
1.180000000000000071e+01 -8.545054069562815213e-01 -1.841864247100634122e+00
1.181000000000000050e+01 -8.307518394442775511e-01 -1.841963139408777872e+00
1.182000000000000028e+01 -8.065869669429219790e-01 -1.840830383067752596e+00
1.183000000000000007e+01 -7.820267024054690097e-01 -1.838425818969002812e+00
1.183999999999999986e+01 -7.570886584390620344e-01 -1.834709444320190785e+00
1.184999999999999964e+01 -7.317923848225137418e-01 -1.829641569408858359e+00
1.185999999999999943e+01 -7.061596118043893533e-01 -1.823183002951076714e+00
1.187000000000000099e+01 -6.802144923443672608e-01 -1.815295249126973820e+00
1.188000000000000078e+01 -6.539838484783534467e-01 -1.805940730723732068e+00
1.189000000000000057e+01 -6.274974092798819569e-01 -1.795083016417210242e+00
1.190000000000000036e+01 -6.007880486492156447e-01 -1.782687068386096696e+00
1.191000000000000014e+01 -5.738920063348413869e-01 -1.768719482470632709e+00
1.191999999999999993e+01 -5.468491019996682967e-01 -1.753148739277379686e+00
1.192999999999999972e+01 -5.197029236827482856e-01 -1.735945432693912105e+00
1.193999999999999950e+01 -4.925010006953649544e-01 -1.717082496579001250e+00
1.195000000000000107e+01 -4.652949400426105164e-01 -1.696535383565502153e+00
1.196000000000000085e+01 -4.381405407947730479e-01 -1.674282231028630941e+00
1.197000000000000064e+01 -4.110978664345832367e-01 -1.650303965754797098e+00
1.198000000000000043e+01 -3.842312769827907482e-01 -1.624584348054458838e+00
1.199000000000000021e+01 -3.576094250831700072e-01 -1.597109956457928082e+00
1.200000000000000000e+01 -3.313052038747237860e-01 -1.567870082254337882e+00
1.200999999999999979e+01 -3.053956548684979566e-01 -1.536856535534961710e+00
1.201999999999999957e+01 -2.799618349618879232e-01 -1.504063347785134397e+00
1.203000000000000114e+01 -2.550886460653710719e-01 -1.469486361612659220e+00
1.204000000000000092e+01 -2.308646345853269943e-01 -1.433122700250685222e+00
1.205000000000000071e+01 -2.073817676149976863e-01 -1.394970109271037595e+00
1.206000000000000050e+01 -1.847351926824723212e-01 -1.355026163305279585e+00
1.207000000000000028e+01 -1.630230007230962785e-01 -1.313287340843176887e+00
1.208000000000000007e+01 -1.423459898577014715e-01 -1.269747957718750486e+00
1.208999999999999986e+01 -1.228074526148665302e-01 -1.224398969140596316e+00
1.209999999999999964e+01 -1.045129850130526172e-01 -1.177226647214293598e+00
1.210999999999999943e+01 -8.757032125034312775e-02 -1.128211151063569728e+00
1.212000000000000099e+01 -7.208918173792704109e-02 -1.077325010413742623e+00
1.213000000000000078e+01 -5.818110324729747207e-02 -1.024531600260669917e+00
1.214000000000000057e+01 -4.595918221474382115e-02 -9.697836674726537654e-01
1.215000000000000036e+01 -3.553761663828174100e-02 -9.130220991627930882e-01
1.216000000000000014e+01 -2.703082978586532695e-02 -8.541751778330665124e-01
1.216999999999999993e+01 -2.055183613216887348e-02 -7.931587870709677635e-01
1.217999999999999972e+01 -1.620928398273863841e-02 -7.298782889326151935e-01
1.218999999999999950e+01 -1.410229768566944111e-02 -6.642332429182659093e-01
1.220000000000000107e+01 -1.431184958979662102e-02 -5.961266850097242109e-01
1.221000000000000085e+01 -1.688691577114596540e-02 -5.254813874638859517e-01
1.222000000000000064e+01 -2.182352060543591918e-02 -4.522658436160311157e-01
1.223000000000000043e+01 -2.903551281986190696e-02 -3.765319087338562243e-01
1.224000000000000021e+01 -3.831886308458033047e-02 -2.984622806292598352e-01
1.225000000000000000e+01 -4.931754487081526500e-02 -2.184177066673231027e-01
1.225999999999999979e+01 -6.150747375592454519e-02 -1.369623744087470341e-01
1.226999999999999957e+01 -7.421866372601580719e-02 -5.484051765193624639e-02
1.228000000000000114e+01 -8.670438025123280990e-02 2.710809173735413691e-02
1.229000000000000092e+01 -9.823970785464006261e-02 1.080711543683042508e-01
1.230000000000000071e+01 -1.082112722677550515e-01 1.873751488090064365e-01
1.231000000000000050e+01 -1.161663827667427235e-01 2.645434766464155873e-01
1.232000000000000028e+01 -1.218164415241236587e-01 3.392954285679796178e-01
1.233000000000000007e+01 -1.250106652304753541e-01 4.115078418903289070e-01
1.233999999999999986e+01 -1.256999284718459953e-01 4.811657410074968166e-01
1.234999999999999964e+01 -1.239035303157181578e-01 5.483184892699196622e-01
1.235999999999999943e+01 -1.196837659359571010e-01 6.130473351657171888e-01
1.237000000000000099e+01 -1.131284398598946112e-01 6.754440395620024962e-01
1.238000000000000078e+01 -1.043396493721581719e-01 7.355980465623148667e-01
1.239000000000000057e+01 -9.342694439214922764e-02 7.935895170655413722e-01
1.240000000000000036e+01 -8.050332238439854293e-02 8.494861105115876221e-01
1.241000000000000014e+01 -6.568295891261692609e-02 9.033420406884452580e-01
1.241999999999999993e+01 -4.907996622206190623e-02 9.551984729538027796e-01
1.242999999999999972e+01 -3.080770458029985504e-02 1.005084645333337967e+00
1.243999999999999950e+01 -1.097838231253252250e-02 1.053019368355553764e+00
1.245000000000000107e+01 1.029722365336833978e-02 1.099012681335781672e+00
1.246000000000000085e+01 3.291001509336821673e-02 1.143067537342997930e+00
1.247000000000000064e+01 5.675283578123381523e-02 1.185181436689387136e+00
1.248000000000000043e+01 8.172076670035979817e-02 1.225347964588063387e+00
1.249000000000000021e+01 1.077114558403589328e-01 1.263558203258892787e+00
1.250000000000000000e+01 1.346254741125795518e-01 1.299802002158763292e+00
1.250999999999999979e+01 1.623666848117589212e-01 1.334069096262865184e+00
1.251999999999999957e+01 1.908426119409618038e-01 1.366350067384726419e+00
1.253000000000000114e+01 2.199647920075752383e-01 1.396637148986676014e+00
1.254000000000000092e+01 2.496490971559508776e-01 1.424924875781370837e+00
1.255000000000000071e+01 2.798160171467298230e-01 1.451210584866703401e+00
1.256000000000000050e+01 3.103908918949777607e-01 1.475494775986454066e+00
1.257000000000000028e+01 3.413040880252848353e-01 1.497781342069080868e+00
1.258000000000000007e+01 3.724911157397439720e-01 1.518077682492846359e+00
1.258999999999999986e+01 4.038926844825862505e-01 1.536394713277977386e+00
1.259999999999999964e+01 4.354546980795658828e-01 1.552746789836506158e+00
1.260999999999999943e+01 4.671281898322585113e-01 1.567151557521632155e+00
1.262000000000000099e+01 4.988692041393748000e-01 1.579629748769278530e+00
1.263000000000000078e+01 5.306386238604374750e-01 1.590204940853257254e+00
1.264000000000000057e+01 5.624019504493059651e-01 1.598903292511101082e+00
1.265000000000000036e+01 5.941290391145664929e-01 1.605753275180832107e+00
1.266000000000000014e+01 6.257937918479177242e-01 1.610785415035101309e+00
1.266999999999999993e+01 6.573738104407745864e-01 1.614032061351172720e+00
1.267999999999999972e+01 6.888500091654952140e-01 1.615527196542413835e+00
1.268999999999999950e+01 7.202061869607342404e-01 1.615306303896435702e+00
1.270000000000000107e+01 7.514285550039645489e-01 1.613406307978154430e+00
1.271000000000000085e+01 7.825052142871606886e-01 1.609865604034235398e+00
1.272000000000000064e+01 8.134255786986610559e-01 1.604724191977046299e+00
1.273000000000000043e+01 8.441797332825444755e-01 1.598023930807450643e+00
1.274000000000000021e+01 8.747577197784883740e-01 1.589808927586014331e+00
1.275000000000000000e+01 9.051487440927225014e-01 1.580126071933585896e+00
1.275999999999999979e+01 9.353402983634490075e-01 1.569025722050173988e+00
1.276999999999999957e+01 9.653172051200541448e-01 1.556562532997183945e+00
1.278000000000000114e+01 9.950605922467938846e-01 1.542796412250790228e+00
1.279000000000000092e+01 1.024546832885663283e+00 1.527793551228733282e+00
1.280000000000000071e+01 1.053746505856168802e+00 1.511627454160348938e+00
1.281000000000000050e+01 1.082623450415371780e+00 1.494379859065487981e+00
1.282000000000000028e+01 1.111134032828282381e+00 1.476141386395969368e+00
1.283000000000000007e+01 1.139226752170455104e+00 1.457011739307006559e+00
1.283999999999999986e+01 1.166842326344217362e+00 1.437099262453813031e+00
1.284999999999999964e+01 1.193914377114310810e+00 1.416519700066727117e+00
1.285999999999999943e+01 1.220370779076034307e+00 1.395394071488448962e+00
1.287000000000000099e+01 1.246135643446660390e+00 1.373845715431108783e+00
1.288000000000000078e+01 1.271131800177002003e+00 1.351996703511852305e+00
1.289000000000000057e+01 1.295283537804452267e+00 1.329963967845527062e+00
1.290000000000000036e+01 1.318519297652750444e+00 1.307855569806922302e+00
1.291000000000000014e+01 1.340774009963757729e+00 1.285767547338912298e+00
1.291999999999999993e+01 1.361990835598874794e+00 1.263781660526630768e+00
1.292999999999999972e+01 1.382122183517127345e+00 1.241964207763132322e+00
1.293999999999999950e+01 1.401129995395069994e+00 1.220365907720521115e+00
1.295000000000000107e+01 1.418985393808775308e+00 1.199022696723127002e+00
1.296000000000000085e+01 1.435667852688504276e+00 1.177957204808081082e+00
1.297000000000000064e+01 1.451164070177908938e+00 1.157180646220992815e+00
1.298000000000000043e+01 1.465466706380728956e+00 1.136694888378553259e+00
1.299000000000000021e+01 1.478573115681800276e+00 1.116494512206663403e+00
1.300000000000000000e+01 1.490484163709223653e+00 1.096568735056429711e+00
1.300999999999999979e+01 1.501203180821469196e+00 1.076903122990846562e+00
1.301999999999999957e+01 1.510735076636847918e+00 1.057481059037245430e+00
1.303000000000000114e+01 1.519085612629062609e+00 1.038284973444313142e+00
1.304000000000000092e+01 1.526260828349282894e+00 1.019297344292902530e+00
1.305000000000000071e+01 1.532266599655092598e+00 1.000501501278939998e+00
1.306000000000000050e+01 1.537108310348314744e+00 9.818822608447019817e-01
1.307000000000000028e+01 1.540790617189901734e+00 9.634264228234475924e-01
1.308000000000000007e+01 1.543317290256932761e+00 9.451231555078712931e-01
1.308999999999999986e+01 1.544691112945325573e+00 9.269642923869226836e-01
1.309999999999999964e+01 1.544913828215252583e+00 9.089445602360654020e-01
1.310999999999999943e+01 1.543986119935867984e+00 8.910617546357153529e-01
1.312000000000000099e+01 1.541907620237298993e+00 8.733168756831084512e-01
1.313000000000000078e+01 1.538676935625445497e+00 8.557142336719701925e-01
1.314000000000000057e+01 1.534291685750712286e+00 8.382615325561197928e-01
1.315000000000000036e+01 1.528748549981677307e+00 8.209699367744537346e-01
1.316000000000000014e+01 1.522043317708214660e+00 8.038541256012893266e-01
1.316999999999999993e+01 1.514170938779763276e+00 7.869323381745023660e-01
1.317999999999999972e+01 1.505125571218142388e+00 7.702264108716969648e-01
1.318999999999999950e+01 1.494900624107067921e+00 7.537618070985115937e-01
1.320000000000000107e+01 1.483488791548697394e+00 7.375676429163907644e-01
1.321000000000000085e+01 1.470882077627330364e+00 7.216767046920553597e-01
1.322000000000000064e+01 1.457071809178479560e+00 7.061254601220509075e-01
1.323000000000000043e+01 1.442048634491549075e+00 6.909540616944764846e-01
1.324000000000000021e+01 1.425802507404009267e+00 6.762063391083399377e-01
1.325000000000000000e+01 1.408322654809648133e+00 6.619297798311348791e-01
1.325999999999999979e+01 1.389597527632215890e+00 6.481754937119650339e-01
1.326999999999999957e+01 1.369614735657507465e+00 6.349981569559239869e-01
1.328000000000000114e+01 1.348360967816298661e+00 6.224559294255375130e-01
1.329000000000000092e+01 1.325821901690397375e+00 6.106103361583065103e-01
1.330000000000000071e+01 1.301982108558876083e+00 5.995261004603636978e-01
1.331000000000000050e+01 1.276824963397442225e+00 5.892709118333631091e-01
1.332000000000000028e+01 1.250332575315975969e+00 5.799151036367196088e-01
1.333000000000000007e+01 1.222485761227622536e+00 5.715312051962549988e-01
1.333999999999999986e+01 1.193264093221074074e+00 5.641933225619751857e-01
1.334999999999999964e+01 1.162646065017697294e+00 5.579762813784554520e-01
1.335999999999999943e+01 1.130609444991176993e+00 5.529544348042303437e-01
1.337000000000000099e+01 1.097131890532337506e+00 5.492000299556271115e-01
1.338000000000000078e+01 1.062191942100599862e+00 5.467809664470872910e-01
1.339000000000000057e+01 1.025770536125774290e+00 5.457577541017611944e-01
1.340000000000000036e+01 9.878531965894257194e-01 5.461794536325051963e-01
1.341000000000000014e+01 9.484330785634866867e-01 5.480783707914862468e-01
1.341999999999999993e+01 9.075150098634952034e-01 5.514633280532088566e-01
1.342999999999999972e+01 8.651205663642873578e-01 5.563115091827273151e-01
1.343999999999999950e+01 8.212940100091336015e-01 5.625591886397203201e-01
1.345000000000000107e+01 7.761085581739097794e-01 5.700921934099595356e-01
1.346000000000000085e+01 7.296719742657336027e-01 5.787376476813753667e-01
1.347000000000000064e+01 6.821300089084528784e-01 5.882592152599105395e-01
1.348000000000000043e+01 6.336660264846412094e-01 5.983583196272219684e-01
1.349000000000000021e+01 5.844955674327855233e-01 6.086831857692706071e-01
1.350000000000000000e+01 5.348557500140468379e-01 6.188458319441932920e-01
1.350999999999999979e+01 4.849910140274811265e-01 6.284447725422054321e-01
1.351999999999999957e+01 4.351380144593649524e-01 6.370892531176722828e-01
1.353000000000000114e+01 3.855127568581955266e-01 6.444203901354358388e-01
1.354000000000000092e+01 3.363021746926014299e-01 6.501258629889895557e-01
1.355000000000000071e+01 2.876608199845468450e-01 6.539470324097944598e-01
1.356000000000000050e+01 2.397119584338247844e-01 6.556793952550142857e-01
1.357000000000000028e+01 1.925516225346428356e-01 6.551684034379822164e-01
1.358000000000000007e+01 1.462541025512688608e-01 6.523028274763753576e-01
1.358999999999999986e+01 1.008776854813824009e-01 6.470073991319570395e-01
1.359999999999999964e+01 5.646989868780828009e-02 6.392358369613625468e-01
1.360999999999999943e+01 1.307190325378195309e-02 6.289647993171483265e-01
1.362000000000000099e+01 -2.927805755095666193e-02 6.161889280866985619e-01
1.363000000000000078e+01 -7.054209802348884728e-02 6.009169205826214721e-01
1.364000000000000057e+01 -1.106808973688767073e-01 5.831684683286390003e-01
1.365000000000000036e+01 -1.496525360906385826e-01 5.629718717888062551e-01
1.366000000000000014e+01 -1.874118315455635675e-01 5.403621515459556823e-01
1.366999999999999993e+01 -2.239100624459220701e-01 5.153795063212447403e-01
1.367999999999999972e+01 -2.590949883751570426e-01 4.880679957896025267e-01
1.368999999999999950e+01 -2.929110920330487144e-01 4.584743614456802674e-01
1.370000000000000107e+01 -3.252999888176140164e-01 4.266469283717879701e-01
1.371000000000000085e+01 -3.562009593182166589e-01 3.926345515437155709e-01
1.372000000000000064e+01 -3.855515741544133790e-01 3.564855939847714761e-01
1.373000000000000043e+01 -4.132883926986700152e-01 3.182469439758727758e-01
1.374000000000000021e+01 -4.393477304051788823e-01 2.779630981765762732e-01
1.375000000000000000e+01 -4.636665045793328388e-01 2.356753572622293236e-01
1.375999999999999979e+01 -4.861831886935659708e-01 1.914212096921339701e-01
1.376999999999999957e+01 -5.068389304357379110e-01 1.452340042221403615e-01
1.378000000000000114e+01 -5.255789175586911277e-01 9.714305297881262180e-02
1.379000000000000092e+01 -5.423541180420636820e-01 4.717435917852531163e-02
1.380000000000000071e+01 -5.571235664449591951e-01 -4.647776600353557830e-03
1.381000000000000050e+01 -5.698574115040934140e-01 -5.829795679455435781e-02
1.382000000000000028e+01 -5.805409796814237078e-01 -1.137453212638411815e-01
1.383000000000000007e+01 -5.891800992356668321e-01 -1.709472362527111600e-01
1.383999999999999986e+01 -5.958078068665590976e-01 -2.298408128732062072e-01
1.384999999999999964e+01 -6.004923209664184691e-01 -2.903323124891875051e-01
1.385999999999999943e+01 -6.033455913084531108e-01 -3.522852567580053162e-01
1.387000000000000099e+01 -6.045309613467277909e-01 -4.155090891416938770e-01
1.388000000000000078e+01 -6.042675642814080428e-01 -4.797514968141772251e-01
1.389000000000000057e+01 -6.028285610493342439e-01 -5.446982659891446144e-01
1.390000000000000036e+01 -6.005308972722638305e-01 -6.099838935712293964e-01
1.391000000000000014e+01 -5.977163633670364851e-01 -6.752134664711886280e-01
1.391999999999999993e+01 -5.947268502879238250e-01 -7.399922276603667637e-01
1.392999999999999972e+01 -5.918791792336903779e-01 -8.039559293255047479e-01
1.393999999999999950e+01 -5.894451248801275689e-01 -8.667947094066383862e-01
1.395000000000000107e+01 -5.876400717387121331e-01 -9.282660713026409383e-01
1.396000000000000085e+01 -5.866205785270088846e-01 -9.881966874988268312e-01
1.397000000000000064e+01 -5.864887342444234930e-01 -1.046475848143042287e+00
1.398000000000000043e+01 -5.873003309355455670e-01 -1.103044440479072685e+00
1.399000000000000021e+01 -5.890742647656079800e-01 -1.157882778002736313e+00
1.400000000000000000e+01 -5.918014672982417901e-01 -1.210999395571570103e+00
1.400999999999999979e+01 -5.954525320156246471e-01 -1.262421788602404948e+00
1.401999999999999957e+01 -5.999838019171124248e-01 -1.312189301332815639e+00
1.403000000000000114e+01 -6.053420152787349906e-01 -1.360347958528728585e+00
1.404000000000000092e+01 -6.114677437526649939e-01 -1.406946879038459386e+00
1.405000000000000071e+01 -6.182978806174597164e-01 -1.452035898741750319e+00
1.406000000000000050e+01 -6.257674188835523621e-01 -1.495664068025751581e+00
1.407000000000000028e+01 -6.338107057098392172e-01 -1.537878769714096316e+00
1.408000000000000007e+01 -6.423623217235254756e-01 -1.578725258311354240e+00
1.408999999999999986e+01 -6.513576940978161867e-01 -1.618246477751477785e+00
1.409999999999999964e+01 -6.607335213727071332e-01 -1.656483057112595914e+00
1.410999999999999943e+01 -6.704280668826149148e-01 -1.693473412631799180e+00
1.412000000000000099e+01 -6.803813596001766495e-01 -1.729253908494268188e+00
1.413000000000000078e+01 -6.905353292543717769e-01 -1.763859044628021566e+00
1.414000000000000057e+01 -7.008338959671662760e-01 -1.797321648687914886e+00
1.415000000000000036e+01 -7.112230256443946574e-01 -1.829673060807689655e+00
1.416000000000000014e+01 -7.216507615346627880e-01 -1.860943301155651097e+00
1.416999999999999993e+01 -7.320672372862466748e-01 -1.891161216731317429e+00
1.417999999999999972e+01 -7.424246760907854403e-01 -1.920354604892197559e+00
1.418999999999999950e+01 -7.526773784778223453e-01 -1.948550313371362197e+00
1.420000000000000107e+01 -7.627817014997652079e-01 -1.975774317182472206e+00
1.421000000000000085e+01 -7.726960303444501132e-01 -2.002051773996832651e+00
1.422000000000000064e+01 -7.823807435119102260e-01 -2.027407059781956900e+00
1.423000000000000043e+01 -7.917981729297434157e-01 -2.051863786360413222e+00
1.424000000000000021e+01 -8.009125594437803697e-01 -2.075444803386908177e+00
1.425000000000000000e+01 -8.096900045137184199e-01 -2.098172186400724559e+00
1.425999999999999979e+01 -8.180984187668574048e-01 -2.120067213257887939e+00
1.426999999999999957e+01 -8.261074682259733626e-01 -2.141150331611468616e+00
1.428000000000000114e+01 -8.336885174004158294e-01 -2.161441114805828345e+00
1.429000000000000092e+01 -8.408145726473962300e-01 -2.180958217186372394e+00
1.430000000000000071e+01 -8.474602229492191885e-01 -2.199719319594168887e+00
1.431000000000000050e+01 -8.536015813079336212e-01 -2.217741075117268590e+00
1.432000000000000028e+01 -8.592162245276956378e-01 -2.235039048159344954e+00
1.433000000000000007e+01 -8.642831352195482486e-01 -2.251627657830005180e+00
1.433999999999999986e+01 -8.687826420557471785e-01 -2.267520114552612487e+00
1.434999999999999964e+01 -8.726963635141722353e-01 -2.282728364254909881e+00
1.435999999999999943e+01 -8.760071501567402441e-01 -2.297263026465476088e+00
1.437000000000000099e+01 -8.786990313467806235e-01 -2.311133341444445932e+00
1.438000000000000078e+01 -8.807571608823426823e-01 -2.324347112778326174e+00
1.439000000000000057e+01 -8.821677675888829340e-01 -2.336910659093426101e+00
1.440000000000000036e+01 -8.829181055905079845e-01 -2.348828763285289778e+00
1.441000000000000014e+01 -8.829964097594295014e-01 -2.360104630125284597e+00
1.441999999999999993e+01 -8.823918518238170750e-01 -2.370739843624005694e+00
1.442999999999999972e+01 -8.810945016808778840e-01 -2.380734331697649253e+00
1.443999999999999950e+01 -8.790952906352619278e-01 -2.390086332745405606e+00
1.445000000000000107e+01 -8.763859797199358148e-01 -2.398792368538806841e+00
1.446000000000000085e+01 -8.729591317883964585e-01 -2.406847221160446804e+00
1.447000000000000064e+01 -8.688080875122468072e-01 -2.414243914786769363e+00
1.448000000000000043e+01 -8.639269470271443430e-01 -2.420973703346027683e+00
1.449000000000000021e+01 -8.583105590722841516e-01 -2.427026065656864517e+00
1.450000000000000000e+01 -8.519545106875372475e-01 -2.432388702519916013e+00
1.450999999999999979e+01 -8.448551312188730122e-01 -2.437047546539212295e+00
1.451999999999999957e+01 -8.370094937793571832e-01 -2.440986771699500402e+00
1.453000000000000114e+01 -8.284154352156771761e-01 -2.444188819764681053e+00
1.454000000000000092e+01 -8.190715726932905616e-01 -2.446634424851715117e+00
1.455000000000000071e+01 -8.089773393450858663e-01 -2.448302656888630136e+00
1.456000000000000050e+01 -7.981330243261502977e-01 -2.449170969910559492e+00
1.457000000000000028e+01 -7.865398217784042023e-01 -2.449215260856051124e+00
1.458000000000000007e+01 -7.741998915549240801e-01 -2.448409940175535482e+00
1.458999999999999986e+01 -7.611164341883964735e-01 -2.446728019077692551e+00
1.459999999999999964e+01 -7.472937724570551943e-01 -2.444141204714709303e+00
1.460999999999999943e+01 -7.327374480569801563e-01 -2.440620013751650053e+00
1.462000000000000099e+01 -7.174543292797024296e-01 -2.436133899567038519e+00
1.463000000000000078e+01 -7.014527313083630533e-01 -2.430651395466055131e+00
1.464000000000000057e+01 -6.847425488395428861e-01 -2.424140276541363548e+00
1.465000000000000036e+01 -6.673354005203344652e-01 -2.416567735932059868e+00
1.466000000000000014e+01 -6.492447848026342561e-01 -2.407900582006744727e+00
1.466999999999999993e+01 -6.304862469587646512e-01 -2.398105449861214211e+00
1.467999999999999972e+01 -6.110775548045562777e-01 -2.387149032838359552e+00
1.468999999999999950e+01 -5.910388831212457506e-01 -2.374998328085017096e+00
1.470000000000000107e+01 -5.703930048634703320e-01 -2.361620899517799188e+00
1.471000000000000085e+01 -5.491654844728793838e-01 -2.346985151598357522e+00
1.472000000000000064e+01 -5.273848727317884677e-01 -2.331060614958018640e+00
1.473000000000000043e+01 -5.050829022861242912e-01 -2.313818240292663919e+00
1.474000000000000021e+01 -4.822946742252208208e-01 -2.295230694614944333e+00
1.475000000000000000e+01 -4.590588376217510924e-01 -2.275272658053588248e+00
1.475999999999999979e+01 -4.354177535738325000e-01 -2.253921112276036087e+00
1.476999999999999957e+01 -4.114176413272801480e-01 -2.231155617506216604e+00
1.478000000000000114e+01 -3.871087024366048901e-01 -2.206958571295059013e+00
1.479000000000000092e+01 -3.625452152898043789e-01 -2.181315438381625782e+00
1.480000000000000071e+01 -3.377855965338531496e-01 -2.154214944935721743e+00
1.481000000000000050e+01 -3.128924273468693396e-01 -2.125649232309034353e+00
1.482000000000000028e+01 -2.879324366873152186e-01 -2.095613956346438211e+00
1.483000000000000007e+01 -2.629764392195126366e-01 -2.064108322861788913e+00
1.483999999999999986e+01 -2.380992287726098333e-01 -2.031135057793302945e+00
1.484999999999999964e+01 -2.133794219892274913e-01 -1.996700296621324977e+00
1.485999999999999943e+01 -1.888992545702632975e-01 -1.960813384052147779e+00
1.487000000000000099e+01 -1.647443339860974743e-01 -1.923486585386730896e+00
1.488000000000000078e+01 -1.410033493418770822e-01 -1.884734696419534616e+00
1.489000000000000057e+01 -1.177677492614512961e-01 -1.844574546395940429e+00
1.490000000000000036e+01 -9.513139493376401856e-02 -1.803024396960097642e+00
1.491000000000000014e+01 -7.319019533407675193e-02 -1.760103229754358400e+00
1.491999999999999993e+01 -5.204175540646225478e-02 -1.715829919468361942e+00
1.492999999999999972e+01 -3.178502782237317692e-02 -1.670222300400432847e+00
1.493999999999999950e+01 -1.252001101194130141e-02 -1.623296115300971953e+00
1.495000000000000107e+01 5.652497597400368140e-03 -1.575063852955542965e+00
1.496000000000000085e+01 2.263106717822312153e-02 -1.525533469179567447e+00
1.497000000000000064e+01 3.831369392540819041e-02 -1.474706985732886055e+00
1.498000000000000043e+01 5.259772970258708158e-02 -1.422578960105571166e+00
1.499000000000000021e+01 6.537965435365036826e-02 -1.369134810404293745e+00
1.500000000000000000e+01 7.655466567168334180e-02 -1.314348977766880866e+00
1.500999999999999979e+01 8.601606198618354238e-02 -1.258182900540831595e+00
1.501999999999999957e+01 9.365439772173363153e-02 -1.200582772268077303e+00
1.503000000000000114e+01 9.935639474831549356e-02 -1.141477045368363363e+00
1.504000000000000092e+01 1.030036290102293167e-01 -1.080773680398712466e+00
1.505000000000000071e+01 1.044710172021979938e-01 -1.018357132321045189e+00
1.506000000000000050e+01 1.036252329355169116e-01 -9.540851868759039345e-01
1.507000000000000028e+01 1.003232943042303843e-01 -8.877858876176616398e-01
1.508000000000000007e+01 9.441184643012071054e-02 -8.192551532444874995e-01
1.508999999999999986e+01 8.572815411948178643e-02 -7.482563297413353798e-01
1.509999999999999964e+01 7.410471802150768450e-02 -6.745241185005733664e-01
1.510999999999999943e+01 5.938098426963128729e-02 -5.977774599420809798e-01
1.512000000000000099e+01 4.142796606772197743e-02 -5.177492477872945864e-01
1.513000000000000078e+01 2.019430979751120001e-02 -4.342447183638744601e-01
1.514000000000000057e+01 -4.217545095476115356e-03 -3.472410944843166147e-01
1.515000000000000036e+01 -3.144675505358478229e-02 -2.570279015056118888e-01
1.516000000000000014e+01 -6.077462285017884436e-02 -1.643445151407544602e-01
1.516999999999999993e+01 -9.110978256073463954e-02 -7.040855689041398968e-02
1.517999999999999972e+01 -1.211358701231170371e-01 2.327113509849291356e-02
1.518999999999999950e+01 -1.495879584662234418e-01 1.152536372527747377e-01
1.520000000000000107e+01 -1.754973970771038505e-01 2.044825081091255492e-01
1.521000000000000085e+01 -1.982779688966506693e-01 2.903903284101245763e-01
1.522000000000000064e+01 -2.176701582209753238e-01 3.728161599241471280e-01
1.523000000000000043e+01 -2.336331490634404318e-01 4.518574903969873047e-01
1.524000000000000021e+01 -2.462488039292449471e-01 5.277419984122894148e-01
1.525000000000000000e+01 -2.556570726233736712e-01 6.007434469716095293e-01
1.525999999999999979e+01 -2.620188575325591573e-01 6.711349380892800420e-01
1.526999999999999957e+01 -2.654970354052504922e-01 7.391662887701496709e-01
1.528000000000000114e+01 -2.662480033533323742e-01 8.050550257109075902e-01
1.529000000000000092e+01 -2.644188341808422771e-01 8.689844033443423488e-01
1.530000000000000071e+01 -2.601472135832081922e-01 9.311047568435137922e-01
1.531000000000000050e+01 -2.535626219800428682e-01 9.915362586349711904e-01
1.532000000000000028e+01 -2.447879553978395406e-01 1.050372120723620961e+00
1.533000000000000007e+01 -2.339411797391590109e-01 1.107681801445606240e+00
1.533999999999999986e+01 -2.211368229779219763e-01 1.163514034818971199e+00
1.534999999999999964e+01 -2.064872206373416785e-01 1.217899627222035930e+00
1.535999999999999943e+01 -1.901034867414034268e-01 1.270854023124756482e+00
1.537000000000000099e+01 -1.720962126271699255e-01 1.322379662643575537e+00
1.538000000000000078e+01 -1.525759101892892045e-01 1.372468158109033443e+00
1.539000000000000057e+01 -1.316532243839049765e-01 1.421102312856245886e+00
1.540000000000000036e+01 -1.094389428385055263e-01 1.468257999133683489e+00
1.541000000000000014e+01 -8.604383608231148950e-02 1.513905907078039625e+00
1.541999999999999993e+01 -6.157835751246680533e-02 1.558013166409367489e+00
1.542999999999999972e+01 -3.615223526625446770e-02 1.600544842054931527e+00
1.543999999999999950e+01 -9.873987067694671785e-03 1.641465299845248138e+00
1.545000000000000107e+01 1.714961346014083274e-02 1.680739437206549614e+00
1.546000000000000085e+01 4.481409113304767738e-02 1.718333773434399969e+00
1.547000000000000064e+01 7.301782506618390012e-02 1.754217396007385021e+00
1.548000000000000043e+01 1.016625750520063209e-01 1.788362758092646221e+00
1.549000000000000021e+01 1.306539725927844398e-01 1.820746329048588574e+00
1.550000000000000000e+01 1.599019568677797487e-01 1.851349098627114609e+00
1.550999999999999979e+01 1.893211452928444671e-01 1.880156939436731012e+00
1.551999999999999957e+01 2.188311343670194253e-01 1.907160835423205025e+00
1.553000000000000114e+01 2.483567267353349595e-01 1.932356985005755590e+00
1.554000000000000092e+01 2.778280830460638229e-01 1.955746789932631291e+00
1.555000000000000071e+01 3.071808010382975906e-01 1.977336742601938813e+00
1.556000000000000050e+01 3.363559258348537417e-01 1.997138225496057240e+00
1.557000000000000028e+01 3.652998973662490156e-01 2.015167237225303776e+00
1.558000000000000007e+01 3.939644408737894010e-01 2.031444057586964114e+00
1.558999999999999986e+01 4.223064083661768886e-01 2.045992866950046896e+00
1.559999999999999964e+01 4.502875789500579984e-01 2.058841332675111602e+00
1.561000000000000121e+01 4.778744261331422938e-01 2.070020174971886284e+00
1.562000000000000099e+01 5.050378599827266557e-01 2.079562723266167978e+00
1.563000000000000078e+01 5.317529506958353913e-01 2.087504471744717982e+00
1.564000000000000057e+01 5.579986412920523442e-01 2.093882643850761394e+00
1.565000000000000036e+01 5.837574552352303714e-01 2.098735772153709433e+00
1.566000000000000014e+01 6.090152045012771076e-01 2.102103299360178923e+00
1.566999999999999993e+01 6.337607019995803448e-01 2.104025204057761833e+00
1.567999999999999972e+01 6.579854815569395887e-01 2.104541653893943209e+00
1.568999999999999950e+01 6.816835352710397533e-01 2.103692695695112747e+00
1.570000000000000107e+01 7.048510525901184876e-01 2.101517962687478480e+00
1.571000000000000085e+01 7.274861859099623906e-01 2.098056427567258631e+00
1.572000000000000064e+01 7.495888283853587852e-01 2.093346182010269452e+00
1.573000000000000043e+01 7.711604043308746270e-01 2.087424241428319061e+00
1.574000000000000021e+01 7.922036823382968551e-01 2.080326387419284107e+00
1.575000000000000000e+01 8.127225988761132003e-01 2.072087031368651910e+00
1.575999999999999979e+01 8.327220992963297874e-01 2.062739107356602819e+00
1.576999999999999957e+01 8.522079916356412044e-01 2.052313988971194103e+00
1.578000000000000114e+01 8.711868124542631042e-01 2.040841429425494180e+00
1.579000000000000092e+01 8.896657031574149999e-01 2.028349523864781290e+00
1.580000000000000071e+01 9.076522947624267035e-01 2.014864692710946592e+00
1.581000000000000050e+01 9.251545987735476650e-01 2.000411685649488902e+00
1.582000000000000028e+01 9.421809018210866027e-01 1.985013605768723322e+00
1.583000000000000007e+01 9.587396615010308487e-01 1.968691954933181609e+00
1.583999999999999986e+01 9.748394010314869185e-01 1.951466699259913229e+00
1.584999999999999964e+01 9.904885981459365940e-01 1.933356359066090935e+00
1.586000000000000121e+01 1.005695566927995444e+00 1.914378121361912877e+00
1.587000000000000099e+01 1.020468326912183032e+00 1.894547981092771005e+00
1.588000000000000078e+01 1.034814456809172611e+00 1.873880911741166333e+00
1.589000000000000057e+01 1.048740928570475850e+00 1.852391069093348275e+00
1.590000000000000036e+01 1.062253916652770691e+00 1.830092034347828411e+00
1.591000000000000014e+01 1.075358580164404332e+00 1.806997096453442975e+00
1.591999999999999993e+01 1.088058812035210154e+00 1.783119582556883742e+00
1.592999999999999972e+01 1.100356954667987663e+00 1.758473234560728127e+00
1.593999999999999950e+01 1.112253477272608260e+00 1.733072638647223052e+00
1.595000000000000107e+01 1.123746620627863679e+00 1.706933700416789934e+00
1.596000000000000085e+01 1.134832008463182218e+00 1.680074165923582052e+00
1.597000000000000064e+01 1.145502233608255427e+00 1.652514178117897359e+00
1.598000000000000043e+01 1.155746436321775983e+00 1.624276848906321291e+00
1.599000000000000021e+01 1.165549890949276080e+00 1.595388823921014776e+00
1.600000000000000000e+01 1.174893627549687070e+00 1.565880808074201269e+00
1.601000000000000156e+01 1.183754120514368013e+00 1.535788011164186395e+00
1.601999999999999957e+01 1.192103086176544036e+00 1.505150460484748320e+00
1.603000000000000114e+01 1.199907419713961643e+00 1.474013142625454575e+00
1.603999999999999915e+01 1.207129313959617534e+00 1.442425921566490299e+00
1.605000000000000071e+01 1.213726577170108678e+00 1.410443213151467479e+00
1.605999999999999872e+01 1.219653170159570088e+00 1.378123392630761890e+00
1.607000000000000028e+01 1.224859936357114876e+00 1.345527972855163235e+00
1.608000000000000185e+01 1.229295504297390540e+00 1.312720583287391163e+00
1.608999999999999986e+01 1.232907294699219891e+00 1.279765840761190043e+00
1.610000000000000142e+01 1.235642571028344516e+00 1.246728193748229963e+00
1.610999999999999943e+01 1.237449452504694847e+00 1.213670845423546973e+00
1.612000000000000099e+01 1.238277828400672353e+00 1.180654833919038138e+00
1.612999999999999901e+01 1.238080111752310142e+00 1.147738345969431917e+00
1.614000000000000057e+01 1.236811810957783475e+00 1.114976286312989284e+00
1.614999999999999858e+01 1.234431902363414268e+00 1.082420117484202970e+00
1.616000000000000014e+01 1.230903020678471238e+00 1.050117939820522261e+00
1.617000000000000171e+01 1.226191489607760365e+00 1.018114774303823022e+00
1.617999999999999972e+01 1.220267228245077495e+00 9.864529939700433792e-01
1.619000000000000128e+01 1.213103568316165726e+00 9.551728510000675465e-01
1.619999999999999929e+01 1.204677016904959208e+00 9.243130480620666001e-01
1.621000000000000085e+01 1.194966993049347614e+00 8.939113114286376671e-01
1.621999999999999886e+01 1.183955560193561851e+00 8.640049325860514884e-01
1.623000000000000043e+01 1.171627172555892660e+00 8.346312501491639502e-01
1.624000000000000199e+01 1.157968443575096540e+00 8.058280579038012981e-01
1.625000000000000000e+01 1.142967943154580501e+00 7.776339264406832985e-01
1.626000000000000156e+01 1.126616028844493300e+00 7.500884276807657791e-01
1.626999999999999957e+01 1.108904710022414086e+00 7.232322602811831480e-01
1.628000000000000114e+01 1.089827546879546416e+00 6.971072699701827968e-01
1.628999999999999915e+01 1.069379585036813296e+00 6.717563606200348536e-01
1.630000000000000071e+01 1.047557327946009531e+00 6.472232901358960788e-01
1.630999999999999872e+01 1.024358752103918135e+00 6.235523423290263434e-01
1.632000000000000028e+01 9.997833701796572381e-01 6.007878662977529372e-01
1.633000000000000185e+01 9.738323551978732562e-01 5.789736650702828058e-01
1.633999999999999986e+01 9.465087396235244421e-01 5.581522150431594831e-01
1.635000000000000142e+01 9.178177067161285008e-01 5.383636960526777537e-01
1.635999999999999943e+01 8.877669925704813059e-01 5.196448101878790027e-01
1.637000000000000099e+01 8.563674334294665291e-01 5.020273483098348644e-01
1.637999999999999901e+01 8.236336780586996920e-01 4.855364885066984493e-01
1.639000000000000057e+01 7.895850926253089597e-01 4.701887996255351698e-01
1.639999999999999858e+01 7.542468820153817033e-01 4.559899380261967505e-01
1.641000000000000014e+01 7.176514192496128430e-01 4.429320659696221463e-01
1.642000000000000171e+01 6.798397776647089330e-01 4.309910345126303777e-01
1.642999999999999972e+01 6.408633927724131096e-01 4.201234625814661006e-01
1.644000000000000128e+01 6.007857529156994669e-01 4.102638963531423100e-01
1.644999999999999929e+01 5.596839407603289018e-01 4.013223423253145516e-01
1.646000000000000085e+01 5.176498019041270160e-01 3.931825336140993832e-01
1.646999999999999886e+01 4.747904744313998782e-01 3.857013460844098129e-01
1.648000000000000043e+01 4.312280185056378556e-01 3.787097644943536179e-01
1.649000000000000199e+01 3.870979639251421744e-01 3.720156667697025465e-01
1.650000000000000000e+01 3.425467280480343213e-01 3.654084867831513539e-01
1.651000000000000156e+01 2.977280505619719908e-01 3.586655099102719624e-01
1.651999999999999957e+01 2.527987847705202573e-01 3.515592588082296355e-01
1.653000000000000114e+01 2.079145226852415207e-01 3.438652109888613584e-01
1.653999999999999915e+01 1.632255600872725976e-01 3.353690395233822619e-01
1.655000000000000071e+01 1.188736267655039203e-01 3.258726844044343984e-01
1.655999999999999872e+01 7.498963916352532899e-02 3.151988124406734371e-01
1.657000000000000028e+01 3.169253717826267525e-02 3.031935199030776351e-01
1.658000000000000185e+01 -1.091090482510970530e-02 2.897273973651195433e-01
1.658999999999999986e+01 -5.272550695323537095e-02 2.746952440927465378e-01
1.660000000000000142e+01 -9.366660990571684664e-02 2.580147966411462379e-01
1.660999999999999943e+01 -1.336587437910149723e-01 2.396248320314442459e-01
1.662000000000000099e+01 -1.726342401896223122e-01 2.194829493046303037e-01
1.662999999999999901e+01 -2.105319310812431843e-01 1.975632568483866591e-01
1.664000000000000057e+01 -2.472960318066430019e-01 1.738541288147601727e-01
1.664999999999999858e+01 -2.828752440106886423e-01 1.483561086403438478e-01
1.666000000000000014e+01 -3.172221090429926393e-01 1.210800286609508974e-01
1.667000000000000171e+01 -3.502926004108368740e-01 9.204535735608732061e-02
1.667999999999999972e+01 -3.820459447913344686e-01 6.127878528355903964e-02
1.669000000000000128e+01 -4.124446525337307490e-01 2.881304952157535265e-02
1.669999999999999929e+01 -4.414547409988741622e-01 -5.314000822604050128e-03
1.671000000000000085e+01 -4.690461368277286658e-01 -4.106009188780007646e-02
1.671999999999999886e+01 -4.951932480197148156e-01 -7.837895280168569179e-02
1.673000000000000043e+01 -5.198757009926350259e-01 -1.172204661907798456e-01
1.674000000000000199e+01 -5.430792430495142709e-01 -1.575305172995506708e-01
1.675000000000000000e+01 -5.647968086872021676e-01 -1.992505207058732075e-01
1.676000000000000156e+01 -5.850297454480708481e-01 -2.423166079002568862e-01
1.676999999999999957e+01 -6.037891833715660628e-01 -2.866584751985487012e-01
1.678000000000000114e+01 -6.210975105389325845e-01 -3.321979209426213497e-01
1.678999999999999915e+01 -6.369898785152932064e-01 -3.788471542809435100e-01
1.680000000000000071e+01 -6.515156303984941388e-01 -4.265070010324270022e-01
1.680999999999999872e+01 -6.647394676991954521e-01 -4.750652389628915451e-01
1.682000000000000028e+01 -6.767421398958728407e-01 -5.243953450203594491e-01
1.683000000000000185e+01 -6.876203965898882720e-01 -5.743560047478534214e-01
1.683999999999999986e+01 -6.974859525204585298e-01 -6.247917337291958306e-01
1.685000000000000142e+01 -7.064632963863062276e-01 -6.755348679094181907e-01
1.685999999999999943e+01 -7.146863084768936281e-01 -7.264090139620902331e-01
1.687000000000000099e+01 -7.222938620716754521e-01 -7.772337837635041602e-01
1.687999999999999901e+01 -7.294247842332551857e-01 -8.278303739889368851e-01
1.689000000000000057e+01 -7.362127056114596835e-01 -8.780273468325013875e-01
1.689999999999999858e+01 -7.427813617439236182e-01 -9.276659161773235240e-01
1.691000000000000014e+01 -7.492408237533149107e-01 -9.766041445831502577e-01
1.692000000000000171e+01 -7.556849480206810910e-01 -1.024719691863401394e+00
1.692999999999999972e+01 -7.621901182078463233e-01 -1.071911028405902799e+00
1.694000000000000128e+01 -7.688151586611243760e-01 -1.118097270385844944e+00
1.694999999999999929e+01 -7.756021758086498741e-01 -1.163216945254340606e+00
1.696000000000000085e+01 -7.825780381150428955e-01 -1.207226049247815292e+00
1.696999999999999886e+01 -7.897562118211688409e-01 -1.250095744807310227e+00
1.698000000000000043e+01 -7.971387291293945410e-01 -1.291809966502270646e+00
1.699000000000000199e+01 -8.047181234842818442e-01 -1.332363128414166598e+00
1.700000000000000000e+01 -8.124792259717164011e-01 -1.371758049918472055e+00
1.701000000000000156e+01 -8.204007680155598337e-01 -1.410004153159267526e+00
1.701999999999999957e+01 -8.284567702769352060e-01 -1.447115943611807509e+00
1.703000000000000114e+01 -8.366177190822031706e-01 -1.483111760481856667e+00
1.703999999999999915e+01 -8.448515501865230259e-01 -1.518012762336329313e+00
1.705000000000000071e+01 -8.531244557400657902e-01 -1.551842121568066446e+00
1.705999999999999872e+01 -8.614015418820039072e-01 -1.584624388086569802e+00
1.707000000000000028e+01 -8.696473622238195533e-01 -1.616384987382559535e+00
1.708000000000000185e+01 -8.778263453474949296e-01 -1.647149828490118040e+00
1.708999999999999986e+01 -8.859031341139433913e-01 -1.676944998356771910e+00
1.710000000000000142e+01 -8.938428550933474881e-01 -1.705796520318771048e+00
1.710999999999999943e+01 -9.016113335003274054e-01 -1.733730158944857713e+00
1.712000000000000099e+01 -9.091752553466851960e-01 -1.760771268012079283e+00
1.712999999999999901e+01 -9.165022938655692508e-01 -1.786944663575439796e+00
1.714000000000000057e+01 -9.235612047035142158e-01 -1.812274517650209971e+00
1.715000000000000213e+01 -9.303218954510688032e-01 -1.836784267068748200e+00
1.716000000000000014e+01 -9.367554743577551912e-01 -1.860496533371360117e+00
1.717000000000000171e+01 -9.428342834451775012e-01 -1.883433049336209031e+00
1.717999999999999972e+01 -9.485319155290495852e-01 -1.905614593589379568e+00
1.719000000000000128e+01 -9.538232215980180229e-01 -1.927060927688215797e+00
1.719999999999999929e+01 -9.586843087718232015e-01 -1.947790736812017309e+00
1.721000000000000085e+01 -9.630925305185833452e-01 -1.967821573176591565e+00
1.721999999999999886e+01 -9.670264708215819960e-01 -1.987169801547114867e+00
1.723000000000000043e+01 -9.704659233997172674e-01 -2.005850546815445501e+00
1.724000000000000199e+01 -9.733918668779520944e-01 -2.023877643508654511e+00
1.725000000000000000e+01 -9.757864368565989377e-01 -2.041263587233377752e+00
1.726000000000000156e+01 -9.776328957174046375e-01 -2.058019488046879619e+00
1.726999999999999957e+01 -9.789155998814700332e-01 -2.074155026498003984e+00
1.728000000000000114e+01 -9.796199665841337501e-01 -2.089678411384128243e+00
1.728999999999999915e+01 -9.797324393297164313e-01 -2.104596340327109072e+00
1.730000000000000071e+01 -9.792404530304610333e-01 -2.118913962916228577e+00
1.730999999999999872e+01 -9.781323993070744072e-01 -2.132634846600233836e+00
1.732000000000000028e+01 -9.763975920629804905e-01 -2.145760945448920598e+00
1.733000000000000185e+01 -9.740262340942279495e-01 -2.158292572003672305e+00
1.733999999999999986e+01 -9.710093848106290393e-01 -2.170228372276523210e+00
1.735000000000000142e+01 -9.673389297582858370e-01 -2.181565304062876631e+00
1.735999999999999943e+01 -9.630075521959761131e-01 -2.192298618698033330e+00
1.737000000000000099e+01 -9.580087073267659070e-01 -2.202421846461482424e+00
1.737999999999999901e+01 -9.523365995527199868e-01 -2.211926785769493975e+00
1.739000000000000057e+01 -9.459861633799641067e-01 -2.220803496436579483e+00
1.740000000000000213e+01 -9.389530481336174628e-01 -2.229040296954115430e+00
1.741000000000000014e+01 -9.312336081222448714e-01 -2.236623767056915124e+00
1.742000000000000171e+01 -9.228248970172332477e-01 -2.243538754116689571e+00
1.742999999999999972e+01 -9.137246691945862809e-01 -2.249768386285275756e+00
1.744000000000000128e+01 -9.039313869070542129e-01 -2.255294090338184176e+00
1.744999999999999929e+01 -8.934442348594265892e-01 -2.260095616483324577e+00
1.746000000000000085e+01 -8.822631430387991580e-01 -2.264151070744852223e+00
1.746999999999999886e+01 -8.703888173038497600e-01 -2.267436953475935990e+00
1.748000000000000043e+01 -8.578227803256995854e-01 -2.269928209463804691e+00
1.749000000000000199e+01 -8.445674213873263225e-01 -2.271598283725991152e+00
1.750000000000000000e+01 -8.306260573869270747e-01 -2.272419191645180803e+00
1.751000000000000156e+01 -8.160030048613029496e-01 -2.272361597255144527e+00
1.751999999999999957e+01 -8.007036632880916160e-01 -2.271394906055971941e+00
1.753000000000000114e+01 -7.847346109885197096e-01 -2.269487370650840052e+00
1.753999999999999915e+01 -7.681037132182335636e-01 -2.266606210021321122e+00
1.755000000000000071e+01 -7.508202418782967680e-01 -2.262717745769680544e+00
1.755999999999999872e+01 -7.328950104520791653e-01 -2.257787552997132963e+00
1.757000000000000028e+01 -7.143405167845618964e-01 -2.251780628403736717e+00
1.758000000000000185e+01 -6.951711011601146017e-01 -2.244661576017705773e+00
1.758999999999999986e+01 -6.754031143134682225e-01 -2.236394808790997502e+00
1.760000000000000142e+01 -6.550550955677070242e-01 -2.226944768963816212e+00
1.760999999999999943e+01 -6.341479575147124237e-01 -2.216276163292525414e+00
1.762000000000000099e+01 -6.127051795232806297e-01 -2.204354213828505493e+00
1.762999999999999901e+01 -5.907530033730767904e-01 -2.191144920522443140e+00
1.764000000000000057e+01 -5.683206311897515128e-01 -2.176615335890898617e+00
1.765000000000000213e+01 -5.454404217588531001e-01 -2.160733847429043841e+00
1.766000000000000014e+01 -5.221480795786193063e-01 -2.143470459585005816e+00
1.767000000000000171e+01 -4.984828368788336572e-01 -2.124797078772871384e+00
1.767999999999999972e+01 -4.744876187014316349e-01 -2.104687785677479273e+00
1.769000000000000128e+01 -4.502091929229972145e-01 -2.083119099879697789e+00
1.769999999999999929e+01 -4.256982931432792272e-01 -2.060070214524013732e+00
1.771000000000000085e+01 -4.010097173260646075e-01 -2.035523210602724564e+00
1.771999999999999886e+01 -3.762023908140130213e-01 -2.009463224097385758e+00
1.773000000000000043e+01 -3.513393950658861287e-01 -1.981878573181217629e+00
1.774000000000000199e+01 -3.264879545316573539e-01 -1.952760822297246346e+00
1.775000000000000000e+01 -3.017193824976540095e-01 -1.922104784116119403e+00
1.776000000000000156e+01 -2.771089807483723133e-01 -1.889908442576072600e+00
1.776999999999999957e+01 -2.527358988138265206e-01 -1.856172792947967665e+00
1.778000000000000114e+01 -2.286829451230145416e-01 -1.820901586490512480e+00
1.778999999999999915e+01 -2.050363690249053794e-01 -1.784100976641917802e+00
1.780000000000000071e+01 -1.818855975279933257e-01 -1.745779053254342461e+00
1.780999999999999872e+01 -1.593229650080629500e-01 -1.705945269085666682e+00
1.782000000000000028e+01 -1.374434096962021401e-01 -1.664609740206886235e+00
1.783000000000000185e+01 -1.163441929915812467e-01 -1.621782432987688205e+00
1.783999999999999986e+01 -9.612461248461158514e-02 -1.577472215897713914e+00
1.785000000000000142e+01 -7.688576969433943975e-02 -1.531685790767981059e+00
1.785999999999999943e+01 -5.873037622865420748e-02 -1.484426483635008065e+00
1.787000000000000099e+01 -4.176264645502057032e-02 -1.435692903864571823e+00
1.787999999999999901e+01 -2.608828240609988025e-02 -1.385477453775129542e+00
1.789000000000000057e+01 -1.181459104778315172e-02 -1.333764687125559290e+00
1.790000000000000213e+01 9.492803534851968882e-04 -1.280529502230370875e+00
1.791000000000000014e+01 1.209192541477751084e-02 -1.225735162841305348e+00
1.792000000000000171e+01 2.149910551740326706e-02 -1.169331133494939445e+00
1.792999999999999972e+01 2.905301982476106784e-02 -1.111250738545583205e+00
1.794000000000000128e+01 3.463145611451896172e-02 -1.051408676120109353e+00
1.794999999999999929e+01 3.810692268284143064e-02 -9.896984828434776116e-01
1.796000000000000085e+01 3.934596200502869096e-02 -9.259901667845222839e-01
1.796999999999999886e+01 3.820903513869870760e-02 -8.601284600173313422e-01
1.798000000000000043e+01 3.455169823082407388e-02 -7.919325728243531426e-01
1.799000000000000199e+01 2.822837078295401328e-02 -7.211991025935893251e-01
1.800000000000000000e+01 1.910093818477152580e-02 -6.477110393073415295e-01
1.801000000000000156e+01 7.055840666644198032e-03 -5.712577843777250086e-01
1.801999999999999957e+01 -7.965065435419735329e-03 -4.916734898183335312e-01
1.803000000000000114e+01 -2.591402819879609284e-02 -4.089021368142509161e-01
1.803999999999999915e+01 -4.656568544109227631e-02 -3.230925860727825172e-01
1.805000000000000071e+01 -6.943773730575644731e-02 -2.347067130353328868e-01
1.805999999999999872e+01 -9.374531829849314102e-02 -1.445861898860304473e-01
1.807000000000000028e+01 -1.184484861370728864e-01 -5.389786944883409592e-02
1.808000000000000185e+01 -1.424155993310561308e-01 3.607427326615164631e-02
1.808999999999999986e+01 -1.646356182443946548e-01 1.242021825527774709e-01
1.810000000000000142e+01 -1.843662861958275112e-01 2.097011599666896153e-01
1.810999999999999943e+01 -2.011647327496736415e-01 2.921615995056908166e-01
1.812000000000000099e+01 -2.148332811489113980e-01 3.714705791088169784e-01
1.812999999999999901e+01 -2.253395928317020735e-01 4.477028613368199128e-01
1.814000000000000057e+01 -2.327480375415487412e-01 5.210297182262679794e-01
1.815000000000000213e+01 -2.371727081344194576e-01 5.916581830621419069e-01
1.816000000000000014e+01 -2.387492681966613961e-01 6.597959515423843513e-01
1.817000000000000171e+01 -2.376196748785210089e-01 7.256334180895708252e-01
1.817999999999999972e+01 -2.339247059256554795e-01 7.893358627657891535e-01
1.819000000000000128e+01 -2.278008754316815931e-01 8.510412096403862092e-01
1.819999999999999929e+01 -2.193796596678281863e-01 9.108606454651189122e-01
1.821000000000000085e+01 -2.087878399075644709e-01 9.688805949885912483e-01
1.821999999999999886e+01 -1.961483008419190321e-01 1.025165255223593253e+00
1.823000000000000043e+01 -1.815809307984976584e-01 1.079759285804616331e+00
1.824000000000000199e+01 -1.652034408689583012e-01 1.132690461695389228e+00
1.825000000000000000e+01 -1.471320170343589084e-01 1.183972204370605352e+00
1.826000000000000156e+01 -1.274817719870988686e-01 1.233605960301352944e+00
1.826999999999999957e+01 -1.063669945703342445e-01 1.281583420580080679e+00
1.828000000000000114e+01 -8.390120959862587546e-02 1.327888583049218862e+00
1.828999999999999915e+01 -6.019707157162275390e-02 1.372499660382203057e+00
1.830000000000000071e+01 -3.536611724306425869e-02 1.415390835873636011e+00
1.830999999999999872e+01 -9.518411221831777833e-03 1.456533867076175381e+00
1.832000000000000028e+01 1.723788920055946416e-02 1.495899534159276234e+00
1.833000000000000185e+01 4.479701973446491986e-02 1.533458930210295890e+00
1.833999999999999986e+01 7.305611803759939904e-02 1.569184590270399360e+00
1.835000000000000142e+01 1.019157316705021632e-01 1.603051456636477079e+00
1.835999999999999943e+01 1.312803037180893806e-01 1.635037680028232243e+00
1.837000000000000099e+01 1.610586186291659838e-01 1.665125258275334197e+00
1.837999999999999901e+01 1.911641941716115956e-01 1.693300516758707852e+00
1.839000000000000057e+01 2.215156074918117890e-01 1.719554437764812427e+00
1.840000000000000213e+01 2.520367547262091223e-01 1.743882848466984381e+00
1.841000000000000014e+01 2.826570341111566687e-01 1.766286478169094343e+00
1.842000000000000171e+01 3.133114555127708423e-01 1.786770899047472660e+00
1.842999999999999972e+01 3.439406787149151268e-01 1.805346365107800777e+00
1.844000000000000128e+01 3.744909848399748942e-01 1.822027564834244995e+00
1.844999999999999929e+01 4.049141869697230889e-01 1.836833303138174944e+00
1.846000000000000085e+01 4.351674869090979558e-01 1.849786128608572389e+00
1.846999999999999886e+01 4.652132856905519254e-01 1.860911920828309363e+00
1.848000000000000043e+01 4.950189558829645731e-01 1.870239452222512977e+00
1.849000000000000199e+01 5.245565865460956045e-01 1.877799937540594266e+00
1.850000000000000000e+01 5.538027006656429663e-01 1.883626580611862611e+00
1.851000000000000156e+01 5.827379615323766693e-01 1.887754131517323630e+00
1.851999999999999957e+01 6.113468661869833065e-01 1.890218460284674329e+00
1.853000000000000114e+01 6.396174371173578566e-01 1.891056156532492372e+00
1.853999999999999915e+01 6.675409099037961091e-01 1.890304159014108754e+00
1.855000000000000071e+01 6.951114260807209622e-01 1.887999421317010595e+00
1.855999999999999872e+01 7.223257284886819285e-01 1.884178616718142907e+00
1.857000000000000028e+01 7.491828605605330704e-01 1.878877887942885572e+00
1.858000000000000185e+01 7.756838702505587380e-01 1.872132641949923348e+00
1.858999999999999986e+01 8.018315154736717076e-01 1.863977395370990608e+00
1.860000000000000142e+01 8.276299681851956302e-01 1.854445673681959894e+00
1.860999999999999943e+01 8.530845130784318053e-01 1.843569967116101882e+00
1.862000000000000099e+01 8.782012350766583708e-01 1.831381750291037669e+00
1.862999999999999901e+01 9.029866887276732923e-01 1.817911568817845991e+00
1.864000000000000057e+01 9.274475410526384911e-01 1.803189205987749899e+00
1.865000000000000213e+01 9.515901790706097207e-01 1.787243930426878569e+00
1.866000000000000014e+01 9.754202707391456117e-01 1.770104842149258673e+00
1.867000000000000171e+01 9.989422700833064939e-01 1.751801322206594014e+00
1.867999999999999972e+01 1.022158855497167229e+00 1.732363600236485501e+00
1.869000000000000128e+01 1.045070294253926724e+00 1.711823439672009339e+00
1.869999999999999929e+01 1.067673727718174259e+00 1.690214952387199432e+00
1.871000000000000085e+01 1.089962386148231932e+00 1.667575525948143289e+00
1.871999999999999886e+01 1.111924744172113844e+00 1.643946838810636413e+00
1.873000000000000043e+01 1.133543649731106884e+00 1.619375930884219494e+00
1.874000000000000199e+01 1.154795484715692488e+00 1.593916237761933141e+00
1.875000000000000000e+01 1.175649431244777610e+00 1.567628493192203765e+00
1.876000000000000156e+01 1.196066936722319118e+00 1.540581375932270847e+00
1.876999999999999957e+01 1.216001512668242857e+00 1.512851715562399724e+00
1.878000000000000114e+01 1.235398956504521806e+00 1.484524143677572683e+00
1.878999999999999915e+01 1.254198106039729588e+00 1.455690044459945209e+00
1.880000000000000071e+01 1.272332151008895185e+00 1.426445779319402973e+00
1.880999999999999872e+01 1.289730458445293770e+00 1.396890251908669223e+00
1.882000000000000028e+01 1.306320780807626036e+00 1.367121999920623887e+00
1.883000000000000185e+01 1.322031628129180847e+00 1.337236117120705670e+00
1.883999999999999986e+01 1.336794560501131546e+00 1.307321340516215846e+00
1.885000000000000142e+01 1.350546152719462434e+00 1.277457638492202729e+00
1.885999999999999943e+01 1.363229456752195645e+00 1.247714530767835006e+00
1.887000000000000099e+01 1.374794869971954547e+00 1.218150254670908206e+00
1.887999999999999901e+01 1.385200415555623676e+00 1.188811755798683478e+00
1.889000000000000057e+01 1.394411517756980023e+00 1.159735376861108946e+00
1.890000000000000213e+01 1.402400399177940127e+00 1.130948059523502192e+00
1.891000000000000014e+01 1.409145239755315915e+00 1.102468859675499235e+00
1.892000000000000171e+01 1.414629224851227551e+00 1.074310596492258352e+00
1.892999999999999972e+01 1.418839583585617570e+00 1.046481494343093344e+00
1.894000000000000128e+01 1.421766687736365942e+00 1.018986720893115816e+00
1.894999999999999929e+01 1.423403254795467809e+00 9.918297626065875061e-01
1.896000000000000085e+01 1.423743669500376008e+00 9.650136198910046481e-01
1.896999999999999886e+01 1.422783433042101420e+00 9.385418104672778039e-01
1.898000000000000043e+01 1.420518726227869344e+00 9.124192014620330360e-01
1.899000000000000199e+01 1.416946081885962938e+00 8.866526770821228087e-01
1.900000000000000000e+01 1.412062138678952916e+00 8.612516801343055306e-01
1.901000000000000156e+01 1.405863472215215237e+00 8.362286319784146826e-01
1.901999999999999957e+01 1.398346479739465353e+00 8.115992620373451150e-01
1.903000000000000114e+01 1.389507309286112324e+00 7.873828567087677310e-01
1.903999999999999915e+01 1.379341819229130905e+00 7.636024441515907313e-01
1.905000000000000071e+01 1.367845558325458288e+00 7.402849247942978606e-01
1.905999999999999872e+01 1.355013755680060994e+00 7.174611584621183313e-01
1.907000000000000028e+01 1.340841319281424804e+00 6.951660038737023095e-01
1.908000000000000185e+01 1.325322825504277491e+00 6.734383331089840441e-01
1.908999999999999986e+01 1.308452511019772224e+00 6.523209958405629116e-01
1.910000000000000142e+01 1.290224245640598566e+00 6.318607633156518855e-01
1.910999999999999943e+01 1.270631498576960006e+00 6.121082252235384713e-01
1.912000000000000099e+01 1.249667290697026756e+00 5.931176487594076452e-01
1.912999999999999901e+01 1.227324132183363226e+00 5.749467934828822457e-01
1.914000000000000057e+01 1.203593960580011446e+00 5.576566604030318564e-01
1.915000000000000213e+01 1.178468076685912358e+00 5.413111731342381550e-01
1.916000000000000014e+01 1.151937087170189722e+00 5.259767767514917924e-01
1.917000000000000171e+01 1.123990890200698534e+00 5.117219024443384612e-01
1.917999999999999972e+01 1.094618716366885236e+00 4.986162792962922641e-01
1.919000000000000128e+01 1.063809257316622014e+00 4.867300466195733644e-01
1.919999999999999929e+01 1.031550952579383562e+00 4.761325702773131496e-01
1.921000000000000085e+01 9.978324851719408972e-01 4.668908929290510601e-01
1.921999999999999886e+01 9.626435803460814400e-01 4.590676907474801616e-01
1.923000000000000043e+01 9.259762190413982630e-01 4.527185856560750898e-01
1.924000000000000199e+01 8.878263932956144133e-01 4.478886465363332015e-01
1.925000000000000000e+01 8.481965448356025838e-01 4.446078997267843280e-01
1.926000000000000156e+01 8.070988016323764613e-01 4.428857134413098917e-01
1.926999999999999957e+01 7.645590812091672683e-01 4.427040062874463278e-01
1.928000000000000114e+01 7.206219701563886249e-01 4.440094671255687131e-01
1.928999999999999915e+01 6.753560591179665895e-01 4.467053257142878375e-01
1.930000000000000071e+01 6.288590649883706307e-01 4.506437242513725572e-01
1.930999999999999872e+01 5.812616847028171385e-01 4.556203031295575356e-01
1.932000000000000028e+01 5.327288717396064799e-01 4.613729675957482512e-01
1.933000000000000185e+01 4.834572991138912368e-01 4.675866685884995655e-01
1.933999999999999986e+01 4.336684093779258342e-01 4.739050636126901361e-01
1.935000000000000142e+01 3.835975691052465608e-01 4.799482529855078061e-01
1.935999999999999943e+01 3.334810764401666683e-01 4.853339509549131625e-01
1.937000000000000099e+01 2.835435027012624398e-01 4.896983495469653391e-01
1.937999999999999901e+01 2.339877022926621364e-01 4.927131250098172877e-01
1.939000000000000057e+01 1.849888771781110219e-01 4.940964156887806547e-01
1.940000000000000213e+01 1.366928550474653670e-01 4.936174083863337780e-01
1.941000000000000014e+01 8.921778075994314661e-02 4.910956059351633263e-01
1.942000000000000171e+01 4.265798291225470634e-02 4.863965312515652339e-01
1.942999999999999972e+01 -2.911186023198047285e-03 4.794256089253131625e-01
1.944000000000000128e+01 -4.742844573128473379e-02 4.701215675865351717e-01
1.944999999999999929e+01 -9.084217586238808873e-02 4.584502038952436020e-01
1.946000000000000085e+01 -1.331067564826763916e-01 4.443989232655166099e-01
1.946999999999999886e+01 -1.741797214244811265e-01 4.279721780228102901e-01
1.948000000000000043e+01 -2.140196740072195791e-01 4.091877581280868870e-01
1.949000000000000199e+01 -2.525848601055760145e-01 3.880738067724587848e-01
1.950000000000000000e+01 -2.898322806914400140e-01 3.646664121290650318e-01
1.951000000000000156e+01 -3.257172336187953432e-01 3.390076377494936066e-01
1.951999999999999957e+01 -3.601931882764040638e-01 3.111438754043838184e-01
1.953000000000000114e+01 -3.932119143990560617e-01 2.811244319777546630e-01
1.953999999999999915e+01 -4.247238033932730916e-01 2.490002892432155168e-01
1.955000000000000071e+01 -4.546783369233579619e-01 2.148230011303034204e-01
1.955999999999999872e+01 -4.830246721662319609e-01 1.786437154934736871e-01
1.957000000000000028e+01 -5.097123287619319543e-01 1.405123298924958741e-01
1.958000000000000185e+01 -5.346919771905621621e-01 1.004768106901922087e-01
1.958999999999999986e+01 -5.579163475889618029e-01 5.858273026903278169e-02
1.960000000000000142e+01 -5.793412967808198033e-01 1.487309982268233965e-02
1.960999999999999943e+01 -5.989270927257336341e-01 -3.061139803996685421e-02
1.962000000000000099e+01 -6.166400028659989596e-01 -7.783163746354235246e-02
1.962999999999999901e+01 -6.324542976044137399e-01 -1.267485668282987976e-01
1.964000000000000057e+01 -6.463547993379593626e-01 -1.773208169085600805e-01
1.965000000000000213e+01 -6.583401193636868598e-01 -2.295011796554863870e-01
1.966000000000000014e+01 -6.684266641903962025e-01 -2.832318129812415597e-01
1.967000000000000171e+01 -6.766534400970314334e-01 -3.384380856901090806e-01
1.967999999999999972e+01 -6.830874383662912663e-01 -3.950212964041823205e-01
1.969000000000000128e+01 -6.878290814126064578e-01 -4.528508999404317059e-01
1.969999999999999929e+01 -6.910167600266251542e-01 -5.117574833024221004e-01
1.971000000000000085e+01 -6.928290468104747468e-01 -5.715283557183584717e-01
1.971999999999999886e+01 -6.934829966030932047e-01 -6.319079001388162586e-01
1.973000000000000043e+01 -6.932272897122214728e-01 -6.926044347736349804e-01
1.974000000000000199e+01 -6.923300843167461416e-01 -7.533039106686106878e-01
1.975000000000000000e+01 -6.910630262186361339e-01 -8.136886941747162316e-01
1.976000000000000156e+01 -6.896842543824803773e-01 -8.734578301831431579e-01
1.976999999999999957e+01 -6.884236603814540834e-01 -9.323445966901989790e-01
1.978000000000000114e+01 -6.874728524757203196e-01 -9.901281966928137113e-01
1.978999999999999915e+01 -6.869807103442239216e-01 -1.046638470567620161e+00
1.980000000000000071e+01 -6.870539102932528008e-01 -1.101754467961664652e+00
1.980999999999999872e+01 -6.877609228973552424e-01 -1.155398839747437068e+00
1.982000000000000028e+01 -6.891378320613000819e-01 -1.207530178196211557e+00
1.983000000000000185e+01 -6.911946399934099095e-01 -1.258134994470388346e+00
1.983999999999999986e+01 -6.939211986452301639e-01 -1.307220387089554237e+00
1.985000000000000142e+01 -6.972923358435255681e-01 -1.354807896210308948e+00
1.985999999999999943e+01 -7.012720452309534336e-01 -1.400928654663875061e+00
1.987000000000000099e+01 -7.058167819004887988e-01 -1.445619734053789074e+00
1.987999999999999901e+01 -7.108779860861583755e-01 -1.488921492443157302e+00
1.989000000000000057e+01 -7.164039783248594695e-01 -1.530875713834916052e+00
1.990000000000000213e+01 -7.223413632899389203e-01 -1.571524346667491967e+00
1.991000000000000014e+01 -7.286360587079989681e-01 -1.610908681883793214e+00
1.992000000000000171e+01 -7.352340435005521035e-01 -1.649068844473264628e+00
1.992999999999999972e+01 -7.420818981402512726e-01 -1.686043502777109682e+00
1.994000000000000128e+01 -7.491271912460749638e-01 -1.721869726437214254e+00
1.994999999999999929e+01 -7.563187534608377671e-01 -1.756582941522857766e+00
1.996000000000000085e+01 -7.636068696381426157e-01 -1.790216945301221108e+00
1.996999999999999886e+01 -7.709434104446606373e-01 -1.822803956051903373e+00
1.998000000000000043e+01 -7.782819192928348562e-01 -1.854374680435802780e+00
1.999000000000000199e+01 -7.855776660374590437e-01 -1.884958386672419994e+00
2.000000000000000000e+01 -7.927876758841509997e-01 -1.914582975624766092e+00
2.001000000000000156e+01 -7.998707395214418314e-01 -1.943275044981516375e+00
2.001999999999999957e+01 -8.067874089022443185e-01 -1.971059943737924147e+00
2.003000000000000114e+01 -8.134999818647059566e-01 -1.997961815634104799e+00
2.003999999999999915e+01 -8.199724780312991346e-01 -2.024003631089700050e+00
2.005000000000000071e+01 -8.261706078646191553e-01 -2.049207207795059826e+00
2.005999999999999872e+01 -8.320617361870169537e-01 -2.073593220701197559e+00
2.007000000000000028e+01 -8.376148410160811908e-01 -2.097181202606078543e+00
2.008000000000000185e+01 -8.428004692796106090e-01 -2.119989535518347346e+00
2.008999999999999986e+01 -8.475906894718959750e-01 -2.142035434811382810e+00
2.010000000000000142e+01 -8.519590421332844388e-01 -2.163334926866681496e+00
2.010999999999999943e+01 -8.558804887222967173e-01 -2.183902821192761579e+00
2.012000000000000099e+01 -8.593313592587207284e-01 -2.203752678335999526e+00
2.012999999999999901e+01 -8.622892992431275827e-01 -2.222896774311506896e+00
2.014000000000000057e+01 -8.647332161960797903e-01 -2.241346062521663907e+00
2.015000000000000213e+01 -8.666432262209972093e-01 -2.259110133921863106e+00
2.016000000000000014e+01 -8.680006009375887954e-01 -2.276197176134496125e+00
2.017000000000000171e+01 -8.687877152631550137e-01 -2.292613932671750288e+00
2.017999999999999972e+01 -8.689879959768722628e-01 -2.308365661347851816e+00
2.019000000000000128e+01 -8.685858719869639089e-01 -2.323456094713467923e+00
2.019999999999999929e+01 -8.675667262311841377e-01 -2.337887400570998864e+00
2.021000000000000085e+01 -8.659168497296779732e-01 -2.351660145062830054e+00
2.021999999999999886e+01 -8.636233981748450139e-01 -2.364773257235812221e+00
2.023000000000000043e+01 -8.606743513232333331e-01 -2.377223996429547626e+00
2.024000000000000199e+01 -8.570584758743797771e-01 -2.389007922424020602e+00
2.025000000000000000e+01 -8.527652919533882381e-01 -2.400118868801177197e+00
2.026000000000000156e+01 -8.477850439727282472e-01 -2.410548920214067969e+00
2.026999999999999957e+01 -8.421086761763947326e-01 -2.420288393548295058e+00
2.028000000000000114e+01 -8.357278135034642563e-01 -2.429325824009942902e+00
2.028999999999999915e+01 -8.286347484240068617e-01 -2.437647956225093893e+00
2.030000000000000071e+01 -8.208224340928037543e-01 -2.445239741238380837e+00
2.030999999999999872e+01 -8.122844849898602781e-01 -2.452084340164999432e+00
2.032000000000000028e+01 -8.030151849739772807e-01 -2.458163134752102685e+00
2.033000000000000185e+01 -7.930095044769149837e-01 -2.463455746782753142e+00
2.033999999999999986e+01 -7.822631262126265028e-01 -2.467940065199204724e+00
2.035000000000000142e+01 -7.707724819357892887e-01 -2.471592285425813440e+00
2.035999999999999943e+01 -7.585347994649505043e-01 -2.474386958050561525e+00
2.037000000000000099e+01 -7.455481609207630367e-01 -2.476297050533951438e+00
2.037999999999999901e+01 -7.318115739915513895e-01 -2.477294022796479034e+00
2.039000000000000057e+01 -7.173250557832278052e-01 -2.477347917379953746e+00
2.040000000000000213e+01 -7.020897298003451192e-01 -2.476427465599208233e+00
2.041000000000000014e+01 -6.861079382039204644e-01 -2.474500212021085943e+00
2.042000000000000171e+01 -6.693833662727065592e-01 -2.471532656019486573e+00
2.042999999999999972e+01 -6.519211840065506358e-01 -2.467490415211162524e+00
2.044000000000000128e+01 -6.337281996462358347e-01 -2.462338406972773175e+00
2.044999999999999929e+01 -6.148130293131777169e-01 -2.456041053564668175e+00
2.046000000000000085e+01 -5.951862793016333697e-01 -2.448562507853672798e+00
2.046999999999999886e+01 -5.748607402581010772e-01 -2.439866900033305974e+00
2.048000000000000043e+01 -5.538515951504052737e-01 -2.429918608849207295e+00
2.049000000000000199e+01 -5.321766325942948184e-01 -2.418682547520751847e+00
2.050000000000000000e+01 -5.098564723376308727e-01 -2.406124475817566832e+00
2.051000000000000156e+01 -4.869147907196154645e-01 -2.392211321562850657e+00
2.051999999999999957e+01 -4.633785505935895666e-01 -2.376911521312099485e+00
2.053000000000000114e+01 -4.392782276800188401e-01 -2.360195368691315299e+00
2.053999999999999915e+01 -4.146480292778672583e-01 -2.342035366709051214e+00
2.055000000000000071e+01 -3.895261040380282314e-01 -2.322406585185062600e+00
2.055999999999999872e+01 -3.639547325216820339e-01 -2.301287004983728846e+00
2.057000000000000028e+01 -3.379804975218598795e-01 -2.278657856255966951e+00
2.058000000000000185e+01 -3.116544267313369754e-01 -2.254503930579123239e+00
2.058999999999999986e+01 -2.850321001399764298e-01 -2.228813865960257878e+00
2.060000000000000142e+01 -2.581737202041828327e-01 -2.201580393624045229e+00
2.060999999999999943e+01 -2.311441365869318920e-01 -2.172800535760805118e+00
2.062000000000000099e+01 -2.040128171772670751e-01 -2.142475745040675950e+00
2.062999999999999901e+01 -1.768537738983304020e-01 -2.110611980925301445e+00
2.064000000000000057e+01 -1.497454151526162736e-01 -2.077219699471650749e+00
2.065000000000000213e+01 -1.227703544454655654e-01 -2.042313768119857098e+00
2.066000000000000014e+01 -9.601515087748535571e-02 -2.005913280131929710e+00
2.067000000000000171e+01 -6.956998707135397808e-02 -1.968041265241843085e+00
2.067999999999999972e+01 -4.352829152813694064e-02 -1.928724291585109940e+00
2.069000000000000128e+01 -1.798632127916395887e-02 -1.887991963756197711e+00
2.069999999999999929e+01 6.957307818649133974e-03 -1.845876296372209291e+00
2.071000000000000085e+01 3.120211192977733611e-02 -1.802410980944492813e+00
2.071999999999999886e+01 5.464624854839928575e-02 -1.757630533684201524e+00
2.073000000000000043e+01 7.718701737225154569e-02 -1.711569334370481643e+00
2.074000000000000199e+01 9.872134089015111025e-02 -1.664260559328879063e+00
2.075000000000000000e+01 1.191461941962440318e-01 -1.615735020566994251e+00
2.076000000000000156e+01 1.383589647704218939e-01 -1.566019904331814372e+00
2.076999999999999957e+01 1.562577153304029465e-01 -1.515137410036365928e+00
2.078000000000000114e+01 1.727413176751953217e-01 -1.463103312896514296e+00
2.078999999999999915e+01 1.877094398235438777e-01 -1.409925417203628406e+00
2.080000000000000071e+01 2.010623448414214365e-01 -1.355601914327489554e+00
2.080999999999999872e+01 2.127004885377264398e-01 -1.300119597666033799e+00
2.082000000000000028e+01 2.225238710187186220e-01 -1.243451949716790184e+00
2.083000000000000185e+01 2.304311325155643519e-01 -1.185556995202933672e+00
2.083999999999999986e+01 2.363183460115978740e-01 -1.126374967613917866e+00
2.085000000000000142e+01 2.400775040714643038e-01 -1.065825630000868829e+00
2.085999999999999943e+01 2.415946762656576430e-01 -1.003805259154144203e+00
2.087000000000000099e+01 2.407478612377190741e-01 -9.401832427828451522e-01
2.087999999999999901e+01 2.374046059823632926e-01 -8.747983035595628953e-01
2.089000000000000057e+01 2.314195974278201173e-01 -8.074545332954249366e-01
2.090000000000000213e+01 2.226326863379073373e-01 -7.379177288753645536e-01
2.091000000000000014e+01 2.108683201593742895e-01 -6.659131947902530158e-01
2.092000000000000171e+01 1.959383536460784225e-01 -5.911275005335403510e-01
2.092999999999999972e+01 1.776520498171151041e-01 -5.132191903763996255e-01
2.094000000000000128e+01 1.558401783660227080e-01 -4.318477427456686168e-01
2.094999999999999929e+01 1.304043702802092919e-01 -3.467361529377717133e-01
2.096000000000000085e+01 1.014052897308425627e-01 -2.577864371065357041e-01
2.096999999999999886e+01 6.919347462751444799e-02 -1.652551834436901124e-01
2.098000000000000043e+01 3.454584137528332599e-02 -6.994152872096218165e-02
2.099000000000000199e+01 -1.298856741460213682e-03 2.675565391770409751e-02
2.100000000000000000e+01 -3.682279464223502108e-02 1.230715657338087854e-01
2.101000000000000156e+01 -7.058824342314826139e-02 2.173465252653977720e-01
2.101999999999999957e+01 -1.015430308093721729e-01 3.084246969227457669e-01
2.103000000000000114e+01 -1.291033193529327050e-01 3.957541079737579848e-01
2.103999999999999915e+01 -1.530587876315352147e-01 4.792516642441975727e-01
2.105000000000000071e+01 -1.734296912838677873e-01 5.591087939901359105e-01
2.105999999999999872e+01 -1.903527589089959726e-01 6.356398507356183503e-01
2.107000000000000028e+01 -2.040108591755415701e-01 7.091911238994442757e-01
2.108000000000000185e+01 -2.145958936689758290e-01 7.800946928242444844e-01
2.108999999999999986e+01 -2.222917143752947966e-01 8.486486473177273782e-01
2.110000000000000142e+01 -2.272677649407441602e-01 9.151109874889279405e-01
2.110999999999999943e+01 -2.296780106108851083e-01 9.796999625586205740e-01
2.112000000000000099e+01 -2.296622530297265929e-01 1.042597093804700226e+00
2.112999999999999901e+01 -2.273483575799378487e-01 1.103951059015893188e+00
2.114000000000000057e+01 -2.228546768124370636e-01 1.163881613360395972e+00
2.115000000000000213e+01 -2.162923403468043626e-01 1.222483216826276697e+00
2.116000000000000014e+01 -2.077672724443438423e-01 1.279828271287233532e+00
2.117000000000000171e+01 -1.973818923819700977e-01 1.335969975651683628e+00
2.117999999999999972e+01 -1.852364945536092156e-01 1.390944846100949928e+00
2.119000000000000128e+01 -1.714303254845900848e-01 1.444774959577483253e+00
2.119999999999999929e+01 -1.560623822237159619e-01 1.497469974666124415e+00
2.121000000000000085e+01 -1.392319595954996381e-01 1.549028975088445836e+00
2.121999999999999886e+01 -1.210389743356381081e-01 1.599442170358184034e+00
2.123000000000000043e+01 -1.015840942476108621e-01 1.648692478176159604e+00
2.124000000000000199e+01 -8.096870035459478865e-02 1.696757004237413824e+00
2.125000000000000000e+01 -5.929470956512923607e-02 1.743608427669047334e+00
2.126000000000000156e+01 -3.666428482274033951e-02 1.789216295023796199e+00
2.126999999999999957e+01 -1.317945911083802032e-02 1.833548221647397947e+00
2.128000000000000114e+01 1.105830173835054345e-02 1.876570996895989385e+00
2.128999999999999915e+01 3.594857397328371507e-02 1.918251588675432995e+00
2.130000000000000071e+01 6.139246725875085325e-02 1.958558042706362468e+00
2.130999999999999872e+01 8.729311337945669380e-02 1.997460272446370810e+00
2.132000000000000028e+01 1.135561360253599383e-01 2.034930737262327316e+00
2.133000000000000185e+01 1.400900887800955452e-01 2.070945009501944156e+00
2.133999999999999986e+01 1.668068500128869480e-01 2.105482229577416042e+00
2.135000000000000142e+01 1.936219672861015095e-01 2.138525453165101009e+00
2.135999999999999943e+01 2.204549467183593292e-01 2.170061896428037151e+00
2.137000000000000099e+01 2.472294834682223497e-01 2.200083083336060952e+00
2.137999999999999901e+01 2.738736339059143488e-01 2.228584904891412588e+00
2.139000000000000057e+01 3.003199296689197384e-01 2.255567597066977736e+00
2.140000000000000213e+01 3.265054373307711422e-01 2.281035648002812888e+00
2.141000000000000014e+01 3.523717660446841760e-01 2.304997642413936010e+00
2.142000000000000171e+01 3.778650288406508184e-01 2.327466053790872014e+00
2.142999999999999972e+01 4.029357626898509848e-01 2.348456993660519299e+00
2.144000000000000128e+01 4.275388115773803288e-01 2.367989925815683350e+00
2.144999999999999929e+01 4.516331798411102882e-01 2.386087355525537301e+00
2.146000000000000085e+01 4.751818615688400693e-01 2.402774501641080196e+00
2.146999999999999886e+01 4.981516480340769104e-01 2.418078956107045929e+00
2.148000000000000043e+01 5.205129230439142773e-01 2.432030341005782414e+00
2.149000000000000199e+01 5.422394478233003579e-01 2.444659966720602817e+00
2.150000000000000000e+01 5.633081419169697623e-01 2.456000497082354794e+00
2.151000000000000156e+01 5.836988608491021635e-01 2.466085623884002764e+00
2.151999999999999957e+01 6.033941779139352368e-01 2.474949756271058288e+00
2.153000000000000114e+01 6.223791700849865549e-01 2.482627726293742398e+00
2.153999999999999915e+01 6.406412122168360090e-01 2.489154512666893027e+00
2.155000000000000071e+01 6.581697799740892085e-01 2.494564984675089914e+00
2.155999999999999872e+01 6.749562647115359137e-01 2.498893665919893259e+00
2.157000000000000028e+01 6.909938006213455219e-01 2.502174519742884407e+00
2.158000000000000185e+01 7.062771047872279384e-01 2.504440754271719971e+00
2.158999999999999986e+01 7.208023313092785100e-01 2.505724649126827241e+00
2.160000000000000142e+01 7.345669390028406465e-01 2.506057400274178892e+00
2.160999999999999943e+01 7.475695736358164423e-01 2.505468985032468066e+00
2.162000000000000099e+01 7.598099634270805147e-01 2.503988043832214405e+00
2.162999999999999901e+01 7.712888281786219880e-01 2.501641779004474486e+00
2.164000000000000057e+01 7.820078004070313282e-01 2.498455867368517325e+00
2.165000000000000213e+01 7.919693619471283030e-01 2.494454392198570680e+00
2.166000000000000014e+01 8.011767877161667384e-01 2.489659781044220033e+00
2.167000000000000171e+01 8.096341047712619643e-01 2.484092761612723521e+00
2.167999999999999972e+01 8.173460588881865663e-01 2.477772324791250647e+00
2.169000000000000128e+01 8.243180920245495313e-01 2.470715699144719668e+00
2.169999999999999929e+01 8.305563291965732953e-01 2.462938335071648499e+00
2.171000000000000085e+01 8.360675718030859960e-01 2.454453894742781639e+00
2.171999999999999886e+01 8.408593010564060499e-01 2.445274252128025072e+00
2.173000000000000043e+01 8.449396858713936753e-01 2.435409497427886816e+00
2.174000000000000199e+01 8.483175990766943508e-01 2.424867949126608302e+00
2.175000000000000000e+01 8.510026382400417422e-01 2.413656170813025525e+00
2.176000000000000156e+01 8.530051521587818097e-01 2.401778993086523872e+00
2.176999999999999957e+01 8.543362722404941323e-01 2.389239540204669776e+00
2.178000000000000114e+01 8.550079477342521495e-01 2.376039260858220814e+00
2.178999999999999915e+01 8.550329852909942518e-01 2.362177962408792187e+00
2.180000000000000071e+01 8.544250916058602208e-01 2.347653849193460651e+00
2.180999999999999872e+01 8.531989192590720972e-01 2.332463562937586055e+00
2.182000000000000028e+01 8.513701152767491065e-01 2.316602226701340417e+00
2.183000000000000185e+01 8.489553719279122612e-01 2.300063490457600057e+00
2.183999999999999986e+01 8.459724795726041302e-01 2.282839578544929804e+00
2.185000000000000142e+01 8.424403812758001209e-01 2.264921338905319992e+00
2.185999999999999943e+01 8.383792284867394029e-01 2.246298291974724304e+00
2.187000000000000099e+01 8.338104381592211789e-01 2.226958681109922455e+00
2.187999999999999901e+01 8.287567500873112003e-01 2.206889520896531565e+00
2.189000000000000057e+01 8.232422849908545004e-01 2.186076645253240969e+00
2.190000000000000213e+01 8.172926023517933514e-01 2.164504752419304179e+00
2.191000000000000014e+01 8.109347579323852306e-01 2.142157446695687195e+00
2.192000000000000171e+01 8.041973607099773824e-01 2.119017276107698411e+00
2.192999999999999972e+01 7.971106283785731605e-01 2.095065763264410297e+00
2.194000000000000128e+01 7.897064416807020315e-01 2.070283430200903663e+00
2.194999999999999929e+01 7.820183964097758844e-01 2.044649813364174396e+00
2.196000000000000085e+01 7.740818532540413299e-01 2.018143468944641139e+00
2.196999999999999886e+01 7.659339844156052290e-01 1.990741965931897894e+00
2.198000000000000043e+01 7.576138169088296737e-01 1.962421865179985403e+00
2.199000000000000199e+01 7.491622718088690736e-01 1.933158682880983026e+00
2.200000000000000000e+01 7.406221971561477435e-01 1.902926837910273727e+00
2.201000000000000156e+01 7.320383970828646669e-01 1.871699577649050150e+00
2.201999999999999957e+01 7.234576516270748714e-01 1.839448886358558521e+00
2.203000000000000114e+01 7.149287251860186876e-01 1.806145376239968181e+00
2.203999999999999915e+01 7.065023654126246777e-01 1.771758154229446935e+00
2.205000000000000071e+01 6.982312847591500837e-01 1.736254672507947516e+00
2.205999999999999872e+01 6.901701201051789747e-01 1.699600565577425115e+00
2.207000000000000028e+01 6.823753554021670942e-01 1.661759489850021199e+00
2.208000000000000185e+01 6.749052065622167529e-01 1.622692962650949644e+00
2.208999999999999986e+01 6.678194444520494377e-01 1.582360230028415637e+00
2.210000000000000142e+01 6.611791256533114947e-01 1.540718198188520516e+00
2.210999999999999943e+01 6.550462015863207643e-01 1.497721463900929528e+00
2.212000000000000099e+01 6.494829493234955953e-01 1.453322515066874487e+00
2.212999999999999901e+01 6.445511530399204991e-01 1.407472192381738374e+00
2.214000000000000057e+01 6.403109342556451145e-01 1.360120544910822238e+00
2.215000000000000213e+01 6.368190958201324081e-01 1.311218259627315641e+00
2.216000000000000014e+01 6.341268081234622267e-01 1.260718898027520574e+00
2.217000000000000171e+01 6.322764146939102714e-01 1.208582249389124064e+00
2.217999999999999972e+01 6.312971290923394818e-01 1.154779129770568513e+00
2.219000000000000128e+01 6.311994005662519003e-01 1.099297965742320748e+00
2.219999999999999929e+01 6.319678483452917384e-01 1.042153363533508958e+00
2.221000000000000085e+01 6.335529552256046193e-01 9.833965033775932119e-01
2.221999999999999886e+01 6.358622287477784241e-01 9.231265346284778239e-01
2.223000000000000043e+01 6.387523069286604738e-01 8.615011360293444165e-01
2.224000000000000199e+01 6.420243066598181336e-01 7.987433001185553216e-01
2.225000000000000000e+01 6.454251403974776702e-01 7.351407899288719960e-01
2.226000000000000156e+01 6.486569132517334690e-01 6.710354671945776284e-01
2.226999999999999957e+01 6.513945212175700217e-01 6.068022700449414719e-01
2.228000000000000114e+01 6.533087204826467653e-01 5.428213486631703333e-01
2.228999999999999915e+01 6.540897186709903055e-01 4.794497664187638564e-01
2.230000000000000071e+01 6.534661615853190053e-01 4.169993645131843119e-01
2.230999999999999872e+01 6.512163620179169943e-01 3.557247408436358116e-01
2.232000000000000028e+01 6.471714600108048332e-01 2.958215358161622177e-01
2.233000000000000185e+01 6.412123532521565306e-01 2.374324316548228897e-01
2.233999999999999986e+01 6.332630361959736831e-01 1.806573033305840514e-01
2.235000000000000142e+01 6.232826767833860027e-01 1.255644536238975373e-01
2.235999999999999943e+01 6.112579754015462496e-01 7.220095616873102584e-02
2.237000000000000099e+01 5.971965807792621872e-01 2.060116841026810378e-02
2.237999999999999901e+01 5.811217895050398985e-01 -2.920680329866471095e-02
2.239000000000000057e+01 5.630684555740141928e-01 -7.719652243247554502e-02
2.240000000000000213e+01 5.430799010499894885e-01 -1.233401990420144867e-01
2.241000000000000014e+01 5.212055947644782528e-01 -1.676068799759846129e-01
2.242000000000000171e+01 4.974993868614798753e-01 -2.099615440266567878e-01
2.242999999999999972e+01 4.720181294179751075e-01 -2.503648534475559906e-01
2.244000000000000128e+01 4.448205544909509812e-01 -2.887733673600320072e-01
2.244999999999999929e+01 4.159663197927889189e-01 -3.251400727138260005e-01
2.246000000000000085e+01 3.855151636900390200e-01 -3.594151267935047911e-01
2.246999999999999886e+01 3.535261363186716910e-01 -3.915467361573221616e-01
2.248000000000000043e+01 3.200568936403952458e-01 -4.214821214007106187e-01
2.249000000000000199e+01 2.851630573667094937e-01 -4.491685380711830100e-01
2.250000000000000000e+01 2.488976598468352619e-01 -4.745543464749961138e-01
2.251000000000000156e+01 2.113107015550052536e-01 -4.975901379464345853e-01
2.251999999999999957e+01 1.724488677071917553e-01 -5.182299538575525499e-01
2.253000000000000114e+01 1.323554615098810339e-01 -5.364326543596158459e-01
2.253999999999999915e+01 9.107063178970999096e-02 -5.521635276237436551e-01
2.255000000000000071e+01 4.863199187943363644e-02 -5.653962617790972978e-01
2.255999999999999872e+01 5.075750532514099189e-03 -5.761154402325487922e-01
2.257000000000000028e+01 -3.956150308352471279e-02 -5.843197529365625753e-01
2.258000000000000185e+01 -8.524020413420851927e-02 -5.900261356840208471e-01
2.258999999999999986e+01 -1.319142663191209541e-01 -5.932750220376493688e-01
2.260000000000000142e+01 -1.795265058361097954e-01 -5.941367988112050691e-01
2.260999999999999943e+01 -2.280031073608982384e-01 -5.927193268561875561e-01
2.262000000000000099e+01 -2.772474863554740820e-01 -5.891759756923063973e-01
2.262999999999999901e+01 -3.271343217748049481e-01 -5.837130135864051494e-01
2.264000000000000057e+01 -3.775050361829892509e-01 -5.765944831040671348e-01
2.265000000000000213e+01 -4.281663838467151817e-01 -5.681421694465424999e-01
2.266000000000000014e+01 -4.788937756788194666e-01 -5.587283671288663101e-01
2.267000000000000171e+01 -5.294401557313009876e-01 -5.487603849205140438e-01
2.267999999999999972e+01 -5.795497448237683091e-01 -5.386579461661549217e-01
2.269000000000000128e+01 -6.289742431227238750e-01 -5.288271559461249494e-01
2.269999999999999929e+01 -6.774880914961689538e-01 -5.196361303883552107e-01
2.271000000000000085e+01 -7.248997200306603883e-01 -5.113968689153771674e-01
2.271999999999999886e+01 -7.710571820208272920e-01 -5.043557675208454327e-01
2.273000000000000043e+01 -8.158483404110510318e-01 -4.986925513627881723e-01
2.274000000000000199e+01 -8.591970206175232327e-01 -4.945255460817277182e-01
2.275000000000000000e+01 -9.010569564199623072e-01 -4.919205703253010653e-01
2.276000000000000156e+01 -9.414051102470745169e-01 -4.909010669866646359e-01
2.276999999999999957e+01 -9.802354228321409346e-01 -4.914578502882026023e-01
2.278000000000000114e+01 -1.017553528482900038e+00 -4.935576067931322086e-01
2.278999999999999915e+01 -1.053372592327138202e+00 -4.971498548217736513e-01
2.280000000000000071e+01 -1.087710207068621759e+00 -5.021724004438526956e-01
2.280999999999999872e+01 -1.120586185325557205e+00 -5.085554904648813546e-01
2.282000000000000028e+01 -1.152021058665565034e+00 -5.162249107387644198e-01
2.283000000000000185e+01 -1.182035109221371449e+00 -5.251042658622959713e-01
2.283999999999999986e+01 -1.210647785274972188e+00 -5.351166448271530429e-01
2.285000000000000142e+01 -1.237877385391203067e+00 -5.461858338272185254e-01
2.285999999999999943e+01 -1.263740925302830664e+00 -5.582371972157889051e-01
2.287000000000000099e+01 -1.288254121733505508e+00 -5.711983202646476743e-01
2.287999999999999901e+01 -1.311431447166525377e+00 -5.849994801709856862e-01
2.289000000000000057e+01 -1.333286223254239511e+00 -5.995739928876711033e-01
2.290000000000000213e+01 -1.353830730366623714e+00 -6.148584699222656713e-01
2.291000000000000014e+01 -1.373076318236817750e+00 -6.307930090940129242e-01
2.292000000000000171e+01 -1.391033507883111531e+00 -6.473213362177969721e-01
2.292999999999999972e+01 -1.407712078753236451e+00 -6.643909097254663276e-01
2.294000000000000128e+01 -1.423121137704872030e+00 -6.819529969290488713e-01
2.294999999999999929e+01 -1.437269168955549237e+00 -6.999627269297474808e-01
2.296000000000000085e+01 -1.450164064413510090e+00 -7.183791254439200191e-01
2.296999999999999886e+01 -1.461813135731889979e+00 -7.371651339273631587e-01
2.298000000000000043e+01 -1.472223109588515433e+00 -7.562876153181636862e-01
2.299000000000000199e+01 -1.481400108571092389e+00 -7.757173475704964849e-01
2.300000000000000000e+01 -1.489349619308365735e+00 -7.954290051810191109e-01
2.301000000000000156e+01 -1.496076452906792920e+00 -8.154011299871880558e-01
2.301999999999999957e+01 -1.501584699317121352e+00 -8.356160878653579038e-01
2.303000000000000114e+01 -1.505877679610368558e+00 -8.560600113624312613e-01
2.303999999999999915e+01 -1.508957901197085727e+00 -8.767227247786353317e-01
2.305000000000000071e+01 -1.510827022215241566e+00 -8.975976455889994599e-01
2.305999999999999872e+01 -1.511485828876628412e+00 -9.186816576386276356e-01
2.307000000000000028e+01 -1.510934233517817527e+00 -9.399749485900673607e-01
2.308000000000000185e+01 -1.509171309290944007e+00 -9.614807917528129799e-01
2.308999999999999986e+01 -1.506195358041797050e+00 -9.832052734162002317e-01
2.310000000000000142e+01 -1.502004040107222771e+00 -1.005156931865455183e+00
2.310999999999999943e+01 -1.496594571648666827e+00 -1.027346295168211743e+00
2.312000000000000099e+01 -1.489964010716966714e+00 -1.049785289632278573e+00
2.312999999999999901e+01 -1.482109651314063692e+00 -1.072486490035120310e+00
2.314000000000000057e+01 -1.473029545379624938e+00 -1.095462181916958766e+00
2.315000000000000213e+01 -1.462723170981053311e+00 -1.118723208176750861e+00
2.316000000000000014e+01 -1.451192257286154419e+00 -1.142277583076783731e+00
2.317000000000000171e+01 -1.438441774973120646e+00 -1.166128857642755978e+00
2.317999999999999972e+01 -1.424481057030408060e+00 -1.190274285957332756e+00
2.319000000000000128e+01 -1.409325025008349552e+00 -1.214702823107235874e+00
2.319999999999999929e+01 -1.392995420786582894e+00 -1.239393096826543639e+00
2.321000000000000085e+01 -1.375521927043777293e+00 -1.264311517999923584e+00
2.321999999999999886e+01 -1.356943021750054656e+00 -1.289410751845551317e+00
2.323000000000000043e+01 -1.337306378737222134e+00 -1.314628821651004031e+00
2.324000000000000199e+01 -1.316668657670454712e+00 -1.339889075956669284e+00
2.325000000000000000e+01 -1.295094569392858608e+00 -1.365101193183924977e+00
2.326000000000000156e+01 -1.272655208631530144e+00 -1.390163250105217019e+00
2.326999999999999957e+01 -1.249425767063991888e+00 -1.414964710013760563e+00
2.328000000000000114e+01 -1.225482855147636663e+00 -1.439390021887237303e+00
2.328999999999999915e+01 -1.200901737721311369e+00 -1.463322409896510079e+00
2.330000000000000071e+01 -1.175753795127271628e+00 -1.486647417714879849e+00
2.330999999999999872e+01 -1.150104461148327317e+00 -1.509255851975191742e+00
2.332000000000000028e+01 -1.124011792958520051e+00 -1.531045900174713870e+00
2.333000000000000185e+01 -1.097525709060646948e+00 -1.551924363393810014e+00
2.333999999999999986e+01 -1.070687838289425819e+00 -1.571807074302543850e+00
2.335000000000000142e+01 -1.043531862947065347e+00 -1.590618656045476698e+00
2.335999999999999943e+01 -1.016084213671424985e+00 -1.608291815310918915e+00
2.337000000000000099e+01 -9.883649801454528205e-01 -1.624766356144077273e+00
2.337999999999999901e+01 -9.603889264987710561e-01 -1.639988068609014915e+00
2.339000000000000057e+01 -9.321665217827179717e-01 -1.653907618069634822e+00
2.340000000000000213e+01 -9.037049364449376565e-01 -1.666479505734002053e+00
2.341000000000000014e+01 -8.750089687804909477e-01 -1.677661153617405532e+00
2.342000000000000171e+01 -8.460818891751327175e-01 -1.687412134389784102e+00
2.342999999999999972e+01 -8.169261997729423408e-01 -1.695693553057928238e+00
2.344000000000000128e+01 -7.875443145487619478e-01 -1.702467576140415106e+00
2.344999999999999929e+01 -7.579391707756109042e-01 -1.707697097067379710e+00
2.346000000000000085e+01 -7.281147793843665283e-01 -1.711345527685871337e+00
2.346999999999999886e+01 -6.980767266341413313e-01 -1.713376700868730174e+00
2.348000000000000043e+01 -6.678326360940312068e-01 -1.713754869942741621e+00
2.349000000000000199e+01 -6.373925976619742029e-01 -1.712444794092264244e+00
2.350000000000000000e+01 -6.067695704379242327e-01 -1.709411894716797997e+00
2.351000000000000156e+01 -5.759797589944111174e-01 -1.704622482650720361e+00
2.351999999999999957e+01 -5.450429735021483646e-01 -1.698044021937262338e+00
2.353000000000000114e+01 -5.139829636902967236e-01 -1.689645445283202152e+00
2.353999999999999915e+01 -4.828277310725755944e-01 -1.679397494908340560e+00
2.355000000000000071e+01 -4.516098149107460880e-01 -1.667273080147418485e+00
2.355999999999999872e+01 -4.203665475756178660e-01 -1.653247639504557887e+00
2.357000000000000028e+01 -3.891402745889179782e-01 -1.637299494335386685e+00
2.358000000000000185e+01 -3.579785337998192540e-01 -1.619410179966133789e+00
2.358999999999999986e+01 -3.269341856894901754e-01 -1.599564733305769870e+00
2.360000000000000142e+01 -2.960654930982694610e-01 -1.577751933750908275e+00
2.360999999999999943e+01 -2.654361421483546479e-01 -1.553964469340379129e+00
2.362000000000000099e+01 -2.351152014109402222e-01 -1.528199017470108112e+00
2.362999999999999901e+01 -2.051770167785629262e-01 -1.500456223286218860e+00
2.364000000000000057e+01 -1.757010420986040988e-01 -1.470740562020912856e+00
2.365000000000000213e+01 -1.467716072483302714e-01 -1.439060070682623316e+00
2.366000000000000014e+01 -1.184776286405749141e-01 -1.405425937694520622e+00
2.367000000000000171e+01 -9.091227079475847073e-02 -1.369851941078726876e+00
2.367999999999999972e+01 -6.417256939830268125e-02 -1.332353727254174780e+00
2.369000000000000128e+01 -3.835903029677473208e-02 -1.292947925469688508e+00
2.369999999999999929e+01 -1.357522309796061442e-02 -1.251651095926943791e+00
2.371000000000000085e+01 1.007261117701139727e-02 -1.208478512169276042e+00
2.371999999999999886e+01 3.247592130221377965e-02 -1.163442775734937040e+00
2.373000000000000043e+01 5.352414741714286300e-02 -1.116552272382095534e+00
2.374000000000000199e+01 7.310494946626019952e-02 -1.067809476368276833e+00
2.375000000000000000e+01 9.110434706587210163e-02 -1.017209111991586923e+00
2.376000000000000156e+01 1.074067648453405077e-01 -9.647361922923796129e-01
2.376999999999999957e+01 1.218949957054216993e-01 -9.103639820521300940e-01
2.378000000000000114e+01 1.344501276658763012e-01 -8.540519310127935304e-01
2.378999999999999915e+01 1.449515224395690194e-01 -7.957437220877574546e-01
2.380000000000000071e+01 1.532770254891407669e-01 -7.353656300651143507e-01
2.380999999999999872e+01 1.593037178729932168e-01 -6.728255974831583996e-01
2.382000000000000028e+01 1.629097585219031752e-01 -6.080137060925537851e-01
2.383000000000000185e+01 1.639782095764046044e-01 -5.408052031951042782e-01
2.383999999999999986e+01 1.624042932291454022e-01 -4.710679966038423538e-01
2.385000000000000142e+01 1.581082372752215526e-01 -3.986775421194780344e-01
2.385999999999999943e+01 1.510565836298297382e-01 -3.235431342853429815e-01
2.387000000000000099e+01 1.412948346275979261e-01 -2.456498253941641063e-01
2.387999999999999901e+01 1.289919923135300628e-01 -1.651173765300527341e-01
2.389000000000000057e+01 1.144903444280993138e-01 -8.226822265815421364e-02
2.390000000000000213e+01 9.834095036643362986e-02 2.320945375701344640e-03
2.391000000000000014e+01 8.129397633891634334e-02 8.782514889639454758e-02
2.392000000000000171e+01 6.422149445953008462e-02 1.732653527914598812e-01
2.392999999999999972e+01 4.798829666728075816e-02 2.576713413275250053e-01
2.394000000000000128e+01 3.332585278111434290e-02 3.402405615295909791e-01
2.394999999999999929e+01 2.076195652798364100e-02 4.204236869334415649e-01
2.396000000000000085e+01 1.061702784952205103e-02 4.979233064045707757e-01
2.396999999999999886e+01 3.042457075363523729e-03 5.726392662664077093e-01
2.398000000000000043e+01 -1.929295558799057298e-03 6.446009388083651093e-01
2.399000000000000199e+01 -4.340989205912411213e-03 7.139098820602475248e-01
2.400000000000000000e+01 -4.278958746895806728e-03 7.806996214500173670e-01
2.401000000000000156e+01 -1.852597267587089086e-03 8.451106646973299830e-01
2.401999999999999957e+01 2.817977259394580190e-03 9.072764621023445830e-01
2.403000000000000114e+01 9.608878023937148655e-03 9.673164088147983009e-01
2.403999999999999915e+01 1.839612493855484476e-02 1.025333053368819414e+00
2.405000000000000071e+01 2.905739710449804086e-02 1.081411720049966885e+00
2.406000000000000227e+01 4.147274233507591834e-02 1.135621410184431301e+00
2.407000000000000028e+01 5.552474727288388839e-02 1.188016348657631172e+00
2.408000000000000185e+01 7.109846894853590060e-02 1.238637805319608320e+00
2.408999999999999986e+01 8.808129495437480583e-02 1.287515987393128114e+00
2.410000000000000142e+01 1.063628222078175228e-01 1.334671891571873825e+00
2.410999999999999943e+01 1.258347948632856095e-01 1.380119059470737986e+00
2.412000000000000099e+01 1.463911166571779110e-01 1.423865207201959970e+00
2.412999999999999901e+01 1.679279364033904320e-01 1.465913715761162139e+00
2.414000000000000057e+01 1.903437970136551693e-01 1.506264976388060450e+00
2.415000000000000213e+01 2.135398334695849665e-01 1.544917589971274152e+00
2.416000000000000014e+01 2.374200040677840740e-01 1.581869421453453217e+00
2.417000000000000171e+01 2.618913387534997361e-01 1.617118512024271482e+00
2.417999999999999972e+01 2.868641896419678594e-01 1.650663852897249706e+00
2.419000000000000128e+01 3.122524706388184468e-01 1.682506025560372986e+00
2.419999999999999929e+01 3.379738751036862610e-01 1.712647714954067535e+00
2.421000000000000085e+01 3.639500627872480631e-01 1.741094102617496198e+00
2.421999999999999886e+01 3.901068097432448534e-01 1.767853148385798878e+00
2.423000000000000043e+01 4.163741170137295056e-01 1.792935769988228012e+00
2.424000000000000199e+01 4.426862760307776479e-01 1.816355930710193967e+00
2.425000000000000000e+01 4.689818903722718368e-01 1.838130645712310329e+00
2.426000000000000156e+01 4.952038557390724405e-01 1.858279918544826881e+00
2.426999999999999957e+01 5.212992994503142796e-01 1.876826617647048279e+00
2.428000000000000114e+01 5.472194850878715489e-01 1.893796305625498944e+00
2.428999999999999915e+01 5.729196832796286110e-01 1.909217028749188971e+00
2.430000000000000071e+01 5.983590175773446651e-01 1.923119080174988893e+00
2.431000000000000227e+01 6.235002856087974443e-01 1.935534741663982539e+00
2.432000000000000028e+01 6.483097643704137658e-01 1.946498015603385978e+00
2.433000000000000185e+01 6.727570014887962468e-01 1.956044351694212313e+00
2.433999999999999986e+01 6.968145981289510793e-01 1.964210375511540985e+00
2.435000000000000142e+01 7.204579878739958421e-01 1.971033624029053133e+00
2.435999999999999943e+01 7.436652135410214415e-01 1.976552291590643717e+00
2.437000000000000099e+01 7.664167072731357111e-01 1.980804990178270941e+00
2.437999999999999901e+01 7.886950744468049779e-01 1.983830525737295902e+00
2.439000000000000057e+01 8.104848851041467350e-01 1.985667692628213077e+00
2.440000000000000213e+01 8.317724737168726845e-01 1.986355086674526538e+00
2.441000000000000014e+01 8.525457491328217730e-01 1.985930937872015800e+00
2.442000000000000171e+01 8.727940153303401782e-01 1.984432961670086870e+00
2.442999999999999972e+01 8.925078039156695286e-01 1.981898229725032268e+00
2.444000000000000128e+01 9.116787183873007461e-01 1.978363057928411939e+00
2.444999999999999929e+01 9.302992905678114655e-01 1.973862911995114988e+00
2.446000000000000085e+01 9.483628489622160096e-01 1.968432328807435239e+00
2.446999999999999886e+01 9.658633986993340192e-01 1.962104852399129129e+00
2.448000000000000043e+01 9.827955130093359859e-01 1.954912983847677976e+00
2.449000000000000199e+01 9.991542352067751542e-01 1.946888142970880420e+00
2.450000000000000000e+01 1.014934991227187444e+00 1.938060641656881078e+00
2.451000000000000156e+01 1.030133511573779748e+00 1.928459666844726028e+00
2.451999999999999957e+01 1.044745762167295977e+00 1.918113272422354187e+00
2.453000000000000114e+01 1.058767883517265807e+00 1.907048379223886148e+00
2.453999999999999915e+01 1.072196137793288040e+00 1.895290782746005709e+00
2.455000000000000071e+01 1.085026862086652333e+00 1.882865166422481140e+00
2.456000000000000227e+01 1.097256427781357901e+00 1.869795120708274583e+00
2.457000000000000028e+01 1.108881205860355879e+00 1.856103168533594916e+00
2.458000000000000185e+01 1.119897536078551914e+00 1.841810794554227693e+00
2.458999999999999986e+01 1.130301700920054664e+00 1.826938480542420029e+00
2.460000000000000142e+01 1.140089901571408548e+00 1.811505743313082117e+00
2.460999999999999943e+01 1.149258237461397103e+00 1.795531178963461372e+00
2.462000000000000099e+01 1.157802687242563300e+00 1.779032510647533538e+00
2.462999999999999901e+01 1.165719091107617400e+00 1.762026641121131387e+00
2.464000000000000057e+01 1.173003133813172560e+00 1.744529709444606613e+00
2.465000000000000213e+01 1.179650327924425701e+00 1.726557152433414455e+00
2.466000000000000014e+01 1.185655997013689511e+00 1.708123770628310334e+00
2.467000000000000171e+01 1.191015258362565055e+00 1.689243798681437037e+00
2.467999999999999972e+01 1.195723004971985803e+00 1.669930980094065820e+00
2.469000000000000128e+01 1.199773886971166270e+00 1.650198645872209546e+00
2.469999999999999929e+01 1.203162292336696693e+00 1.630059797073667216e+00
2.471000000000000085e+01 1.205882327385805475e+00 1.609527190258972951e+00
2.471999999999999886e+01 1.207927797154692007e+00 1.588613425490873698e+00
2.473000000000000043e+01 1.209292186332000085e+00 1.567331035960012331e+00
2.474000000000000199e+01 1.209968641961813862e+00 1.545692577376462262e+00
2.475000000000000000e+01 1.209949957948637911e+00 1.523710717124115765e+00
2.476000000000000156e+01 1.209228561908538557e+00 1.501398322454180034e+00
2.476999999999999957e+01 1.207796507378928297e+00 1.478768543398932378e+00
2.478000000000000114e+01 1.205645469702650630e+00 1.455834892629876087e+00
2.478999999999999915e+01 1.202766749560000292e+00 1.432611317298071896e+00
2.480000000000000071e+01 1.199151282756535153e+00 1.409112264242243562e+00
2.481000000000000227e+01 1.194789657713745568e+00 1.385352736534279483e+00
2.482000000000000028e+01 1.189672142356486884e+00 1.361348339164174526e+00
2.483000000000000185e+01 1.183788720261363725e+00 1.337115313648892467e+00
2.483999999999999986e+01 1.177129136548840771e+00 1.312670560642548612e+00
2.485000000000000142e+01 1.169682954163203670e+00 1.288031649333499340e+00
2.485999999999999943e+01 1.161439620295305009e+00 1.263216813397484373e+00
2.487000000000000099e+01 1.152388542990683495e+00 1.238244932847530899e+00
2.487999999999999901e+01 1.142519177756017079e+00 1.213135501231523694e+00
2.489000000000000057e+01 1.131821123845847987e+00 1.187908577907185403e+00
2.490000000000000213e+01 1.120284229795575071e+00 1.162584724923380275e+00
2.491000000000000014e+01 1.107898707681333805e+00 1.137184927965873227e+00
2.492000000000000171e+01 1.094655255455941889e+00 1.111730500790025777e+00
2.492999999999999972e+01 1.080545187553418440e+00 1.086242973183927374e+00
2.494000000000000128e+01 1.065560571800665324e+00 1.060743959941381043e+00
2.494999999999999929e+01 1.049694374788795681e+00 1.035255013316098704e+00
2.496000000000000085e+01 1.032940612023486082e+00 1.009797453456351635e+00
2.496999999999999886e+01 1.015294506054156276e+00 9.843921811999521987e-01
2.498000000000000043e+01 9.967526494311073071e-01 9.590594679524199195e-01
2.499000000000000199e+01 9.773131739726038658e-01 9.338187247183946660e-01
2.500000000000000000e+01 9.569759255848135915e-01 9.086882497170520878e-01
2.501000000000000156e+01 9.357426434113990110e-01 8.836849533389170563e-01
2.501999999999999957e+01 9.136171451775169094e-01 8.588240635790078681e-01
2.503000000000000114e+01 8.906055130716215018e-01 8.341188110091882768e-01
2.503999999999999915e+01 8.667162849731228080e-01 8.095800983141760998e-01
2.505000000000000071e+01 8.419606427896517697e-01 7.852161608277380411e-01
2.506000000000000227e+01 8.163526014151527566e-01 7.610322143780925419e-01
2.507000000000000028e+01 7.899091903938113557e-01 7.370301075080414321e-01
2.508000000000000185e+01 7.626506259831720147e-01 7.132079830117419306e-01
2.508999999999999986e+01 7.346004678448762037e-01 6.895599602224088409e-01
2.510000000000000142e+01 7.057857557083931921e-01 6.660758488667362087e-01
2.510999999999999943e+01 6.762371170835482781e-01 6.427409103509882371e-01
2.512000000000000099e+01 6.459888397921291769e-01 6.195356806408762740e-01
2.512999999999999901e+01 6.150789012531518996e-01 5.964358694283575790e-01
2.514000000000000057e+01 5.835489467228216487e-01 5.734123507410451293e-01
2.515000000000000213e+01 5.514442095694179757e-01 5.504312579118775250e-01
2.516000000000000014e+01 5.188133654721894805e-01 5.274541977119249214e-01
2.517000000000000171e+01 4.857083259946900489e-01 5.044385738646447459e-01
2.517999999999999972e+01 4.521839596798500893e-01 4.813380407220352875e-01
2.519000000000000128e+01 4.182977481862006908e-01 4.581030732570632868e-01
2.519999999999999929e+01 3.841093831775929668e-01 4.346816420094287703e-01
2.521000000000000085e+01 3.496803114188440920e-01 4.110199786579051273e-01
2.521999999999999886e+01 3.150732393652110885e-01 3.870634104013982446e-01
2.523000000000000043e+01 2.803516103090294420e-01 3.627572378803977649e-01
2.524000000000000199e+01 2.455790680838611795e-01 3.380476292558687867e-01
2.525000000000000000e+01 2.108189219496565125e-01 3.128825013403307986e-01
2.526000000000000156e+01 1.761336199675524461e-01 2.872123727061723364e-01
2.526999999999999957e+01 1.415842548129807588e-01 2.609911398817623129e-01
2.528000000000000114e+01 1.072300933163095604e-01 2.341767917287507217e-01
2.528999999999999915e+01 7.312814630814816474e-02 2.067320274529704238e-01
2.530000000000000071e+01 3.933277855796921824e-02 1.786247759725521078e-01
2.531000000000000227e+01 5.895357728290816918e-03 1.498286161323386378e-01
2.532000000000000028e+01 -2.713605896631336722e-02 1.203231004352527250e-01
2.533000000000000185e+01 -5.971700238880394557e-02 9.009398513374920758e-02
2.533999999999999986e+01 -9.180683760768598711e-02 5.913337624719134517e-02
2.535000000000000142e+01 -1.233689823943083241e-01 2.743980284441780923e-02
2.535999999999999943e+01 -1.543710992708996477e-01 -4.981775284730309561e-03
2.537000000000000099e+01 -1.847852631048593208e-01 -3.812001548353721736e-02
2.537999999999999901e+01 -2.145881042864775101e-01 -7.195728686070239355e-02
2.539000000000000057e+01 -2.437609248426519937e-01 -1.064698051551943719e-01
2.540000000000000213e+01 -2.722897832600202350e-01 -1.416278070303868264e-01
2.541000000000000014e+01 -3.001655433273208162e-01 -1.773957603294407104e-01
2.542000000000000171e+01 -3.273838796317202759e-01 -2.137326118140779330e-01
2.542999999999999972e+01 -3.539452301749664853e-01 -2.505920771541167436e-01
2.544000000000000128e+01 -3.798546894284651754e-01 -2.879229784428353200e-01
2.544999999999999929e+01 -4.051218334154205181e-01 -3.256696343824178608e-01
2.546000000000000085e+01 -4.297604686165927834e-01 -3.637723107106408116e-01
2.546999999999999886e+01 -4.537883024081605376e-01 -4.021677341121129845e-01
2.548000000000000043e+01 -4.772265291239189411e-01 -4.407896758005134252e-01
2.549000000000000199e+01 -5.000993390222971957e-01 -4.795695996736242250e-01
2.550000000000000000e+01 -5.224333610645011117e-01 -5.184373653776176427e-01
2.551000000000000156e+01 -5.442570360430319942e-01 -5.573219887879735657e-01
2.551999999999999957e+01 -5.655999582878091791e-01 -5.961524261657787926e-01
2.553000000000000114e+01 -5.864921887632215114e-01 -6.348583753645030692e-01
2.553999999999999915e+01 -6.069635722944309864e-01 -6.733710630856339918e-01
2.555000000000000071e+01 -6.270430789785215175e-01 -7.116239964286716901e-01
2.556000000000000227e+01 -6.467581928829535531e-01 -7.495536545515365523e-01
2.557000000000000028e+01 -6.661343684013056876e-01 -7.871000990065171177e-01
2.558000000000000185e+01 -6.851945696562553589e-01 -8.242074866403014122e-01
2.558999999999999986e+01 -7.039589025850142567e-01 -8.608244751233137260e-01
2.560000000000000142e+01 -7.224443456449084477e-01 -8.969045154065095060e-01
2.560999999999999943e+01 -7.406645788994284940e-01 -9.324060320909905997e-01
2.562000000000000099e+01 -7.586299064120798352e-01 -9.672924980264292483e-01
2.562999999999999901e+01 -7.763472634605930178e-01 -1.001532413141942301e+00
2.564000000000000057e+01 -7.938202971069330260e-01 -1.035099200689410859e+00
2.565000000000000213e+01 -8.110495080220470054e-01 -1.067971034563131694e+00
2.566000000000000014e+01 -8.280324404040027009e-01 -1.100130612415899822e+00
2.567000000000000171e+01 -8.447639059375439130e-01 -1.131564890064298057e+00
2.567999999999999972e+01 -8.612362413474857759e-01 -1.162264777534728788e+00
2.569000000000000128e+01 -8.774395591681821704e-01 -1.192224841089658538e+00
2.569999999999999929e+01 -8.933620249811763392e-01 -1.221442973924846909e+00
2.571000000000000085e+01 -9.089901156531886572e-01 -1.249920085449464535e+00
2.571999999999999886e+01 -9.243088869544364705e-01 -1.277659777990685308e+00
2.573000000000000043e+01 -9.393022126619275936e-01 -1.304668051265772899e+00
2.574000000000000199e+01 -9.539530202128633229e-01 -1.330953007689885226e+00
2.575000000000000000e+01 -9.682435061386333031e-01 -1.356524576494625212e+00
2.576000000000000156e+01 -9.821553342069098136e-01 -1.381394253390146654e+00
2.576999999999999957e+01 -9.956698169701423407e-01 -1.405574854817329022e+00
2.578000000000000114e+01 -1.008768079470539369e+00 -1.429080288703211687e+00
2.578999999999999915e+01 -1.021431206425606808e+00 -1.451925340062635517e+00
2.580000000000000071e+01 -1.033640372607946167e+00 -1.474125471954303546e+00
2.581000000000000227e+01 -1.045376962075243332e+00 -1.495696636893049325e+00
2.582000000000000028e+01 -1.056622670348700277e+00 -1.516655103880061972e+00
2.583000000000000185e+01 -1.067359589751417204e+00 -1.537017301395715130e+00
2.583999999999999986e+01 -1.077570294692451247e+00 -1.556799660862634660e+00
2.585000000000000142e+01 -1.087237906424034728e+00 -1.576018479501695602e+00
2.585999999999999943e+01 -1.096346153443652272e+00 -1.594689787927846325e+00
2.587000000000000099e+01 -1.104879422878961792e+00 -1.612829226886064449e+00
2.587999999999999901e+01 -1.112822802879728457e+00 -1.630451933400674180e+00
2.589000000000000057e+01 -1.120162120290969066e+00 -1.647572432202019987e+00
2.590000000000000213e+01 -1.126883971965818132e+00 -1.664204534234668964e+00
2.591000000000000014e+01 -1.132975750641792789e+00 -1.680361241405403216e+00
2.592000000000000171e+01 -1.138425664960192041e+00 -1.696054658591999331e+00
2.592999999999999972e+01 -1.143222756617829683e+00 -1.711295909313040209e+00
2.594000000000000128e+01 -1.147356915126123367e+00 -1.726095055202162776e+00
2.594999999999999929e+01 -1.150818886064971736e+00 -1.740461023503344640e+00
2.596000000000000085e+01 -1.153600277171079158e+00 -1.754401538229552804e+00
2.596999999999999886e+01 -1.155693561836414140e+00 -1.767923055750421302e+00
2.598000000000000043e+01 -1.157092079288056796e+00 -1.781030705609359943e+00
2.599000000000000199e+01 -1.157790032101736477e+00 -1.793728235986141506e+00
2.600000000000000000e+01 -1.157782481261780294e+00 -1.806017964063943326e+00
2.601000000000000156e+01 -1.157065338698964219e+00 -1.817900731539187964e+00
2.601999999999999957e+01 -1.155635357015112552e+00 -1.829375864848203470e+00
2.603000000000000114e+01 -1.153490118311943036e+00 -1.840441141301463412e+00
2.603999999999999915e+01 -1.150628019467085039e+00 -1.851092759608366611e+00
2.605000000000000071e+01 -1.147048257368195934e+00 -1.861325316888337245e+00
2.606000000000000227e+01 -1.142750810888448543e+00 -1.871131790037299680e+00
2.607000000000000028e+01 -1.137736424193304785e+00 -1.880503523567658375e+00
2.608000000000000185e+01 -1.132006586539131998e+00 -1.889430222147743255e+00
2.608999999999999986e+01 -1.125563515436884821e+00 -1.897899949232486172e+00
2.610000000000000142e+01 -1.118410136113413333e+00 -1.905899130755471127e+00
2.610999999999999943e+01 -1.110550066888293275e+00 -1.913412564205016153e+00
2.612000000000000099e+01 -1.101987600641977760e+00 -1.920423433238118038e+00
2.612999999999999901e+01 -1.092727695096982643e+00 -1.926913326894429401e+00
2.614000000000000057e+01 -1.082775959176022207e+00 -1.932862264691534326e+00
2.615000000000000213e+01 -1.072138651103951901e+00 -1.938248725811203776e+00
2.616000000000000014e+01 -1.060822672910023856e+00 -1.943049684273875810e+00
2.617000000000000171e+01 -1.048835579338890822e+00 -1.947240648273462105e+00
2.617999999999999972e+01 -1.036185583916589881e+00 -1.950795705297414528e+00
2.619000000000000128e+01 -1.022881581553011676e+00 -1.953687572260900840e+00
2.619999999999999929e+01 -1.008933169519999229e+00 -1.955887650944301503e+00
2.621000000000000085e+01 -9.943506863423512421e-01 -1.957366090108889400e+00
2.621999999999999886e+01 -9.791452507110433023e-01 -1.958091852280671175e+00
2.623000000000000043e+01 -9.633288187845729933e-01 -1.958032789500249393e+00
2.624000000000000199e+01 -9.469142434777984008e-01 -1.957155723151676296e+00
2.625000000000000000e+01 -9.299153516112045326e-01 -1.955426535272017485e+00
2.626000000000000156e+01 -9.123470251679267617e-01 -1.952810263614461306e+00
2.626999999999999957e+01 -8.942252988043278839e-01 -1.949271210367671925e+00
2.628000000000000114e+01 -8.755674635337624689e-01 -1.944773054728592854e+00
2.628999999999999915e+01 -8.563921839141279690e-01 -1.939278980301697652e+00
2.630000000000000071e+01 -8.367196231627375136e-01 -1.932751806898436397e+00
2.631000000000000227e+01 -8.165715778441205996e-01 -1.925154136652853953e+00
2.632000000000000028e+01 -7.959716222342930747e-01 -1.916448505431252558e+00
2.633000000000000185e+01 -7.749452554665381410e-01 -1.906597545805511107e+00
2.633999999999999986e+01 -7.535200581891775551e-01 -1.895564154978459204e+00
2.635000000000000142e+01 -7.317258520941406497e-01 -1.883311670476593758e+00
2.635999999999999943e+01 -7.095948586283049586e-01 -1.869804048936544616e+00
2.637000000000000099e+01 -6.871618593942157016e-01 -1.855006045988856656e+00
2.637999999999999901e+01 -6.644643522831996663e-01 -1.838883394680411953e+00
2.639000000000000057e+01 -6.415426998857856056e-01 -1.821402976056840872e+00
2.640000000000000213e+01 -6.184402717711948716e-01 -1.802532982281398244e+00
2.641000000000000014e+01 -5.952035717437853535e-01 -1.782243060684694402e+00
2.642000000000000171e+01 -5.718823499560401480e-01 -1.760504435412338697e+00
2.642999999999999972e+01 -5.485296994191147801e-01 -1.737290005687164740e+00
2.644000000000000128e+01 -5.252021270749872572e-01 -1.712574400266415608e+00
2.644999999999999929e+01 -5.019596048556833612e-01 -1.686333993874504777e+00
2.646000000000000085e+01 -4.788655948552751340e-01 -1.658546874133072668e+00
2.646999999999999886e+01 -4.559870456500521030e-01 -1.629192739736724960e+00
2.648000000000000043e+01 -4.333943652530789503e-01 -1.598252742062819198e+00
2.649000000000000199e+01 -4.111613647860740128e-01 -1.565709246433398816e+00
2.650000000000000000e+01 -3.893651788328750807e-01 -1.531545506339204277e+00
2.651000000000000156e+01 -3.680861623602000310e-01 -1.495745258912647646e+00
2.651999999999999957e+01 -3.474077677341446679e-01 -1.458292216323688439e+00
2.653000000000000114e+01 -3.274164072896937894e-01 -1.419169462960416128e+00
2.653999999999999915e+01 -3.082012979089356342e-01 -1.378358756405112961e+00
2.655000000000000071e+01 -2.898543018403817451e-01 -1.335839723338531959e+00
2.656000000000000227e+01 -2.724697446715952931e-01 -1.291588979353922806e+00
2.657000000000000028e+01 -2.561442178311257867e-01 -1.245579167219238670e+00
2.658000000000000185e+01 -2.409763406460398161e-01 -1.197777957791762660e+00
2.658999999999999986e+01 -2.270664479723102924e-01 -1.148147062265882479e+00
2.660000000000000142e+01 -2.145161430375224498e-01 -1.096641334195822548e+00
2.660999999999999943e+01 -2.034276160106037179e-01 -1.043208103914339713e+00
2.662000000000000099e+01 -1.939025562266762093e-01 -9.877869633514276826e-01
2.662999999999999901e+01 -1.860404056873005141e-01 -9.303103392112553882e-01
2.664000000000000057e+01 -1.799355475833406270e-01 -8.707053909862713104e-01
2.665000000000000213e+01 -1.756728482924072021e-01 -8.088980185265868261e-01
2.666000000000000014e+01 -1.733207360724035029e-01 -7.448200980910910651e-01
2.667000000000000171e+01 -1.729207767482732749e-01 -6.784214095718683613e-01
2.667999999999999972e+01 -1.744726905248871751e-01 -6.096878143521131665e-01
2.669000000000000128e+01 -1.779142313917910778e-01 -5.386667111839560373e-01
2.669999999999999929e+01 -1.830969781656325013e-01 -4.654987446667514517e-01
2.671000000000000085e+01 -1.897623569785047426e-01 -3.904504469580832304e-01
2.671999999999999886e+01 -1.975267435480055622e-01 -3.139363919818320969e-01
2.673000000000000043e+01 -2.058875179523168286e-01 -2.365151628035700726e-01
2.674000000000000199e+01 -2.142585404397443494e-01 -1.588476198034174947e-01
2.675000000000000000e+01 -2.220312959205519021e-01 -8.162197017698985535e-02
2.676000000000000156e+01 -2.286433692918370120e-01 -5.469458964815289252e-03
2.676999999999999957e+01 -2.336312710276328974e-01 6.909936500970371986e-02
2.678000000000000114e+01 -2.366544163776773402e-01 1.417209142653297060e-01
2.678999999999999915e+01 -2.374920758195546155e-01 2.121703329302168928e-01
2.680000000000000071e+01 -2.360241121745580151e-01 2.803333945515389392e-01
2.681000000000000227e+01 -2.322066163646903103e-01 3.461731739136872377e-01
2.682000000000000028e+01 -2.260494573830398868e-01 4.097004642358529347e-01
2.683000000000000185e+01 -2.175985570981506245e-01 4.709512784421128195e-01
2.683999999999999986e+01 -2.069231205144797525e-01 5.299714178337777692e-01
2.685000000000000142e+01 -1.941069551235030111e-01 5.868067405666019809e-01
2.685999999999999943e+01 -1.792427864195215437e-01 6.414975533832750765e-01
2.687000000000000099e+01 -1.624286162359602492e-01 6.940757971956936778e-01
2.687999999999999901e+01 -1.437653938592154124e-01 7.445640281536575200e-01
2.689000000000000057e+01 -1.233555127061477935e-01 7.929755337333679321e-01
2.690000000000000213e+01 -1.013017821736426488e-01 8.393151086699305319e-01
2.691000000000000014e+01 -7.770667091469778132e-02 8.835802060022522886e-01
2.692000000000000171e+01 -5.267168960981472026e-02 9.257622702087661137e-01
2.692999999999999972e+01 -2.629683785415382058e-02 9.658481275689143608e-01
2.694000000000000128e+01 1.319922952993149955e-03 1.003821354306843050e+00
2.694999999999999929e+01 3.008318827779356275e-02 1.039663568188084364e+00
2.696000000000000085e+01 5.990062158999492209e-02 1.073355609845183745e+00
2.696999999999999886e+01 9.068345198068619717e-02 1.104878592004975957e+00
2.698000000000000043e+01 1.223469474251112632e-01 1.134214803779758807e+00
2.699000000000000199e+01 1.548108512174548590e-01 1.161348465102131744e+00
2.700000000000000000e+01 1.879997689352138901e-01 1.186266331531268259e+00
2.701000000000000156e+01 2.218434937208070556e-01 1.208958157848381232e+00
2.701999999999999957e+01 2.562772605525143743e-01 1.229417030299327251e+00
2.703000000000000114e+01 2.912419191088633230e-01 1.247639585286501429e+00
2.703999999999999915e+01 3.266840178833710362e-01 1.263626135237651438e+00
2.705000000000000071e+01 3.625557915427816691e-01 1.277380728217776262e+00
2.706000000000000227e+01 3.988150432017281144e-01 1.288911172224631141e+00
2.707000000000000028e+01 4.354249116713400092e-01 1.298229060168972104e+00
2.708000000000000185e+01 4.723535103623108244e-01 1.305349838053227796e+00
2.708999999999999986e+01 5.095734208018183331e-01 1.310292964157894202e+00
2.710000000000000142e+01 5.470610176320434004e-01 1.313082215478384551e+00
2.710999999999999943e+01 5.847955951539415276e-01 1.313746205217481977e+00
2.712000000000000099e+01 6.227582586705568968e-01 1.312319180644722527e+00
2.712999999999999901e+01 6.609305384347737844e-01 1.308842176907741184e+00
2.714000000000000057e+01 6.992926878769643029e-01 1.303364592415987566e+00
2.715000000000000213e+01 7.378216294079349424e-01 1.295946243679954035e+00
2.716000000000000014e+01 7.764885437059698692e-01 1.286659907448221452e+00
2.717000000000000171e+01 8.152561488202320072e-01 1.275594283785923100e+00
2.717999999999999972e+01 8.540758015749593257e-01 1.262857187700864525e+00
2.719000000000000128e+01 8.928846774900991434e-01 1.248578602061852338e+00
2.719999999999999929e+01 9.316034393741474684e-01 1.232913008851719949e+00
2.721000000000000085e+01 9.701349366692203491e-01 1.216040235871747033e+00
2.721999999999999886e+01 1.008364535480747115e+00 1.198163984638714430e+00
2.723000000000000043e+01 1.046162571933841434e+00 1.179507370814814271e+00
2.724000000000000199e+01 1.083389082708363871e+00 1.160305301411797219e+00
2.725000000000000000e+01 1.119900451196800706e+00 1.140794251101534762e+00
2.726000000000000156e+01 1.155557062236381327e+00 1.121200771685657571e+00
2.726999999999999957e+01 1.190230714318599059e+00 1.101730544300287384e+00
2.728000000000000114e+01 1.223810583661317342e+00 1.082559699649217277e+00
2.728999999999999915e+01 1.256206931011411010e+00 1.063829546070981236e+00
2.730000000000000071e+01 1.287352344718017072e+00 1.045644971372739374e+00
2.731000000000000227e+01 1.317200843759996909e+00 1.028076019903999327e+00
2.732000000000000028e+01 1.345725478219233828e+00 1.011161697070472654e+00
2.733000000000000185e+01 1.372915128383611627e+00 9.949149657272420288e-01
2.733999999999999986e+01 1.398771094144358518e+00 9.793280609585096608e-01
2.735000000000000142e+01 1.423303879729606924e+00 9.643775229741969879e-01
2.735999999999999943e+01 1.446530398570549547e+00 9.500286117011900178e-01
2.737000000000000099e+01 1.468471680945197644e+00 9.362389753765776312e-01
2.737999999999999901e+01 1.489151077825774383e+00 9.229615773570598591e-01
2.739000000000000057e+01 1.508592905655119276e+00 9.101469582868932928e-01
2.740000000000000213e+01 1.526821458152487931e+00 8.977449397049556135e-01
2.741000000000000014e+01 1.543860310491394827e+00 8.857058776734897387e-01
2.742000000000000171e+01 1.559731847858674136e+00 8.739815664575645293e-01
2.742999999999999972e+01 1.574456962021119510e+00 8.625258760316301121e-01
2.744000000000000128e+01 1.588054871258912648e+00 8.512951905681402920e-01
2.744999999999999929e+01 1.600543028464307405e+00 8.402487015288490069e-01
2.746000000000000085e+01 1.611937091558186985e+00 8.293485954499792978e-01
2.746999999999999886e+01 1.622250936329734827e+00 8.185601677077494198e-01
2.748000000000000043e+01 1.631496697925350903e+00 8.078518846400144504e-01
2.749000000000000199e+01 1.639684830900811408e+00 7.971954107641481269e-01
2.750000000000000000e+01 1.646824180578254415e+00 7.865656135543228622e-01
2.751000000000000156e+01 1.652922060807313853e+00 7.759405546051637570e-01
2.751999999999999957e+01 1.657984334714191599e+00 7.653014736100288706e-01
2.753000000000000114e+01 1.662015496280314197e+00 7.546327695320819151e-01
2.753999999999999915e+01 1.665018751147987697e+00 7.439219823062900305e-01
2.755000000000000071e+01 1.666996095732178551e+00 7.331597771812378150e-01
2.756000000000000227e+01 1.667948393990684952e+00 7.223399331719710936e-01
2.757000000000000028e+01 1.667875451625032035e+00 7.114593362461142378e-01
2.758000000000000185e+01 1.666776086963617676e+00 7.005179783572054175e-01
2.758999999999999986e+01 1.664648198705427795e+00 6.895189618581281099e-01
2.760000000000000142e+01 1.661488830000376726e+00 6.784685095569150670e-01
2.760999999999999943e+01 1.657294228459043284e+00 6.673759802817138542e-01
2.762000000000000099e+01 1.652059901586873991e+00 6.562538896503230523e-01
2.762999999999999901e+01 1.645780667142765719e+00 6.451179354420325529e-01
2.764000000000000057e+01 1.638450697504371112e+00 6.339870273991801142e-01
2.765000000000000213e+01 1.630063557148057951e+00 6.228833208579691583e-01
2.766000000000000014e+01 1.620612232121982910e+00 6.118322537179510245e-01
2.767000000000000171e+01 1.610089150216747145e+00 6.008625863057993621e-01
2.767999999999999972e+01 1.598486190294162057e+00 5.900064437244932902e-01
2.769000000000000128e+01 1.585794679105664740e+00 5.792993603248193235e-01
2.769999999999999929e+01 1.572005373749048918e+00 5.687803260161728991e-01
2.771000000000000085e+01 1.557108427672158513e+00 5.584918340014037863e-01
2.771999999999999886e+01 1.541093338110539612e+00 5.484799301749523348e-01
2.773000000000000043e+01 1.523948872592244985e+00 5.387942643366525619e-01
2.774000000000000199e+01 1.505662972007570044e+00 5.294881419227117636e-01
2.775000000000000000e+01 1.486222629222058833e+00 5.206185780917209627e-01
2.776000000000000156e+01 1.465613737842087483e+00 5.122463528201408600e-01
2.776999999999999957e+01 1.443820914920702192e+00 5.044360650775207011e-01
2.778000000000000114e+01 1.420827291457805286e+00 4.972561865614196219e-01
2.778999999999999915e+01 1.396614273568097087e+00 4.907791097345611808e-01
2.780000000000000071e+01 1.371161276290475239e+00 4.850811849498793404e-01
2.781000000000000227e+01 1.344445435154307811e+00 4.802427356664096814e-01
2.782000000000000028e+01 1.316441305416689245e+00 4.763480348099142780e-01
2.783000000000000185e+01 1.287120566093378882e+00 4.734852146244252769e-01
2.783999999999999986e+01 1.256451756324823421e+00 4.717460672553991374e-01
2.785000000000000142e+01 1.224400087590419517e+00 4.712256700871917947e-01
2.785999999999999943e+01 1.190927399129212860e+00 4.720217353932463777e-01
2.787000000000000099e+01 1.155992356867757254e+00 4.742335366152475307e-01
2.787999999999999901e+01 1.119551044045576482e+00 4.779601953396399594e-01
2.789000000000000057e+01 1.081558160688104175e+00 4.832980158187673014e-01
2.790000000000000213e+01 1.041969120101787105e+00 4.903364558565277420e-01
2.791000000000000014e+01 1.000743436201440462e+00 4.991521784415212104e-01
2.792000000000000171e+01 9.578498556697288002e-01 5.098005551314110928e-01
2.792999999999999972e+01 9.132736910694706500e-01 5.223040088364578892e-01
2.794000000000000128e+01 8.670266077819053230e-01 5.366369044259489129e-01
2.794999999999999929e+01 8.191585549952684620e-01 5.527075373823066018e-01
2.796000000000000085e+01 7.697704614349246688e-01 5.703393429768656153e-01
2.796999999999999886e+01 7.190247883454476963e-01 5.892556643325654875e-01
2.798000000000000043e+01 6.671496467284951937e-01 6.090744010062836278e-01
2.799000000000000199e+01 6.144321545882557301e-01 6.293188567123650934e-01
2.800000000000000000e+01 5.611992485080177229e-01 6.494473715241702028e-01
2.801000000000000156e+01 5.077889395584135324e-01 6.688973545682835864e-01
2.801999999999999957e+01 4.545194772042207010e-01 6.871327973660766864e-01
2.803000000000000114e+01 4.016648354717111125e-01 7.036829016520873559e-01
2.803999999999999915e+01 3.494416911196076003e-01 7.181640941103288878e-01
2.805000000000000071e+01 2.980081166078492050e-01 7.302848579359975112e-01
2.806000000000000227e+01 2.474706566425779186e-01 7.398380212967948788e-01
2.807000000000000028e+01 1.978954866238160082e-01 7.466866490589842975e-01
2.808000000000000185e+01 1.493202246577678416e-01 7.507485099355342140e-01
2.808999999999999986e+01 1.017644103414211409e-01 7.519820559758568779e-01
2.810000000000000142e+01 5.523788215665025036e-02 7.503750991870479226e-01
2.810999999999999943e+01 9.747006839666028447e-03 7.459363148221889173e-01
2.812000000000000099e+01 -3.470093976797541946e-02 7.386891778982171974e-01
2.812999999999999901e+01 -7.809485268226788734e-02 7.286677913733856649e-01
2.814000000000000057e+01 -1.204179768169855724e-01 7.159140862124221405e-01
2.815000000000000213e+01 -1.616468874432612501e-01 7.004759566845034646e-01
2.816000000000000014e+01 -2.017510479929023048e-01 6.824059970245227591e-01
2.817000000000000171e+01 -2.406927818475788627e-01 6.617605945646064525e-01
2.817999999999999972e+01 -2.784275370144505546e-01 6.385992001074641822e-01
2.819000000000000128e+01 -3.149043583198821161e-01 6.129836553517556963e-01
2.819999999999999929e+01 -3.500665041169361835e-01 5.849774980873495567e-01
2.821000000000000085e+01 -3.838521557946875662e-01 5.546451908078847692e-01
2.821999999999999886e+01 -4.161951816713629348e-01 5.220512472330424147e-01
2.823000000000000043e+01 -4.470259227343850728e-01 4.872592465764351566e-01
2.824000000000000199e+01 -4.762719722067189076e-01 4.503307377076999907e-01
2.825000000000000000e+01 -5.038589275080754826e-01 4.113240491643911367e-01
2.826000000000000156e+01 -5.297110987261797188e-01 3.702930285410795941e-01
2.826999999999999957e+01 -5.537521668823359722e-01 3.272857463150144475e-01
2.828000000000000114e+01 -5.759057973925556517e-01 2.823432117236871486e-01
2.828999999999999915e+01 -5.960962313586597450e-01 2.354981648209986400e-01
2.830000000000000071e+01 -6.142489021252370840e-01 1.867740344321408563e-01
2.831000000000000227e+01 -6.302911639896120466e-01 1.361841947547486609e-01
2.832000000000000028e+01 -6.441532622978599631e-01 8.373170463319740131e-02
2.833000000000000185e+01 -6.557697576028870268e-01 2.940981308581530618e-02
2.833999999999999986e+01 -6.650817117393429401e-01 -2.679635708970818861e-02
2.835000000000000142e+01 -6.720400650058522274e-01 -8.490636937370422965e-02
2.835999999999999943e+01 -6.766107878196083725e-01 -1.449384825800742460e-01
2.837000000000000099e+01 -6.787825031886681737e-01 -2.069001262406694186e-01
2.837999999999999901e+01 -6.785772255902451366e-01 -2.707738910984336944e-01
2.839000000000000057e+01 -6.760645142025201171e-01 -3.364984786290626251e-01
2.840000000000000213e+01 -6.713782187664204537e-01 -4.039455018707001632e-01
2.841000000000000014e+01 -6.647329738205040028e-01 -4.728957182360359335e-01
2.842000000000000171e+01 -6.564348564349152815e-01 -5.430220163924991406e-01
2.842999999999999972e+01 -6.468787027479836471e-01 -6.138892336444132791e-01
2.844000000000000128e+01 -6.365261423739175806e-01 -6.849790289555489631e-01
2.844999999999999929e+01 -6.258651282534285487e-01 -7.557392199873610439e-01
2.846000000000000085e+01 -6.153609010819166558e-01 -8.256447549032321920e-01
2.846999999999999886e+01 -6.054132603622938147e-01 -8.942508063652491179e-01
2.848000000000000043e+01 -5.963314622591580072e-01 -9.612231338059575858e-01
2.849000000000000199e+01 -5.883291107985513246e-01 -1.026342740965466627e+00
2.850000000000000000e+01 -5.815338869691764057e-01 -1.089491775660146544e+00
2.851000000000000156e+01 -5.760044774450797656e-01 -1.150630772390242029e+00
2.851999999999999957e+01 -5.717485711530619907e-01 -1.209775203146759681e+00
2.853000000000000114e+01 -5.687385435558484081e-01 -1.266975587274598025e+00
2.853999999999999915e+01 -5.669236793228005222e-01 -1.322302462942313239e+00
2.855000000000000071e+01 -5.662390441519442597e-01 -1.375835903108055369e+00
2.856000000000000227e+01 -5.666116188174363799e-01 -1.427658651750172369e+00
2.857000000000000028e+01 -5.679643903299499419e-01 -1.477851896326895842e+00
2.858000000000000185e+01 -5.702190010458466629e-01 -1.526492850999629169e+00
2.858999999999999986e+01 -5.732974170440103823e-01 -1.573653530624969710e+00
2.860000000000000142e+01 -5.771229454335982112e-01 -1.619400281403319264e+00
2.860999999999999943e+01 -5.816208297994799326e-01 -1.663793772106818114e+00
2.862000000000000099e+01 -5.867185776229362215e-01 -1.706889251674916563e+00
2.862999999999999901e+01 -5.923461203559348132e-01 -1.748736949007669184e+00
2.864000000000000057e+01 -5.984358721700915318e-01 -1.789382535965712950e+00
2.865000000000000213e+01 -6.049227294897846496e-01 -1.828867604925580759e+00
2.866000000000000014e+01 -6.117440377374703253e-01 -1.867230131877761989e+00
2.867000000000000171e+01 -6.188395408778044615e-01 -1.904504909294205905e+00
2.867999999999999972e+01 -6.261513243333222123e-01 -1.940723939005484455e+00
2.869000000000000128e+01 -6.336237556828339113e-01 -1.975916782552428197e+00
2.869999999999999929e+01 -6.412034263802686151e-01 -2.010110867864355999e+00
2.871000000000000085e+01 -6.488390953416991458e-01 -2.043331753789862759e+00
2.871999999999999886e+01 -6.564816346322520646e-01 -2.075603354719298466e+00
2.873000000000000043e+01 -6.640839770176768520e-01 -2.106948128037734680e+00
2.874000000000000199e+01 -6.716010643993809426e-01 -2.137387227959465452e+00
2.875000000000000000e+01 -6.789897969620626306e-01 -2.166940628416476944e+00
2.876000000000000156e+01 -6.862089821662902267e-01 -2.195627218427091520e+00
2.876999999999999957e+01 -6.932192830283970819e-01 -2.223464873033070610e+00
2.878000000000000114e+01 -6.999831654066552833e-01 -2.250470502411036744e+00
2.878999999999999915e+01 -7.064648438987782830e-01 -2.276660082084321690e+00
2.880000000000000071e+01 -7.126302262633759099e-01 -2.302048666606808958e+00
2.881000000000000227e+01 -7.184468562948779224e-01 -2.326650388978996009e+00
2.882000000000000028e+01 -7.238838551984859704e-01 -2.350478447964935214e+00
2.883000000000000185e+01 -7.289118616879193269e-01 -2.373545084994296506e+00
2.883999999999999986e+01 -7.335029704707205500e-01 -2.395861553550143075e+00
2.885000000000000142e+01 -7.376306705870999680e-01 -2.417438080026780955e+00
2.885999999999999943e+01 -7.412697826459979655e-01 -2.438283820353885911e+00
2.887000000000000099e+01 -7.443963956910838453e-01 -2.458406812284374521e+00
2.887999999999999901e+01 -7.469878047780467156e-01 -2.477813923378053396e+00
2.889000000000000057e+01 -7.490224480683217445e-01 -2.496510799353647059e+00
2.890000000000000213e+01 -7.504798459001176258e-01 -2.514501808004444339e+00
2.891000000000000014e+01 -7.513405400737271922e-01 -2.531789986588682151e+00
2.892000000000000171e+01 -7.515860358129596852e-01 -2.548376985707905718e+00
2.892999999999999972e+01 -7.511987450904319408e-01 -2.564263018164990360e+00
2.894000000000000128e+01 -7.501619332282457586e-01 -2.579446806115847757e+00
2.894999999999999929e+01 -7.484596680409735248e-01 -2.593925533649122706e+00
2.896000000000000085e+01 -7.460767730793700370e-01 -2.607694800027497539e+00
2.896999999999999886e+01 -7.429987844952996578e-01 -2.620748578316071775e+00
2.898000000000000043e+01 -7.392119130754728484e-01 -2.633079177224856959e+00
2.899000000000000199e+01 -7.347030110013009763e-01 -2.644677208421234216e+00
2.900000000000000000e+01 -7.294595449622308658e-01 -2.655531559476588477e+00
2.901000000000000156e+01 -7.234695752873134822e-01 -2.665629372932372121e+00
2.901999999999999957e+01 -7.167217426191403451e-01 -2.674956033102097397e+00
2.903000000000000114e+01 -7.092052621751281372e-01 -2.683495160489108411e+00
2.903999999999999915e+01 -7.009099266819295293e-01 -2.691228615660370860e+00
2.905000000000000071e+01 -6.918261187123371236e-01 -2.698136513146747628e+00
2.906000000000000227e+01 -6.819448327982124969e-01 -2.704197246220836348e+00
2.907000000000000028e+01 -6.712577087926637764e-01 -2.709387524821273541e+00
2.908000000000000185e+01 -6.597570762283075929e-01 -2.713682425748448868e+00
2.908999999999999986e+01 -6.474360113860777588e-01 -2.717055459259588357e+00
2.910000000000000142e+01 -6.342884069076091258e-01 -2.719478649801191583e+00
2.910999999999999943e+01 -6.203090547020881917e-01 -2.720922635609177131e+00
2.912000000000000099e+01 -6.054937433084754961e-01 -2.721356785237834419e+00
2.912999999999999901e+01 -5.898393679885322038e-01 -2.720749333899698197e+00
2.914000000000000057e+01 -5.733440572524695078e-01 -2.719067540311274733e+00
2.915000000000000213e+01 -5.560073106564167311e-01 -2.716277862781379948e+00
2.916000000000000014e+01 -5.378301522690541736e-01 -2.712346157591202012e+00
2.917000000000000171e+01 -5.188152969848850438e-01 -2.707237897618187894e+00
2.917999999999999972e+01 -4.989673289473479656e-01 -2.700918412231918975e+00
2.919000000000000128e+01 -4.782928903068555115e-01 -2.693353146333125725e+00
2.919999999999999929e+01 -4.568008801301887134e-01 -2.684507938027804741e+00
2.921000000000000085e+01 -4.345026608079388120e-01 -2.674349313615812296e+00
2.921999999999999886e+01 -4.114122693111890161e-01 -2.662844796770226896e+00
2.923000000000000043e+01 -3.875466327305360781e-01 -2.649963231536609509e+00
2.924000000000000199e+01 -3.629257819991787981e-01 -2.635675111409877314e+00
2.925000000000000000e+01 -3.375730652149879218e-01 -2.619952917824326821e+00
2.926000000000000156e+01 -3.115153537739741019e-01 -2.602771458677170191e+00
2.926999999999999957e+01 -2.847832403821626834e-01 -2.584108206230832927e+00
2.928000000000000114e+01 -2.574112248725627383e-01 -2.563943629517662970e+00
2.928999999999999915e+01 -2.294378846212322687e-01 -2.542261516919642528e+00
2.930000000000000071e+01 -2.009060267570598191e-01 -2.519049285951661332e+00
2.931000000000000227e+01 -1.718628182039724228e-01 -2.494298274659251913e+00
2.932000000000000028e+01 -1.423598909840276816e-01 -2.468004012031739691e+00
2.933000000000000185e+01 -1.124534189900791847e-01 -2.440166462188476437e+00
2.933999999999999986e+01 -8.220416272880390340e-02 -2.410790238141585107e+00
2.935000000000000142e+01 -5.167747945031415241e-02 -2.379884781982859021e+00
2.935999999999999943e+01 -2.094329336373738915e-02 -2.347464503888843090e+00
2.937000000000000099e+01 9.923977700197039731e-03 -2.313548875186167475e+00
2.937999999999999901e+01 4.084554217543932830e-02 -2.278162470583219523e+00
2.939000000000000057e+01 7.173840705694167763e-02 -2.241334951098320261e+00
2.940000000000000213e+01 1.025156055038711905e-01 -2.203100980169184986e+00
2.941000000000000014e+01 1.330864848575868953e-01 -2.163500066444195902e+00
2.942000000000000171e+01 1.633570563739637771e-01 -2.122576320113567672e+00
2.942999999999999972e+01 1.932304127974350250e-01 -2.080378120032901013e+00
2.944000000000000128e+01 2.226072053620721525e-01 -2.036957683483029413e+00
2.944999999999999929e+01 2.513861855437103943e-01 -1.992370529369712040e+00
2.946000000000000085e+01 2.794648037627170956e-01 -1.946674836570652101e+00
2.946999999999999886e+01 3.067398543662868127e-01 -1.899930691678623385e+00
2.948000000000000043e+01 3.331081576719465698e-01 -1.852199230773905247e+00
2.949000000000000199e+01 3.584672530719902328e-01 -1.803541690028690692e+00
2.950000000000000000e+01 3.827160966801221309e-01 -1.754018360714126423e+00
2.951000000000000156e+01 4.057557301276128459e-01 -1.703687472780401002e+00
2.951999999999999957e+01 4.274898918046366458e-01 -1.652604029353484272e+00
2.953000000000000114e+01 4.478255546200652915e-01 -1.600818593531898815e+00
2.953999999999999915e+01 4.666733509675721203e-01 -1.548376060285176603e+00
2.955000000000000071e+01 4.839478637034290154e-01 -1.495314424376766649e+00
2.956000000000000227e+01 4.995677584930154902e-01 -1.441663553381291818e+00
2.957000000000000028e+01 5.134557322355881581e-01 -1.387443977548019181e+00
2.958000000000000185e+01 5.255382634766408989e-01 -1.332665685302639957e+00
2.958999999999999986e+01 5.357451417283757289e-01 -1.277326925023901216e+00
2.960000000000000142e+01 5.440087675313531879e-01 -1.221412980799573500e+00
2.960999999999999943e+01 5.502632069804638260e-01 -1.164894879719601928e+00
2.962000000000000099e+01 5.544429823972694127e-01 -1.107728001144488106e+00
2.962999999999999901e+01 5.564815826333373572e-01 -1.049850514001469115e+00
2.964000000000000057e+01 5.563096715083902799e-01 -9.911815428625661006e-01
2.965000000000000213e+01 5.538529530621131292e-01 -9.316189935146178547e-01
2.966000000000000014e+01 5.490296648092765075e-01 -8.710369006152598459e-01
2.967000000000000171e+01 5.417476398300126172e-01 -8.092821736278316136e-01
2.967999999999999972e+01 5.319009112370648440e-01 -7.461706142447944723e-01
2.969000000000000128e+01 5.193658452651782609e-01 -6.814821125970178528e-01
2.969999999999999929e+01 5.039969062115767784e-01 -6.149550481574374006e-01
2.971000000000000085e+01 4.856223979925295420e-01 -5.462802484073160381e-01
2.971999999999999886e+01 4.640410824344259888e-01 -4.750955666632734609e-01
2.973000000000000043e+01 4.390218126172671376e-01 -4.009838050971089585e-01
2.974000000000000199e+01 4.103108145455769407e-01 -3.234800970168182355e-01
2.975000000000000000e+01 3.776561142284006745e-01 -2.421015764891275845e-01
2.976000000000000156e+01 3.408665217116782498e-01 -1.564232841248744954e-01
2.976999999999999957e+01 2.999305366185854860e-01 -6.623591331625827694e-02
2.978000000000000114e+01 2.552108125018797691e-01 2.819093886809504942e-02
2.978999999999999915e+01 2.076609853518176785e-01 1.258094466385002164e-01
2.980000000000000071e+01 1.588754593854452002e-01 2.247154348799681456e-01
2.981000000000000227e+01 1.107674904848149483e-01 3.225737629543892204e-01
2.982000000000000028e+01 6.500450367685001174e-02 4.173748596144477574e-01
2.983000000000000185e+01 2.263296530766090164e-02 5.079337817341705863e-01
2.983999999999999986e+01 -1.591628267586624179e-02 5.938738394265874465e-01
2.985000000000000142e+01 -5.062079314225447629e-02 6.753411714799142374e-01
2.985999999999999943e+01 -8.166316632036213496e-02 7.527301567936035553e-01
2.987000000000000099e+01 -1.093014304740112241e-01 8.265119147728939852e-01
2.987999999999999901e+01 -1.338027296809506661e-01 8.971492879980399460e-01
2.989000000000000057e+01 -1.554147375768443473e-01 9.650623534909399392e-01
2.990000000000000213e+01 -1.743561594220449651e-01 1.030618830594451696e+00
2.991000000000000014e+01 -1.908159089998072711e-01 1.094135318488409725e+00
2.992000000000000171e+01 -2.049557927278072844e-01 1.155882533384484212e+00
2.992999999999999972e+01 -2.169143097555484290e-01 1.216091486242975916e+00
2.994000000000000128e+01 -2.268105267767756283e-01 1.274959341297978721e+00
2.994999999999999929e+01 -2.347476240863577424e-01 1.332654525803486534e+00
2.996000000000000085e+01 -2.408159914646046951e-01 1.389321015742015275e+00
2.996999999999999886e+01 -2.450958731574877647e-01 1.445081864549702111e+00
2.998000000000000043e+01 -2.476596042322980473e-01 1.500042085877688836e+00
2.999000000000000199e+01 -2.485734933209385045e-01 1.554291008022719245e+00
3.000000000000000000e+01 -2.478994030751791589e-01 1.607904205967282341e+00
3.001000000000000156e+01 -2.456960723473279873e-01 1.660945101551521308e+00
3.001999999999999957e+01 -2.420202170560048216e-01 1.713466309498332230e+00
3.003000000000000114e+01 -2.369274357658643360e-01 1.765510786933659926e+00
3.003999999999999915e+01 -2.304729434981975245e-01 1.817112838947545495e+00
3.005000000000000071e+01 -2.227121513385350582e-01 1.868299019733716593e+00
3.006000000000000227e+01 -2.137011051067094491e-01 1.919088958709121995e+00
3.007000000000000028e+01 -2.034967953424637876e-01 1.969496135266678438e+00
3.008000000000000185e+01 -1.921573497564901534e-01 2.019528618965440447e+00
3.008999999999999986e+01 -1.797421189283697485e-01 2.069189786814295662e+00
3.010000000000000142e+01 -1.663116659038110234e-01 2.118479023005833461e+00
3.010999999999999943e+01 -1.519276715522297483e-01 2.167392403739520468e+00
3.012000000000000099e+01 -1.366527680418738733e-01 2.215923365804417955e+00
3.012999999999999901e+01 -1.205503133413292766e-01 2.264063355447687442e+00
3.014000000000000057e+01 -1.036841200520413619e-01 2.311802452022033716e+00
3.015000000000000213e+01 -8.611815217836438219e-02 2.359129959401980337e+00
3.016000000000000014e+01 -6.791620287525597377e-02 2.406034959544997243e+00
3.017000000000000171e+01 -4.914156600102605882e-02 2.452506818504883945e+00
3.017999999999999972e+01 -2.985671206717595630e-02 2.498535643730308564e+00
3.019000000000000128e+01 -1.012297950725703916e-02 2.544112684449628681e+00
3.019999999999999929e+01 9.999711628081529163e-03 2.589230673571804253e+00
3.021000000000000085e+01 3.045311582847069071e-02 2.633884109526184236e+00
3.021999999999999886e+01 5.118088416906495935e-02 2.678069478074573517e+00
3.023000000000000043e+01 7.212875003483545933e-02 2.721785416672800828e+00
3.024000000000000199e+01 9.324467519084038425e-02 2.765032822561149572e+00
3.025000000000000000e+01 1.144789580145120778e-01 2.807814910264496699e+00
3.026000000000000156e+01 1.357843053855733173e-01 2.850137223321909108e+00
3.026999999999999957e+01 1.571158682838592335e-01 2.892007603842500441e+00
3.028000000000000114e+01 1.784312458283468517e-01 2.933436127133012050e+00
3.028999999999999915e+01 1.996904605660520804e-01 2.974435006137117199e+00
3.030000000000000071e+01 2.208559072009470270e-01 3.015018470339791534e+00
3.031000000000000227e+01 2.418922793609969979e-01 3.055202624786805377e+00
3.032000000000000028e+01 2.627664769892844587e-01 3.095005292761055404e+00
3.033000000000000185e+01 2.834474971451311220e-01 3.134445846237233102e+00
3.033999999999999986e+01 3.039063117035991080e-01 3.173545026604470909e+00
3.035000000000000142e+01 3.241157322317658740e-01 3.212324758760459531e+00
3.035999999999999943e+01 3.440502667133692460e-01 3.250807960175327693e+00
3.037000000000000099e+01 3.636859674892162220e-01 3.289018346749384314e+00
3.037999999999999901e+01 3.830002732410232036e-01 3.326980235893174154e+00
3.039000000000000057e+01 4.019718442965816707e-01 3.364718347689467759e+00
3.040000000000000213e+01 4.205803947456250302e-01 3.402257605500663029e+00
3.041000000000000014e+01 4.388065199896303836e-01 3.439622935241794188e+00
3.042000000000000171e+01 4.566315215133130434e-01 3.476839064702418991e+00
3.042999999999999972e+01 4.740372296037739241e-01 3.513930322694670760e+00
3.044000000000000128e+01 4.910058258031074763e-01 3.550920440187085525e+00
3.044999999999999929e+01 5.075196653616170783e-01 3.587832353304468924e+00
3.046000000000000085e+01 5.235611023971958877e-01 3.624688011125421383e+00
3.046999999999999886e+01 5.391123202545665682e-01 3.661508191137997859e+00
3.048000000000000043e+01 5.541551664281920697e-01 3.698312321144144654e+00
3.049000000000000199e+01 5.686710026543768670e-01 3.735118321857306523e+00
3.050000000000000000e+01 5.826405667282404943e-01 3.771942464838645925e+00
3.051000000000000156e+01 5.960438503941420940e-01 3.808799251804476871e+00
3.051999999999999957e+01 6.088600069671114001e-01 3.845701335225562900e+00
3.053000000000000114e+01 6.210672808411138446e-01 3.882659467591155433e+00
3.053999999999999915e+01 6.326429659266881167e-01 3.919682490968170452e+00
3.055000000000000071e+01 6.435634066252873264e-01 3.956777386567817079e+00
3.056000000000000227e+01 6.538040367236482853e-01 3.993949379581647197e+00
3.057000000000000028e+01 6.633394503903479178e-01 4.031202091655715414e+00
3.058000000000000185e+01 6.721435178183713388e-01 4.068537761282543741e+00
3.058999999999999986e+01 6.801895391822396775e-01 4.105957526618391640e+00
3.060000000000000142e+01 6.874504280184907667e-01 4.143461759998924521e+00
3.060999999999999943e+01 6.938989192940601125e-01 4.181050452385205674e+00
3.062000000000000099e+01 6.995077953007006188e-01 4.218723640974211264e+00
3.062999999999999901e+01 7.042501194770244277e-01 4.256481869995331735e+00
3.064000000000000057e+01 7.080994575009459391e-01 4.294326661503753861e+00
3.065000000000000213e+01 7.110300860155891467e-01 4.332260998694964726e+00
3.066000000000000014e+01 7.130171638454477767e-01 4.370289792873127688e+00
3.067000000000000171e+01 7.140368691851987082e-01 4.408420341083227889e+00
3.067999999999999972e+01 7.140664742002166276e-01 4.446662741284958642e+00
3.069000000000000128e+01 7.130843664030227513e-01 4.485030280457949381e+00
3.069999999999999929e+01 7.110700026627096992e-01 4.523539781752450750e+00
3.071000000000000085e+01 7.080037928225517696e-01 4.562211911937552600e+00
3.071999999999999886e+01 7.038669151150844794e-01 4.601071458962636029e+00
3.073000000000000043e+01 6.986410606864741357e-01 4.640147583605745751e+00
3.074000000000000199e+01 6.923081098406091982e-01 4.679474059455979607e+00
3.075000000000000000e+01 6.848497411887458641e-01 4.719089515730642503e+00
3.076000000000000156e+01 6.762469747951685983e-01 4.759037701098991491e+00
3.076999999999999957e+01 6.664796482801580435e-01 4.799367788130891377e+00
3.078000000000000114e+01 6.555258237235941365e-01 4.840134741805728780e+00
3.078999999999999915e+01 6.433611193860930832e-01 4.881399778030550252e+00
3.080000000000000071e+01 6.299579564334285564e-01 4.923230941531044458e+00
3.081000000000000227e+01 6.152847055498393836e-01 4.965703837809643417e+00
3.082000000000000028e+01 5.993047134338610471e-01 5.008902559074591920e+00
3.083000000000000185e+01 5.819751803140719160e-01 5.052920853469133888e+00
3.083999999999999986e+01 5.632458514147921091e-01 5.097863597128521107e+00
3.085000000000000142e+01 5.430574727610597563e-01 5.143848644914499779e+00
3.085999999999999943e+01 5.213399510417907612e-01 5.191009150937017758e+00
3.087000000000000099e+01 4.980101407283914483e-01 5.239496473108799179e+00
3.087999999999999901e+01 4.729691663893605402e-01 5.289483800103034206e+00
3.089000000000000057e+01 4.460991765325083569e-01 5.341170659608257765e+00
3.090000000000000213e+01 4.172594265340838771e-01 5.394788476269253508e+00
3.091000000000000014e+01 3.862816535123334005e-01 5.450607262333416969e+00
3.092000000000000171e+01 3.529648205454806176e-01 5.508943394398927218e+00
3.092999999999999972e+01 3.170697354117591460e-01 5.570167860344482413e+00
3.094000000000000128e+01 2.783149582110114317e-01 5.634713145131382994e+00
3.094999999999999929e+01 2.363775475825927175e-01 5.703074018675954093e+00
3.096000000000000085e+01 1.909067456441603527e-01 5.775791228742247263e+00
3.097000000000000242e+01 1.415675605741656962e-01 5.853394797349009693e+00
3.098000000000000043e+01 8.814475707672736471e-02 5.936264560828129255e+00
3.099000000000000199e+01 3.074452621119343546e-02 6.024355408260887224e+00
3.100000000000000000e+01 -2.991634849964890444e-02 6.116799081021801143e+00
3.101000000000000156e+01 -9.231225942520336625e-02 6.211626962533758345e+00
3.101999999999999957e+01 -1.543366288007340936e-01 6.306077616041137368e+00
3.103000000000000114e+01 -2.139885157516124292e-01 6.397536784579997082e+00
3.103999999999999915e+01 -2.699678110397990549e-01 6.484350787164415486e+00
3.105000000000000071e+01 -3.217562963678462507e-01 6.565931116513656463e+00
3.106000000000000227e+01 -3.693623201595475636e-01 6.642398792529476736e+00
3.107000000000000028e+01 -4.130471948316777331e-01 6.714207958034008605e+00
3.108000000000000185e+01 -4.531533765806800007e-01 6.781912193319184823e+00
3.108999999999999986e+01 -4.900212408374806095e-01 6.846053331653405571e+00
3.110000000000000142e+01 -5.239564322239317340e-01 6.907119415360934767e+00
3.110999999999999943e+01 -5.552211998952655270e-01 6.965534938890561634e+00
3.112000000000000099e+01 -5.840357142534000623e-01 7.021664168066978462e+00
3.112999999999999901e+01 -6.105828961499017993e-01 7.075818773729831257e+00
3.114000000000000057e+01 -6.350139740081038875e-01 7.128266076990642297e+00
3.115000000000000213e+01 -6.574537017543065076e-01 7.179236536385228185e+00
3.116000000000000014e+01 -6.780049001795738217e-01 7.228930081467163760e+00
3.117000000000000171e+01 -6.967522885476997718e-01 7.277521292836385491e+00
3.117999999999999972e+01 -7.137656798947018544e-01 7.325163561658567524e+00
3.119000000000000128e+01 -7.291026458807362554e-01 7.371992395441729684e+00
3.119999999999999929e+01 -7.428107534003511869e-01 7.418128026516582985e+00
3.121000000000000085e+01 -7.549294610024875896e-01 7.463677457457836617e+00
3.122000000000000242e+01 -7.654917468965335425e-01 7.508736054880919220e+00
3.123000000000000043e+01 -7.745255247242032182e-01 7.553388782543076552e+00
3.124000000000000199e+01 -7.820548897468881933e-01 7.597711148532999559e+00
3.125000000000000000e+01 -7.881012264979793125e-01 7.641769928459707373e+00
3.126000000000000156e+01 -7.926841994176443418e-01 7.685623717154786760e+00
3.126999999999999957e+01 -7.958226401295992458e-01 7.729323354261734558e+00
3.128000000000000114e+01 -7.975353384406883572e-01 7.772912263301402724e+00
3.128999999999999915e+01 -7.978417392000369812e-01 7.816426739656725964e+00
3.130000000000000071e+01 -7.967625435478565832e-01 7.859896218743390506e+00
3.131000000000000227e+01 -7.943202105645386091e-01 7.903343551925128274e+00
3.132000000000000028e+01 -7.905393544760693780e-01 7.946785313424082453e+00
3.133000000000000185e+01 -7.854470327765212811e-01 7.990232156746081671e+00
3.133999999999999986e+01 -7.790729222154065825e-01 8.033689233825635156e+00
3.135000000000000142e+01 -7.714493822012086222e-01 8.077156684257229102e+00
3.135999999999999943e+01 -7.626114088398542323e-01 8.120630195694317877e+00
3.137000000000000099e+01 -7.525964860875966611e-01 8.164101630708053392e+00
3.137999999999999901e+01 -7.414443458479883509e-01 8.207559708996903680e+00
3.139000000000000057e+01 -7.291966510015651659e-01 8.250990729638875365e+00
3.140000000000000213e+01 -7.158966196925587999e-01 8.294379313898057049e+00
3.141000000000000014e+01 -7.015886102493024135e-01 8.337709147376779484e+00
3.142000000000000171e+01 -6.863176873970109337e-01 8.380963699504999198e+00
3.142999999999999972e+01 -6.701291894677706695e-01 8.424126899900194587e+00
3.144000000000000128e+01 -6.530683155664150918e-01 8.467183752269262342e+00
3.144999999999999929e+01 -6.351797469812312524e-01 8.510120873432496680e+00
3.146000000000000085e+01 -6.165073164330865385e-01 8.552926944776270801e+00
3.147000000000000242e+01 -5.970937314202470203e-01 8.595593073822188401e+00
3.148000000000000043e+01 -5.769803596291238623e-01 8.638113060212708305e+00
3.149000000000000199e+01 -5.562070751455584494e-01 8.680483572575266038e+00
3.150000000000000000e+01 -5.348121637647100801e-01 8.722704241610024667e+00
3.151000000000000156e+01 -5.128322855745582887e-01 8.764777675919514621e+00
3.151999999999999957e+01 -4.903024864434596952e-01 8.806709413100000106e+00
3.153000000000000114e+01 -4.672562529296311884e-01 8.848507815394309972e+00
3.153999999999999915e+01 -4.437256038788154333e-01 8.890183920218071023e+00
3.155000000000000071e+01 -4.197412100100323396e-01 8.931751257371876918e+00
3.156000000000000227e+01 -3.953325360481131923e-01 8.973225640645583923e+00
3.157000000000000028e+01 -3.705279983949085754e-01 9.014624942990758782e+00
3.158000000000000185e+01 -3.453551335938065403e-01 9.055968861318827834e+00
3.158999999999999986e+01 -3.198407743037007256e-01 9.097278674956907452e+00
3.160000000000000142e+01 -2.940112262798597609e-01 9.138577005694710209e+00
3.160999999999999943e+01 -2.678924464912598169e-01 9.179887578513287849e+00
3.162000000000000099e+01 -2.415102208343926082e-01 9.221234985018474717e+00
3.162999999999999901e+01 -2.148903384048211629e-01 9.262644451975706517e+00
3.164000000000000057e+01 -1.880587628892960994e-01 9.304141614436995056e+00
3.165000000000000213e+01 -1.610418017651400469e-01 9.345752291242703791e+00
3.166000000000000014e+01 -1.338662728213868280e-01 9.387502263253418633e+00
3.167000000000000171e+01 -1.065596679822165271e-01 9.429417053180159769e+00
3.167999999999999972e+01 -7.915031658639806733e-02 9.471521703762743272e+00
3.169000000000000128e+01 -5.166754676960243209e-02 9.513840555262312648e+00
3.169999999999999929e+01 -2.414184712670576494e-02 9.556397018374294561e+00
3.171000000000000085e+01 3.394973285319659306e-03 9.599213344328765274e+00
3.172000000000000242e+01 3.090962602430656972e-02 9.642310390691271493e+00
3.173000000000000043e+01 5.836718432698981968e-02 9.685707380267400524e+00
3.174000000000000199e+01 8.573092991803947516e-02 9.729421659899818664e+00
3.175000000000000000e+01 1.129622106126330489e-01 9.773468464853909410e+00
3.176000000000000156e+01 1.400202955466612054e-01 9.817860670396889589e+00
3.176999999999999957e+01 1.668622609603973295e-01 9.862608574402512929e+00
3.178000000000000114e+01 1.934428803210232473e-01 9.907719673217219025e+00
3.178999999999999915e+01 2.197145488129360058e-01 9.953198473744977903e+00
3.180000000000000071e+01 2.456272425474612386e-01 9.999046340567442570e+00
3.181000000000000227e+01 2.711285086849224424e-01 1.004526137302658739e+01
3.182000000000000028e+01 2.961635051154217213e-01 1.009183833938377717e+01
3.183000000000000185e+01 3.206750995416497441e-01 1.013876868382962115e+01
3.183999999999999986e+01 3.446040282352462181e-01 1.018604060907980013e+01
3.185000000000000142e+01 3.678891084707061054e-01 1.023363923141467779e+01
3.185999999999999943e+01 3.904675284652796008e-01 1.028154684240339201e+01
3.187000000000000099e+01 4.122751970314663117e-01 1.032974326637631535e+01
3.187999999999999901e+01 4.332471535521398853e-01 1.037820631441461572e+01
3.189000000000000057e+01 4.533180304373352065e-01 1.042691233746502633e+01
3.190000000000000213e+01 4.724225579602797098e-01 1.047583687471648517e+01
3.191000000000000014e+01 4.904960864242434715e-01 1.052495537044744722e+01
3.192000000000000171e+01 5.074751173874768595e-01 1.057424396152545754e+01
3.192999999999999972e+01 5.232978168286389620e-01 1.062368030859828494e+01
3.194000000000000128e+01 5.379044857826900117e-01 1.067324444598332178e+01
3.194999999999999929e+01 5.512379708073044116e-01 1.072291963959888328e+01
3.196000000000000085e+01 5.632439887668923006e-01 1.077269322537294549e+01
3.197000000000000242e+01 5.738713486646838113e-01 1.082255741346079247e+01
3.198000000000000043e+01 5.830720553407073847e-01 1.087251004786645225e+01
3.199000000000000199e+01 5.908012816845524817e-01 1.092255531157169557e+01
3.200000000000000000e+01 5.970172021938270346e-01 1.097270437782786345e+01
3.200999999999999801e+01 6.016806845424925720e-01 1.102297601613287092e+01
3.202000000000000313e+01 6.047548357549256126e-01 1.107339716491433990e+01
3.203000000000000114e+01 6.062044028370672244e-01 1.112400349136653510e+01
3.203999999999999915e+01 6.059950279017585206e-01 1.117483996619383291e+01
3.204999999999999716e+01 6.040923582812267600e-01 1.122596149427725187e+01
3.206000000000000227e+01 6.004610026196194328e-01 1.127743363614909100e+01
3.207000000000000028e+01 5.950633263298819031e-01 1.132933347802938684e+01
3.207999999999999829e+01 5.878580659584725643e-01 1.138175070822633650e+01
3.209000000000000341e+01 5.787987368172582414e-01 1.143478897352379242e+01
3.210000000000000142e+01 5.678317935500213354e-01 1.148856760251161191e+01
3.210999999999999943e+01 5.548944910922253282e-01 1.154322380053985420e+01
3.211999999999999744e+01 5.399123770114123699e-01 1.159891544156611509e+01
3.213000000000000256e+01 5.227963318939389259e-01 1.165582460419547139e+01
3.214000000000000057e+01 5.034390696436598089e-01 1.171416200863970758e+01
3.214999999999999858e+01 4.817110077466692508e-01 1.177417252628248612e+01
3.216000000000000369e+01 4.574555139257632796e-01 1.183614181010199218e+01
3.217000000000000171e+01 4.304836818001392951e-01 1.190040392424917393e+01
3.217999999999999972e+01 4.005692949473146358e-01 1.196734918303598327e+01
3.218999999999999773e+01 3.674457203194895216e-01 1.203742997392556546e+01
3.220000000000000284e+01 3.308089150797370315e-01 1.211115902120614507e+01
3.221000000000000085e+01 2.903358377719185146e-01 1.218908752777510784e+01
3.221999999999999886e+01 2.457370230977614090e-01 1.227173745081935508e+01
3.223000000000000398e+01 1.968750465489004231e-01 1.235944375752642088e+01
3.224000000000000199e+01 1.439810007221584698e-01 1.245206072484400117e+01
3.225000000000000000e+01 8.793601242718331046e-02 1.254857450734009561e+01
3.225999999999999801e+01 3.040613515716626691e-02 1.264691078936746571e+01
3.227000000000000313e+01 -2.647732439035761776e-02 1.274436280100657726e+01
3.228000000000000114e+01 -8.081264062104429047e-02 1.283853415521426911e+01
3.228999999999999915e+01 -1.314288405199942888e-01 1.292801607502540051e+01
3.229999999999999716e+01 -1.778893929273928365e-01 1.301238401530045330e+01
3.231000000000000227e+01 -2.202287078658677899e-01 1.309183322141028505e+01
3.232000000000000028e+01 -2.587010390128960391e-01 1.316683662499886331e+01
3.232999999999999829e+01 -2.936286421665625923e-01 1.323794131659142259e+01
3.234000000000000341e+01 -3.253292856884837381e-01 1.330567394202351572e+01
3.235000000000000142e+01 -3.540880409966032927e-01 1.337050593171984403e+01
3.235999999999999943e+01 -3.801499805367740681e-01 1.343284635105847791e+01
3.236999999999999744e+01 -4.037216188003598383e-01 1.349304584138630148e+01
3.238000000000000256e+01 -4.249754362851970724e-01 1.355140409774657506e+01
3.239000000000000057e+01 -4.440550573409968171e-01 1.360817773137647535e+01
3.239999999999999858e+01 -4.610801282967593728e-01 1.366358734377850581e+01
3.241000000000000369e+01 -4.761505911732123453e-01 1.371782349050831407e+01
3.242000000000000171e+01 -4.893503174453844862e-01 1.377105155333685893e+01
3.242999999999999972e+01 -5.007501640870084536e-01 1.382341565501729796e+01
3.243999999999999773e+01 -5.104105419206232952e-01 1.387504177648654924e+01
3.245000000000000284e+01 -5.183835827183659317e-01 1.392604022407358499e+01
3.246000000000000085e+01 -5.247149864271786202e-01 1.397650758540123483e+01
3.246999999999999886e+01 -5.294456069324089409e-01 1.402652827908095468e+01
3.248000000000000398e+01 -5.326128147507172006e-01 1.407617577218866067e+01
3.249000000000000199e+01 -5.342516875271433596e-01 1.412551356552980231e+01
3.250000000000000000e+01 -5.343960400087676144e-01 1.417459598848621560e+01
3.250999999999999801e+01 -5.330793161246255574e-01 1.422346886233932217e+01
3.252000000000000313e+01 -5.303353511809534293e-01 1.427217007367670121e+01
3.253000000000000114e+01 -5.261990105730037781e-01 1.432073009436976108e+01
3.253999999999999915e+01 -5.207067071608222353e-01 1.436917247860565716e+01
3.254999999999999716e+01 -5.138967983535520645e-01 1.441751435994684805e+01
3.256000000000000227e+01 -5.058098637346127857e-01 1.446576697019479951e+01
3.257000000000000028e+01 -4.964888646241406578e-01 1.451393619062293894e+01
3.257999999999999829e+01 -4.859791890549490789e-01 1.456202314339600790e+01
3.259000000000000341e+01 -4.743285884608809955e-01 1.461002482586349949e+01
3.260000000000000142e+01 -4.615870151173505076e-01 1.465793478299422503e+01
3.260999999999999943e+01 -4.478063723175664257e-01 1.470574381029173239e+01
3.261999999999999744e+01 -4.330401925289223408e-01 1.475344067425436378e+01
3.263000000000000256e+01 -4.173432606535160128e-01 1.480101283512866495e+01
3.264000000000000057e+01 -4.007712009045992785e-01 1.484844715501144208e+01
3.264999999999999858e+01 -3.833800473756848737e-01 1.489573057297146264e+01
3.266000000000000369e+01 -3.652258153168171373e-01 1.494285073201791469e+01
3.267000000000000171e+01 -3.463640828945299677e-01 1.498979654978005627e+01
3.267999999999999972e+01 -3.268496245836955971e-01 1.503655869668251199e+01
3.268999999999999773e+01 -3.067360743754238839e-01 1.508313000546841209e+01
3.270000000000000284e+01 -2.860756511563959936e-01 1.512950578470409901e+01
3.271000000000000085e+01 -2.649189269537662317e-01 1.517568405641920215e+01
3.271999999999999886e+01 -2.433146824883078430e-01 1.522166568378254148e+01
3.273000000000000398e+01 -2.213098016374657473e-01 1.526745443660487389e+01
3.274000000000000199e+01 -1.989492370177617375e-01 1.531305696909272385e+01
3.275000000000000000e+01 -1.762760254205298083e-01 1.535848273413928311e+01
3.275999999999999801e+01 -1.533313534072991424e-01 1.540374383776525491e+01
3.277000000000000313e+01 -1.301546658204445484e-01 1.544885484405588372e+01
3.278000000000000114e+01 -1.067838131716764977e-01 1.549383253563311236e+01
3.278999999999999915e+01 -8.325522562618276057e-02 1.553869564737730791e+01
3.279999999999999716e+01 -5.960411607837631798e-02 1.558346456776792799e+01
3.281000000000000227e+01 -3.586470158657785456e-02 1.562816102269250251e+01
3.282000000000000028e+01 -1.207043880345440301e-02 1.567280774594553350e+01
3.282999999999999829e+01 1.174572880485980769e-02 1.571742813801467697e+01
3.284000000000000341e+01 3.555111676793345360e-02 1.576204591871064764e+01
3.285000000000000142e+01 5.931304252017239459e-02 1.580668477729623156e+01
3.285999999999999943e+01 8.299856906804527201e-02 1.585136802325345151e+01
3.286999999999999744e+01 1.065742516751053276e-01 1.589611823985537242e+01
3.288000000000000256e+01 1.300058870694258961e-01 1.594095694024926679e+01
3.289000000000000057e+01 1.532582855979654490e-01 1.598590424499429119e+01
3.289999999999999858e+01 1.762950450237024680e-01 1.603097856228220053e+01
3.291000000000000369e+01 1.990783533644748526e-01 1.607619629651617643e+01
3.292000000000000171e+01 2.215688168795813540e-01 1.612157158485670649e+01
3.292999999999999972e+01 2.437253127741529080e-01 1.616711605942785823e+01
3.293999999999999773e+01 2.655048943491334912e-01 1.621283867034518522e+01
3.295000000000000284e+01 2.868627219293352626e-01 1.625874553792072419e+01
3.296000000000000085e+01 3.077520625515125507e-01 1.630483988857969635e+01
3.296999999999999886e+01 3.281243328798803538e-01 1.635112204630571853e+01
3.298000000000000398e+01 3.479292047904523066e-01 1.639758950249281000e+01
3.299000000000000199e+01 3.671147804421994731e-01 1.644423708599590839e+01
3.300000000000000000e+01 3.856278199873331980e-01 1.649105720589141555e+01
3.300999999999999801e+01 4.034140256471954178e-01 1.653804018021930489e+01
3.302000000000000313e+01 4.204183928178263363e-01 1.658517467559997272e+01
3.303000000000000114e+01 4.365855893621282124e-01 1.663244820745954300e+01
3.303999999999999915e+01 4.518603732214935831e-01 1.667984772360714274e+01
3.304999999999999716e+01 4.661880243097703547e-01 1.672736024709159963e+01
3.306000000000000227e+01 4.795147716769259660e-01 1.677497356194292877e+01
3.307000000000000028e+01 4.917881998784930930e-01 1.682267692687204175e+01
3.307999999999999829e+01 5.029576162622132474e-01 1.687046180031257236e+01
3.309000000000000341e+01 5.129743583263473017e-01 1.691832255748917646e+01
3.310000000000000142e+01 5.217920241678164484e-01 1.696625718400987637e+01
3.310999999999999943e+01 5.293666127168612512e-01 1.701426793531721771e+01
3.311999999999999744e+01 5.356565638837044174e-01 1.706236195577645987e+01
3.313000000000000256e+01 5.406226860176680526e-01 1.711055185107446519e+01
3.314000000000000057e+01 5.442279734374708688e-01 1.715885622328956117e+01
3.314999999999999858e+01 5.464372990580839140e-01 1.720730016706106724e+01
3.316000000000000369e+01 5.472169940241191632e-01 1.725591575259200283e+01
3.317000000000000171e+01 5.465343055584005461e-01 1.730474250713572459e+01
3.317999999999999972e+01 5.443567359754567514e-01 1.735382792475760638e+01
3.318999999999999773e+01 5.406512596637454982e-01 1.740322803320635003e+01
3.320000000000000284e+01 5.353834112974474868e-01 1.745300806031563923e+01
3.321000000000000085e+01 5.285162359372126417e-01 1.750324323317315844e+01
3.321999999999999886e+01 5.200090823889875757e-01 1.755401977505056976e+01
3.323000000000000398e+01 5.098162147138530775e-01 1.760543615336165502e+01
3.324000000000000199e+01 4.978852055278774613e-01 1.765760465764441278e+01
3.325000000000000000e+01 4.841550620174470132e-01 1.771065339769516456e+01
3.325999999999999801e+01 4.685540229843208615e-01 1.776472883025554594e+01
3.327000000000000313e+01 4.509969444886136047e-01 1.781999895400667100e+01
3.328000000000000114e+01 4.313821908122503213e-01 1.787665731349131804e+01
3.328999999999999915e+01 4.095879353646602050e-01 1.793492798137316413e+01
3.329999999999999716e+01 3.854678098141960940e-01 1.799507165136080999e+01
3.331000000000000227e+01 3.588459569838784446e-01 1.805739283547329777e+01
3.332000000000000028e+01 3.295118191304814981e-01 1.812224780498530308e+01
3.332999999999999829e+01 2.972157071932235994e-01 1.819005198095089781e+01
3.334000000000000341e+01 2.616677713814984374e-01 1.826128335758716759e+01
3.335000000000000142e+01 2.225464755654893989e-01 1.833647379560967039e+01
3.335999999999999943e+01 1.795295792673546054e-01 1.841617048315246663e+01
3.336999999999999744e+01 1.323723333519571665e-01 1.850083346891993585e+01
3.338000000000000256e+01 8.106870236111883565e-02 1.859061904948890032e+01
3.339000000000000057e+01 2.611103964175025965e-02 1.868502539643551330e+01
3.339999999999999858e+01 -3.125487149292061062e-02 1.878253908783538151e+01
3.341000000000000369e+01 -8.907418508571772475e-02 1.888068731176964121e+01
3.342000000000000171e+01 -1.452268937226715573e-01 1.897677408461079906e+01
3.342999999999999972e+01 -1.981121613384605740e-01 1.906880910868278178e+01
3.343999999999999773e+01 -2.469203451778362313e-01 1.915587081086382071e+01
3.345000000000000284e+01 -2.914689436306139303e-01 1.923787455226090870e+01
3.346000000000000085e+01 -3.319200485860573924e-01 1.931518424930896316e+01
3.346999999999999886e+01 -3.685726683279131333e-01 1.938833090843925788e+01
3.348000000000000398e+01 -4.017518177210608887e-01 1.945786518737203252e+01
3.349000000000000199e+01 -4.317603006041205171e-01 1.952429551105162631e+01
3.350000000000000000e+01 -4.588624263561331684e-01 1.958806899829244230e+01
3.350999999999999801e+01 -4.832819359780345381e-01 1.964957090109930959e+01
3.352000000000000313e+01 -5.052054703408611624e-01 1.970913085160499989e+01
3.353000000000000114e+01 -5.247877092917718755e-01 1.976703079821033171e+01
3.353999999999999915e+01 -5.421565880973070461e-01 1.982351259840833535e+01
3.354999999999999716e+01 -5.574180114077805781e-01 1.987878458508996715e+01
3.356000000000000227e+01 -5.706599197631274656e-01 1.993302698750172297e+01
3.357000000000000028e+01 -5.819557357674869369e-01 1.998639630114685062e+01
3.357999999999999829e+01 -5.913672731768914170e-01 2.003902876453096482e+01
3.359000000000000341e+01 -5.989471981382303856e-01 2.009104309873793781e+01
3.360000000000000142e+01 -6.047411317721750335e-01 2.014254266490716816e+01
3.360999999999999943e+01 -6.087894576006863678e-01 2.019361715429672088e+01
3.361999999999999744e+01 -6.111288902267255629e-01 2.024434392136636163e+01
3.363000000000000256e+01 -6.117938354827049396e-01 2.029478902862357970e+01
3.364000000000000057e+01 -6.108175832731888022e-01 2.034500809866448634e+01
3.364999999999999858e+01 -6.082333379779015781e-01 2.039504701267368603e+01
3.366000000000000369e+01 -6.040751039370483300e-01 2.044494251746855440e+01
3.367000000000000171e+01 -5.983784278114644417e-01 2.049472277912884977e+01
3.367999999999999972e+01 -5.911810001057923314e-01 2.054440791806497302e+01
3.368999999999999773e+01 -5.825231157223748069e-01 2.059401055817097870e+01
3.370000000000000284e+01 -5.724479926364917093e-01 2.064353640591790295e+01
3.371000000000000085e+01 -5.610019504292831360e-01 2.069298487795705199e+01
3.371999999999999886e+01 -5.482344521477213739e-01 2.074234978248555095e+01
3.373000000000000398e+01 -5.341980166157106469e-01 2.079162005569281035e+01
3.374000000000000199e+01 -5.189480123051137817e-01 2.084078054683494585e+01
3.375000000000000000e+01 -5.025423475413323127e-01 2.088981284032018237e+01
3.375999999999999801e+01 -4.850410753549315723e-01 2.093869609844990620e+01
3.377000000000000313e+01 -4.665059345403511637e-01 2.098740790473770801e+01
3.378000000000000114e+01 -4.469998454128396026e-01 2.103592509051803106e+01
3.378999999999999915e+01 -4.265863913235846128e-01 2.108422451611792070e+01
3.379999999999999716e+01 -4.053292981237114900e-01 2.113228379626488618e+01
3.381000000000000227e+01 -3.832919365837407222e-01 2.118008194842474623e+01
3.382000000000000028e+01 -3.605368627382393165e-01 2.122759995304834391e+01
3.382999999999999829e+01 -3.371254090310767948e-01 2.127482121768452927e+01
3.384000000000000341e+01 -3.131173351408712002e-01 2.132173194149132911e+01
3.385000000000000142e+01 -2.885705436175502459e-01 2.136832138107237000e+01
3.385999999999999943e+01 -2.635408610032607957e-01 2.141458202134993627e+01
3.386999999999999744e+01 -2.380818840901994804e-01 2.146050965999871352e+01
3.388000000000000256e+01 -2.122448924980116225e-01 2.150610341088877320e+01
3.389000000000000057e+01 -1.860787975568803376e-01 2.155136565260495018e+01
3.389999999999999858e+01 -1.596301650755370394e-01 2.159630190231500535e+01
3.391000000000000369e+01 -1.329432619489165357e-01 2.164092065879425775e+01
3.392000000000000171e+01 -1.060601370026176410e-01 2.168523321080012778e+01
3.392999999999999972e+01 -7.902073958168927270e-02 2.172925341080184225e+01
3.393999999999999773e+01 -5.186304564487374119e-02 2.177299744321102892e+01
3.395000000000000284e+01 -2.462320830086202339e-02 2.181648357431186369e+01
3.396000000000000085e+01 2.664284657816384100e-03 2.185973190006498967e+01
3.396999999999999886e+01 2.996644544495153523e-02 2.190276409199194063e+01
3.398000000000000398e+01 5.725161486791324056e-02 2.194560314282864510e+01
3.399000000000000199e+01 8.448928956116587285e-02 2.198827311627008640e+01
3.400000000000000000e+01 1.116499472867087256e-01 2.203079889995833796e+01
3.400999999999999801e+01 1.387048673751161698e-01 2.207320595514972794e+01
3.402000000000000313e+01 1.656259563556937986e-01 2.211552007841649470e+01
3.403000000000000114e+01 1.923855643133679794e-01 2.215776715263338659e+01
3.403999999999999915e+01 2.189563075120320446e-01 2.219997290819820179e+01
3.404999999999999716e+01 2.453108822867877681e-01 2.224216267353464005e+01
3.406000000000000227e+01 2.714218821794458503e-01 2.228436112981884065e+01
3.407000000000000028e+01 2.972616093277081206e-01 2.232659205736249319e+01
3.407999999999999829e+01 3.228018875875636740e-01 2.236887808259256971e+01
3.409000000000000341e+01 3.480138735112150994e-01 2.241124041988962645e+01
3.410000000000000142e+01 3.728678714446800324e-01 2.245369861558905811e+01
3.410999999999999943e+01 3.973331514737405423e-01 2.249627029189921856e+01
3.411999999999999744e+01 4.213777785310272583e-01 2.253897090124259606e+01
3.413000000000000256e+01 4.449684517982452348e-01 2.258181348894126828e+01
3.414000000000000057e+01 4.680703670272517991e-01 2.262480848154998725e+01
3.414999999999999858e+01 4.906470997401167211e-01 2.266796349664940280e+01
3.416000000000000369e+01 5.126605263011871916e-01 2.271128319927592187e+01
3.417000000000000171e+01 5.340707796246625394e-01 2.275476919790832042e+01
3.417999999999999972e+01 5.548362569054292592e-01 2.279842000905343724e+01
3.418999999999999773e+01 5.749136823919771544e-01 2.284223109302721610e+01
3.420000000000000284e+01 5.942582205487696445e-01 2.288619495712163143e+01
3.421000000000000085e+01 6.128236625978320529e-01 2.293030136277711861e+01
3.421999999999999886e+01 6.305626770330201580e-01 2.297453762708134306e+01
3.423000000000000398e+01 6.474271122548415081e-01 2.301888900825966999e+01
3.424000000000000199e+01 6.633683652503049588e-01 2.306333919801412691e+01
3.425000000000000000e+01 6.783377908983229121e-01 2.310787089576229647e+01
3.425999999999999801e+01 6.922871432295070182e-01 2.315246645780539581e+01
3.427000000000000313e+01 7.051690357976204693e-01 2.319710861182809580e+01
3.428000000000000114e+01 7.169373902159518197e-01 2.324178120264081215e+01
3.428999999999999915e+01 7.275478682672931185e-01 2.328646996832235416e+01
3.430000000000000426e+01 7.369582454269946181e-01 2.333116329767464237e+01
3.431000000000000227e+01 7.451287338866326992e-01 2.337585298357657138e+01
3.432000000000000028e+01 7.520222042472438639e-01 2.342053491147734334e+01
3.432999999999999829e+01 7.576043173881779058e-01 2.346520970089190428e+01
3.434000000000000341e+01 7.618435461338892711e-01 2.350988327785618637e+01
3.435000000000000142e+01 7.647110776885100991e-01 2.355456737169333081e+01
3.435999999999999943e+01 7.661806011659002547e-01 2.359927994778697524e+01
3.436999999999999744e+01 7.662279760989475497e-01 2.364404557857731604e+01
3.438000000000000256e+01 7.648307877198378124e-01 2.368889577159913173e+01
3.439000000000000057e+01 7.619677930101109720e-01 2.373386927454576067e+01
3.439999999999999858e+01 7.576182621986555787e-01 2.377901238351121549e+01
3.441000000000000369e+01 7.517612179079941059e-01 2.382437928329212795e+01
3.442000000000000171e+01 7.443745727812781654e-01 2.387003245536841689e+01
3.442999999999999972e+01 7.354341608700161181e-01 2.391604319225327657e+01
3.443999999999999773e+01 7.249126521813572532e-01 2.396249226263280718e+01
3.445000000000000284e+01 7.127783325920201696e-01 2.400947077854790379e+01
3.446000000000000085e+01 6.989937232322402938e-01 2.405708132403553279e+01
3.446999999999999886e+01 6.835140009049734955e-01 2.410543941721840611e+01
3.448000000000000398e+01 6.662851692021285466e-01 2.415467539197391744e+01
3.449000000000000199e+01 6.472419128476205596e-01 2.420493680705293826e+01
3.450000000000000000e+01 6.263050558741736218e-01 2.425639150761596241e+01
3.450999999999999801e+01 6.033785247534437790e-01 2.430923149127672289e+01
3.452000000000000313e+01 5.783457112562856439e-01 2.436367774438572198e+01
3.453000000000000114e+01 5.510651399047230559e-01 2.441998621357959109e+01
3.453999999999999915e+01 5.213654504199383144e-01 2.447845493593149158e+01
3.455000000000000426e+01 4.890398834359502289e-01 2.453943214114937277e+01
3.456000000000000227e+01 4.538410708318874054e-01 2.460332431246656526e+01
3.457000000000000028e+01 4.154782325067834514e-01 2.467060144809241606e+01
3.457999999999999829e+01 3.736218319326671256e-01 2.474179272357527637e+01
3.459000000000000341e+01 3.279268824488018597e-01 2.481745727308780403e+01
3.460000000000000142e+01 2.780971799360729690e-01 2.489809933032857003e+01
3.460999999999999943e+01 2.240263215222137727e-01 2.498397763735997046e+01
3.461999999999999744e+01 1.660440379996249161e-01 2.507476802069125199e+01
3.463000000000000256e+01 1.052029125882059934e-01 2.516916614553437626e+01
3.464000000000000057e+01 4.333694967730145758e-02 2.526480007453913146e+01
3.464999999999999858e+01 -1.739238010894513659e-02 2.535884770106012809e+01
3.466000000000000369e+01 -7.522725627918420976e-02 2.544903677330910341e+01
3.467000000000000171e+01 -1.292078955385829453e-01 2.553418092117549421e+01
3.467999999999999972e+01 -1.790699700197126154e-01 2.561403289949067386e+01
3.468999999999999773e+01 -2.249536236373111953e-01 2.568888281039781063e+01
3.470000000000000284e+01 -2.671689929263302288e-01 2.575923786554957218e+01
3.471000000000000085e+01 -3.060658711452078906e-01 2.582564691174870219e+01
3.471999999999999886e+01 -3.419755221433538606e-01 2.588862405887719476e+01
3.473000000000000398e+01 -3.751901581492433913e-01 2.594862336602555075e+01
3.474000000000000199e+01 -4.059593646246333898e-01 2.600603604659100299e+01
3.475000000000000000e+01 -4.344932068831190430e-01 2.606119621609405712e+01
3.475999999999999801e+01 -4.609674177008138973e-01 2.611438901734042872e+01
3.477000000000000313e+01 -4.855287633673027736e-01 2.616585863867828010e+01
3.478000000000000114e+01 -5.082998871614273773e-01 2.621581535706942390e+01
3.478999999999999915e+01 -5.293834479737146159e-01 2.626444142106164747e+01
3.480000000000000426e+01 -5.488655739369819875e-01 2.631189584557141359e+01
3.481000000000000227e+01 -5.668187213141536729e-01 2.635831827236818015e+01
3.482000000000000028e+01 -5.833040412261036867e-01 2.640383205785487775e+01
3.482999999999999829e+01 -5.983733502017007932e-01 2.644854673469552964e+01
3.484000000000000341e+01 -6.120707850784989912e-01 2.649255996915990252e+01
3.485000000000000142e+01 -6.244342076692003252e-01 2.653595911401255236e+01
3.485999999999999943e+01 -6.354964109494802837e-01 2.657882243771983255e+01
3.486999999999999744e+01 -6.452861661668273241e-01 2.662122009464154715e+01
3.488000000000000256e+01 -6.538291403697118476e-01 2.666321488896737790e+01
3.489000000000000057e+01 -6.611487067992755096e-01 2.670486287748734711e+01
3.489999999999999858e+01 -6.672666631692596440e-01 2.674621384796604318e+01
3.491000000000000369e+01 -6.722038673765462491e-01 2.678731170554005914e+01
3.492000000000000171e+01 -6.759807966204174345e-01 2.682819479527242734e+01
3.492999999999999972e+01 -6.786180319185444176e-01 2.686889618563870741e+01
3.493999999999999773e+01 -6.801366682135754349e-01 2.690944393500964082e+01
3.495000000000000284e+01 -6.805586487328814105e-01 2.694986136008384037e+01
3.496000000000000085e+01 -6.799070218528994181e-01 2.699016732240687233e+01
3.496999999999999886e+01 -6.782061187263231927e-01 2.703037654408625912e+01
3.498000000000000398e+01 -6.754816526276427036e-01 2.707049996332870734e+01
3.499000000000000199e+01 -6.717607403937796429e-01 2.711054513215777817e+01
3.500000000000000000e+01 -6.670718507117932017e-01 2.715051665721551899e+01
3.500999999999999801e+01 -6.614446866812619952e-01 2.719041667943984919e+01
3.502000000000000313e+01 -6.549100102800839984e-01 2.723024538412618512e+01
3.503000000000000114e+01 -6.474994218108723887e-01 2.727000153052080123e+01
3.503999999999999915e+01 -6.392451069520102003e-01 2.730968298703688646e+01
3.505000000000000426e+01 -6.301795654114730194e-01 2.734928725741519528e+01
3.506000000000000227e+01 -6.203353357316911953e-01 2.738881198288632035e+01
3.507000000000000028e+01 -6.097447296872222644e-01 2.742825540620190949e+01
3.507999999999999829e+01 -5.984395891353891939e-01 2.746761678459346356e+01
3.509000000000000341e+01 -5.864510727418643654e-01 2.750689674559003350e+01
3.510000000000000142e+01 -5.738094835467607568e-01 2.754609757458833030e+01
3.510999999999999943e+01 -5.605441399137619518e-01 2.758522343426675860e+01
3.511999999999999744e+01 -5.466832922727136168e-01 2.762428051539853513e+01
3.513000000000000256e+01 -5.322540868253899937e-01 2.766327711998730621e+01
3.514000000000000057e+01 -5.172825728557066682e-01 2.770222368324164108e+01
3.514999999999999858e+01 -5.017937511420154095e-01 2.774113273923582312e+01
3.516000000000000369e+01 -4.858116584836630336e-01 2.778001883806182803e+01
3.517000000000000171e+01 -4.693594830356989100e-01 2.781889842222942733e+01
3.517999999999999972e+01 -4.524597060046415264e-01 2.785778966870475770e+01
3.518999999999999773e+01 -4.351342635239075496e-01 2.789671230488217901e+01
3.520000000000000284e+01 -4.174047244328265016e-01 2.793568740406298900e+01
3.521000000000000085e+01 -3.992924791269243934e-01 2.797473716651162690e+01
3.521999999999999886e+01 -3.808189363551593987e-01 2.801388468989922487e+01
3.523000000000000398e+01 -3.620057246304613785e-01 2.805315373286925862e+01
3.524000000000000199e+01 -3.428748940128351075e-01 2.809256847677635704e+01
3.525000000000000000e+01 -3.234491176050253158e-01 2.813215328551713412e+01
3.525999999999999801e+01 -3.037518907092294218e-01 2.817193246584096045e+01
3.527000000000000313e+01 -2.838077249432867100e-01 2.821193003032635005e+01
3.528000000000000114e+01 -2.636423359329667093e-01 2.825216946460580658e+01
3.528999999999999915e+01 -2.432828239747384380e-01 2.829267349837329348e+01
3.530000000000000426e+01 -2.227578451032589391e-01 2.833346388303523256e+01
3.531000000000000227e+01 -2.020977706004560837e-01 2.837456117769669106e+01
3.532000000000000028e+01 -1.813348339887680960e-01 2.841598454401375307e+01
3.532999999999999829e+01 -1.605032618008672696e-01 2.845775155449720728e+01
3.534000000000000341e+01 -1.396393870465646170e-01 2.849987801476243376e+01
3.535000000000000142e+01 -1.187817410024981368e-01 2.854237780567970617e+01
3.535999999999999943e+01 -9.797112170235569573e-02 2.858526274736964368e+01
3.536999999999999744e+01 -7.725063484939070912e-02 2.862854249072716328e+01
3.538000000000000256e+01 -5.666570478908226904e-02 2.867222444106793944e+01
3.539000000000000057e+01 -3.626405138621369845e-02 2.871631371954305223e+01
3.539999999999999858e+01 -1.609563256675334425e-02 2.876081316528684795e+01
3.541000000000000369e+01 3.787452676782335215e-03 2.880572338650410202e+01
3.542000000000000171e+01 2.333109836530657122e-02 2.885104286149096353e+01
3.542999999999999972e+01 4.247936681558918404e-02 2.889676809732215901e+01
3.543999999999999773e+01 6.117469813238497756e-02 2.894289384290390998e+01
3.545000000000000284e+01 7.935815750250405087e-02 2.898941336503827770e+01
3.546000000000000085e+01 9.696970875569894954e-02 2.903631877964465957e+01
3.546999999999999886e+01 1.139485143318046262e-01 2.908360144404049663e+01
3.548000000000000398e+01 1.302332472173470257e-01 2.913125239918257137e+01
3.549000000000000199e+01 1.457624102064461746e-01 2.917926286403887914e+01
3.550000000000000000e+01 1.604746482947328745e-01 2.922762477130639880e+01
3.550999999999999801e+01 1.743090421964156589e-01 2.927633133918308772e+01
3.552000000000000313e+01 1.872053733409113352e-01 2.932537767459336564e+01
3.553000000000000114e+01 1.991043417784255087e-01 2.937476139554765098e+01
3.553999999999999915e+01 2.099477312948255514e-01 2.942448327503478822e+01
3.555000000000000426e+01 2.196785000753911088e-01 2.947454789151225540e+01
3.556000000000000227e+01 2.282407978367723411e-01 2.952496430057702526e+01
3.557000000000000028e+01 2.355798847762645420e-01 2.957574671168727676e+01
3.557999999999999829e+01 2.416419521560383421e-01 2.962691518814923342e+01
3.559000000000000341e+01 2.463738305854391852e-01 2.967849637559663378e+01
3.560000000000000142e+01 2.497225768820604541e-01 2.973052427916948659e+01
3.560999999999999943e+01 2.516349284260250285e-01 2.978304110329031928e+01
3.561999999999999744e+01 2.520566128867423039e-01 2.983609818642277034e+01
3.563000000000000256e+01 2.509314944504344447e-01 2.988975707619789901e+01
3.564000000000000057e+01 2.482005429394345264e-01 2.994409076937106562e+01
3.564999999999999858e+01 2.438005926638502074e-01 2.999918519790879046e+01
3.566000000000000369e+01 2.376628618496111067e-01 3.005514101538382832e+01
3.567000000000000171e+01 2.297111900263937023e-01 3.011207577483783737e+01
3.567999999999999972e+01 2.198599427917596882e-01 3.017012659850877299e+01
3.568999999999999773e+01 2.080115269925797705e-01 3.022945345410095896e+01
3.570000000000000284e+01 1.940534643324120512e-01 3.029024315714400473e+01
3.571000000000000085e+01 1.778549988573331908e-01 3.035271419227962753e+01
3.571999999999999886e+01 1.592632925433476454e-01 3.041712235618641458e+01
3.573000000000000398e+01 1.380994666488898626e-01 3.048376697838251204e+01
3.574000000000000199e+01 1.141552088017937783e-01 3.055299687807117692e+01
3.575000000000000000e+01 8.719167341846614794e-02 3.062521388466937822e+01
3.575999999999999801e+01 5.694451821451324697e-02 3.070086889645260086e+01
3.577000000000000313e+01 2.314307445371525593e-02 3.078043975520262876e+01
3.578000000000000114e+01 -1.444112090873116150e-02 3.086437013861638690e+01
3.578999999999999915e+01 -5.589232962991955850e-02 3.095293594616494204e+01
3.580000000000000426e+01 -1.009730348255751115e-01 3.104600717123682685e+01
3.581000000000000227e+01 -1.488982387267721863e-01 3.114273974364398967e+01
3.582000000000000028e+01 -1.982171856250313502e-01 3.124140752993688963e+01
3.582999999999999829e+01 -2.470365959600111516e-01 3.133969551828486289e+01
3.584000000000000341e+01 -2.935673983979728563e-01 3.143543273730332643e+01
3.585000000000000142e+01 -3.365887642745690744e-01 3.152721170207311019e+01
3.585999999999999943e+01 -3.755304101902672831e-01 3.161448869482234869e+01
3.586999999999999744e+01 -4.102884714055544113e-01 3.169732626470014125e+01
3.588000000000000256e+01 -4.410066983572653032e-01 3.177609482061509638e+01
3.589000000000000057e+01 -4.679267785782829647e-01 3.185127220359089861e+01
3.589999999999999858e+01 -4.913088751371474938e-01 3.192333991195772214e+01
3.591000000000000369e+01 -5.113963629576321335e-01 3.199273899915038655e+01
3.592000000000000171e+01 -5.284035029824565299e-01 3.205985619502401818e+01
3.592999999999999972e+01 -5.425137232048621305e-01 3.212502346619137228e+01
3.593999999999999773e+01 -5.538822898459107025e-01 3.218852272187570662e+01
3.595000000000000284e+01 -5.626404628621760606e-01 3.225059190098825468e+01
3.596000000000000085e+01 -5.688998643201462757e-01 3.231143087611628317e+01
3.596999999999999886e+01 -5.727565548448554367e-01 3.237120662210525524e+01
3.598000000000000398e+01 -5.742946530872354849e-01 3.243005753314750450e+01
3.599000000000000199e+01 -5.735894785855123468e-01 3.248809695239337714e+01
3.600000000000000000e+01 -5.707102517709492506e-01 3.254541603713985154e+01
3.600999999999999801e+01 -5.657223984005236295e-01 3.260208609440454097e+01
3.602000000000000313e+01 -5.586895018741054875e-01 3.265816050758915168e+01
3.603000000000000114e+01 -5.496749425588853821e-01 3.271367636902071752e+01
3.603999999999999915e+01 -5.387432492192496536e-01 3.276865590145179397e+01
3.605000000000000426e+01 -5.259611844664502378e-01 3.282310774486725080e+01
3.606000000000000227e+01 -5.113985800392368830e-01 3.287702816513886006e+01
3.607000000000000028e+01 -4.951289350614470619e-01 3.293040222743827883e+01
3.607999999999999829e+01 -4.772297901683804633e-01 3.298320496343946218e+01
3.609000000000000341e+01 -4.577828917048613055e-01 3.303540255033306750e+01
3.610000000000000142e+01 -4.368741634269209251e-01 3.308695350953321679e+01
3.610999999999999943e+01 -4.145935043101493522e-01 3.313780992058404706e+01
3.611999999999999744e+01 -3.910344365334142425e-01 3.318791864394350455e+01
3.613000000000000256e+01 -3.662936288562738674e-01 3.323722253621365041e+01
3.614000000000000057e+01 -3.404703225700226876e-01 3.328566164123130022e+01
3.614999999999999858e+01 -3.136656908981604319e-01 3.333317433570888966e+01
3.616000000000000369e+01 -2.859821439647937669e-01 3.337969842143177601e+01
3.617000000000000171e+01 -2.575226397495875563e-01 3.342517212378734826e+01
3.617999999999999972e+01 -2.283899811829517845e-01 3.346953501245859286e+01
3.618999999999999773e+01 -1.986861455643172125e-01 3.351272881580034380e+01
3.620000000000000284e+01 -1.685116585682299439e-01 3.355469812691352161e+01
3.621000000000000085e+01 -1.379650144310352045e-01 3.359539100565326208e+01
3.621999999999999886e+01 -1.071421563804991622e-01 3.363475947295636104e+01
3.623000000000000398e+01 -7.613602236572362958e-02 3.367275990264160157e+01
3.624000000000000199e+01 -4.503615457774669262e-02 3.370935332072794210e+01
3.625000000000000000e+01 -1.392837086274470101e-02 3.374450561667668325e+01
3.625999999999999801e+01 1.710550112878569257e-02 3.377818767567928404e+01
3.627000000000000313e+01 4.798783315504912689e-02 3.381037544242530402e+01
3.628000000000000114e+01 7.864535320453935885e-02 3.384104992342840745e+01
3.628999999999999915e+01 1.090092523239782202e-01 3.387019713289779332e+01
3.630000000000000426e+01 1.390152472107204773e-01 3.389780799193852800e+01
3.631000000000000227e+01 1.686036032686566710e-01 3.392387818688599310e+01
3.632000000000000028e+01 1.977191198681235440e-01 3.394840798889797640e+01
3.632999999999999829e+01 2.263110823668377514e-01 3.397140204138416664e+01
3.634000000000000341e+01 2.543331844441100720e-01 3.399286911947638856e+01
3.635000000000000142e+01 2.817434242043744819e-01 3.401282186568349175e+01
3.635999999999999943e+01 3.085039757580702591e-01 3.403127650405964033e+01
3.636999999999999744e+01 3.345810387740341119e-01 3.404825253541265084e+01
3.638000000000000256e+01 3.599446716101280530e-01 3.406377242157360286e+01
3.639000000000000057e+01 3.845686092658653354e-01 3.407786125953512624e+01
3.639999999999999858e+01 4.084300688315732342e-01 3.409054644892923136e+01
3.641000000000000369e+01 4.315095468542432533e-01 3.410185735843622012e+01
3.642000000000000171e+01 4.537906104831186949e-01 3.411182499332773688e+01
3.642999999999999972e+01 4.752596858779075673e-01 3.412048166853625020e+01
3.643999999999999773e+01 4.959058466823951239e-01 3.412786069019114166e+01
3.645000000000000284e+01 5.157206052849682143e-01 3.413399604902632234e+01
3.646000000000000085e+01 5.346977089857209986e-01 3.413892212760255518e+01
3.646999999999999886e+01 5.528329437952771430e-01 3.414267342456637522e+01
3.648000000000000398e+01 5.701239469734621368e-01 3.414528429623831585e+01
3.649000000000000199e+01 5.865700306795681440e-01 3.414678871845612917e+01
3.650000000000000000e+01 6.021720174144286064e-01 3.414722006821543232e+01
3.650999999999999801e+01 6.169320884805682415e-01 3.414661092640994156e+01
3.652000000000000313e+01 6.308536459867348789e-01 3.414499290108487628e+01
3.653000000000000114e+01 6.439411887296224712e-01 3.414239647136286493e+01
3.653999999999999915e+01 6.562002022776178833e-01 3.413885085130648633e+01
3.655000000000000426e+01 6.676370629759939002e-01 3.413438387294618792e+01
3.656000000000000227e+01 6.782589557355774845e-01 3.412902188765097833e+01
3.657000000000000028e+01 6.880738050233273784e-01 3.412278968440417515e+01
3.657999999999999829e+01 6.970902188843908220e-01 3.411571042444285240e+01
3.659000000000000341e+01 7.053174448935869423e-01 3.410780559032100712e+01
3.660000000000000142e+01 7.127653377869255236e-01 3.409909494885325643e+01
3.660999999999999943e+01 7.194443379156457707e-01 3.408959652644190186e+01
3.661999999999999744e+01 7.253654592004044055e-01 3.407932659497932093e+01
3.663000000000000256e+01 7.305402872818015370e-01 3.406829966908559015e+01
3.664000000000000057e+01 7.349809857862465989e-01 3.405652851193455888e+01
3.664999999999999858e+01 7.387003099890810942e-01 3.404402414860610548e+01
3.666000000000000369e+01 7.417116286484424226e-01 3.403079588798142652e+01
3.667000000000000171e+01 7.440289509886784947e-01 3.401685134964085222e+01
3.667999999999999972e+01 7.456669609349709793e-01 3.400219649788590459e+01
3.668999999999999773e+01 7.466410553206523915e-01 3.398683567963931296e+01
3.670000000000000284e+01 7.469673875620127523e-01 3.397077166706198881e+01
3.671000000000000085e+01 7.466629149958216027e-01 3.395400570389271167e+01
3.671999999999999886e+01 7.457454499312083929e-01 3.393653755452632481e+01
3.673000000000000398e+01 7.442337137667092151e-01 3.391836555572651690e+01
3.674000000000000199e+01 7.421473936107916280e-01 3.389948666998751037e+01
3.675000000000000000e+01 7.395072010574766930e-01 3.387989653972990567e+01
3.675999999999999801e+01 7.363349326693984231e-01 3.385958954246459740e+01
3.677000000000000313e+01 7.326535315627817901e-01 3.383855884454539620e+01
3.678000000000000114e+01 7.284871499979548304e-01 3.381679645488038233e+01
3.678999999999999915e+01 7.238612121810915623e-01 3.379429327513445713e+01
3.680000000000000426e+01 7.188024772484439273e-01 3.377103914786880523e+01
3.681000000000000227e+01 7.133391018476535894e-01 3.374702289932049126e+01
3.682000000000000028e+01 7.075007020372713340e-01 3.372223237708585231e+01
3.682999999999999829e+01 7.013184142828913226e-01 3.369665448048449008e+01
3.684000000000000341e+01 6.948249552043425092e-01 3.367027518187267532e+01
3.685000000000000142e+01 6.880546798335028802e-01 3.364307953823651332e+01
3.685999999999999943e+01 6.810436386686338217e-01 3.361505168924348652e+01
3.686999999999999744e+01 6.738296326034546313e-01 3.358617484198212111e+01
3.688000000000000256e+01 6.664522671899243411e-01 3.355643123758130741e+01
3.689000000000000057e+01 6.589530047202467600e-01 3.352580209943590717e+01
3.689999999999999858e+01 6.513752162166825954e-01 3.349426755861229310e+01
3.691000000000000369e+01 6.437642323570985647e-01 3.346180655452253916e+01
3.692000000000000171e+01 6.361673946519774692e-01 3.342839670752766068e+01
3.692999999999999972e+01 6.286341077907601216e-01 3.339401415993942379e+01
3.693999999999999773e+01 6.212158928363495924e-01 3.335863338266835854e+01
3.695000000000000284e+01 6.139664432619376111e-01 3.332222694430929266e+01
3.696000000000000085e+01 6.069416841133823404e-01 3.328476523780404506e+01
3.696999999999999886e+01 6.001998322423185428e-01 3.324621616676508040e+01
3.698000000000000398e+01 5.938014599829026796e-01 3.320654478471924165e+01
3.699000000000000199e+01 5.878095572027162152e-01 3.316571289075685058e+01
3.700000000000000000e+01 5.822895876809726090e-01 3.312367858431227319e+01
3.700999999999999801e+01 5.773095299783125300e-01 3.308039578732718411e+01
3.702000000000000313e+01 5.729398868752390017e-01 3.303581375012543475e+01
3.703000000000000114e+01 5.692536367468232772e-01 3.298987657010142982e+01
3.703999999999999915e+01 5.663260847301520018e-01 3.294252277175687027e+01
3.705000000000000426e+01 5.642345470473734137e-01 3.289368502768905955e+01
3.706000000000000227e+01 5.630577651276629236e-01 3.284329014774780831e+01
3.707000000000000028e+01 5.628748935323285574e-01 3.279125953318793307e+01
3.707999999999999829e+01 5.637638260362201059e-01 3.273751039987038070e+01
3.709000000000000341e+01 5.657985222956773974e-01 3.268195821463655193e+01
3.710000000000000142e+01 5.690448562202992111e-01 3.262452098804848077e+01
3.710999999999999943e+01 5.735543653266083064e-01 3.256512627553939865e+01
3.711999999999999744e+01 5.793551733174966412e-01 3.250372191622835771e+01
3.713000000000000256e+01 5.864394438145502653e-01 3.244029147529683144e+01
3.714000000000000057e+01 5.947472426002986534e-01 3.237487472772098585e+01
3.714999999999999858e+01 6.041480030528897371e-01 3.230759182788601436e+01
3.716000000000000369e+01 6.144231307276004639e-01 3.223866671240362081e+01
3.717000000000000171e+01 6.252561730417023345e-01 3.216844138149579635e+01
3.717999999999999972e+01 6.362385083320960533e-01 3.209737053190777800e+01
3.718999999999999773e+01 6.468958054203419739e-01 3.202598945747701009e+01
3.720000000000000284e+01 6.567324872382253043e-01 3.195485871623017715e+01
3.721000000000000085e+01 6.652821361895585595e-01 3.188450140376726338e+01
3.721999999999999886e+01 6.721483805218414487e-01 3.181535332403018046e+01
3.723000000000000398e+01 6.770263339990426621e-01 3.174773885982963151e+01
3.724000000000000199e+01 6.797042668553302525e-01 3.168187251792421577e+01
3.725000000000000000e+01 6.800519566545818462e-01 3.161787724773903818e+01
3.725999999999999801e+01 6.780034902746217007e-01 3.155580911311470160e+01
3.727000000000000313e+01 6.735401386447733563e-01 3.149568095912549026e+01
3.728000000000000114e+01 6.666760624778268474e-01 3.143748161630064075e+01
3.728999999999999915e+01 6.574475668648160909e-01 3.138118989513396428e+01
3.730000000000000426e+01 6.459055489524542226e-01 3.132678399936609637e+01
3.731000000000000227e+01 6.321104307392325650e-01 3.127424739637223894e+01
3.732000000000000028e+01 6.161288631079843148e-01 3.122357214392480884e+01
3.732999999999999829e+01 5.980316131770897492e-01 3.117476047476507972e+01
3.734000000000000341e+01 5.778921984270483092e-01 3.112782522406589791e+01
3.735000000000000142e+01 5.557859598089532893e-01 3.108278950910193927e+01
3.735999999999999943e+01 5.317893710048403610e-01 3.103968593354005634e+01
3.736999999999999744e+01 5.059794458433037878e-01 3.099855550915164315e+01
3.738000000000000256e+01 4.784331643715313276e-01 3.095944641819594167e+01
3.739000000000000057e+01 4.492268714753308023e-01 3.092241270482051618e+01
3.739999999999999858e+01 4.184356253874222387e-01 3.088751295934439867e+01
3.741000000000000369e+01 3.861324916078884839e-01 3.085480904237952515e+01
3.742000000000000171e+01 3.523877896934939358e-01 3.082436488307162037e+01
3.742999999999999972e+01 3.172683092692545892e-01 3.079624537597752010e+01
3.743999999999999773e+01 2.808365158745723678e-01 3.077051539277485404e+01
3.745000000000000284e+01 2.431497753950948304e-01 3.074723891166488698e+01
3.746000000000000085e+01 2.042596280034338074e-01 3.072647825725027459e+01
3.746999999999999886e+01 1.642111504410478096e-01 3.070829342459266087e+01
3.748000000000000398e+01 1.230424541097172586e-01 3.069274144011541594e+01
3.749000000000000199e+01 8.078438018878682236e-02 3.067987568301658285e+01
3.750000000000000000e+01 3.746047436521775936e-02 3.066974505038206189e+01
3.750999999999999801e+01 -6.912644840141431157e-03 3.066239279734710976e+01
3.752000000000000313e+01 -5.232436601645623631e-02 3.065785481378738098e+01
3.753000000000000114e+01 -9.876839503330010761e-02 3.065615701132048088e+01
3.753999999999999915e+01 -1.462400043379905590e-01 3.065731139165962560e+01
3.755000000000000426e+01 -1.947318557809149253e-01 3.066131026927952874e+01
3.756000000000000227e+01 -2.442280003681558953e-01 3.066811808907681325e+01
3.757000000000000028e+01 -2.946957053991372533e-01 3.067766037305481319e+01
3.757999999999999829e+01 -3.460750671879482820e-01 3.068980979383509577e+01
3.759000000000000341e+01 -3.982670377831164510e-01 3.070437035936927117e+01
3.760000000000000142e+01 -4.511216720543586578e-01 3.072106238979556636e+01
3.760999999999999943e+01 -5.044299092859410028e-01 3.073951310369072942e+01
3.761999999999999744e+01 -5.579232914222631567e-01 3.075925911826693238e+01
3.763000000000000256e+01 -6.112853915552913797e-01 3.077976615319724019e+01
3.764000000000000057e+01 -6.641754355828587419e-01 3.080046639062854297e+01
3.764999999999999858e+01 -7.162594803213128136e-01 3.082080652896789275e+01
3.766000000000000369e+01 -7.672406782577668727e-01 3.084029407640397480e+01
3.767000000000000171e+01 -8.168805071960694164e-01 3.085853000656347689e+01
3.767999999999999972e+01 -8.650071636408529496e-01 3.087522221320261906e+01
3.768999999999999773e+01 -9.115124536680828671e-01 3.089018168817214871e+01
3.770000000000000284e+01 -9.563414898012523313e-01 3.090330771053331560e+01
3.771000000000000085e+01 -9.994797454519530611e-01 3.091456873767826963e+01
3.771999999999999886e+01 -1.040940660184066280e+00 3.092398375015742928e+01
3.773000000000000398e+01 -1.080755366451473076e+00 3.093160645160403632e+01
3.774000000000000199e+01 -1.118964949418829180e+00 3.093751302619556043e+01
3.775000000000000000e+01 -1.155615007648588710e+00 3.094179319532101147e+01
3.775999999999999801e+01 -1.190752055439378454e+00 3.094454395965476934e+01
3.777000000000000313e+01 -1.224421284247690922e+00 3.094586535842025299e+01
3.778000000000000114e+01 -1.256665281482858276e+00 3.094585767875676652e+01
3.778999999999999915e+01 -1.287523389302026589e+00 3.094461966387985541e+01
3.780000000000000426e+01 -1.317031480259624576e+00 3.094224739689328274e+01
3.781000000000000227e+01 -1.345221991290425745e+00 3.093883362994249353e+01
3.782000000000000028e+01 -1.372124109969722339e+00 3.093446740242467285e+01
3.782999999999999829e+01 -1.397764042158584408e+00 3.092923384254046226e+01
3.784000000000000341e+01 -1.422165314688806248e+00 3.092321408198995414e+01
3.785000000000000142e+01 -1.445349084482625557e+00 3.091648523939516835e+01
3.785999999999999943e+01 -1.467334435831715522e+00 3.090912044307677320e+01
3.786999999999999744e+01 -1.488138655829891244e+00 3.090118887588711871e+01
3.788000000000000256e+01 -1.507777481818317833e+00 3.089275583031518480e+01
3.789000000000000057e+01 -1.526265318819042704e+00 3.088388276810850286e+01
3.789999999999999858e+01 -1.543615426412382918e+00 3.087462738063076273e+01
3.791000000000000369e+01 -1.559840076004340936e+00 3.086504364825573532e+01
3.792000000000000171e+01 -1.574950680118986979e+00 3.085518189799897470e+01
3.792999999999999972e+01 -1.588957895697920231e+00 3.084508885902256026e+01
3.793999999999999773e+01 -1.601871703949126813e+00 3.083480771635550255e+01
3.795000000000000284e+01 -1.613701468829659591e+00 3.082437816256925700e+01
3.796000000000000085e+01 -1.624455976562581228e+00 3.081383644755456785e+01
3.796999999999999886e+01 -1.634143458518208636e+00 3.080321542654236211e+01
3.798000000000000398e+01 -1.642771599354258649e+00 3.079254460603925025e+01
3.799000000000000199e+01 -1.650347532469163436e+00 3.078185018760539648e+01
3.800000000000000000e+01 -1.656877824434388469e+00 3.077115510909308327e+01
3.800999999999999801e+01 -1.662368449896940659e+00 3.076047908298157196e+01
3.802000000000000313e+01 -1.666824758379664484e+00 3.074983863140013796e+01
3.803000000000000114e+01 -1.670251433882946168e+00 3.073924711732587767e+01
3.803999999999999915e+01 -1.672652449190084267e+00 3.072871477166331289e+01
3.805000000000000426e+01 -1.674031013948676483e+00 3.071824871545075553e+01
3.806000000000000227e+01 -1.674389518473228922e+00 3.070785297685112525e+01
3.807000000000000028e+01 -1.673729474164721953e+00 3.069752850300890756e+01
3.807999999999999829e+01 -1.672051448487412051e+00 3.068727316579833442e+01
3.809000000000000341e+01 -1.669354998824811975e+00 3.067708176177224288e+01
3.810000000000000142e+01 -1.665638600225966437e+00 3.066694600637402957e+01
3.810999999999999943e+01 -1.660899572948244307e+00 3.065685452174333037e+01
3.811999999999999744e+01 -1.655134004194238617e+00 3.064679282074656186e+01
3.813000000000000256e+01 -1.648336669699093093e+00 3.063674328427734750e+01
3.814000000000000057e+01 -1.640500951385085449e+00 3.062668513948646165e+01
3.814999999999999858e+01 -1.631618754170598207e+00 3.061659443100688804e+01
3.816000000000000369e+01 -1.621680424150956368e+00 3.060644400406023280e+01
3.817000000000000171e+01 -1.610674667813843941e+00 3.059620348707424142e+01
3.817999999999999972e+01 -1.598588476820655302e+00 3.058583928792858231e+01
3.818999999999999773e+01 -1.585407064504934738e+00 3.057531461872171974e+01
3.820000000000000284e+01 -1.571113820325350963e+00 3.056458955264927368e+01
3.821000000000000085e+01 -1.555690292061988833e+00 3.055362113132627755e+01
3.821999999999999886e+01 -1.539116210416451302e+00 3.054236355200105990e+01
3.823000000000000398e+01 -1.521369579704714869e+00 3.053076846343844508e+01
3.824000000000000199e+01 -1.502426856883226192e+00 3.051878541105957865e+01
3.825000000000000000e+01 -1.482263257992248562e+00 3.050636248871936473e+01
3.825999999999999801e+01 -1.460853243030324933e+00 3.049344727367577335e+01
3.827000000000000313e+01 -1.438171235208970389e+00 3.047998812814325476e+01
3.828000000000000114e+01 -1.414192649307893346e+00 3.046593597707265388e+01
3.828999999999999915e+01 -1.388895310702578989e+00 3.045124668072388019e+01
3.830000000000000426e+01 -1.362261353601068370e+00 3.043588412821229738e+01
3.831000000000000227e+01 -1.334279642422640411e+00 3.041982411300299916e+01
3.832000000000000028e+01 -1.304948748250970514e+00 3.040305902951347861e+01
3.832999999999999829e+01 -1.274280378977036943e+00 3.038560323472674085e+01
3.834000000000000341e+01 -1.242303023764827818e+00 3.036749871551556978e+01
3.835000000000000142e+01 -1.209065366871013847e+00 3.034882040155003935e+01
3.835999999999999943e+01 -1.174638817702325921e+00 3.032968015913798965e+01
3.836999999999999744e+01 -1.139118382086462544e+00 3.031022832145278656e+01
3.838000000000000256e+01 -1.102621191998417016e+00 3.029065174005205918e+01
3.839000000000000057e+01 -1.065282348839139193e+00 3.027116782672452189e+01
3.839999999999999858e+01 -1.027248362477138022e+00 3.025201496010572555e+01
3.841000000000000369e+01 -9.886691118446866433e-01 3.023344056636843291e+01
3.842000000000000171e+01 -9.496896841102557829e-01 3.021568882029650993e+01
3.842999999999999972e+01 -9.104434456727502623e-01 3.019898992888721523e+01
3.843999999999999773e+01 -8.710472827097023307e-01 3.018355238193345613e+01
3.845000000000000284e+01 -8.315993285555710601e-01 3.016955867390830903e+01
3.846000000000000085e+01 -7.921789358030415507e-01 3.015716419830555850e+01
3.846999999999999886e+01 -7.528483171118942607e-01 3.014649852733401758e+01
3.848000000000000398e+01 -7.136551903829471133e-01 3.013766814975789643e+01
3.849000000000000199e+01 -6.746358521727806590e-01 3.013075985377683708e+01
3.850000000000000000e+01 -6.358182611356201219e-01 3.012584415850667696e+01
3.850999999999999801e+01 -5.972248810104643368e-01 3.012297843379401741e+01
3.852000000000000313e+01 -5.588751627538436351e-01 3.012220953322917438e+01
3.853000000000000114e+01 -5.207876328186885617e-01 3.012357589239919875e+01
3.853999999999999915e+01 -4.829816037661042172e-01 3.012710911856665774e+01
3.855000000000000426e+01 -4.454785486596814503e-01 3.013283513823203918e+01
3.856000000000000227e+01 -4.083031873677079315e-01 3.014077498327171512e+01
3.857000000000000028e+01 -3.714843297380112652e-01 3.015094529577104865e+01
3.857999999999999829e+01 -3.350555145278685809e-01 3.016335862643287058e+01
3.859000000000000341e+01 -2.990554753300234125e-01 3.017802359319055583e+01
3.860000000000000142e+01 -2.635284575927582251e-01 3.019494495792472577e+01
3.860999999999999943e+01 -2.285244049236280217e-01 3.021412367112460373e+01
3.861999999999999744e+01 -1.940990283585004028e-01 3.023555692705992115e+01
3.863000000000000256e+01 -1.603137692252137037e-01 3.025923826554179996e+01
3.864000000000000057e+01 -1.272356654783153018e-01 3.028515775114340514e+01
3.864999999999999858e+01 -9.493713012370837145e-02 3.031330225477384133e+01
3.866000000000000369e+01 -6.349565062990460140e-02 3.034365585727381998e+01
3.867000000000000171e+01 -3.299342045761761294e-02 3.037620039024552909e+01
3.867999999999999972e+01 -3.516914267698177318e-03 3.041091612341547190e+01
3.868999999999999773e+01 2.484358073207517878e-02 3.044778260231826295e+01
3.870000000000000284e+01 5.199446405456861764e-02 3.048677963414521841e+01
3.871000000000000085e+01 7.783933950221162690e-02 3.052788841258592356e+01
3.871999999999999886e+01 1.022795420928819948e-01 3.057109276412799304e+01
3.873000000000000398e+01 1.252146720969549154e-01 3.061638048689603409e+01
3.874000000000000199e+01 1.465431440704245691e-01 3.066374473838469328e+01
3.875000000000000000e+01 1.661627780400608267e-01 3.071318540533977526e+01
3.875999999999999801e+01 1.839714876032097213e-01 3.076471035582187596e+01
3.877000000000000313e+01 1.998681744464216314e-01 3.081833640754311787e+01
3.878000000000000114e+01 2.137539825066034627e-01 3.087408978806811177e+01
3.878999999999999915e+01 2.255341999278301646e-01 3.093200569936107769e+01
3.880000000000000426e+01 2.351212158689142684e-01 3.099212642927643913e+01
3.881000000000000227e+01 2.424391382186029120e-01 3.105449718748085175e+01
3.882000000000000028e+01 2.474309286853029755e-01 3.111915848439879539e+01
3.882999999999999829e+01 2.500690699625905400e-01 3.118613360948262780e+01
3.884000000000000341e+01 2.503708129103907609e-01 3.125540965324418252e+01
3.885000000000000142e+01 2.484183898065210061e-01 3.132691128348465881e+01
3.885999999999999943e+01 2.443828013798066967e-01 3.140046876299210865e+01
3.886999999999999744e+01 2.385463052514440185e-01 3.147578629686829998e+01
3.888000000000000256e+01 2.313142841133908334e-01 3.155242285255452117e+01
3.889000000000000057e+01 2.232048371892483285e-01 3.162980101762074980e+01
3.889999999999999858e+01 2.148090884755681773e-01 3.170725364240921351e+01
3.891000000000000369e+01 2.067281735876240478e-01 3.178410097254625200e+01
3.892000000000000171e+01 1.995065048962086640e-01 3.185973283631412656e+01
3.892999999999999972e+01 1.935833316711720598e-01 3.193366718071932198e+01
3.893999999999999773e+01 1.892734917287522689e-01 3.200557099467419420e+01
3.895000000000000284e+01 1.867737718017573878e-01 3.207524875907417794e+01
3.896000000000000085e+01 1.861836984778049986e-01 3.214261335638356343e+01
3.896999999999999886e+01 1.875301709584801524e-01 3.220765327834018166e+01
3.898000000000000398e+01 1.907896028541890832e-01 3.227040414906976906e+01
3.899000000000000199e+01 1.959052039922172528e-01 3.233092731173613288e+01
3.900000000000000000e+01 2.027993712361919609e-01 3.238929521062563310e+01
3.900999999999999801e+01 2.113820975844115935e-01 3.244558216004910634e+01
3.902000000000000313e+01 2.215564697292547180e-01 3.249985896607561386e+01
3.903000000000000114e+01 2.332221705850149041e-01 3.255219013028084163e+01
3.903999999999999915e+01 2.462776736265350763e-01 3.260263270318230155e+01
3.905000000000000426e+01 2.606216045598783726e-01 3.265123615229452980e+01
3.906000000000000227e+01 2.761535906233965054e-01 3.269804282145419450e+01
3.907000000000000028e+01 2.927748022922164184e-01 3.274308871248427266e+01
3.907999999999999829e+01 3.103883160194189639e-01 3.278640441905368164e+01
3.909000000000000341e+01 3.288993767891014719e-01 3.282801610669197601e+01
3.910000000000000142e+01 3.482156063440496885e-01 3.286794647424159166e+01
3.910999999999999943e+01 3.682471820171818733e-01 3.290621565836239881e+01
3.911999999999999744e+01 3.889069985261940365e-01 3.294284205880449434e+01
3.913000000000000256e+01 4.101108177936153010e-01 3.297784307224949174e+01
3.914000000000000057e+01 4.317774063189370182e-01 3.301123573022341873e+01
3.914999999999999858e+01 4.538286583537391450e-01 3.304303724044690682e+01
3.916000000000000369e+01 4.761897017475314464e-01 3.307326543396633411e+01
3.917000000000000171e+01 4.987889835813189565e-01 3.310193912273783212e+01
3.917999999999999972e+01 5.215583328714273881e-01 3.312907837284194557e+01
3.918999999999999773e+01 5.444329988256951802e-01 3.315470470160874328e+01
3.920000000000000284e+01 5.673516635463468072e-01 3.317884120424940875e+01
3.921000000000000085e+01 5.902564293437134735e-01 3.320151261894354633e+01
3.921999999999999886e+01 6.130927814468303261e-01 3.322274533809421371e+01
3.923000000000000398e+01 6.358095272415530408e-01 3.324256737289542230e+01
3.924000000000000199e+01 6.583587143990087265e-01 3.326100827946504523e+01
3.925000000000000000e+01 6.806955303837438631e-01 3.327809905340870955e+01
3.925999999999999801e+01 7.027781858956370087e-01 3.329387199928730467e+01
3.927000000000000313e+01 7.245677851438441230e-01 3.330836058144532785e+01
3.928000000000000114e+01 7.460281861190827257e-01 3.332159926128748850e+01
3.928999999999999915e+01 7.671258535032169368e-01 3.333362332659500993e+01
3.930000000000000426e+01 7.878297072080107100e-01 3.334446871572991000e+01
3.931000000000000227e+01 8.081109693887406076e-01 3.335417184168991866e+01
3.932000000000000028e+01 8.279430110797515452e-01 3.336276941706739763e+01
3.932999999999999829e+01 8.473012024862012215e-01 3.337029828567069245e+01
3.934000000000000341e+01 8.661627669111784389e-01 3.337679525708485784e+01
3.935000000000000142e+01 8.845066414765091478e-01 3.338229695201831504e+01
3.935999999999999943e+01 9.023133444239529455e-01 3.338683965362469763e+01
3.936999999999999744e+01 9.195648512316516587e-01 3.339045916876001741e+01
3.938000000000000256e+01 9.362444801465650279e-01 3.339319069860096789e+01
3.939000000000000057e+01 9.523367864701836050e-01 3.339506871739695271e+01
3.939999999999999858e+01 9.678274682474797830e-01 3.339612686177041212e+01
3.941000000000000369e+01 9.827032808961841948e-01 3.339639782712292515e+01
3.942000000000000171e+01 9.969519630210856853e-01 3.339591327364480122e+01
3.942999999999999972e+01 1.010562171927815278e+00 3.339470373954990379e+01
3.943999999999999773e+01 1.023523428985994466e+00 3.339279856205275365e+01
3.945000000000000284e+01 1.035826073752333487e+00 3.339022580452231637e+01
3.946000000000000085e+01 1.047461228453510973e+00 3.338701219181818658e+01
3.946999999999999886e+01 1.058420769497229630e+00 3.338318305043688383e+01
3.948000000000000398e+01 1.068697307437392663e+00 3.337876225522975204e+01
3.949000000000000199e+01 1.078284173334057350e+00 3.337377218108407817e+01
3.950000000000000000e+01 1.087175412231860649e+00 3.336823366094930066e+01
3.950999999999999801e+01 1.095365781680734285e+00 3.336216594856343676e+01
3.952000000000000313e+01 1.102850755287039464e+00 3.335558668627974299e+01
3.953000000000000114e+01 1.109626530320034998e+00 3.334851187828688523e+01
3.953999999999999915e+01 1.115690039044268778e+00 3.334095586889220897e+01
3.955000000000000426e+01 1.121038962458348998e+00 3.333293132595250796e+01
3.956000000000000227e+01 1.125671746397553408e+00 3.332444922928958420e+01
3.957000000000000028e+01 1.129587618893405310e+00 3.331551886450440492e+01
3.957999999999999829e+01 1.132786608761738645e+00 3.330614782178109579e+01
3.959000000000000341e+01 1.135269564361116812e+00 3.329634200010210776e+01
3.960000000000000142e+01 1.137038172576690265e+00 3.328610561643431254e+01
3.960999999999999943e+01 1.138094976998351049e+00 3.327544122068016463e+01
3.961999999999999744e+01 1.138443395950250903e+00 3.326434971499627125e+01
3.963000000000000256e+01 1.138087739190451586e+00 3.325283037869846936e+01
3.964000000000000057e+01 1.137033223092583478e+00 3.324088089856320494e+01
3.964999999999999858e+01 1.135285984660267200e+00 3.322849740348159742e+01
3.966000000000000369e+01 1.132853093756706286e+00 3.321567450466836391e+01
3.967000000000000171e+01 1.129742563312545967e+00 3.320240534054388348e+01
3.967999999999999972e+01 1.125963357778126950e+00 3.318868162644309194e+01
3.968999999999999773e+01 1.121525399355969066e+00 3.317449370924249052e+01
3.970000000000000284e+01 1.116439571035110934e+00 3.315983062729954156e+01
3.971000000000000085e+01 1.110717718506806229e+00 3.314468017441264891e+01
3.971999999999999886e+01 1.104372647580264211e+00 3.312902896982828338e+01
3.973000000000000398e+01 1.097418119408330339e+00 3.311286253275995506e+01
3.974000000000000199e+01 1.089868842099456003e+00 3.309616536227711237e+01
3.975000000000000000e+01 1.081740456939551009e+00 3.307892102365653386e+01
3.975999999999999801e+01 1.073049522149845503e+00 3.306111223937033827e+01
3.977000000000000313e+01 1.063813489093472509e+00 3.304272098776650068e+01
3.978000000000000114e+01 1.054050673805606575e+00 3.302372860781947850e+01
3.978999999999999915e+01 1.043780221312913037e+00 3.300411591147900481e+01
3.980000000000000426e+01 1.033022060578637324e+00 3.298386330495744545e+01
3.981000000000000227e+01 1.021796852394258659e+00 3.296295091767439089e+01
3.982000000000000028e+01 1.010125924323709068e+00 3.294135874270559583e+01
3.982999999999999829e+01 9.980311942733804953e-01 3.291906678773618466e+01
3.984000000000000341e+01 9.855350804984794877e-01 3.289605523843383139e+01
3.985000000000000142e+01 9.726603956764618975e-01 3.287230463556340965e+01
3.985999999999999943e+01 9.594302214343588542e-01 3.284779606922106154e+01
3.986999999999999744e+01 9.458677646790267790e-01 3.282251138886693553e+01
3.988000000000000256e+01 9.319961898046451587e-01 3.279643343520027088e+01
3.989000000000000057e+01 9.178384273560732387e-01 3.276954629197403790e+01
3.989999999999999858e+01 9.034169537244933768e-01 3.274183556466477540e+01
3.991000000000000369e+01 8.887535431506826678e-01 3.271328868362559916e+01
3.992000000000000171e+01 8.738689872401088632e-01 3.268389523845395672e+01
3.992999999999999972e+01 8.587827831172862858e-01 3.265364734109129330e+01
3.993999999999999773e+01 8.435127881378505776e-01 3.262254002234453054e+01
3.995000000000000284e+01 8.280748434289725290e-01 3.259057165868899375e+01
3.996000000000000085e+01 8.124823714404851849e-01 3.255774442726799833e+01
3.996999999999999886e+01 7.967459466219972697e-01 3.252406478698065229e+01
3.998000000000000398e+01 7.808728528518401601e-01 3.248954397651070281e+01
3.999000000000000199e+01 7.648666374348432884e-01 3.245419851814352796e+01
4.000000000000000000e+01 7.487266802505972985e-01 3.241805070672468503e+01
4.000999999999999801e+01 7.324477904590716015e-01 3.238112907256059714e+01
4.002000000000000313e+01 7.160198602112519684e-01 3.234346878532566194e+01
4.003000000000000114e+01 6.994276046091731924e-01 3.230511196675263363e+01
4.003999999999999915e+01 6.826504059600509988e-01 3.226610789141206936e+01
4.005000000000000426e+01 6.656623009182323081e-01 3.222651303132293066e+01
4.006000000000000227e+01 6.484321302530197118e-01 3.218639092100284671e+01
4.007000000000000028e+01 6.309238661600492515e-01 3.214581182566506357e+01
4.007999999999999829e+01 6.130971310915810379e-01 3.210485219464578677e+01
4.009000000000000341e+01 5.949079039903656385e-01 3.206359390307018487e+01
4.010000000000000142e+01 5.763093852881161494e-01 3.202212331438952475e+01
4.010999999999999943e+01 5.572530058131236474e-01 3.198053017839916379e+01
4.011999999999999744e+01 5.376895190329763485e-01 3.193890643267993212e+01
4.013000000000000256e+01 5.175701394068522587e-01 3.189734494776505969e+01
4.014000000000000057e+01 4.968476661298985020e-01 3.185593828236203606e+01
4.014999999999999858e+01 4.754775442348941894e-01 3.181477749933075216e+01
4.016000000000000369e+01 4.534188224427735947e-01 3.177395108341357144e+01
4.017000000000000171e+01 4.306349741788373930e-01 3.173354399335713438e+01
4.017999999999999972e+01 4.070945647253376709e-01 3.169363686058951757e+01
4.018999999999999773e+01 3.827717577536086657e-01 3.165430533606748043e+01
4.020000000000000284e+01 3.576466674497646436e-01 3.161561957225486452e+01
4.021000000000000085e+01 3.317055699413319902e-01 3.157764382027116312e+01
4.021999999999999886e+01 3.049409931850721178e-01 3.154043611795929891e+01
4.023000000000000398e+01 2.773517081076304902e-01 3.150404804275915538e+01
4.024000000000000199e+01 2.489426441286386460e-01 3.146852450544061597e+01
4.025000000000000000e+01 2.197247514716683392e-01 3.143390356418396436e+01
4.025999999999999801e+01 1.897148258840758994e-01 3.140021624729065053e+01
4.027000000000000313e+01 1.589353211745631600e-01 3.136748636664716727e+01
4.028000000000000114e+01 1.274141507321870925e-01 3.133573033053616896e+01
4.028999999999999915e+01 9.518449302622770947e-02 3.130495695035224557e+01
4.030000000000000426e+01 6.228460323549464550e-02 3.127516725288930388e+01
4.031000000000000227e+01 2.875763148860750393e-02 3.124635431100041316e+01
4.032000000000000028e+01 -5.348556043685125799e-03 3.121850311042473791e+01
4.032999999999999829e+01 -3.998156120309310363e-02 3.119159047591117329e+01
4.034000000000000341e+01 -7.508465346586612466e-02 3.116558508003051031e+01
4.035000000000000142e+01 -1.105969978575761098e-01 3.114044756022719795e+01
4.035999999999999943e+01 -1.464539259373668356e-01 3.111613077020011886e+01
4.036999999999999744e+01 -1.825872654339464329e-01 3.109258018956723646e+01
4.038000000000000256e+01 -2.189257334325437898e-01 3.106973449749817817e+01
4.039000000000000057e+01 -2.553954255626182945e-01 3.104752635444622655e+01
4.039999999999999858e+01 -2.919203668670698470e-01 3.102588333129448728e+01
4.041000000000000369e+01 -3.284231571802116445e-01 3.100472903087440102e+01
4.042000000000000171e+01 -3.648256804330106129e-01 3.098398433966664456e+01
4.042999999999999972e+01 -4.010498644998237716e-01 3.096356878108653277e+01
4.043999999999999773e+01 -4.370184673350334115e-01 3.094340192069680739e+01
4.045000000000000284e+01 -4.726558585195168027e-01 3.092340476436541508e+01
4.046000000000000085e+01 -5.078887665795596140e-01 3.090350109439764381e+01
4.046999999999999886e+01 -5.426469619542010348e-01 3.088361868791863429e+01
4.048000000000000398e+01 -5.768638513666362044e-01 3.086369037327092357e+01
4.049000000000000199e+01 -6.104769650311974161e-01 3.084365489035910102e+01
4.050000000000000000e+01 -6.434283265767114512e-01 3.082345753594486837e+01
4.050999999999999801e+01 -6.756647032698049893e-01 3.080305058859574530e+01
4.052000000000000313e+01 -7.071377415402645417e-01 3.078239352123014783e+01
4.053000000000000114e+01 -7.378039984966234810e-01 3.076145301956376699e+01
4.053999999999999915e+01 -7.676248840998354250e-01 3.074020283226433037e+01
4.055000000000000426e+01 -7.965665307385050298e-01 3.071862348291262990e+01
4.056000000000000227e+01 -8.245996073043140306e-01 3.069670187518286042e+01
4.057000000000000028e+01 -8.516990939722609566e-01 3.067443082174913727e+01
4.057999999999999829e+01 -8.778440323199314665e-01 3.065180852529576683e+01
4.059000000000000341e+01 -9.030172615928072632e-01 3.062883803335478206e+01
4.060000000000000142e+01 -9.272051534077381252e-01 3.060552669235632806e+01
4.060999999999999943e+01 -9.503973492713326809e-01 3.058188561137674810e+01
4.061999999999999744e+01 -9.725865070790521427e-01 3.055792914971414476e+01
4.063000000000000256e+01 -9.937680603113516753e-01 3.053367443773333179e+01
4.064000000000000057e+01 -1.013939990597056529e+00 3.050914093465335597e+01
4.064999999999999858e+01 -1.033102614959831689e+00 3.048435002740666278e+01
4.066000000000000369e+01 -1.051258387055044929e+00 3.045932467096906393e+01
4.067000000000000171e+01 -1.068411711764358119e+00 3.043408907002464403e+01
4.067999999999999972e+01 -1.084568772519996172e+00 3.040866840151633710e+01
4.068999999999999773e+01 -1.099737366410718620e+00 3.038308856652467327e+01
4.070000000000000284e+01 -1.113926752644125884e+00 3.035737598903434886e+01
4.071000000000000085e+01 -1.127147504844781878e+00 3.033155743321012920e+01
4.071999999999999886e+01 -1.139411370563481851e+00 3.030565985084943392e+01
4.073000000000000398e+01 -1.150731136101411867e+00 3.027971025571502750e+01
4.074000000000000199e+01 -1.161120493096119421e+00 3.025373561073625339e+01
4.075000000000000000e+01 -1.170593908086969837e+00 3.022776273241886358e+01
4.075999999999999801e+01 -1.179166493988089037e+00 3.020181820947430040e+01
4.077000000000000313e+01 -1.186853882726585985e+00 3.017592833239134720e+01
4.078000000000000114e+01 -1.193672098716454633e+00 3.015011902771756525e+01
4.078999999999999915e+01 -1.199637434022455817e+00 3.012441580089718229e+01
4.080000000000000426e+01 -1.204766325405220329e+00 3.009884368493609230e+01
4.081000000000000227e+01 -1.209075234645063279e+00 3.007342719409699683e+01
4.082000000000000028e+01 -1.212580532659628174e+00 3.004819028243546697e+01
4.082999999999999829e+01 -1.215298388695609688e+00 3.002315630867869345e+01
4.084000000000000341e+01 -1.217244667157626470e+00 2.999834800874234730e+01
4.085000000000000142e+01 -1.218434833247637794e+00 2.997378747667200471e+01
4.085999999999999943e+01 -1.218883867451639125e+00 2.994949615426771317e+01
4.086999999999999744e+01 -1.218606190690607605e+00 2.992549483098419216e+01
4.088000000000000256e+01 -1.217615602389657603e+00 2.990180365640070193e+01
4.089000000000000057e+01 -1.215925230175888272e+00 2.987844216385588680e+01
4.089999999999999858e+01 -1.213547492259910987e+00 2.985542930647343951e+01
4.091000000000000369e+01 -1.210494073303141516e+00 2.983278350617385044e+01
4.092000000000000171e+01 -1.206775908542172315e+00 2.981052271057408021e+01
4.092999999999999972e+01 -1.202403177996693051e+00 2.978866445936641938e+01
4.093999999999999773e+01 -1.197385325646520338e+00 2.976722597418487837e+01
4.095000000000000284e+01 -1.191731061497359523e+00 2.974622423106004376e+01
4.096000000000000085e+01 -1.185448390948367736e+00 2.972567605808326618e+01
4.096999999999999886e+01 -1.178544642143057208e+00 2.970559822942243144e+01
4.098000000000000398e+01 -1.171026498788225956e+00 2.968600756260345008e+01
4.099000000000000199e+01 -1.162900037555302912e+00 2.966692101762966161e+01
4.100000000000000000e+01 -1.154170767342307835e+00 2.964835579486062045e+01
4.100999999999999801e+01 -1.144843670494408716e+00 2.963032943149773857e+01
4.102000000000000313e+01 -1.134923245553331794e+00 2.961285989574844280e+01
4.103000000000000114e+01 -1.124413551386975296e+00 2.959596567673860434e+01
4.103999999999999915e+01 -1.113318250611089910e+00 2.957966587052020557e+01
4.105000000000000426e+01 -1.101640655477225783e+00 2.956398026156623260e+01
4.106000000000000227e+01 -1.089383774017144813e+00 2.954892939884290470e+01
4.107000000000000028e+01 -1.076550357710069683e+00 2.953453466581100884e+01
4.107999999999999829e+01 -1.063142950812864251e+00 2.952081834472043909e+01
4.109000000000000341e+01 -1.049163941914051490e+00 2.950780367424048478e+01
4.110000000000000142e+01 -1.034615618767089407e+00 2.949551490016177269e+01
4.110999999999999943e+01 -1.019500226748138560e+00 2.948397731868537619e+01
4.111999999999999744e+01 -1.003820030166892918e+00 2.947321731290531233e+01
4.113000000000000256e+01 -9.875773825869215150e-01 2.946326237827938499e+01
4.114000000000000057e+01 -9.707747982088650307e-01 2.945414114232170988e+01
4.114999999999999858e+01 -9.534150352726524780e-01 2.944588337076480755e+01
4.116000000000000369e+01 -9.355011824813023180e-01 2.943851996618408151e+01
4.117000000000000171e+01 -9.170367579459781648e-01 2.943208295183448087e+01
4.117999999999999972e+01 -8.980258148710255073e-01 2.942660544427307556e+01
4.118999999999999773e+01 -8.784730586359118520e-01 2.942212161133624093e+01
4.120000000000000284e+01 -8.583839749500299376e-01 2.941866661337771660e+01
4.121000000000000085e+01 -8.377649679412481065e-01 2.941627653094666073e+01
4.121999999999999886e+01 -8.166235125784174764e-01 2.941498826950679302e+01
4.123000000000000398e+01 -7.949683162373039069e-01 2.941483945160369018e+01
4.124000000000000199e+01 -7.728094955661140020e-01 2.941586828127449849e+01
4.125000000000000000e+01 -7.501587626402493880e-01 2.941811339552102922e+01
4.125999999999999801e+01 -7.270296246778897853e-01 2.942161368657492915e+01
4.127000000000000313e+01 -7.034375935382989331e-01 2.942640810940701712e+01
4.128000000000000114e+01 -6.794004041470038668e-01 2.943253546121988151e+01
4.128999999999999915e+01 -6.549382412588935498e-01 2.944003414681269248e+01
4.130000000000000426e+01 -6.300739720200976279e-01 2.944894192101078900e+01
4.131000000000000227e+01 -6.048333814311969148e-01 2.945929561411839970e+01
4.132000000000000028e+01 -5.792454058741957068e-01 2.947113084722936804e+01
4.132999999999999829e+01 -5.533423644801263031e-01 2.948448173515611614e+01
4.134000000000000341e+01 -5.271601818207577450e-01 2.949938058532011098e+01
4.135000000000000142e+01 -5.007385956039671626e-01 2.951585760172190831e+01
4.135999999999999943e+01 -4.741213485468405708e-01 2.953394059526730331e+01
4.136999999999999744e+01 -4.473563567634422644e-01 2.955365471151261758e+01
4.138000000000000256e+01 -4.204958468085135403e-01 2.957502218955177042e+01
4.139000000000000057e+01 -3.935964630496138206e-01 2.959806215240956107e+01
4.139999999999999858e+01 -3.667193295072774806e-01 2.962279045417514212e+01
4.141000000000000369e+01 -3.399300779917108772e-01 2.964921957581732670e+01
4.142000000000000171e+01 -3.132988215052891490e-01 2.967735860107120516e+01
4.142999999999999972e+01 -2.869000853373457338e-01 2.970721326945706053e+01
4.143999999999999773e+01 -2.608126870260494834e-01 2.973878612712446312e+01
4.145000000000000284e+01 -2.351195689676440770e-01 2.977207678061811791e+01
4.146000000000000085e+01 -2.099075909823020503e-01 2.980708226433318231e+01
4.146999999999999886e+01 -1.852672827689513801e-01 2.984379753191265294e+01
4.148000000000000398e+01 -1.612925700723204236e-01 2.988221607790448786e+01
4.149000000000000199e+01 -1.380804864395474008e-01 2.992233069418467650e+01
4.150000000000000000e+01 -1.157308771737350639e-01 2.996413437060435569e+01
4.150999999999999801e+01 -9.434612419242557890e-02 3.000762133736670378e+01
4.152000000000000313e+01 -7.403089782209044956e-02 3.005278825802707487e+01
4.153000000000000114e+01 -5.489196177692723388e-02 3.009963557201281859e+01
4.153999999999999915e+01 -3.703805162712549282e-02 3.014816898795179867e+01
4.155000000000000426e+01 -2.057983767500136396e-02 3.019840113146735305e+01
4.156000000000000227e+01 -5.629994229765614665e-03 3.025035333852397201e+01
4.157000000000000028e+01 7.696632423781883843e-03 3.030405759218009365e+01
4.157999999999999829e+01 1.928275448821982138e-02 3.035955857027727589e+01
4.159000000000000341e+01 2.900832989175858648e-02 3.041691575703423922e+01
4.160000000000000142e+01 3.675028401820422397e-02 3.047620550554598751e+01
4.160999999999999943e+01 4.238245904275275006e-02 3.053752284126190375e+01
4.161999999999999744e+01 4.577610293889183141e-02 3.060098261141004983e+01
4.163000000000000256e+01 4.680149122501001124e-02 3.066671925811600374e+01
4.164000000000000057e+01 4.533165252631639330e-02 3.073488395877954815e+01
4.164999999999999858e+01 4.124981916615825389e-02 3.080563700442344555e+01
4.166000000000000369e+01 3.446309640824978676e-02 3.087913204983932047e+01
4.167000000000000171e+01 2.492578940132922014e-02 3.095548746314866406e+01
4.167999999999999972e+01 1.267603978621830579e-02 3.103473947175137226e+01
4.168999999999999773e+01 -2.113111375231371131e-03 3.111677486279259952e+01
4.170000000000000284e+01 -1.907573480984470563e-02 3.120125226545649255e+01
4.171000000000000085e+01 -3.761170898056238887e-02 3.128754274508830235e+01
4.171999999999999886e+01 -5.689992964798288450e-02 3.137474023799292766e+01
4.173000000000000398e+01 -7.599220202699501214e-02 3.146177773361601027e+01
4.174000000000000199e+01 -9.396492251384812311e-02 3.154761981010627281e+01
4.175000000000000000e+01 -1.100588251780339200e-01 3.163143926549438589e+01
4.175999999999999801e+01 -1.237473587655722879e-01 3.171269945965662629e+01
4.177000000000000313e+01 -1.347288233764766807e-01 3.179113714590669559e+01
4.178000000000000114e+01 -1.428763263978525266e-01 3.186669204916673337e+01
4.178999999999999915e+01 -1.481804276480019888e-01 3.193942949419679422e+01
4.180000000000000426e+01 -1.507024772487766950e-01 3.200947921087460202e+01
4.181000000000000227e+01 -1.505425969208205872e-01 3.207699464963513236e+01
4.182000000000000028e+01 -1.478199038551787359e-01 3.214212894987589664e+01
4.182999999999999829e+01 -1.426612160912754113e-01 3.220502219930259713e+01
4.184000000000000341e+01 -1.351950721007157130e-01 3.226579563029938669e+01
4.185000000000000142e+01 -1.255488657255103280e-01 3.232454980949859902e+01
4.185999999999999943e+01 -1.138477048701138916e-01 3.238136500480172941e+01
4.186999999999999744e+01 -1.002141596425996373e-01 3.243630267089551467e+01
4.188000000000000256e+01 -8.476841283673193506e-02 3.248940745254250118e+01
4.189000000000000057e+01 -6.762854173283297521e-02 3.254070937976705835e+01
4.189999999999999858e+01 -4.891078581009754289e-02 3.259022608212416827e+01
4.191000000000000369e+01 -2.872972677300051139e-02 3.263796492987692943e+01
4.192000000000000171e+01 -7.198352897007595681e-03 3.268392505808690629e+01
4.192999999999999972e+01 1.557199668754933458e-02 3.272809925065462977e+01
4.193999999999999773e+01 3.947179703494194114e-02 3.277047567366531666e+01
4.195000000000000284e+01 6.439359352527079805e-02 3.281103945193242311e+01
4.196000000000000085e+01 9.023232720829163500e-02 3.284977408557666223e+01
4.196999999999999886e+01 1.168857061006616099e-01 3.288666270429268224e+01
4.198000000000000398e+01 1.442545998319231526e-01 3.292168915867777201e+01
4.199000000000000199e+01 1.722434365965219705e-01 3.295483894908340261e+01
4.200000000000000000e+01 2.007605839971994266e-01 3.298609999432592588e+01
4.200999999999999801e+01 2.297186978612941188e-01 3.301546324428729662e+01
4.202000000000000313e+01 2.590350275194385210e-01 3.304292314313529744e+01
4.203000000000000114e+01 2.886316672838725172e-01 3.306847795108676280e+01
4.203999999999999915e+01 3.184357491284097175e-01 3.309212993565647309e+01
4.205000000000000426e+01 3.483795729190867219e-01 3.311388544370776543e+01
4.206000000000000227e+01 3.784006740846156958e-01 3.313375486836968520e+01
4.207000000000000028e+01 4.084418304266086985e-01 3.315175252490004709e+01
4.207999999999999829e+01 4.384510114103691292e-01 3.316789644975670370e+01
4.209000000000000341e+01 4.683812753988903510e-01 3.318220813861936591e+01
4.210000000000000142e+01 4.981906201631983722e-01 3.319471223707361673e+01
4.210999999999999943e+01 5.278417929801271224e-01 3.320543619790153400e+01
4.211999999999999744e+01 5.573020674810308384e-01 3.321440991846682778e+01
4.213000000000000256e+01 5.865429928300497364e-01 3.322166536930168945e+01
4.214000000000000057e+01 6.155401216254613450e-01 3.322723622500478768e+01
4.214999999999999858e+01 6.442727220457618031e-01 3.323115750695438919e+01
4.216000000000000369e+01 6.727234772963436304e-01 3.323346524489028297e+01
4.217000000000000171e+01 7.008781782317226039e-01 3.323419616672184418e+01
4.217999999999999972e+01 7.287254103492563084e-01 3.323338742069134355e+01
4.218999999999999773e+01 7.562562358806074192e-01 3.323107633613020795e+01
4.220000000000000284e+01 7.834638736506014389e-01 3.322730022751148482e+01
4.221000000000000085e+01 8.103433741635320819e-01 3.322209624653739013e+01
4.221999999999999886e+01 8.368912889933781685e-01 3.321550128618954290e+01
4.223000000000000398e+01 8.631053315833800976e-01 3.320755194082082795e+01
4.224000000000000199e+01 8.889840260645139880e-01 3.319828452802814667e+01
4.225000000000000000e+01 9.145263391854779877e-01 3.318773517489346148e+01
4.225999999999999801e+01 9.397312905473463873e-01 3.317593997569639441e+01
4.227000000000000313e+01 9.645975361035928897e-01 3.316293522347989864e+01
4.228000000000000114e+01 9.891229189019140611e-01 3.314875772132368326e+01
4.228999999999999915e+01 1.013303985324527590e+00 3.313344517324488692e+01
4.230000000000000426e+01 1.037135461610117160e+00 3.311703665698259158e+01
4.231000000000000227e+01 1.060609696466104035e+00 3.309957316975356889e+01
4.232000000000000028e+01 1.083716073443643513e+00 3.308109823724505816e+01
4.232999999999999829e+01 1.106440414273210049e+00 3.306165855625707906e+01
4.234000000000000341e+01 1.128764385400883752e+00 3.304130464976170600e+01
4.235000000000000142e+01 1.150664959351196615e+00 3.302009146560516939e+01
4.235999999999999943e+01 1.172113968689278085e+00 3.299807886424061820e+01
4.236999999999999744e+01 1.193077816135346136e+00 3.297533190933150138e+01
4.238000000000000256e+01 1.213517398757325116e+00 3.295192088448743561e+01
4.239000000000000057e+01 1.233388315839681448e+00 3.292792094179788620e+01
4.239999999999999858e+01 1.252641396351294789e+00 3.290341133743213931e+01
4.241000000000000369e+01 1.271223567118331843e+00 3.287847422953959153e+01
4.242000000000000171e+01 1.289079039148519845e+00 3.285319307392413180e+01
4.242999999999999972e+01 1.306150725072599439e+00 3.282765074148326079e+01
4.243999999999999773e+01 1.322381803358218422e+00 3.280192747623427607e+01
4.245000000000000284e+01 1.337717253487124003e+00 3.277609893629512783e+01
4.246000000000000085e+01 1.352105256317676751e+00 3.275023446177752362e+01
4.246999999999999886e+01 1.365498311919305152e+00 3.272439576791182958e+01
4.248000000000000398e+01 1.377854015468849891e+00 3.269863613846677453e+01
4.249000000000000199e+01 1.389135455852280598e+00 3.267300015952261560e+01
4.250000000000000000e+01 1.399311261489032177e+00 3.264752395103607796e+01
4.250999999999999801e+01 1.408355350396717443e+00 3.262223580933753908e+01
4.252000000000000313e+01 1.416246460639553062e+00 3.259715714869604142e+01
4.253000000000000114e+01 1.422967543362958276e+00 3.257230362356524012e+01
4.253999999999999915e+01 1.428505091210951594e+00 3.254768632776826109e+01
4.255000000000000426e+01 1.432848462016119262e+00 3.252331298640228852e+01
4.256000000000000227e+01 1.435989240039429182e+00 3.249918908163498799e+01
4.257000000000000028e+01 1.437920661847108095e+00 3.247531887541793338e+01
4.257999999999999829e+01 1.438637120486131238e+00 3.245170631101835568e+01
4.259000000000000341e+01 1.438133751887489487e+00 3.242835578882359471e+01
4.260000000000000142e+01 1.436406100682271925e+00 3.240527282099635187e+01
4.260999999999999943e+01 1.433449858508131669e+00 3.238246457490415509e+01
4.261999999999999744e+01 1.429260665640139871e+00 3.235994031789958569e+01
4.263000000000000256e+01 1.423833965992065353e+00 3.233771177661184026e+01
4.264000000000000057e+01 1.417164906411989556e+00 3.231579342212939565e+01
4.264999999999999858e+01 1.409248269824807442e+00 3.229420269394791632e+01
4.266000000000000369e+01 1.400078435555625278e+00 3.227296016960907110e+01
4.267000000000000171e+01 1.389649358506624743e+00 3.225208968906716223e+01
4.267999999999999972e+01 1.377954561694720859e+00 3.223161843823244510e+01
4.268999999999999773e+01 1.364987136943424106e+00 3.221157699548729880e+01
4.270000000000000284e+01 1.350739749566494785e+00 3.219199934330033841e+01
4.271000000000000085e+01 1.335204644239038396e+00 3.217292284475924902e+01
4.271999999999999886e+01 1.318373650182715240e+00 3.215438818359318418e+01
4.273000000000000398e+01 1.300238185287913684e+00 3.213643926401100970e+01
4.274000000000000199e+01 1.280789259800462654e+00 3.211912306506198433e+01
4.275000000000000000e+01 1.260017483822363671e+00 3.210248944020955264e+01
4.275999999999999801e+01 1.237913081994869380e+00 3.208659085242965148e+01
4.277000000000000313e+01 1.214465927449843274e+00 3.207148202575293539e+01
4.278000000000000114e+01 1.189665604022918988e+00 3.205721949617102240e+01
4.278999999999999915e+01 1.163501517126829476e+00 3.204386103181045797e+01
4.280000000000000426e+01 1.135963078504136359e+00 3.203146488450030915e+01
4.281000000000000227e+01 1.107039998499541156e+00 3.202008882515703192e+01
4.282000000000000028e+01 1.076722720238539432e+00 3.200978891387622838e+01
4.282999999999999829e+01 1.045003063406523269e+00 3.200061791319199500e+01
4.284000000000000341e+01 1.011875131020259833e+00 3.199262327220517577e+01
4.285000000000000142e+01 9.773365590710823003e-01 3.198584457847999118e+01
4.285999999999999943e+01 9.413901778317791402e-01 3.198031039201012149e+01
4.286999999999999744e+01 9.040461634318871509e-01 3.197603437081381372e+01
4.288000000000000256e+01 8.653246990083824919e-01 3.197301068854608275e+01
4.289000000000000057e+01 8.252591179808234090e-01 3.197120882287123322e+01
4.289999999999999858e+01 7.838993767345207031e-01 3.197056798244626563e+01
4.291000000000000369e+01 7.413155410194124384e-01 3.197099168541410918e+01
4.292000000000000171e+01 6.976007845672659302e-01 3.197234327537227117e+01
4.292999999999999972e+01 6.528732187681144383e-01 3.197444341917753974e+01
4.293999999999999773e+01 6.072758369623608710e-01 3.197707067195746689e+01
4.295000000000000284e+01 5.609739906241302254e-01 3.197996598021526538e+01
4.296000000000000085e+01 5.141502489351045257e-01 3.198284133599361923e+01
4.296999999999999886e+01 4.669970839540423801e-01 3.198539190487690576e+01
4.298000000000000398e+01 4.197084192714975459e-01 3.198731005321873155e+01
4.299000000000000199e+01 3.724713988031634337e-01 3.198829921108308483e+01
4.300000000000000000e+01 3.254596485177258525e-01 3.198808561314053733e+01
4.300999999999999801e+01 2.788288480170036387e-01 3.198642662053223873e+01
4.302000000000000313e+01 2.327148224938884458e-01 3.198311522026384424e+01
4.303000000000000114e+01 1.872338422996492890e-01 3.197798108185016019e+01
4.303999999999999915e+01 1.424845169057799565e-01 3.197088901487140333e+01
4.305000000000000426e+01 9.855060242942342841e-02 3.196173579453024516e+01
4.306000000000000227e+01 5.550413203455625138e-02 3.195044621102460525e+01
4.307000000000000028e+01 1.340845614793897446e-02 3.193696895243317257e+01
4.307999999999999829e+01 -2.767906790647659335e-02 3.192127271525153986e+01
4.309000000000000341e+01 -6.770485296933295705e-02 3.190334272891971423e+01
4.310000000000000142e+01 -1.066173568391797083e-01 3.188317775753175454e+01
4.310999999999999943e+01 -1.443658284469604980e-01 3.186078755767996640e+01
4.311999999999999744e+01 -1.808994738704225169e-01 3.183619073553069256e+01
4.313000000000000256e+01 -2.161669810320694662e-01 3.180941293293744820e+01
4.314000000000000057e+01 -2.501163450262178234e-01 3.178048527868720186e+01
4.314999999999999858e+01 -2.826949412268476847e-01 3.174944305121102772e+01
4.316000000000000369e+01 -3.138498045104666234e-01 3.171632451772462602e+01
4.317000000000000171e+01 -3.435280865451908472e-01 3.168116993412053617e+01
4.317999999999999972e+01 -3.716776655148253949e-01 3.164402070280889134e+01
4.318999999999999773e+01 -3.982479171717293598e-01 3.160491872281338033e+01
4.320000000000000284e+01 -4.231906464979487970e-01 3.156390596469070431e+01
4.321000000000000085e+01 -4.464612142998243272e-01 3.152102434528436348e+01
4.321999999999999886e+01 -4.680199033337268943e-01 3.147631599233236699e+01
4.323000000000000398e+01 -4.878335914521379491e-01 3.142982401842064633e+01
4.324000000000000199e+01 -5.058778136200541287e-01 3.138159394517643719e+01
4.325000000000000000e+01 -5.221393047625851880e-01 3.133167593335731382e+01
4.325999999999999801e+01 -5.366191057942785170e-01 3.128012796594608957e+01
4.327000000000000313e+01 -5.493362692450849405e-01 3.122702007626356391e+01
4.328000000000000114e+01 -5.603321021316093331e-01 3.117243958777780932e+01
4.328999999999999915e+01 -5.696747037247137380e-01 3.111649709959053922e+01
4.330000000000000426e+01 -5.774632899327422075e-01 3.105933259470373642e+01
4.331000000000000227e+01 -5.838314688705105171e-01 3.100112060379598589e+01
4.332000000000000028e+01 -5.889483554483143646e-01 3.094207296007119723e+01
4.332999999999999829e+01 -5.930163517497435421e-01 3.088243755726152884e+01
4.334000000000000341e+01 -5.962647669181586618e-01 3.082249193059102055e+01
4.335000000000000142e+01 -5.989393301038766770e-01 3.076253160471966552e+01
4.335999999999999943e+01 -6.012887636939932001e-01 3.070285460151400869e+01
4.336999999999999744e+01 -6.035505835533615526e-01 3.064374482514710607e+01
4.338000000000000256e+01 -6.059385850695421238e-01 3.058545744685519452e+01
4.339000000000000057e+01 -6.086339208135452816e-01 3.052820871046589346e+01
4.339999999999999858e+01 -6.117805853861790766e-01 3.047217117207462422e+01
4.341000000000000369e+01 -6.154849984498099724e-01 3.041747393983125392e+01
4.342000000000000171e+01 -6.198186507613344665e-01 3.036420655905718391e+01
4.342999999999999972e+01 -6.248225608664110808e-01 3.031242493399227556e+01
4.343999999999999773e+01 -6.305124437597912079e-01 3.026215790214732593e+01
4.345000000000000284e+01 -6.368838143959030251e-01 3.021341350992932462e+01
4.346000000000000085e+01 -6.439165881263039237e-01 3.016618448285705512e+01
4.346999999999999886e+01 -6.515789838841323789e-01 3.012045269471834885e+01
4.348000000000000398e+01 -6.598307026984437940e-01 3.007619264816957738e+01
4.349000000000000199e+01 -6.686254444869912383e-01 3.003337408425976562e+01
4.350000000000000000e+01 -6.779128671572450804e-01 2.999196388291657556e+01
4.350999999999999801e+01 -6.876400861915427098e-01 2.995192739945841609e+01
4.352000000000000313e+01 -6.977528151860786787e-01 2.991322937884430289e+01
4.353000000000000114e+01 -7.081962272197540598e-01 2.987583455816465516e+01
4.353999999999999915e+01 -7.189156028620840022e-01 2.983970804588969727e+01
4.355000000000000426e+01 -7.298568164250867074e-01 2.980481554590101112e+01
4.356000000000000227e+01 -7.409666994797294848e-01 2.977112347621711663e+01
4.357000000000000028e+01 -7.521933113970495910e-01 2.973859901942245543e+01
4.357999999999999829e+01 -7.634861391359878402e-01 2.970721013119125331e+01
4.359000000000000341e+01 -7.747962427422107057e-01 2.967692552546540696e+01
4.360000000000000142e+01 -7.860763598290160248e-01 2.964771465039929765e+01
4.360999999999999943e+01 -7.972809760873388329e-01 2.961954766074469347e+01
4.361999999999999744e+01 -8.083663717376425861e-01 2.959239539633330551e+01
4.363000000000000256e+01 -8.192906470486257531e-01 2.956622936700307136e+01
4.364000000000000057e+01 -8.300137317975485596e-01 2.954102174704161499e+01
4.364999999999999858e+01 -8.404973818001910679e-01 2.951674537977013202e+01
4.366000000000000369e+01 -8.507051648893307894e-01 2.949337379193276831e+01
4.367000000000000171e+01 -8.606024384262931370e-01 2.947088121765753854e+01
4.367999999999999972e+01 -8.701563199705845131e-01 2.944924263090271666e+01
4.368999999999999773e+01 -8.793356525449389505e-01 2.942843378550331934e+01
4.370000000000000284e+01 -8.881109657177830297e-01 2.940843126165220411e+01
4.371000000000000085e+01 -8.964544328140778839e-01 2.938921251707425597e+01
4.371999999999999886e+01 -9.043398262221586936e-01 2.937075594290549319e+01
4.373000000000000398e+01 -9.117424707859191901e-01 2.935304092214298421e+01
4.374000000000000199e+01 -9.186391956584879503e-01 2.933604788994129464e+01
4.375000000000000000e+01 -9.250082859728921969e-01 2.931975839502495518e+01
4.375999999999999801e+01 -9.308294340321434657e-01 2.930415516112664776e+01
4.377000000000000313e+01 -9.360836907201686152e-01 2.928922214781488975e+01
4.378000000000000114e+01 -9.407534175645501096e-01 2.927494460985270663e+01
4.378999999999999915e+01 -9.448222394334545582e-01 2.926130915485572714e+01
4.380000000000000426e+01 -9.482749984320960612e-01 2.924830379837348815e+01
4.381000000000000227e+01 -9.510977090297590975e-01 2.923591801618009711e+01
4.382000000000000028e+01 -9.532775146658614140e-01 2.922414279342494225e+01
4.382999999999999829e+01 -9.548026463444226897e-01 2.921297066952104515e+01
4.384000000000000341e+01 -9.556623823598336953e-01 2.920239578104930089e+01
4.385000000000000142e+01 -9.558470109789406477e-01 2.919241389829346289e+01
4.385999999999999943e+01 -9.553477948600549441e-01 2.918302245955569063e+01
4.386999999999999744e+01 -9.541569381778999270e-01 2.917422059960562564e+01
4.388000000000000256e+01 -9.522675564560231232e-01 2.916600917460377929e+01
4.389000000000000057e+01 -9.496736492657381623e-01 2.915839078176941612e+01
4.389999999999999858e+01 -9.463700764901583629e-01 2.915136977428883469e+01
4.391000000000000369e+01 -9.423525380162146581e-01 2.914495227137561173e+01
4.392000000000000171e+01 -9.376175573871515789e-01 2.913914616282947989e+01
4.392999999999999972e+01 -9.321624700784213458e-01 2.913396110844871600e+01
4.393999999999999773e+01 -9.259854160543952162e-01 2.912940853165350674e+01
4.395000000000000284e+01 -9.190853383935493337e-01 2.912550160702768665e+01
4.396000000000000085e+01 -9.114619865799008513e-01 2.912225524207151750e+01
4.396999999999999886e+01 -9.031159272304762897e-01 2.911968605146308064e+01
4.398000000000000398e+01 -8.940485603980689033e-01 2.911781232541517639e+01
4.399000000000000199e+01 -8.842621442710898449e-01 2.911665398908950664e+01
4.400000000000000000e+01 -8.737598268413224734e-01 2.911623255540591515e+01
4.400999999999999801e+01 -8.625456865483498436e-01 2.911657106775832915e+01
4.402000000000000313e+01 -8.506247815354195385e-01 2.911769403465252992e+01
4.403000000000000114e+01 -8.380032082522588244e-01 2.911962735353012377e+01
4.403999999999999915e+01 -8.246881700873577303e-01 2.912239822439919834e+01
4.405000000000000426e+01 -8.106880557966016365e-01 2.912603505221649058e+01
4.406000000000000227e+01 -7.960125285396137951e-01 2.913056733688890887e+01
4.407000000000000028e+01 -7.806726255858091879e-01 2.913602555143627626e+01
4.407999999999999829e+01 -7.646808676757193002e-01 2.914244100651539782e+01
4.409000000000000341e+01 -7.480513805071375977e-01 2.914984570174054568e+01
4.410000000000000142e+01 -7.308000231399728319e-01 2.915827216415642198e+01
4.410999999999999943e+01 -7.129445299507438660e-01 2.916775327121076700e+01
4.411999999999999744e+01 -6.945046555183088666e-01 2.917832206407728179e+01
4.413000000000000256e+01 -6.755023331764246075e-01 2.919001154335435544e+01
4.414000000000000057e+01 -6.559618322126079537e-01 2.920285445995407869e+01
4.414999999999999858e+01 -6.359099261407282766e-01 2.921688308855300065e+01
4.416000000000000369e+01 -6.153760560106460442e-01 2.923212900127328595e+01
4.417000000000000171e+01 -5.943924983968429387e-01 2.924862282896727095e+01
4.417999999999999972e+01 -5.729945261298362569e-01 2.926639402642947019e+01
4.418999999999999773e+01 -5.512205633275151229e-01 2.928547063723093657e+01
4.420000000000000284e+01 -5.291123319774483358e-01 2.930587906396623410e+01
4.421000000000000085e+01 -5.067149799111214659e-01 2.932764385769947069e+01
4.421999999999999886e+01 -4.840771985413157563e-01 2.935078751315692713e+01
4.423000000000000398e+01 -4.612513104666604580e-01 2.937533030732134876e+01
4.424000000000000199e+01 -4.382933411791298806e-01 2.940129014694495169e+01
4.425000000000000000e+01 -4.152630552796495733e-01 2.942868248218233518e+01
4.425999999999999801e+01 -3.922239658053454092e-01 2.945752025017637266e+01
4.427000000000000313e+01 -3.692433125800462790e-01 2.948781387611585814e+01
4.428000000000000114e+01 -3.463920022593960368e-01 2.951957134692864670e+01
4.428999999999999915e+01 -3.237445150884917799e-01 2.955279835746510742e+01
4.430000000000000426e+01 -3.013787842619385926e-01 2.958749853051690692e+01
4.431000000000000227e+01 -2.793760403363109712e-01 2.962367373064974174e+01
4.432000000000000028e+01 -2.578206366597002308e-01 2.966132447404734052e+01
4.432999999999999829e+01 -2.367998494968309720e-01 2.970045044048818994e+01
4.434000000000000341e+01 -2.164036819050335347e-01 2.974105109037893513e+01
4.435000000000000142e+01 -1.967246564937174813e-01 2.978312640073724538e+01
4.435999999999999943e+01 -1.778576342093333151e-01 2.982667771746170260e+01
4.436999999999999744e+01 -1.598996573228268769e-01 2.987170873379824698e+01
4.438000000000000256e+01 -1.429498402457827777e-01 2.991822659822151209e+01
4.439000000000000057e+01 -1.271093266092238605e-01 2.996624316081034323e+01
4.439999999999999858e+01 -1.124813208293324041e-01 3.001577636095207779e+01
4.441000000000000369e+01 -9.917122623577905027e-02 3.006685176884374400e+01
4.442000000000000171e+01 -8.728688137206014330e-02 3.011950427945593844e+01
4.442999999999999972e+01 -7.693891262996641056e-02 3.017377996377451410e+01
4.443999999999999773e+01 -6.824119491865487941e-02 3.022973806371379624e+01
4.445000000000000284e+01 -6.131136969736310921e-02 3.028745308979084072e+01
4.446000000000000085e+01 -5.627134792195847418e-02 3.034701693473737194e+01
4.446999999999999886e+01 -5.324762582453635568e-02 3.040854081196973979e+01
4.448000000000000398e+01 -5.237109949418673749e-02 3.047215665058557477e+01
4.449000000000000199e+01 -5.377581466531855536e-02 3.053801724620687708e+01
4.450000000000000000e+01 -5.759567030249453101e-02 3.060629392579399877e+01
4.450999999999999801e+01 -6.395741796669227042e-02 3.067716955313180094e+01
4.452000000000000313e+01 -7.296733488373781384e-02 3.075082335239904907e+01
4.453000000000000114e+01 -8.468777594196331970e-02 3.082740232387642010e+01
4.453999999999999915e+01 -9.909927166481911909e-02 3.090697304725216910e+01
4.455000000000000426e+01 -1.160459806763019658e-01 3.098945017724766160e+01
4.456000000000000227e+01 -1.351711522433587387e-01 3.107450946647838919e+01
4.457000000000000028e+01 -1.558673093260652676e-01 3.116151742290339044e+01
4.457999999999999829e+01 -1.772839764801838747e-01 3.124953476178423628e+01
4.459000000000000341e+01 -1.984258540105018342e-01 3.133743858803941507e+01
4.460000000000000142e+01 -2.183190010530449421e-01 3.142413449140379456e+01
4.460999999999999943e+01 -2.361659179869845249e-01 3.150875358486788258e+01
4.461999999999999744e+01 -2.514203488039571388e-01 3.159074301233188464e+01
4.463000000000000256e+01 -2.637764140953282044e-01 3.166984420249088572e+01
4.464000000000000057e+01 -2.731118651498042893e-01 3.174601301570789147e+01
4.464999999999999858e+01 -2.794250010374094706e-01 3.181933440045181172e+01
4.466000000000000369e+01 -2.827846568647004455e-01 3.188995650895813583e+01
4.467000000000000171e+01 -2.832967745846378116e-01 3.195804794706056740e+01
4.467999999999999972e+01 -2.810843420241545543e-01 3.202377317456592465e+01
4.468999999999999773e+01 -2.762763371604551321e-01 3.208727988094290851e+01
4.470000000000000284e+01 -2.690021678743494959e-01 3.214869353243287975e+01
4.471000000000000085e+01 -2.593892561076360237e-01 3.220811595785421844e+01
4.471999999999999886e+01 -2.475622976708767853e-01 3.226562606854078297e+01
4.473000000000000398e+01 -2.336433480956812969e-01 3.232128164722389840e+01
4.474000000000000199e+01 -2.177522424876417728e-01 3.237512160981621889e+01
4.475000000000000000e+01 -2.000070829492990032e-01 3.242716842978732927e+01
4.475999999999999801e+01 -1.805246515068131830e-01 3.247743056279358598e+01
4.477000000000000313e+01 -1.594206816481215372e-01 3.252590479194155648e+01
4.478000000000000114e+01 -1.368099659308142091e-01 3.257257845661072793e+01
4.478999999999999915e+01 -1.128062985946957503e-01 3.261743154382620702e+01
4.480000000000000426e+01 -8.752227045525956539e-02 3.266043863372028966e+01
4.481000000000000227e+01 -6.106893857977391954e-02 3.270157069023138519e+01
4.482000000000000028e+01 -3.355539883803679291e-02 3.274079669089903177e+01
4.482999999999999829e+01 -5.088290243589929998e-03 3.277808508888895034e+01
4.484000000000000341e+01 2.422873970256194526e-02 3.281340510117200182e+01
4.485000000000000142e+01 5.429558313894827792e-02 3.284672781853464585e+01
4.485999999999999943e+01 8.501620632325986027e-02 3.287802713415103995e+01
4.486999999999999744e+01 1.162991529859966622e-01 3.290728049145501899e+01
4.488000000000000256e+01 1.480579960859325639e-01 3.293446945332611620e+01
4.489000000000000057e+01 1.802117254082310216e-01 3.295958009975926473e+01
4.489999999999999858e+01 2.126850652291253085e-01 3.298260326353155847e+01
4.491000000000000369e+01 2.454087136282929738e-01 3.300353461489365259e+01
4.492000000000000171e+01 2.783195018295169798e-01 3.302237461060057910e+01
4.492999999999999972e+01 3.113604755105530697e-01 3.303912832432889246e+01
4.493999999999999773e+01 3.444809023605549525e-01 3.305380517722868206e+01
4.495000000000000284e+01 3.776362104327546931e-01 3.306641858426188207e+01
4.496000000000000085e+01 4.107878641851406831e-01 3.307698553810892150e+01
4.496999999999999886e+01 4.439031858726222857e-01 3.308552614852649043e+01
4.498000000000000398e+01 4.769551304658033453e-01 3.309206315749664640e+01
4.499000000000000199e+01 5.099220191131063062e-01 3.309662144393497840e+01
4.500000000000000000e+01 5.427872378290088395e-01 3.309922753792312733e+01
4.500999999999999801e+01 5.755389054713392349e-01 3.309990916088165136e+01
4.502000000000000313e+01 6.081695127371675724e-01 3.309869480889266669e+01
4.503000000000000114e+01 6.406755303382466460e-01 3.309561339560749360e+01
4.503999999999999915e+01 6.730569822704547400e-01 3.309069397397505696e+01
4.505000000000000426e+01 7.053169747675638313e-01 3.308396556051555848e+01
4.506000000000000227e+01 7.374611690920970242e-01 3.307545708087253900e+01
4.507000000000000028e+01 7.694971765244638107e-01 3.306519747828704681e+01
4.507999999999999829e+01 8.014338510709341223e-01 3.305321601149932320e+01
4.509000000000000341e+01 8.332804468965069322e-01 3.303954279303430042e+01
4.510000000000000142e+01 8.650456009271048075e-01 3.302420961718745929e+01
4.510999999999999943e+01 8.967360973802871449e-01 3.300725113452136128e+01
4.511999999999999744e+01 9.283553684299572506e-01 3.298870643057080088e+01
4.513000000000000256e+01 9.599016959894121070e-01 3.296862105089922323e+01
4.514000000000000057e+01 9.913661089968636153e-01 3.294704947386559013e+01
4.514999999999999858e+01 1.022730002871230948e+00 3.292405798638458947e+01
4.516000000000000369e+01 1.053962604224667476e+00 3.289972778588061431e+01
4.517000000000000171e+01 1.085018507718876979e+00 3.287415798864532945e+01
4.517999999999999972e+01 1.115835639471745910e+00 3.284746805077939058e+01
4.518999999999999773e+01 1.146334153148269142e+00 3.281979890171250958e+01
4.520000000000000284e+01 1.176416789482496394e+00 3.279131206351613059e+01
4.521000000000000085e+01 1.205971128582969065e+00 3.276218617621633911e+01
4.521999999999999886e+01 1.234873911795730583e+00 3.273261071033712000e+01
4.523000000000000398e+01 1.262997097885617537e+00 3.270277736186918816e+01
4.524000000000000199e+01 1.290214852852717531e+00 3.267287027171903446e+01
4.525000000000000000e+01 1.316410353290095037e+00 3.264305664469395651e+01
4.525999999999999801e+01 1.341481313561530664e+00 3.261347928527278128e+01
4.527000000000000313e+01 1.365343490658535996e+00 3.258425207029961257e+01
4.528000000000000114e+01 1.387931962553902832e+00 3.255545861092925009e+01
4.528999999999999915e+01 1.409200457246299720e+00 3.252715367958799675e+01
4.530000000000000426e+01 1.429119295898744424e+00 3.249936658159863612e+01
4.531000000000000227e+01 1.447672583553952785e+00 3.247210556126714920e+01
4.532000000000000028e+01 1.464855185778902724e+00 3.244536247469553558e+01
4.532999999999999829e+01 1.480669864800413293e+00 3.241911720041670719e+01
4.534000000000000341e+01 1.495124785212185392e+00 3.239334149360649917e+01
4.535000000000000142e+01 1.508231470748074177e+00 3.236800217340731223e+01
4.535999999999999943e+01 1.520003210409013539e+00 3.234306365114668580e+01
4.536999999999999744e+01 1.530453866490768977e+00 3.231848987189437850e+01
4.538000000000000256e+01 1.539597019759369800e+00 3.229424576579533124e+01
4.539000000000000057e+01 1.547445384023817816e+00 3.227029830919904185e+01
4.539999999999999858e+01 1.554010429899334245e+00 3.224661728428319662e+01
4.541000000000000369e+01 1.559302165942386686e+00 3.222317581321582480e+01
4.542000000000000171e+01 1.563329036276431827e+00 3.219995072683668269e+01
4.542999999999999972e+01 1.566097902592987978e+00 3.217692281470049664e+01
4.543999999999999773e+01 1.567614086080666880e+00 3.215407699192063262e+01
4.545000000000000284e+01 1.567881450836027701e+00 3.213140240912107259e+01
4.546000000000000085e+01 1.566902515750769886e+00 3.210889252346628098e+01
4.546999999999999886e+01 1.564678583533773981e+00 3.208654514592069518e+01
4.548000000000000398e+01 1.561209880157310659e+00 3.206436247260884898e+01
4.549000000000000199e+01 1.556495698359702251e+00 3.204235110724472690e+01
4.550000000000000000e+01 1.550534540740879930e+00 3.202052207817474994e+01
4.550999999999999801e+01 1.543324258582739805e+00 3.199889085232639374e+01
4.552000000000000313e+01 1.534862183032047467e+00 3.197747734700587685e+01
4.553000000000000114e+01 1.525145245549823780e+00 3.195630593966086863e+01
4.553999999999999915e+01 1.514170084505622071e+00 3.193540547558550813e+01
4.555000000000000426e+01 1.501933135420083110e+00 3.191480927129270029e+01
4.556000000000000227e+01 1.488430700817583441e+00 3.189455511484955252e+01
4.557000000000000028e+01 1.473658997257671244e+00 3.187468526051400985e+01
4.557999999999999829e+01 1.457614175878187979e+00 3.185524641721457684e+01
4.559000000000000341e+01 1.440292312713771450e+00 3.183628973102651472e+01
4.560000000000000142e+01 1.421689365481403566e+00 3.181787076074654053e+01
4.560999999999999943e+01 1.401801092874596089e+00 3.180004944720715798e+01
4.561999999999999744e+01 1.380622932740498632e+00 3.178289007749749118e+01
4.563000000000000256e+01 1.358149835648596593e+00 3.176646124495426093e+01
4.564000000000000057e+01 1.334376050504904709e+00 3.175083580722693810e+01
4.564999999999999858e+01 1.309294859008014233e+00 3.173609084377034861e+01
4.566000000000000369e+01 1.282898257892074678e+00 3.172230761567638169e+01
4.567000000000000171e+01 1.255176585601799788e+00 3.170957152967087467e+01
4.567999999999999972e+01 1.226118098940470746e+00 3.169797210245900843e+01
4.568999999999999773e+01 1.195708499674513980e+00 3.168760292436084569e+01
4.570000000000000284e+01 1.163930420230768981e+00 3.167856161071957288e+01
4.571000000000000085e+01 1.130762885990844291e+00 3.167094972105413220e+01
4.571999999999999886e+01 1.096180779976371866e+00 3.166487260906707490e+01
4.573000000000000398e+01 1.060154354505785212e+00 3.166043914151361705e+01
4.574000000000000199e+01 1.022648860680041683e+00 3.165776118494624214e+01
4.575000000000000000e+01 9.836244086548276977e-01 3.165695269792428945e+01
4.575999999999999801e+01 9.430362313994327117e-01 3.165812817995315243e+01
4.577000000000000313e+01 9.008356154086579748e-01 3.166140009851959647e+01
4.578000000000000114e+01 8.569718873357479172e-01 3.166687473869513880e+01
4.578999999999999915e+01 8.113960032500754371e-01 3.167464570115597411e+01
4.580000000000000426e+01 7.640664578863817225e-01 3.168478404497176371e+01
4.581000000000000227e+01 7.149583531761448674e-01 3.169732392605358129e+01
4.582000000000000028e+01 6.640763133085398895e-01 3.171224283963256596e+01
4.582999999999999829e+01 6.114712974477715113e-01 3.172943654980920769e+01
4.584000000000000341e+01 5.572597242664255601e-01 3.174869119584954902e+01
4.585000000000000142e+01 5.016406485885865907e-01 3.176965894454365724e+01
4.585999999999999943e+01 4.449037992225387539e-01 3.179184774686572723e+01
4.586999999999999744e+01 3.874205200620273182e-01 3.181463675694030258e+01
4.588000000000000256e+01 3.296139725100810103e-01 3.183732259889714200e+01
4.589000000000000057e+01 2.719141075059165469e-01 3.185918832922825672e+01
4.589999999999999858e+01 2.147113081176406091e-01 3.187957472483913079e+01
4.591000000000000369e+01 1.583232765030919142e-01 3.189793247686311872e+01
4.592000000000000171e+01 1.029821301579923187e-01 3.191384483385758841e+01
4.592999999999999972e+01 4.883933443807905728e-02 3.192702380157403041e+01
4.593999999999999773e+01 -4.018961139878731575e-03 3.193729048196530584e+01
4.595000000000000284e+01 -5.555347714793017200e-02 3.194455010963500285e+01
4.596000000000000085e+01 -1.057548834521891690e-01 3.194876861116061662e+01
4.596999999999999886e+01 -1.546303539160338858e-01 3.194995366649575530e+01
4.598000000000000398e+01 -2.021938291540064381e-01 3.194814074729881881e+01
4.599000000000000199e+01 -2.484594426573438208e-01 3.194338344159362819e+01
4.600000000000000000e+01 -2.934373612645716500e-01 3.193574703817859728e+01
4.600999999999999801e+01 -3.371313573502189853e-01 3.192530440942026004e+01
4.602000000000000313e+01 -3.795375757135848738e-01 3.191213342343255732e+01
4.603000000000000114e+01 -4.206441049362087958e-01 3.189631532027279093e+01
4.603999999999999915e+01 -4.604310805529798212e-01 3.187793365583534211e+01
4.605000000000000426e+01 -4.988711363066649640e-01 3.185707354991898654e+01
4.606000000000000227e+01 -5.359300742848136512e-01 3.183382106009068480e+01
4.607000000000000028e+01 -5.715676671913072493e-01 3.180826257331757390e+01
4.607999999999999829e+01 -6.057385303384901221e-01 3.178048415043081576e+01
4.609000000000000341e+01 -6.383930164078690517e-01 3.175057078838447921e+01
4.610000000000000142e+01 -6.694780980125668579e-01 3.171860558941234487e+01
4.610999999999999943e+01 -6.989382081770529886e-01 3.168466883645317012e+01
4.611999999999999744e+01 -7.267160169044625251e-01 3.164883698833516235e+01
4.613000000000000256e+01 -7.527531257647934737e-01 3.161118161283835448e+01
4.614000000000000057e+01 -7.769906692646165736e-01 3.157176828187881767e+01
4.614999999999999858e+01 -7.993698181883617249e-01 3.153065545729320007e+01
4.616000000000000369e+01 -8.198321900318136235e-01 3.148789340173632212e+01
4.617000000000000171e+01 -8.383201802329014463e-01 3.144352315531470765e+01
4.617999999999999972e+01 -8.547772523042121984e-01 3.139757563665656193e+01
4.618999999999999773e+01 -8.691482369952743259e-01 3.135007094289073137e+01
4.620000000000000284e+01 -8.813797304344836991e-01 3.130101796183673102e+01
4.621000000000000085e+01 -8.914207290853295440e-01 3.125041446968129222e+01
4.621999999999999886e+01 -8.992236831346084314e-01 3.119824794584058836e+01
4.623000000000000398e+01 -9.047462702775930232e-01 3.114449749006104184e+01
4.624000000000000199e+01 -9.079542584720385889e-01 3.108913733360146026e+01
4.625000000000000000e+01 -9.088259776913532040e-01 3.103214264675344580e+01
4.625999999999999801e+01 -9.073589789238610814e-01 3.097349845401343060e+01
4.627000000000000313e+01 -9.035794261878886680e-01 3.091321245995486322e+01
4.628000000000000114e+01 -8.975543945958918135e-01 3.085133213430139421e+01
4.628999999999999915e+01 -8.894063084075807257e-01 3.078796517868867255e+01
4.630000000000000426e+01 -8.793270381973693484e-01 3.072330019321701755e+01
4.631000000000000227e+01 -8.675869577950869882e-01 3.065762130917957506e+01
4.632000000000000028e+01 -8.545327674706916232e-01 3.059130839686591585e+01
4.632999999999999829e+01 -8.405692217047011638e-01 3.052481606898489375e+01
4.634000000000000341e+01 -8.261252894891140119e-01 3.045863183309520750e+01
4.635000000000000142e+01 -8.116126695407454017e-01 3.039322370007023011e+01
4.635999999999999943e+01 -7.973887978673511734e-01 3.032899331595443826e+01
4.636999999999999744e+01 -7.837340241563889309e-01 3.026624746586082892e+01
4.638000000000000256e+01 -7.708455952751115392e-01 3.020519140510226208e+01
4.639000000000000057e+01 -7.588447359759966648e-01 3.014593902091625566e+01
4.639999999999999858e+01 -7.477906186986787995e-01 3.008853156968092080e+01
4.641000000000000369e+01 -7.376958967911280141e-01 3.003295799828552504e+01
4.642000000000000171e+01 -7.285406516682529920e-01 2.997917280866327161e+01
4.642999999999999972e+01 -7.202835140585359675e-01 2.992710996947614177e+01
4.643999999999999773e+01 -7.128698902839378793e-01 2.987669290799372135e+01
4.645000000000000284e+01 -7.062377323304571686e-01 2.982784125000719300e+01
4.646000000000000085e+01 -7.003214340626245926e-01 2.978047513249303435e+01
4.646999999999999886e+01 -6.950543706490391882e-01 2.973451779986389454e+01
4.648000000000000398e+01 -6.903704995288103552e-01 2.968989704692624798e+01
4.649000000000000199e+01 -6.862053283024998063e-01 2.964654591190308608e+01
4.650000000000000000e+01 -6.824964618084150558e-01 2.960440289466312080e+01
4.650999999999999801e+01 -6.791838797242195636e-01 2.956341189202452924e+01
4.652000000000000313e+01 -6.762100428403926555e-01 2.952352197141372869e+01
4.653000000000000114e+01 -6.735198921042924169e-01 2.948468705965976966e+01
4.653999999999999915e+01 -6.710607858625965427e-01 2.944686559944470972e+01
4.655000000000000426e+01 -6.687824011427009330e-01 2.941002020149414875e+01
4.656000000000000227e+01 -6.666366172798433576e-01 2.937411731111663826e+01
4.657000000000000028e+01 -6.645773926725367931e-01 2.933912689880565594e+01
4.657999999999999829e+01 -6.625606411008774232e-01 2.930502217953203470e+01
4.659000000000000341e+01 -6.605441117625145964e-01 2.927177936279560200e+01
4.660000000000000142e+01 -6.584872746770072949e-01 2.923937743282973045e+01
4.660999999999999943e+01 -6.563512125073041048e-01 2.920779795780938670e+01
4.661999999999999744e+01 -6.540985189660871724e-01 2.917702492602137454e+01
4.663000000000000256e+01 -6.516932036565789010e-01 2.914704460679843834e+01
4.664000000000000057e+01 -6.491006030231002422e-01 2.911784543386516688e+01
4.664999999999999858e+01 -6.462872970140176587e-01 2.908941790875612554e+01
4.666000000000000369e+01 -6.432210308711432400e-01 2.906175452190263897e+01
4.667000000000000171e+01 -6.398706420695904340e-01 2.903484968949707223e+01
4.667999999999999972e+01 -6.362059918292306548e-01 2.900869970372083628e+01
4.668999999999999773e+01 -6.321979011445766350e-01 2.898330269447491858e+01
4.670000000000000284e+01 -6.278180913989450662e-01 2.895865860077061171e+01
4.671000000000000085e+01 -6.230391295015208497e-01 2.893476914973144432e+01
4.671999999999999886e+01 -6.178343778378955209e-01 2.891163784151830640e+01
4.673000000000000398e+01 -6.121779493775476588e-01 2.888926993833361578e+01
4.674000000000000199e+01 -6.060446683343273522e-01 2.886767245564336548e+01
4.675000000000000000e+01 -5.994100370787587284e-01 2.884685415378296369e+01
4.675999999999999801e+01 -5.922502093232382414e-01 2.882682552815550281e+01
4.677000000000000313e+01 -5.845419714042762172e-01 2.880759879589174588e+01
4.678000000000000114e+01 -5.762627323262425882e-01 2.878918787711365113e+01
4.678999999999999915e+01 -5.673905214660566187e-01 2.877160836887759032e+01
4.680000000000000426e+01 -5.579039992350200983e-01 2.875487750848273194e+01
4.681000000000000227e+01 -5.477824758484720613e-01 2.873901412654329945e+01
4.682000000000000028e+01 -5.370059455544754501e-01 2.872403858382354613e+01
4.682999999999999829e+01 -5.255551315032245263e-01 2.870997269390145235e+01
4.684000000000000341e+01 -5.134115465557890223e-01 2.869683962534939425e+01
4.685000000000000142e+01 -5.005575683707289558e-01 2.868466378454859722e+01
4.685999999999999943e+01 -4.869765292908861398e-01 2.867347067616188028e+01
4.686999999999999744e+01 -4.726528238967956930e-01 2.866328673819673512e+01
4.688000000000000256e+01 -4.575720301059150175e-01 2.865413915423793156e+01
4.689000000000000057e+01 -4.417210459677221590e-01 2.864605563947077371e+01
4.689999999999999858e+01 -4.250882417962494331e-01 2.863906420093495342e+01
4.691000000000000369e+01 -4.076636253542967880e-01 2.863319287239504263e+01
4.692000000000000171e+01 -3.894390154987473207e-01 2.862846942943665240e+01
4.692999999999999972e+01 -3.704082264548829717e-01 2.862492108203570496e+01
4.693999999999999773e+01 -3.505672545280767438e-01 2.862257415417500894e+01
4.695000000000000284e+01 -3.299144670502784926e-01 2.862145375061008679e+01
4.696000000000000085e+01 -3.084507881761412440e-01 2.862158341764044422e+01
4.696999999999999886e+01 -2.861798726622792888e-01 2.862298481180787135e+01
4.698000000000000398e+01 -2.631082698529597086e-01 2.862567737137714019e+01
4.699000000000000199e+01 -2.392455656334824265e-01 2.862967801111398103e+01
4.700000000000000000e+01 -2.146045018454951214e-01 2.863500084007826274e+01
4.700999999999999801e+01 -1.892010652262655634e-01 2.864165691600524966e+01
4.702000000000000313e+01 -1.630545447408749404e-01 2.864965404009780414e+01
4.703000000000000114e+01 -1.361875518639394378e-01 2.865899660074655841e+01
4.703999999999999915e+01 -1.086260025408635616e-01 2.866968546941690832e+01
4.705000000000000426e+01 -8.039905949951726971e-02 2.868171795586964379e+01
4.706000000000000227e+01 -5.153903601986999095e-02 2.869508781945122067e+01
4.707000000000000028e+01 -2.208126253060179942e-02 2.870978533855691950e+01
4.707999999999999829e+01 7.936081769597213426e-03 2.872579743686873854e+01
4.709000000000000341e+01 3.847216636715638377e-02 2.874310785829554860e+01
4.710000000000000142e+01 6.948373235269350578e-02 2.876169738750071758e+01
4.710999999999999943e+01 1.009253340893565415e-01 2.878154410677299069e+01
4.711999999999999744e+01 1.327495929112603168e-01 2.880262367964559189e+01
4.713000000000000256e+01 1.649074570338928125e-01 2.882490965326430654e+01
4.714000000000000057e+01 1.973484600555248658e-01 2.884837376776994233e+01
4.714999999999999858e+01 2.300209720037269812e-01 2.887298626322608541e+01
4.716000000000000369e+01 2.628724371324274167e-01 2.889871617488840982e+01
4.717000000000000171e+01 2.958495929060083740e-01 2.892553160737801221e+01
4.717999999999999972e+01 3.288986651195683897e-01 2.895339997937069043e+01
4.718999999999999773e+01 3.619655372517540659e-01 2.898228823414799393e+01
4.720000000000000284e+01 3.949958896306425271e-01 2.901216300809425164e+01
4.721000000000000085e+01 4.279353080471771098e-01 2.904299075681158016e+01
4.721999999999999886e+01 4.607293606048624701e-01 2.907473783280440571e+01
4.723000000000000398e+01 4.933236432924087977e-01 2.910737051698297861e+01
4.724000000000000199e+01 5.256637968780635273e-01 2.914085500434672227e+01
4.725000000000000000e+01 5.576954972704294411e-01 2.917515734811046713e+01
4.725999999999999801e+01 5.893644228331348378e-01 2.921024336379364428e+01
4.727000000000000313e+01 6.206162041833576115e-01 2.924607850228040462e+01
4.728000000000000114e+01 6.513963621500290513e-01 2.928262769914126906e+01
4.728999999999999915e+01 6.816502407404781971e-01 2.931985520899344877e+01
4.730000000000000426e+01 7.113229425026004193e-01 2.935772443595904946e+01
4.731000000000000227e+01 7.403592752366927598e-01 2.939619777295451541e+01
4.732000000000000028e+01 7.687037183584677358e-01 2.943523646242592662e+01
4.732999999999999829e+01 7.963004174962650117e-01 2.947480049200334662e+01
4.734000000000000341e+01 8.230932169844819013e-01 2.951484854027824767e+01
4.735000000000000142e+01 8.490257352949398539e-01 2.955533798298854364e+01
4.735999999999999943e+01 8.740414940658716159e-01 2.959622497696997456e+01
4.736999999999999744e+01 8.980840980811938268e-01 2.963746462386139413e+01
4.738000000000000256e+01 9.210974760279050377e-01 2.967901123056599744e+01
4.739000000000000057e+01 9.430261717784360620e-01 2.972081865964799974e+01
4.739999999999999858e+01 9.638156876675936235e-01 2.976284077671481754e+01
4.741000000000000369e+01 9.834128668495821790e-01 2.980503198487500072e+01
4.742000000000000171e+01 1.001766302604136794e+00 2.984734783505831857e+01
4.742999999999999972e+01 1.018826760477586246e+00 2.988974570144603859e+01
4.743999999999999773e+01 1.034547592308863395e+00 2.993218549655673755e+01
4.745000000000000284e+01 1.048885123350083770e+00 2.997463040964101211e+01
4.746000000000000085e+01 1.061798994174840471e+00 3.001704764280789917e+01
4.746999999999999886e+01 1.073252434927876253e+00 3.005940912259550402e+01
4.748000000000000398e+01 1.083212454340485520e+00 3.010169216265213876e+01
4.749000000000000199e+01 1.091649936384637920e+00 3.014388006831384459e+01
4.750000000000000000e+01 1.098539624568166673e+00 3.018596266015561724e+01
4.750999999999999801e+01 1.103859996014026512e+00 3.022793671704627982e+01
4.752000000000000313e+01 1.107593020375996273e+00 3.026980633495741557e+01
4.753000000000000114e+01 1.109723805060290003e+00 3.031158320678232698e+01
4.753999999999999915e+01 1.110240137174095532e+00 3.035328683806959660e+01
4.755000000000000426e+01 1.109131918970495789e+00 3.039494470892054068e+01
4.756000000000000227e+01 1.106390513711003498e+00 3.043659241046058028e+01
4.757000000000000028e+01 1.102008004755467896e+00 3.047827377840729568e+01
4.757999999999999829e+01 1.095976373123616510e+00 3.052004105349246998e+01
4.759000000000000341e+01 1.088286595595689521e+00 3.056195510134702076e+01
4.760000000000000142e+01 1.078927660796833443e+00 3.060408572771838820e+01
4.760999999999999943e+01 1.067885495295731957e+00 3.064651212877381425e+01
4.761999999999999744e+01 1.055141785084819483e+00 3.068932352113105111e+01
4.763000000000000256e+01 1.040672671446271957e+00 3.073261999990269544e+01
4.764000000000000057e+01 1.024447282545175808e+00 3.077651369708268092e+01
4.764999999999999858e+01 1.006426070640173531e+00 3.082113028854644554e+01
4.766000000000000369e+01 9.865588898850663480e-01 3.086661095241075259e+01
4.767000000000000171e+01 9.647827523016766493e-01 3.091311487195023844e+01
4.767999999999999972e+01 9.410191829794991580e-01 3.096082239823157778e+01
4.768999999999999773e+01 9.151710940398447569e-01 3.100993899158292422e+01
4.770000000000000284e+01 8.871191046597239893e-01 3.106070005505223719e+01
4.771000000000000085e+01 8.567173272730825850e-01 3.111337664411501436e+01
4.771999999999999886e+01 8.237887636738722152e-01 3.116828188675405542e+01
4.773000000000000398e+01 7.881209317196362640e-01 3.122577728937886121e+01
4.774000000000000199e+01 7.494632579174698161e-01 3.128627685947093440e+01
4.775000000000000000e+01 7.075298386948560836e-01 3.135024412175899755e+01
4.775999999999999801e+01 6.620153215818883607e-01 3.141817134305425085e+01
4.777000000000000313e+01 6.126391216952749019e-01 3.149051983945039979e+01
4.778000000000000114e+01 5.592430984063527788e-01 3.156758622056211294e+01
4.778999999999999915e+01 5.019683415747100419e-01 3.164925813731463222e+01
4.780000000000000426e+01 4.414899032086964659e-01 3.173468746130740925e+01
4.781000000000000227e+01 3.791559167522746687e-01 3.182209297142310689e+01
4.782000000000000028e+01 3.167817584250753327e-01 3.190903968487534570e+01
4.782999999999999829e+01 2.560973906735738992e-01 3.199319989891884930e+01
4.784000000000000341e+01 1.982642403080190074e-01 3.207301934903706808e+01
4.785000000000000142e+01 1.437847562959761460e-01 3.214784049963019896e+01
4.785999999999999943e+01 9.269065847155154303e-02 3.221764172956525130e+01
4.787000000000000455e+01 4.476747877362165229e-02 3.228272826770751180e+01
4.788000000000000256e+01 -2.929642365812655871e-04 3.234352388330435701e+01
4.789000000000000057e+01 -4.281257765089695189e-02 3.240046288912225236e+01
4.789999999999999858e+01 -8.309209312121212943e-02 3.245394406200367854e+01
4.791000000000000369e+01 -1.213992133204917501e-01 3.250431591247835428e+01
4.792000000000000171e+01 -1.579672033080913862e-01 3.255187595929527333e+01
4.792999999999999972e+01 -1.929976478382167127e-01 3.259687544596017972e+01
4.793999999999999773e+01 -2.266644874984166669e-01 3.263952561270459540e+01
4.795000000000000284e+01 -2.591181037674560872e-01 3.268000390346263373e+01
4.796000000000000085e+01 -2.904889824459480074e-01 3.271845951483596338e+01
4.796999999999999886e+01 -3.208908235643458950e-01 3.275501814537076939e+01
4.798000000000000398e+01 -3.504231084212737768e-01 3.278978598773342412e+01
4.799000000000000199e+01 -3.791731827309789415e-01 3.282285306479749210e+01
4.800000000000000000e+01 -4.072179296509861324e-01 3.285429602426571449e+01
4.800999999999999801e+01 -4.346250986509229697e-01 3.288418049026109458e+01
4.802000000000000313e+01 -4.614543587502480948e-01 3.291256307049145136e+01
4.803000000000000114e+01 -4.877581209502382387e-01 3.293949307886633449e+01
4.803999999999999915e+01 -5.135821764872646744e-01 3.296501403376435491e+01
4.805000000000000426e+01 -5.389661877013732783e-01 3.298916497353222610e+01
4.806000000000000227e+01 -5.639440626736276219e-01 3.301198161974063083e+01
4.807000000000000028e+01 -5.885442410274258629e-01 3.303349740957403213e+01
4.807999999999999829e+01 -6.127899149075087815e-01 3.305374441096586935e+01
4.809000000000000341e+01 -6.366992066397123562e-01 3.307275412803635817e+01
4.810000000000000142e+01 -6.602853223235624069e-01 3.309055819970509305e+01
4.810999999999999943e+01 -6.835566984852381456e-01 3.310718899109448188e+01
4.812000000000000455e+01 -7.065171567074907122e-01 3.312268007545277726e+01
4.813000000000000256e+01 -7.291660791268170794e-01 3.313706660367032697e+01
4.814000000000000057e+01 -7.514986121789442031e-01 3.315038555980808610e+01
4.814999999999999858e+01 -7.735059112285553873e-01 3.316267590080506267e+01
4.816000000000000369e+01 -7.951754222655924575e-01 3.317397858440838121e+01
4.817000000000000171e+01 -8.164912061771079088e-01 3.318433648940254699e+01
4.817999999999999972e+01 -8.374343013949442360e-01 3.319379423737664325e+01
4.818999999999999773e+01 -8.579831190112042760e-01 3.320239792823964109e+01
4.820000000000000284e+01 -8.781138627016377152e-01 3.321019480500419974e+01
4.821000000000000085e+01 -8.978009640427279114e-01 3.321723286417560672e+01
4.821999999999999886e+01 -9.170175227376675675e-01 3.322356043048139895e+01
4.823000000000000398e+01 -9.357357407014599282e-01 3.322922571490045840e+01
4.824000000000000199e+01 -9.539273397482191941e-01 3.323427637378578225e+01
4.825000000000000000e+01 -9.715639533771708303e-01 3.323875908578608573e+01
4.825999999999999801e+01 -9.886174851353353166e-01 3.324271916015597128e+01
4.827000000000000313e+01 -1.005060427929119538e+00 3.324620018703060964e+01
4.828000000000000114e+01 -1.020866139679186935e+00 3.324924373882041095e+01
4.828999999999999915e+01 -1.036009073580741235e+00 3.325188912722392587e+01
4.830000000000000426e+01 -1.050464962791999968e+00 3.325417321785379698e+01
4.831000000000000227e+01 -1.064210961052098225e+00 3.325613030182729801e+01
4.832000000000000028e+01 -1.077225741990628372e+00 3.325779202132228818e+01
4.832999999999999829e+01 -1.089489560674731239e+00 3.325918734497201967e+01
4.834000000000000341e+01 -1.100984282004715098e+00 3.326034258703636937e+01
4.835000000000000142e+01 -1.111693380822562416e+00 3.326128146370388805e+01
4.835999999999999943e+01 -1.121601918821225397e+00 3.326202517940719616e+01
4.837000000000000455e+01 -1.130696503315158363e+00 3.326259253591933884e+01
4.838000000000000256e+01 -1.138965232296296426e+00 3.326300005782702129e+01
4.839000000000000057e+01 -1.146397630604086393e+00 3.326326212733417975e+01
4.839999999999999858e+01 -1.152984581162397104e+00 3.326339112253744901e+01
4.841000000000000369e+01 -1.158718254837616257e+00 3.326339755388448083e+01
4.842000000000000171e+01 -1.163592042207722610e+00 3.326329019389019237e+01
4.842999999999999972e+01 -1.167600489699425426e+00 3.326307619640881796e+01
4.843999999999999773e+01 -1.170739242476833697e+00 3.326276120186547303e+01
4.845000000000000284e+01 -1.173004994172907045e+00 3.326234942829736951e+01
4.846000000000000085e+01 -1.174395451350025876e+00 3.326184373628024105e+01
4.846999999999999886e+01 -1.174909303011359762e+00 3.326124568231761458e+01
4.848000000000000398e+01 -1.174546204974118435e+00 3.326055554587467356e+01
4.849000000000000199e+01 -1.173306774787844287e+00 3.325977233659617838e+01
4.850000000000000000e+01 -1.171192600566306030e+00 3.325889377655326484e+01
4.850999999999999801e+01 -1.168206259200378572e+00 3.325791626433893811e+01
4.852000000000000313e+01 -1.164351347431207939e+00 3.325683481586789014e+01
4.853000000000000114e+01 -1.159632522504642660e+00 3.325564298672136943e+01
4.853999999999999915e+01 -1.154055551219019371e+00 3.325433277781870345e+01
4.855000000000000426e+01 -1.147627367099720797e+00 3.325289452487575659e+01
4.856000000000000227e+01 -1.140356131889159519e+00 3.325131677734552937e+01
4.857000000000000028e+01 -1.132251299617709206e+00 3.324958616938347689e+01
4.857999999999999829e+01 -1.123323681780696415e+00 3.324768728509988591e+01
4.859000000000000341e+01 -1.113585505240007434e+00 3.324560253048690583e+01
4.860000000000000142e+01 -1.103050466520993700e+00 3.324331200658105701e+01
4.860999999999999943e+01 -1.091733770047432994e+00 3.324079340209510747e+01
4.862000000000000455e+01 -1.079652153224153865e+00 3.323802190125984168e+01
4.863000000000000256e+01 -1.066823886968161439e+00 3.323497012326805589e+01
4.864000000000000057e+01 -1.053268752262346730e+00 3.323160809227699986e+01
4.864999999999999858e+01 -1.039007982867106605e+00 3.322790325163293801e+01
4.866000000000000369e+01 -1.024064176235833123e+00 3.322382051928761371e+01
4.867000000000000171e+01 -1.008461162185504634e+00 3.321932239822641719e+01
4.867999999999999972e+01 -9.922238297198533452e-01 3.321436914051869138e+01
4.868999999999999773e+01 -9.753779128897409612e-01 3.320891896206914140e+01
4.870000000000000284e+01 -9.579497308613780238e-01 3.320292831388113086e+01
4.871000000000000085e+01 -9.399658865905836658e-01 3.319635220122719232e+01
4.871999999999999886e+01 -9.214529289166994985e-01 3.318914454136317005e+01
4.873000000000000398e+01 -9.024369802908909222e-01 3.318125855460822038e+01
4.874000000000000199e+01 -8.829433391800236564e-01 3.317264717265994278e+01
4.875000000000000000e+01 -8.629960667730433022e-01 3.316326344732094356e+01
4.875999999999999801e+01 -8.426175646561399057e-01 3.315306094720020980e+01
4.877000000000000313e+01 -8.218281556407185384e-01 3.314199412135229039e+01
4.878000000000000114e+01 -8.006456775360730749e-01 3.313001861228143241e+01
4.878999999999999915e+01 -7.790850969405196391e-01 3.311709150451217454e+01
4.880000000000000426e+01 -7.571581525621599029e-01 3.310317149091915212e+01
4.881000000000000227e+01 -7.348730315774857358e-01 3.308821894696854571e+01
4.882000000000000028e+01 -7.122340816101250249e-01 3.307219590363285988e+01
4.882999999999999829e+01 -6.892415597259741178e-01 3.305506591077181611e+01
4.884000000000000341e+01 -6.658914119419676592e-01 3.303679379155087759e+01
4.885000000000000142e+01 -6.421750783184957401e-01 3.301734528459665796e+01
4.885999999999999943e+01 -6.180793156258240773e-01 3.299668657384206227e+01
4.887000000000000455e+01 -5.935860219392653514e-01 3.297478371074841874e+01
4.888000000000000256e+01 -5.686720506333580172e-01 3.295160192587230341e+01
4.889000000000000057e+01 -5.433089979484150289e-01 3.292710482981375009e+01
4.889999999999999858e+01 -5.174629419060571278e-01 3.290125349989231296e+01
4.891000000000000369e+01 -4.910941120290036599e-01 3.287400543924596974e+01
4.892000000000000171e+01 -4.641564665852747074e-01 3.284531339731942978e+01
4.892999999999999972e+01 -4.365971469478301947e-01 3.281512402554160701e+01
4.893999999999999773e+01 -4.083557750368081440e-01 3.278337633010951180e+01
4.895000000000000284e+01 -3.793635584374375203e-01 3.274999988614017354e+01
4.896000000000000085e+01 -3.495421545269979946e-01 3.271491274763800305e+01
4.896999999999999886e+01 -3.188022332456790786e-01 3.267801896960526165e+01
4.898000000000000398e+01 -2.870416825204723521e-01 3.263920566688264557e+01
4.899000000000000199e+01 -2.541433767555303924e-01 3.259833948835422035e+01
4.900000000000000000e+01 -2.199724238043232194e-01 3.255526237563808678e+01
4.900999999999999801e+01 -1.843728489316325547e-01 3.250978653484939684e+01
4.902000000000000313e+01 -1.471637067312459857e-01 3.246168857161508470e+01
4.903000000000000114e+01 -1.081348030677744820e-01 3.241070300837078122e+01
4.903999999999999915e+01 -6.704260781554965964e-02 3.235651591891967627e+01
4.905000000000000426e+01 -2.360787115646350090e-02 3.229876069221639767e+01
4.906000000000000227e+01 2.248155870907319817e-02 3.223702065404653894e+01
4.907000000000000028e+01 7.155516012430974959e-02 3.217084888183320146e+01
4.907999999999999829e+01 1.239164523957540648e-01 3.209982583721163962e+01
4.909000000000000341e+01 1.797469649947921189e-01 3.202368961073720754e+01
4.910000000000000142e+01 2.389304875201415934e-01 3.194257672719288266e+01
4.910999999999999943e+01 3.008144079540088223e-01 3.185735135156945930e+01
4.912000000000000455e+01 3.640573232313428775e-01 3.176981708910166091e+01
4.913000000000000256e+01 4.268215425392667406e-01 3.168245253399001982e+01
4.914000000000000057e+01 4.873338709368145172e-01 3.159763741428930572e+01
4.914999999999999858e+01 5.443941734201419580e-01 3.151695262202642311e+01
4.916000000000000369e+01 5.974795994528020460e-01 3.144104137001069077e+01
4.917000000000000171e+01 6.465515229980750567e-01 3.136988048234471194e+01
4.917999999999999972e+01 6.918211002387166797e-01 3.130310611090872186e+01
4.918999999999999773e+01 7.335904084102105038e-01 3.124023282039942373e+01
4.920000000000000284e+01 7.721700493830851997e-01 3.118076613291503563e+01
4.921000000000000085e+01 8.078439903226629637e-01 3.112424975652185921e+01
4.921999999999999886e+01 8.408582876923323957e-01 3.107028008720070744e+01
4.923000000000000398e+01 8.714204466165671459e-01 3.101850634386925165e+01
4.924000000000000199e+01 8.997029100213550512e-01 3.096862528647548629e+01
4.925000000000000000e+01 9.258477337826912512e-01 3.092037452900805761e+01
4.925999999999999801e+01 9.499712260707855460e-01 3.087352608832715717e+01
4.927000000000000313e+01 9.721681054814939049e-01 3.082788075018700624e+01
4.928000000000000114e+01 9.925150738123075245e-01 3.078326337356014619e+01
4.928999999999999915e+01 1.011073835500011286e+00 3.073951907462926769e+01
4.930000000000000426e+01 1.027893642917635741e+00 3.069651017138582461e+01
4.931000000000000227e+01 1.043013439586224278e+00 3.065411378368084527e+01
4.932000000000000028e+01 1.056463713459008913e+00 3.061221992588235707e+01
4.932999999999999829e+01 1.068268079095335832e+00 3.057073006318088915e+01
4.934000000000000341e+01 1.078444681192200827e+00 3.052955599255344765e+01
4.935000000000000142e+01 1.087007439350490046e+00 3.048861901240898931e+01
4.935999999999999943e+01 1.093967171989686626e+00 3.044784931270206130e+01
4.937000000000000455e+01 1.099332620594819954e+00 3.040718553870520324e+01
4.938000000000000256e+01 1.103111387780120634e+00 3.036657448665982173e+01
4.939000000000000057e+01 1.105310797626429586e+00 3.032597089288224268e+01
4.939999999999999858e+01 1.105938680857379453e+00 3.028533728230863531e+01
4.941000000000000369e+01 1.105004083360686229e+00 3.024464384531462713e+01
4.942000000000000171e+01 1.102517893562368512e+00 3.020386831464115573e+01
4.942999999999999972e+01 1.098493382209531743e+00 3.016299581749715131e+01
4.943999999999999773e+01 1.092946647387676107e+00 3.012201868151673168e+01
4.945000000000000284e+01 1.085896958189409345e+00 3.008093617794457941e+01
4.946000000000000085e+01 1.077366992539016577e+00 3.003975419130614455e+01
4.946999999999999886e+01 1.067382965040516662e+00 2.999848480504660131e+01
4.948000000000000398e+01 1.055974648306340358e+00 2.995714580971571195e+01
4.949000000000000199e+01 1.043175291130488347e+00 2.991576013393435929e+01
4.950000000000000000e+01 1.029021443486524579e+00 2.987435521259858362e+01
4.950999999999999801e+01 1.013552700423765440e+00 2.983296230674740812e+01
4.952000000000000313e+01 9.968113811781733613e-01 2.979161579549080585e+01
4.953000000000000114e+01 9.788421616053901708e-01 2.975035246175842829e+01
4.953999999999999915e+01 9.596916796995710319e-01 2.970921079490316075e+01
4.955000000000000426e+01 9.394081326699381673e-01 2.966823033070583193e+01
4.956000000000000227e+01 9.180408832508248906e-01 2.962745104770207405e+01
4.957000000000000028e+01 8.956400916136671997e-01 2.958691283624830248e+01
4.957999999999999829e+01 8.722563853483779051e-01 2.954665505139166726e+01
4.959000000000000341e+01 8.479405767540038052e-01 2.950671615630080069e+01
4.960000000000000142e+01 8.227434334375428593e-01 2.946713345863043898e+01
4.960999999999999943e+01 7.967155041192240938e-01 2.942794293751407153e+01
4.962000000000000455e+01 7.699069990865476942e-01 2.938917915605857800e+01
4.963000000000000256e+01 7.423677238854038407e-01 2.935087525173587153e+01
4.964000000000000057e+01 7.141470559551330588e-01 2.931306299080769406e+01
4.964999999999999858e+01 6.852939637200904377e-01 2.927577288006776257e+01
4.966000000000000369e+01 6.558570571540230931e-01 2.923903432004243896e+01
4.967000000000000171e+01 6.258846613953512605e-01 2.920287578702083664e+01
4.967999999999999972e+01 5.954249072286671440e-01 2.916732503334437610e+01
4.968999999999999773e+01 5.645258291662177408e-01 2.913240929347345443e+01
4.970000000000000284e+01 5.332354648148887044e-01 2.909815548580415268e+01
4.971000000000000085e+01 5.016019488527628800e-01 2.906459040129263016e+01
4.971999999999999886e+01 4.696735952812930992e-01 2.903174086972093448e+01
4.973000000000000398e+01 4.374989646284539457e-01 2.899963389957473581e+01
4.974000000000000199e+01 4.051269096900037558e-01 2.896829678233018512e+01
4.975000000000000000e+01 3.726066000026326819e-01 2.893775716205910342e+01
4.975999999999999801e+01 3.399875180715395961e-01 2.890804306085147246e+01
4.977000000000000313e+01 3.073194301322740296e-01 2.887918286491651543e+01
4.978000000000000114e+01 2.746523282594704463e-01 2.885120526706022659e+01
4.978999999999999915e+01 2.420363431361003681e-01 2.882413916556584255e+01
4.980000000000000426e+01 2.095216311441344681e-01 2.879801352590241592e+01
4.981000000000000227e+01 1.771582329748042084e-01 2.877285720158109683e+01
4.982000000000000028e+01 1.449959092568355035e-01 2.874869872359866108e+01
4.982999999999999829e+01 1.130839547510900933e-01 2.872556606165393234e+01
4.984000000000000341e+01 8.147099341432552377e-02 2.870348636132796116e+01
4.985000000000000142e+01 5.020476004552315574e-02 2.868248566675868716e+01
4.985999999999999943e+01 1.933186928932686607e-02 2.866258863063289652e+01
4.987000000000000455e+01 -1.110241203658813430e-02 2.864381823595623189e+01
4.988000000000000256e+01 -4.105440483410236624e-02 2.862619550717990791e+01
4.989000000000000057e+01 -7.048223882593315781e-02 2.860973925535627416e+01
4.989999999999999858e+01 -9.934607330644926182e-02 2.859446583244059070e+01
4.991000000000000369e+01 -1.276082992303951280e-01 2.858038892003476050e+01
4.992000000000000171e+01 -1.552337162685061278e-01 2.856751936128236480e+01
4.992999999999999972e+01 -1.821896896552648026e-01 2.855586502901899237e+01
4.993999999999999773e+01 -2.084462796550034525e-01 2.854543073785539065e+01
4.995000000000000284e+01 -2.339763377394435684e-01 2.853621820962289490e+01
4.996000000000000085e+01 -2.587555711428962679e-01 2.852822608711630537e+01
4.996999999999999886e+01 -2.827625776065589291e-01 2.852144999197709652e+01
4.998000000000000398e+01 -3.059788444443371502e-01 2.851588263429432502e+01
4.999000000000000199e+01 -3.283887188159529402e-01 2.851151396129132110e+01
5.000000000000000000e+01 -3.499793495808470323e-01 2.850833134463679031e+01
