time,theta1_reference,theta2_reference,theta1_prediction,theta2_prediction
0.000000000000000000e+00,-3.926990816987241395e-01,-3.141592653589793116e-01,-3.926990926265716553e-01,-3.141592741012573242e-01
1.000000000000000021e-02,-3.924718673242207356e-01,-3.142312673211423713e-01,-3.907816410064697266e-01,-3.158724904060363770e-01
2.000000000000000042e-02,-3.917906776578287120e-01,-3.144467793973204084e-01,-3.887021541595458984e-01,-3.175453543663024902e-01
2.999999999999999889e-02,-3.906568743440709257e-01,-3.148043179961416693e-01,-3.864466249942779541e-01,-3.191762566566467285e-01
4.000000000000000083e-02,-3.890727284295094623e-01,-3.153014063244636844e-01,-3.839998245239257812e-01,-3.207636773586273193e-01
5.000000000000000278e-02,-3.870414227168347820e-01,-3.159345682437621483e-01,-3.813455402851104736e-01,-3.223063051700592041e-01
5.999999999999999778e-02,-3.845670546878804941e-01,-3.166993202947963604e-01,-3.784664571285247803e-01,-3.238030374050140381e-01
7.000000000000000666e-02,-3.816546396903666150e-01,-3.175901622580032391e-01,-3.753449618816375732e-01,-3.252532780170440674e-01
8.000000000000000167e-02,-3.783101135702510720e-01,-3.186005682039148579e-01,-3.719632625579833984e-01,-3.266568779945373535e-01
8.999999999999999667e-02,-3.745403350599161296e-01,-3.197229762849302381e-01,-3.683036565780639648e-01,-3.280144333839416504e-01
1.000000000000000056e-01,-3.703530863621026792e-01,-3.209487810379128003e-01,-3.643493056297302246e-01,-3.293272256851196289e-01
1.100000000000000006e-01,-3.657570718124362186e-01,-3.222683278354394609e-01,-3.600842654705047607e-01,-3.305971920490264893e-01
1.199999999999999956e-01,-3.607619140383410694e-01,-3.236709107717987144e-01,-3.554942309856414795e-01,-3.318269848823547363e-01
1.300000000000000044e-01,-3.553781457561069890e-01,-3.251447754999334805e-01,-3.505664765834808350e-01,-3.330196142196655273e-01
1.400000000000000133e-01,-3.496171983599523081e-01,-3.266771285441187889e-01,-3.452908694744110107e-01,-3.341783583164215088e-01
1.499999999999999944e-01,-3.434913850876699648e-01,-3.282541530724828460e-01,-3.396585881710052490e-01,-3.353061378002166748e-01
1.600000000000000033e-01,-3.370138790471518542e-01,-3.298610330062081153e-01,-3.336648046970367432e-01,-3.364053964614868164e-01
1.700000000000000122e-01,-3.301986846171795498e-01,-3.314819868182950491e-01,-3.273076713085174561e-01,-3.374771773815155029e-01
1.799999999999999933e-01,-3.230606020399142131e-01,-3.331003118309845967e-01,-3.205893635749816895e-01,-3.385210633277893066e-01
1.900000000000000022e-01,-3.156151869260892529e-01,-3.346984371382055734e-01,-3.135166466236114502e-01,-3.395342230796813965e-01
2.000000000000000111e-01,-3.078787020325893242e-01,-3.362579881185420172e-01,-3.061016201972961426e-01,-3.405113816261291504e-01
2.099999999999999922e-01,-2.998680622676134222e-01,-3.377598618632874361e-01,-2.983618974685668945e-01,-3.414443135261535645e-01
2.200000000000000011e-01,-2.916007737078997741e-01,-3.391843125575828011e-01,-2.903205454349517822e-01,-3.423216938972473145e-01
2.300000000000000100e-01,-2.830948671506763326e-01,-3.405110459552891933e-01,-2.820063829421997070e-01,-3.431293964385986328e-01
2.399999999999999911e-01,-2.743688271900263653e-01,-3.417193215421059915e-01,-2.734497487545013428e-01,-3.438502848148345947e-01
2.500000000000000000e-01,-2.654415160872771740e-01,-3.427880637695876476e-01,-2.646850943565368652e-01,-3.444650769233703613e-01
2.600000000000000089e-01,-2.563320956834725939e-01,-3.436959774297764780e-01,-2.557462751865386963e-01,-3.449526131153106689e-01
2.700000000000000178e-01,-2.470599477598721949e-01,-3.444216664476442702e-01,-2.466649860143661499e-01,-3.452906012535095215e-01
2.800000000000000266e-01,-2.376445936726180042e-01,-3.449437550826907062e-01,-2.374688684940338135e-01,-3.454560637474060059e-01
2.899999999999999800e-01,-2.281056153168795619e-01,-3.452410080424828664e-01,-2.281817644834518433e-01,-3.454261124134063721e-01
2.999999999999999889e-01,-2.184625773368712998e-01,-3.452924500798128515e-01,-2.188215851783752441e-01,-3.451780676841735840e-01
3.099999999999999978e-01,-2.087349531106989786e-01,-3.450774806674614115e-01,-2.094028890132904053e-01,-3.446902632713317871e-01
3.200000000000000067e-01,-1.989420544522232381e-01,-3.445759839116420697e-01,-1.999347209930419922e-01,-3.439410030841827393e-01
3.300000000000000155e-01,-1.891029663335126454e-01,-3.437684314882364922e-01,-1.904260367155075073e-01,-3.429102897644042969e-01
3.400000000000000244e-01,-1.792364868604689465e-01,-3.426359780234078389e-01,-1.808847039937973022e-01,-3.415785729885101318e-01
3.500000000000000333e-01,-1.693610736095029212e-01,-3.411605470258940453e-01,-1.713182479143142700e-01,-3.399272561073303223e-01
3.599999999999999867e-01,-1.594947951557414145e-01,-3.393249087297841027e-01,-1.617357581853866577e-01,-3.379383385181427002e-01
3.699999999999999956e-01,-1.496552888059043684e-01,-3.371127481812378757e-01,-1.521479338407516479e-01,-3.355945646762847900e-01
3.800000000000000044e-01,-1.398597240384131246e-01,-3.345087239865064954e-01,-1.425668299198150635e-01,-3.328795433044433594e-01
3.900000000000000133e-01,-1.301247713154183860e-01,-3.314985178542786959e-01,-1.330058574676513672e-01,-3.297771513462066650e-01
4.000000000000000222e-01,-1.204665754471861555e-01,-3.280688759398516230e-01,-1.234803795814514160e-01,-3.262731730937957764e-01
4.100000000000000311e-01,-1.109007331074913227e-01,-3.242076423077429048e-01,-1.140045225620269775e-01,-3.223524391651153564e-01
4.199999999999999845e-01,-1.014422736270768205e-01,-3.199037855455722501e-01,-1.045945286750793457e-01,-3.180024325847625732e-01
4.299999999999999933e-01,-9.210564282015214210e-02,-3.151474188464414294e-01,-9.526666998863220215e-02,-3.132116198539733887e-01
4.400000000000000022e-01,-8.290468763889273507e-02,-3.099298162118923616e-01,-8.603671193122863770e-02,-3.079703152179718018e-01
4.500000000000000111e-01,-7.385264269820056293e-02,-3.042434236684476434e-01,-7.692050933837890625e-02,-3.022700250148773193e-01
4.600000000000000200e-01,-6.496211670305751529e-02,-2.980818680282534827e-01,-6.793358922004699707e-02,-2.961046099662780762e-01
4.700000000000000289e-01,-5.624507848842230651e-02,-2.914399635230798813e-01,-5.909126996994018555e-02,-2.894696593284606934e-01
4.799999999999999822e-01,-4.771284174226575470e-02,-2.843137176984947279e-01,-5.040863156318664551e-02,-2.823622822761535645e-01
4.899999999999999911e-01,-3.937604811409401578e-02,-2.767003372175744214e-01,-4.190051555633544922e-02,-2.747828364372253418e-01
5.000000000000000000e-01,-3.124464799961356246e-02,-2.685982344629836982e-01,-3.358066082000732422e-02,-2.667291760444641113e-01
5.100000000000000089e-01,-2.332787862247840543e-02,-2.600070357656252273e-01,-2.546334266662597656e-02,-2.582038342952728271e-01
5.200000000000000178e-01,-1.563423926176851775e-02,-2.509275916756242286e-01,-1.756191253662109375e-02,-2.492086589336395264e-01
5.300000000000000266e-01,-8.171463111657034650e-03,-2.413619901058333683e-01,-9.888976812362670898e-03,-2.397460937500000000e-01
5.400000000000000355e-01,-9.464859808060010343e-04,-2.313135724492387524e-01,-2.456307411193847656e-03,-2.298187166452407837e-01
5.500000000000000444e-01,6.034588125739728109e-03,-2.207869528736439990e-01,4.725217819213867188e-03,-2.194295525550842285e-01
5.600000000000000533e-01,1.276652545059248772e-02,-2.097880420938074975e-01,1.164621114730834961e-02,-2.085812836885452271e-01
5.700000000000000622e-01,1.924500174350879389e-02,-1.983240722798228772e-01,1.829871535301208496e-02,-1.972773075103759766e-01
5.799999999999999600e-01,2.546664538233485084e-02,-1.864036268468662605e-01,2.467593550682067871e-02,-1.855224519968032837e-01
5.899999999999999689e-01,3.142908150123335104e-02,-1.740366718079257025e-01,3.077375888824462891e-02,-1.733185350894927979e-01
5.999999999999999778e-01,3.713097646507649424e-02,-1.612345885550202085e-01,3.658881783485412598e-02,-1.606724709272384644e-01
6.099999999999999867e-01,4.257208230415653744e-02,-1.480102074612069385e-01,4.212012887001037598e-02,-1.475918889045715332e-01
6.199999999999999956e-01,4.775327938390590971e-02,-1.343778404579713259e-01,4.736879467964172363e-02,-1.340856403112411499e-01
6.300000000000000044e-01,5.267661555598110446e-02,-1.203533108992145689e-01,5.233758687973022461e-02,-1.201654076576232910e-01
6.400000000000000133e-01,5.734534074726371083e-02,-1.059539788643562991e-01,5.703118443489074707e-02,-1.058457642793655396e-01
6.500000000000000222e-01,6.176393472476932045e-02,-9.119876018959187369e-02,6.145605444908142090e-02,-9.114269912242889404e-02
6.600000000000000311e-01,6.593812621954552033e-02,-7.610813588529596885e-02,6.562075018882751465e-02,-7.607792317867279053e-02
6.700000000000000400e-01,6.987490116228689541e-02,-6.070415023138405614e-02,6.953477859497070312e-02,-6.067547202110290527e-02
6.800000000000000488e-01,7.358249910757339030e-02,-4.501039536903539418e-02,7.320946455001831055e-02,-4.495781660079956055e-02
6.900000000000000577e-01,7.707039352094088858e-02,-2.905197769995012530e-02,7.665792107582092285e-02,-2.895626425743103027e-02
7.000000000000000666e-01,8.034925829635167216e-02,-1.285546833798920097e-02,7.989358901977539062e-02,-1.270157098770141602e-02
7.099999999999999645e-01,8.343091409358573129e-02,3.551170292136980600e-03,8.293157815933227539e-02,3.771930932998657227e-03
7.199999999999999734e-01,8.632825882072492352e-02,2.013867653660832147e-02,8.578765392303466797e-02,2.042990922927856445e-02
7.299999999999999822e-01,8.905517801198088723e-02,3.687660597142047164e-02,8.847853541374206543e-02,3.723564743995666504e-02
7.399999999999999911e-01,9.162643611866536086e-02,5.373347105041528099e-02,9.102061390876770020e-02,5.415284633636474609e-02
7.500000000000000000e-01,9.405755599430337677e-02,7.067689487064143794e-02,9.343197941780090332e-02,7.114231586456298828e-02
7.600000000000000089e-01,9.636467612494011015e-02,8.767379287288218359e-02,9.572905302047729492e-02,8.817204833030700684e-02
7.700000000000000178e-01,9.856439663826409292e-02,1.046905684719076635e-01,9.792932868003845215e-02,1.052053272724151611e-01
7.800000000000000266e-01,1.006736211566701261e-01,1.216933138135518899e-01,1.000498235225677490e-01,1.222074031829833984e-01
7.900000000000000355e-01,1.027093875874070805e-01,1.386480247938112753e-01,1.021073758602142334e-01,1.391448676586151123e-01
8.000000000000000444e-01,1.046886970880020890e-01,1.555208184988986775e-01,1.041178107261657715e-01,1.559870839118957520e-01
8.100000000000000533e-01,1.066283478189850031e-01,1.722781452402016855e-01,1.060964465141296387e-01,1.727033257484436035e-01
8.200000000000000622e-01,1.085447738727969430e-01,1.888869945224190827e-01,1.080584228038787842e-01,1.892653703689575195e-01
8.300000000000000711e-01,1.104538931056429640e-01,2.053150901695230124e-01,1.100174486637115479e-01,2.056444883346557617e-01
8.399999999999999689e-01,1.123709697567863430e-01,2.215310676386808564e-01,1.119872033596038818e-01,2.218118309974670410e-01
8.499999999999999778e-01,1.143104920063266194e-01,2.375046332426263562e-01,1.139793097972869873e-01,2.377448678016662598e-01
8.599999999999999867e-01,1.162860676842771140e-01,2.532067011135918366e-01,1.160058677196502686e-01,2.534154057502746582e-01
8.699999999999999956e-01,1.183103389313919090e-01,2.686095071670485113e-01,1.180776059627532959e-01,2.687975168228149414e-01
8.800000000000000044e-01,1.203949161989597283e-01,2.836866996220289705e-01,1.202048361301422119e-01,2.838652133941650391e-01
8.900000000000000133e-01,1.225503317778720430e-01,2.984134057649522331e-01,1.223967969417572021e-01,2.985936403274536133e-01
9.000000000000000222e-01,1.247860114946833660e-01,3.127662767735164273e-01,1.246627271175384521e-01,3.129581212997436523e-01
9.100000000000000311e-01,1.271102636381113704e-01,3.267235118457668119e-01,1.270101964473724365e-01,3.269342184066772461e-01
9.200000000000000400e-01,1.295302832722384501e-01,3.402648638689210747e-01,1.294471919536590576e-01,3.404986858367919922e-01
9.300000000000000488e-01,1.320521699154624251e-01,3.533716292100700374e-01,1.319796144962310791e-01,3.536297678947448730e-01
9.400000000000000577e-01,1.346809567922797046e-01,3.660266238154771812e-01,1.346138417720794678e-01,3.663092851638793945e-01
9.500000000000000666e-01,1.374206492868635110e-01,3.782141485357732313e-01,1.373545229434967041e-01,3.785178065299987793e-01
9.599999999999999645e-01,1.402742706868994604e-01,3.899199459865517192e-01,1.402061879634857178e-01,3.902394771575927734e-01
9.699999999999999734e-01,1.432439132380153024e-01,4.011311513218521196e-01,1.431719362735748291e-01,4.014594554901123047e-01
9.799999999999999822e-01,1.463307927370847417e-01,4.118362390084844837e-01,1.462538540363311768e-01,4.121669530868530273e-01
9.899999999999999911e-01,1.495353050007601214e-01,4.220249675444621151e-01,1.494531929492950439e-01,4.223511815071105957e-01
1.000000000000000000e+00,1.528570828949047389e-01,4.316883236158305381e-01,1.527707278728485107e-01,4.320039749145507812e-01
1.010000000000000009e+00,1.562950526831030640e-01,4.408184670854063403e-01,1.562053263187408447e-01,4.411193132400512695e-01
1.020000000000000018e+00,1.598474885375835708e-01,4.494086780658498315e-01,1.597557365894317627e-01,4.496901631355285645e-01
1.030000000000000027e+00,1.635120650943440168e-01,4.574533061940616596e-01,1.634198129177093506e-01,4.577140212059020996e-01
1.040000000000000036e+00,1.672859067603003624e-01,4.649477234457888852e-01,1.671945750713348389e-01,4.651874899864196777e-01
1.050000000000000044e+00,1.711656314717927840e-01,4.718882829555220981e-01,1.710762083530426025e-01,4.721074104309082031e-01
1.060000000000000053e+00,1.751473936946917054e-01,4.782722784698048013e-01,1.750607788562774658e-01,4.784722924232482910e-01
1.070000000000000062e+00,1.792269206765044753e-01,4.840979109066557151e-01,1.791434586048126221e-01,4.842811226844787598e-01
1.080000000000000071e+00,1.833995455941347663e-01,4.893642580848945878e-01,1.833193004131317139e-01,4.895322918891906738e-01
1.090000000000000080e+00,1.876602355208274453e-01,4.940712496416532762e-01,1.875824630260467529e-01,4.942270517349243164e-01
1.100000000000000089e+00,1.920036151939022162e-01,4.982196460003627259e-01,1.919280588626861572e-01,4.983652830123901367e-01
1.110000000000000098e+00,1.964239860574372998e-01,5.018110219498317370e-01,1.963489353656768799e-01,5.019487142562866211e-01
1.120000000000000107e+00,2.009153415319298863e-01,5.048477537568918372e-01,2.008402645587921143e-01,5.049793720245361328e-01
1.130000000000000115e+00,2.054713775636738682e-01,5.073330106472617729e-01,2.053947150707244873e-01,5.074606537818908691e-01
1.140000000000000124e+00,2.100854999300842962e-01,5.092707491461909708e-01,2.100063264369964600e-01,5.093959569931030273e-01
1.150000000000000133e+00,2.147508272520203265e-01,5.106657112278789601e-01,2.146674692630767822e-01,5.107904076576232910e-01
1.159999999999999920e+00,2.194601913705966634e-01,5.115234245712537708e-01,2.193721830844879150e-01,5.116485953330993652e-01
1.169999999999999929e+00,2.242061342000164492e-01,5.118502057128581084e-01,2.241127789020538330e-01,5.119789242744445801e-01
1.179999999999999938e+00,2.289809024219421618e-01,5.116531646936813837e-01,2.288821041584014893e-01,5.117880105972290039e-01
1.189999999999999947e+00,2.337764392827772764e-01,5.109402118081943778e-01,2.336725294589996338e-01,5.110837221145629883e-01
1.199999999999999956e+00,2.385843766051580217e-01,5.097200633878173903e-01,2.384758889675140381e-01,5.098763108253479004e-01
1.209999999999999964e+00,2.433960232194729290e-01,5.080022501936196644e-01,2.432842552661895752e-01,5.081743597984313965e-01
1.219999999999999973e+00,2.482023551409691942e-01,5.057971230570033061e-01,2.480892837047576904e-01,5.059885382652282715e-01
1.229999999999999982e+00,2.529940042626757646e-01,5.031158589965053496e-01,2.528819143772125244e-01,5.033303499221801758e-01
1.239999999999999991e+00,2.577612486852768336e-01,4.999704644690688427e-01,2.576528489589691162e-01,5.002102255821228027e-01
1.250000000000000000e+00,2.624940046646595526e-01,4.963737757462969302e-01,2.623919546604156494e-01,4.966413378715515137e-01
1.260000000000000009e+00,2.671818195855692468e-01,4.923394569891146322e-01,2.670893371105194092e-01,4.926357269287109375e-01
1.270000000000000018e+00,2.718138695959838591e-01,4.878819920816888644e-01,2.717340290546417236e-01,4.882073402404785156e-01
1.280000000000000027e+00,2.763789589170995709e-01,4.830166734178542587e-01,2.763143479824066162e-01,4.833703637123107910e-01
1.290000000000000036e+00,2.808655249432853163e-01,4.777595832513897856e-01,2.808186113834381104e-01,4.781371951103210449e-01
1.300000000000000044e+00,2.852616474318053763e-01,4.721275692474259378e-01,2.852340638637542725e-01,4.725243449211120605e-01
1.310000000000000053e+00,2.895550629571903012e-01,4.661382133530510563e-01,2.895477712154388428e-01,4.665470123291015625e-01
1.320000000000000062e+00,2.937331858070638124e-01,4.598097923422588273e-01,2.937457859516143799e-01,4.602231383323669434e-01
1.330000000000000071e+00,2.977831346447640803e-01,4.531612310785700370e-01,2.978145778179168701e-01,4.535697102546691895e-01
1.340000000000000080e+00,3.016917646071007320e-01,4.462120492266082872e-01,3.017393052577972412e-01,4.466066956520080566e-01
1.350000000000000089e+00,3.054457087477234212e-01,4.389822962135452866e-01,3.055054247379302979e-01,4.393527507781982422e-01
1.360000000000000098e+00,3.090314200185589333e-01,4.314924862689543117e-01,3.090982139110565186e-01,4.318298697471618652e-01
1.370000000000000107e+00,3.124352245741330858e-01,4.237635194477407663e-01,3.125035464763641357e-01,4.240610599517822266e-01
1.380000000000000115e+00,3.156433776316490691e-01,4.158166002923500693e-01,3.157062232494354248e-01,4.160671234130859375e-01
1.390000000000000124e+00,3.186421237369836956e-01,4.076731517228955326e-01,3.186934292316436768e-01,4.078725576400756836e-01
1.400000000000000133e+00,3.214177614970009089e-01,3.993547242055358604e-01,3.214509189128875732e-01,3.995032310485839844e-01
1.409999999999999920e+00,3.239567105254111956e-01,3.908829031646876007e-01,3.239665925502777100e-01,3.909822106361389160e-01
1.419999999999999929e+00,3.262455800985381016e-01,3.822792153149774941e-01,3.262283504009246826e-01,3.823359608650207520e-01
1.429999999999999938e+00,3.282712381079618824e-01,3.735650357569984537e-01,3.282252252101898193e-01,3.735881447792053223e-01
1.439999999999999947e+00,3.300208818170287106e-01,3.647614938747952840e-01,3.299462497234344482e-01,3.647637963294982910e-01
1.449999999999999956e+00,3.314821026093789924e-01,3.558893880431236445e-01,3.313821256160736084e-01,3.558855056762695312e-01
1.459999999999999964e+00,3.326429517071181063e-01,3.469691003132652218e-01,3.325223028659820557e-01,3.469759821891784668e-01
1.469999999999999973e+00,3.334920017518970825e-01,3.380205168638992785e-01,3.333583772182464600e-01,3.380525708198547363e-01
1.479999999999999982e+00,3.340184041218071664e-01,3.290629549849372615e-01,3.338802158832550049e-01,3.291348814964294434e-01
1.489999999999999991e+00,3.342119416853984726e-01,3.201150967527466307e-01,3.340779244899749756e-01,3.202381134033203125e-01
1.500000000000000000e+00,3.340630765522938916e-01,3.111949292044609017e-01,3.339423835277557373e-01,3.113775253295898438e-01
1.510000000000000009e+00,3.335629925288202680e-01,3.023196918074533834e-01,3.334635198116302490e-01,3.025640249252319336e-01
1.520000000000000018e+00,3.327036324303421222e-01,2.935058305006343349e-01,3.326317369937896729e-01,2.938097715377807617e-01
1.530000000000000027e+00,3.314777301373952323e-01,2.847689583379600098e-01,3.314374387264251709e-01,2.851245999336242676e-01
1.540000000000000036e+00,3.298788376122868127e-01,2.761238223600144259e-01,3.298725783824920654e-01,2.765197157859802246e-01
1.550000000000000044e+00,3.279013474649162818e-01,2.675842754165982385e-01,3.279291093349456787e-01,2.680041193962097168e-01
1.560000000000000053e+00,3.255405111016972386e-01,2.591632531419241214e-01,3.256013095378875732e-01,2.595896124839782715e-01
1.570000000000000062e+00,3.227924531651970574e-01,2.508727546737875014e-01,3.228847086429595947e-01,2.512887120246887207e-01
1.580000000000000071e+00,3.196541829367968712e-01,2.427238262089017329e-01,3.197765648365020752e-01,2.431155443191528320e-01
1.590000000000000080e+00,3.161236026020646239e-01,2.347265475526255085e-01,3.162747919559478760e-01,2.350822091102600098e-01
1.600000000000000089e+00,3.121995135292032209e-01,2.268900198561345505e-01,3.123791515827178955e-01,2.272035479545593262e-01
1.610000000000000098e+00,3.078816208856375858e-01,2.192223542106479239e-01,3.080900013446807861e-01,2.194920182228088379e-01
1.620000000000000107e+00,3.031705365180414335e-01,2.117306612015817102e-01,3.034066259860992432e-01,2.119581103324890137e-01
1.630000000000000115e+00,2.980677812262023108e-01,2.044210398512776028e-01,2.983316481113433838e-01,2.046127915382385254e-01
1.640000000000000124e+00,2.925757862832769618e-01,1.972985663241612619e-01,2.928629815578460693e-01,1.974601149559020996e-01
1.650000000000000133e+00,2.866978937707796993e-01,1.903672828906375070e-01,2.870022952556610107e-01,1.905046105384826660e-01
1.660000000000000142e+00,2.804383583126728308e-01,1.836301840798744145e-01,2.807519137859344482e-01,1.837490499019622803e-01
1.669999999999999929e+00,2.738023464943440954e-01,1.770892047921937551e-01,2.741141617298126221e-01,1.771936714649200439e-01
1.679999999999999938e+00,2.667959373190662009e-01,1.707452064048226859e-01,2.670938670635223389e-01,1.708365380764007568e-01
1.689999999999999947e+00,2.594261214889890255e-01,1.645979637885243707e-01,2.596974074840545654e-01,1.646772921085357666e-01
1.699999999999999956e+00,2.517008005665284376e-01,1.586461519030042677e-01,2.519339621067047119e-01,1.587128043174743652e-01
1.709999999999999964e+00,2.436287843548642085e-01,1.528873351281893334e-01,2.438142001628875732e-01,1.529417037963867188e-01
1.719999999999999973e+00,2.352197879722917051e-01,1.473179562469529580e-01,2.353527247905731201e-01,1.473611295223236084e-01
1.729999999999999982e+00,2.264844256874947448e-01,1.419333311461783431e-01,2.265621125698089600e-01,1.419671177864074707e-01
1.739999999999999991e+00,2.174342041642833567e-01,1.367276436342375334e-01,2.174590528011322021e-01,1.367562115192413330e-01
1.750000000000000000e+00,2.080815108581846595e-01,1.316939487934350728e-01,2.080605328083038330e-01,1.317239701747894287e-01
1.760000000000000009e+00,1.984396007333398548e-01,1.268241785407910605e-01,1.983827650547027588e-01,1.268637478351593018e-01
1.770000000000000018e+00,1.885225777389282209e-01,1.221091561779616697e-01,1.884441673755645752e-01,1.221675872802734375e-01
1.780000000000000027e+00,1.783453719622319911e-01,1.175386179088771105e-01,1.782604157924652100e-01,1.176251471042633057e-01
1.790000000000000036e+00,1.679237123225737205e-01,1.131012418045910517e-01,1.678471267223358154e-01,1.132239699363708496e-01
1.800000000000000044e+00,1.572740921324224106e-01,1.087846885917610473e-01,1.572218835353851318e-01,1.089507341384887695e-01
1.810000000000000053e+00,1.464137309151323785e-01,1.045756486032642790e-01,1.463997662067413330e-01,1.047903299331665039e-01
1.820000000000000062e+00,1.353605275549760456e-01,1.004599030978901714e-01,1.353941261768341064e-01,1.007242500782012939e-01
1.830000000000000071e+00,1.241330096283594919e-01,9.642239187529247357e-02,1.242218911647796631e-01,9.673547744750976562e-02
1.840000000000000080e+00,1.127502744963118642e-01,9.244729449220163986e-02,1.128984391689300537e-01,9.280470013618469238e-02
1.850000000000000089e+00,1.012319259365491719e-01,8.851811885506057076e-02,1.014409065246582031e-01,8.891293406486511230e-02
1.860000000000000098e+00,8.959800438622249341e-02,8.461780034411867102e-02,8.986541628837585449e-02,8.504104614257812500e-02
1.870000000000000107e+00,7.786891290124320353e-02,8.072880801876540502e-02,7.819005846977233887e-02,8.116942644119262695e-02
1.880000000000000115e+00,6.606533869144624871e-02,7.683325815128545788e-02,6.643265485763549805e-02,7.727926969528198242e-02
1.890000000000000124e+00,5.420817139941865731e-02,7.291303316251625255e-02,5.461224913597106934e-02,7.335239648818969727e-02
1.900000000000000133e+00,4.231841899057402906e-02,6.894990453955678056e-02,4.275017976760864258e-02,6.937095522880554199e-02
1.910000000000000142e+00,3.041712279889857012e-02,6.492565722547898044e-02,3.086307644844055176e-02,6.531733274459838867e-02
1.919999999999999929e+00,1.852527259412799221e-02,6.082221403900132939e-02,1.897332072257995605e-02,6.117573380470275879e-02
1.929999999999999938e+00,6.663722614516708748e-03,5.662175857799134349e-02,7.101744413375854492e-03,5.692994594573974609e-02
1.939999999999999947e+00,-5.146890317784862112e-03,5.230685475159518871e-02,-4.730731248855590820e-03,5.256515741348266602e-02
1.949999999999999956e+00,-1.688622543246547439e-02,4.786056100731790608e-02,-1.650196313858032227e-02,4.806733131408691406e-02
1.959999999999999964e+00,-2.853431233787672577e-02,4.326653744199999985e-02,-2.819159626960754395e-02,4.342252016067504883e-02
1.969999999999999973e+00,-4.007162108996923516e-02,3.850914585257601830e-02,-3.977739810943603516e-02,3.861799836158752441e-02
1.979999999999999982e+00,-5.147912690083113196e-02,3.357354082452934652e-02,-5.123841762542724609e-02,3.364041447639465332e-02
1.989999999999999991e+00,-6.273836924197365161e-02,2.844575138936503503e-02,-6.255149841308593750e-02,2.847975492477416992e-02
2.000000000000000000e+00,-7.383150511975181129e-02,2.311275281568885703e-02,-7.370015978813171387e-02,2.312171459197998047e-02
2.010000000000000231e+00,-8.474135650177279377e-02,1.756252839729180448e-02,-8.466234803199768066e-02,1.755687594413757324e-02
2.020000000000000018e+00,-9.545145210266722802e-02,1.178412147966154989e-02,-9.541925787925720215e-02,1.177433133125305176e-02
2.030000000000000249e+00,-1.059460637947389205e-01,5.767678128788771355e-03,-1.059518456459045410e-01,5.763977766036987305e-03
2.040000000000000036e+00,-1.162102379019883946e-01,-4.955192042264946941e-04,-1.162438690662384033e-01,-4.838109016418457031e-04
2.049999999999999822e+00,-1.262298219062192306e-01,-7.013026222063565782e-03,-1.262785494327545166e-01,-6.977140903472900391e-03
2.060000000000000053e+00,-1.359914872190616242e-01,-1.379121844892761649e-02,-1.360399425029754639e-01,-1.372244954109191895e-02
2.069999999999999840e+00,-1.454827482659185323e-01,-2.083527959998120530e-02,-1.455192118883132935e-01,-2.073106169700622559e-02
2.080000000000000071e+00,-1.546919787770787424e-01,-2.814919517628174800e-02,-1.546990871429443359e-01,-2.800372242927551270e-02
2.089999999999999858e+00,-1.636084251954272317e-01,-3.573575138580725036e-02,-1.635741293430328369e-01,-3.554907441139221191e-02
2.100000000000000089e+00,-1.722222187079507916e-01,-4.359653674100701787e-02,-1.721338629722595215e-01,-4.336887598037719727e-02
2.109999999999999876e+00,-1.805243855666113784e-01,-5.173194694834618024e-02,-1.803720295429229736e-01,-5.146539211273193359e-02
2.120000000000000107e+00,-1.885068564580432149e-01,-6.014119127295604328e-02,-1.882837712764739990e-01,-5.983966588973999023e-02
2.129999999999999893e+00,-1.961624742810422206e-01,-6.882230198901061191e-02,-1.958646774291992188e-01,-6.849005818367004395e-02
2.140000000000000124e+00,-2.034850027675228767e-01,-7.777214163265926128e-02,-2.031125277280807495e-01,-7.741446793079376221e-02
2.149999999999999911e+00,-2.104691329257411814e-01,-8.698641424161920876e-02,-2.100251615047454834e-01,-8.660848438739776611e-02
2.160000000000000142e+00,-2.171104905896884540e-01,-9.645967313842690460e-02,-2.166025340557098389e-01,-9.606635570526123047e-02
2.169999999999999929e+00,-2.234056421793175762e-01,-1.061853317107764871e-01,-2.228427380323410034e-01,-1.057803183794021606e-01
2.180000000000000160e+00,-2.293521006828858066e-01,-1.161556718724165022e-01,-2.287485152482986450e-01,-1.157449036836624146e-01
2.189999999999999947e+00,-2.349483299320749563e-01,-1.263618542382584642e-01,-2.343188375234603882e-01,-1.259495615959167480e-01
2.200000000000000178e+00,-2.401937482710854999e-01,-1.367939276211493915e-01,-2.395539432764053345e-01,-1.363840848207473755e-01
2.209999999999999964e+00,-2.450887294041111386e-01,-1.474408405619012374e-01,-2.444542348384857178e-01,-1.470369100570678711e-01
2.220000000000000195e+00,-2.496346024327258661e-01,-1.582904528841783398e-01,-2.490199655294418335e-01,-1.578963994979858398e-01
2.229999999999999982e+00,-2.538336469186480149e-01,-1.693295515322268130e-01,-2.532517611980438232e-01,-1.689492017030715942e-01
2.240000000000000213e+00,-2.576890869273078533e-01,-1.805438667645168915e-01,-2.571489810943603516e-01,-1.801801174879074097e-01
2.250000000000000000e+00,-2.612050782440109020e-01,-1.919180951223195541e-01,-2.607149779796600342e-01,-1.915785074234008789e-01
2.260000000000000231e+00,-2.643866930987235908e-01,-2.034359245126976246e-01,-2.639487981796264648e-01,-2.031211853027343750e-01
2.270000000000000018e+00,-2.672398979239040684e-01,-2.150800666258212701e-01,-2.668547630310058594e-01,-2.147954106330871582e-01
2.280000000000000249e+00,-2.697715255996146477e-01,-2.268322954569651495e-01,-2.694356739521026611e-01,-2.265804708003997803e-01
2.290000000000000036e+00,-2.719892418717148597e-01,-2.386734919144332667e-01,-2.716970443725585938e-01,-2.384553253650665283e-01
2.300000000000000266e+00,-2.739015035759477801e-01,-2.505836985476310730e-01,-2.736450135707855225e-01,-2.503985762596130371e-01
2.310000000000000053e+00,-2.755175118987274185e-01,-2.625421792633675921e-01,-2.752878963947296143e-01,-2.623857855796813965e-01
2.319999999999999840e+00,-2.768471567474619088e-01,-2.745274908144286208e-01,-2.766350805759429932e-01,-2.743946909904479980e-01
2.330000000000000071e+00,-2.779009562285558732e-01,-2.865175593524221243e-01,-2.776972353458404541e-01,-2.863970994949340820e-01
2.339999999999999858e+00,-2.786899886359591183e-01,-2.984897673589638756e-01,-2.784867286682128906e-01,-2.983724176883697510e-01
2.350000000000000089e+00,-2.792258196727315789e-01,-3.104210460760704615e-01,-2.790163755416870117e-01,-3.102936744689941406e-01
2.359999999999999876e+00,-2.795204251487296565e-01,-3.222879748485311668e-01,-2.792999148368835449e-01,-3.221359848976135254e-01
2.370000000000000107e+00,-2.795861098400546640e-01,-3.340668848991617534e-01,-2.793507277965545654e-01,-3.338747024536132812e-01
2.379999999999999893e+00,-2.794354240252774346e-01,-3.457339673237818656e-01,-2.791837155818939209e-01,-3.454866707324981689e-01
2.390000000000000124e+00,-2.790810790380333639e-01,-3.572653829450625484e-01,-2.788120508193969727e-01,-3.569485545158386230e-01
2.399999999999999911e+00,-2.785358643016242475e-01,-3.686373709030623114e-01,-2.782495617866516113e-01,-3.682388365268707275e-01
2.410000000000000142e+00,-2.778125651100407656e-01,-3.798263572162918766e-01,-2.775098383426666260e-01,-3.793357014656066895e-01
2.419999999999999929e+00,-2.769238840980572380e-01,-3.908090594862259071e-01,-2.766051292419433594e-01,-3.902183175086975098e-01
2.430000000000000160e+00,-2.758823681835915198e-01,-4.015625854626599933e-01,-2.755472362041473389e-01,-4.008715450763702393e-01
2.439999999999999947e+00,-2.747003402417151907e-01,-4.120645263849432860e-01,-2.743484377861022949e-01,-4.112703502178192139e-01
2.450000000000000178e+00,-2.733898378460753453e-01,-4.222930421231957387e-01,-2.730193138122558594e-01,-4.214020669460296631e-01
2.459999999999999964e+00,-2.719625600053557357e-01,-4.322269368289720637e-01,-2.715708017349243164e-01,-4.312477707862854004e-01
2.470000000000000195e+00,-2.704298212099427445e-01,-4.418457259371765811e-01,-2.700129747390747070e-01,-4.407902359962463379e-01
2.479999999999999982e+00,-2.688025139681372022e-01,-4.511296929528656463e-01,-2.683557569980621338e-01,-4.500135183334350586e-01
2.490000000000000213e+00,-2.670910798249402363e-01,-4.600599359002855993e-01,-2.666093409061431885e-01,-4.589014053344726562e-01
2.500000000000000000e+00,-2.653054881013648947e-01,-4.686184043514242115e-01,-2.647830843925476074e-01,-4.674381315708160400e-01
2.510000000000000231e+00,-2.634552228234549598e-01,-4.767879265036356062e-01,-2.628872394561767578e-01,-4.756063818931579590e-01
2.520000000000000018e+00,-2.615492763327993964e-01,-4.845522276673147055e-01,-2.609306573867797852e-01,-4.833925664424896240e-01
2.530000000000000249e+00,-2.595961506178342537e-01,-4.918959393524023893e-01,-2.589239478111267090e-01,-4.907793998718261719e-01
2.540000000000000036e+00,-2.576038617520911567e-01,-4.988046044333494522e-01,-2.568764090538024902e-01,-4.977501630783081055e-01
2.550000000000000266e+00,-2.555799527096812573e-01,-5.052646714764188474e-01,-2.547985315322875977e-01,-5.042880177497863770e-01
2.560000000000000053e+00,-2.535315079121887027e-01,-5.112634869346768252e-01,-2.526999413967132568e-01,-5.103762149810791016e-01
2.569999999999999840e+00,-2.514651723638436365e-01,-5.167892811514696039e-01,-2.505907118320465088e-01,-5.159973502159118652e-01
2.580000000000000071e+00,-2.493871721913663020e-01,-5.218311523850251987e-01,-2.484806030988693237e-01,-5.211337804794311523e-01
2.589999999999999858e+00,-2.473033378345368682e-01,-5.263790470416181977e-01,-2.463794797658920288e-01,-5.257682204246520996e-01
2.600000000000000089e+00,-2.452191275051430197e-01,-5.304237391253224798e-01,-2.442967444658279419e-01,-5.298828482627868652e-01
2.609999999999999876e+00,-2.431396510856108917e-01,-5.339568086196494479e-01,-2.422410100698471069e-01,-5.334618687629699707e-01
2.620000000000000107e+00,-2.410696933324061875e-01,-5.369706201202928408e-01,-2.402209937572479248e-01,-5.364881157875061035e-01
2.629999999999999893e+00,-2.390137365555111970e-01,-5.394583014563562040e-01,-2.382445782423019409e-01,-5.389464497566223145e-01
2.640000000000000124e+00,-2.369759811891067602e-01,-5.414137242344979617e-01,-2.363189160823822021e-01,-5.408224463462829590e-01
2.649999999999999911e+00,-2.349603649565042418e-01,-5.428314853819424801e-01,-2.344501167535781860e-01,-5.421031713485717773e-01
2.660000000000000142e+00,-2.329705786524250977e-01,-5.437068920459033894e-01,-2.326442450284957886e-01,-5.427776575088500977e-01
2.669999999999999929e+00,-2.310100809675587896e-01,-5.440359468872120186e-01,-2.309051007032394409e-01,-5.428363680839538574e-01
2.680000000000000160e+00,-2.290821082296513045e-01,-5.438153387219315515e-01,-2.292367517948150635e-01,-5.422725677490234375e-01
2.689999999999999947e+00,-2.271896826499201494e-01,-5.430424341888375750e-01,-2.276415079832077026e-01,-5.410817265510559082e-01
2.700000000000000178e+00,-2.253356157146533256e-01,-5.417152743918103308e-01,-2.261211276054382324e-01,-5.392611622810363770e-01
2.709999999999999964e+00,-2.235225090120527558e-01,-5.398325738617353320e-01,-2.246758490800857544e-01,-5.368120074272155762e-01
2.720000000000000195e+00,-2.217527505418216693e-01,-5.373937240506404533e-01,-2.233050912618637085e-01,-5.337371826171875000e-01
2.729999999999999982e+00,-2.200285075373180910e-01,-5.343988002564077355e-01,-2.220078557729721069e-01,-5.300431847572326660e-01
2.740000000000000213e+00,-2.183517152514025672e-01,-5.308485725367270147e-01,-2.207809984683990479e-01,-5.257384777069091797e-01
2.750000000000000000e+00,-2.167240616351309157e-01,-5.267445207576115784e-01,-2.196212708950042725e-01,-5.208348035812377930e-01
2.760000000000000231e+00,-2.151469684293368934e-01,-5.220888532187866193e-01,-2.185245603322982788e-01,-5.153456926345825195e-01
2.770000000000000018e+00,-2.136215677741019336e-01,-5.168845298253220699e-01,-2.174860090017318726e-01,-5.092873573303222656e-01
2.780000000000000249e+00,-2.121486758354439173e-01,-5.111352882940716214e-01,-2.164992541074752808e-01,-5.026788711547851562e-01
2.790000000000000036e+00,-2.107287617758150655e-01,-5.048456750855688790e-01,-2.155581116676330566e-01,-4.955376982688903809e-01
2.800000000000000266e+00,-2.093619146295466471e-01,-4.980210784931256573e-01,-2.146556228399276733e-01,-4.878854751586914062e-01
2.810000000000000053e+00,-2.080478054351316552e-01,-4.906677666124139026e-01,-2.137842476367950439e-01,-4.797441363334655762e-01
2.819999999999999840e+00,-2.067856487963157519e-01,-4.827929258005451696e-01,-2.129356265068054199e-01,-4.711358249187469482e-01
2.830000000000000071e+00,-2.055741603972936482e-01,-4.744047033030652782e-01,-2.121018320322036743e-01,-4.620830416679382324e-01
2.839999999999999858e+00,-2.044115137640763191e-01,-4.655122505605026606e-01,-2.112740874290466309e-01,-4.526086449623107910e-01
2.850000000000000089e+00,-2.032952963789131373e-01,-4.561257669864156039e-01,-2.104437202215194702e-01,-4.427363276481628418e-01
2.859999999999999876e+00,-2.022224654322632154e-01,-4.462565438620311187e-01,-2.096016258001327515e-01,-4.324831962585449219e-01
2.870000000000000107e+00,-2.011893048306949983e-01,-4.359170065635362690e-01,-2.087381631135940552e-01,-4.218772053718566895e-01
2.879999999999999893e+00,-2.001913843180092856e-01,-4.251207540547120023e-01,-2.078445851802825928e-01,-4.109337627887725830e-01
2.890000000000000124e+00,-1.992235226283890215e-01,-4.138825934019904063e-01,-2.069111466407775879e-01,-3.996757566928863525e-01
2.899999999999999911e+00,-1.982797537212907524e-01,-4.022185704274557350e-01,-2.059281617403030396e-01,-3.881222009658813477e-01
2.910000000000000142e+00,-1.973532983555575937e-01,-3.901459938107077474e-01,-2.048864066600799561e-01,-3.762925267219543457e-01
2.919999999999999929e+00,-1.964365509342631266e-01,-3.776834408261399711e-01,-2.037761062383651733e-01,-3.642066717147827148e-01
2.930000000000000160e+00,-1.955210639350889457e-01,-3.648507657859600406e-01,-2.025873214006423950e-01,-3.518831133842468262e-01
2.939999999999999947e+00,-1.945975518262297588e-01,-3.516690846846742824e-01,-2.013111710548400879e-01,-3.393413126468658447e-01
2.950000000000000178e+00,-1.936559048405707140e-01,-3.381607480261087373e-01,-1.999372839927673340e-01,-3.266014754772186279e-01
2.959999999999999964e+00,-1.926852101275061124e-01,-3.243493046157736592e-01,-1.984567940235137939e-01,-3.136849105358123779e-01
2.970000000000000195e+00,-1.916737933007922889e-01,-3.102594405168573877e-01,-1.968599110841751099e-01,-3.006094694137573242e-01
2.979999999999999982e+00,-1.906092731751182767e-01,-2.959169019262583022e-01,-1.951376348733901978e-01,-2.873974740505218506e-01
2.990000000000000213e+00,-1.894786275729150593e-01,-2.813484046635167379e-01,-1.932806223630905151e-01,-2.740710377693176270e-01
3.000000000000000000e+00,-1.882682745671778457e-01,-2.665815248830401551e-01,-1.912803798913955688e-01,-2.606531381607055664e-01
3.010000000000000231e+00,-1.869641670439641246e-01,-2.516445737632463375e-01,-1.891289949417114258e-01,-2.471661567687988281e-01
3.020000000000000018e+00,-1.855518995226647649e-01,-2.365664573941154980e-01,-1.868179440498352051e-01,-2.336333245038986206e-01
3.030000000000000249e+00,-1.840168213064219405e-01,-2.213765293469819317e-01,-1.843401342630386353e-01,-2.200809270143508911e-01
3.040000000000000036e+00,-1.823441613728361277e-01,-2.061044291809991102e-01,-1.816873401403427124e-01,-2.065254449844360352e-01
3.050000000000000266e+00,-1.805191549653067939e-01,-1.907799193800737148e-01,-1.788544803857803345e-01,-1.929991841316223145e-01
3.060000000000000053e+00,-1.785271747611396342e-01,-1.754327171747975811e-01,-1.758343428373336792e-01,-1.795187592506408691e-01
3.070000000000000284e+00,-1.763538595140552445e-01,-1.600923300330567289e-01,-1.726220399141311646e-01,-1.661091148853302002e-01
3.080000000000000071e+00,-1.739852411988955239e-01,-1.447878934039561194e-01,-1.692119240760803223e-01,-1.527924090623855591e-01
3.089999999999999858e+00,-1.714078654329594109e-01,-1.295480172766835802e-01,-1.655995100736618042e-01,-1.395902037620544434e-01
3.100000000000000089e+00,-1.686089043865155457e-01,-1.144006421863068695e-01,-1.617808938026428223e-01,-1.265241354703903198e-01
3.109999999999999876e+00,-1.655762591517498106e-01,-9.937290857572431135e-02,-1.577535122632980347e-01,-1.136140525341033936e-01
3.120000000000000107e+00,-1.622986521566276985e-01,-8.449103818292580392e-02,-1.535135060548782349e-01,-1.008808910846710205e-01
3.129999999999999893e+00,-1.587657055810810236e-01,-6.978023275109708490e-02,-1.490573734045028687e-01,-8.833704888820648193e-02
3.140000000000000124e+00,-1.549680085421513143e-01,-5.526458595011811414e-02,-1.443859040737152100e-01,-7.600751519203186035e-02
3.149999999999999911e+00,-1.508971705241622663e-01,-4.096701175844760096e-02,-1.394960880279541016e-01,-6.390103697776794434e-02
3.160000000000000142e+00,-1.465458623318218190e-01,-2.690918727945591435e-02,-1.343875825405120850e-01,-5.203348398208618164e-02
3.169999999999999929e+00,-1.419078461148223780e-01,-1.311150800289311719e-02,-1.290602982044219971e-01,-4.041606187820434570e-02
3.180000000000000160e+00,-1.369779926733537545e-01,4.069425458699607590e-04,-1.235154271125793457e-01,-2.905872464179992676e-02
3.189999999999999947e+00,-1.317522913339735646e-01,1.362841535141353332e-02,-1.177543103694915771e-01,-1.796880364418029785e-02
3.200000000000000178e+00,-1.262278488021668643e-01,2.653650647402222562e-02,-1.117798984050750732e-01,-7.152706384658813477e-03
3.209999999999999964e+00,-1.204028829531871986e-01,3.911616284495385981e-02,-1.055966615676879883e-01,3.384143114089965820e-03
3.220000000000000195e+00,-1.142767090945066843e-01,5.135368049384730210e-02,-9.920641779899597168e-02,1.364338397979736328e-02
3.229999999999999982e+00,-1.078497226390527919e-01,6.323669987867636122e-02,-9.261927008628845215e-02,2.361708879470825195e-02
3.240000000000000213e+00,-1.011233777021316449e-01,7.475419764141877366e-02,-8.584114909172058105e-02,3.330808877944946289e-02
3.250000000000000000e+00,-9.410016378785421298e-02,8.589647753760763782e-02,-7.888224720954895020e-02,4.271385073661804199e-02
3.260000000000000231e+00,-8.678358059856655649e-02,9.665516001095368626e-02,-7.175368070602416992e-02,5.183377861976623535e-02
3.270000000000000018e+00,-7.917811286660125791e-02,1.070231731179448892e-01,-6.446924805641174316e-02,6.066685914993286133e-02
3.280000000000000249e+00,-7.128920454071543955e-02,1.169947430929487581e-01,-5.704346299171447754e-02,6.921246647834777832e-02
3.290000000000000036e+00,-6.312323417573793838e-02,1.265653871732937419e-01,-4.949179291725158691e-02,7.747006416320800781e-02
3.300000000000000266e+00,-5.468749121247395983e-02,1.357319076397114355e-01,-4.183319211006164551e-02,8.543783426284790039e-02
3.310000000000000053e+00,-4.599015343642174486e-02,1.444923872690160316e-01,-3.408089280128479004e-02,9.311905503273010254e-02
3.320000000000000284e+00,-3.704026504601976022e-02,1.528461849257269356e-01,-2.625566720962524414e-02,1.005126833915710449e-01
3.330000000000000071e+00,-2.784771749000898577e-02,1.607939342651189540e-01,-1.837277412414550781e-02,1.076212525367736816e-01
3.339999999999999858e+00,-1.842322977614049839e-02,1.683375404196376379e-01,-1.044777035713195801e-02,1.144483387470245361e-01
3.350000000000000089e+00,-8.778331245873254376e-03,1.754801786058080015e-01,-2.495467662811279297e-03,1.209989488124847412e-01
3.359999999999999876e+00,1.074656924582487183e-03,1.822262893171075482e-01,5.472481250762939453e-03,1.272794008255004883e-01
3.370000000000000107e+00,1.112263833973770738e-02,1.885815741079307772e-01,1.344501972198486328e-02,1.332976222038269043e-01
3.379999999999999893e+00,2.135176046127816585e-02,1.945529860601148131e-01,2.141430974006652832e-02,1.390622258186340332e-01
3.390000000000000124e+00,3.174743297755590332e-02,2.001487186575946486e-01,2.937138080596923828e-02,1.445823907852172852e-01
3.399999999999999911e+00,4.229434985694559279e-02,2.053781875816098057e-01,3.731387853622436523e-02,1.498706042766571045e-01
3.410000000000000142e+00,5.297651215993318119e-02,2.102520085606100209e-01,4.523190855979919434e-02,1.549343168735504150e-01
3.419999999999999929e+00,6.377725567824926722e-02,2.147819666182866349e-01,5.312287807464599609e-02,1.597856879234313965e-01
3.430000000000000160e+00,7.467928108842068757e-02,2.189809787468665059e-01,6.097966432571411133e-02,1.644339263439178467e-01
3.439999999999999947e+00,8.566468967455069528e-02,2.228630471885435782e-01,6.879204511642456055e-02,1.688869893550872803e-01
3.450000000000000178e+00,9.671502348249150227e-02,2.264432034297392260e-01,7.654878497123718262e-02,1.731533110141754150e-01
3.459999999999999964e+00,1.078113109841106476e-01,2.297374434926383879e-01,8.423775434494018555e-02,1.772395372390747070e-01
3.470000000000000195e+00,1.189341185538734802e-01,2.327626521012894634e-01,9.184044599533081055e-02,1.811521351337432861e-01
3.479999999999999982e+00,1.300636078239062743e-01,2.355365175211441842e-01,9.933683276176452637e-02,1.848967075347900391e-01
3.490000000000000213e+00,1.411795987359274751e-01,2.380774370505005511e-01,1.067082881927490234e-01,1.884804964065551758e-01
3.500000000000000000e+00,1.522616378759728273e-01,2.404044136612263349e-01,1.139313280582427979e-01,1.919099092483520508e-01
3.510000000000000231e+00,1.632890720178828414e-01,2.425369446776091398e-01,1.209846436977386475e-01,1.951917409896850586e-01
3.520000000000000018e+00,1.742411257889462106e-01,2.444949040253464878e-01,1.278487741947174072e-01,1.983346939086914062e-01
3.530000000000000249e+00,1.850969827891194019e-01,2.462984193911167963e-01,1.345064938068389893e-01,2.013479471206665039e-01
3.540000000000000036e+00,1.958358690657364121e-01,2.479677461380561665e-01,1.409445106983184814e-01,2.042419314384460449e-01
3.550000000000000266e+00,2.064371377922901984e-01,2.495231398363398356e-01,1.471543014049530029e-01,2.070268392562866211e-01
3.560000000000000053e+00,2.168803545395327215e-01,2.509847284198518103e-01,1.531300246715545654e-01,2.097142338752746582e-01
3.570000000000000284e+00,2.271453799278159158e-01,2.523723892749575870e-01,1.588700115680694580e-01,2.123146057128906250e-01
3.580000000000000071e+00,2.372124516574573849e-01,2.537056276386516207e-01,1.643764078617095947e-01,2.148389220237731934e-01
3.589999999999999858e+00,2.470622617035492241e-01,2.550034634911653719e-01,1.696534454822540283e-01,2.172957062721252441e-01
3.600000000000000089e+00,2.566760298546959529e-01,2.562843246076833004e-01,1.747039854526519775e-01,2.196932435035705566e-01
3.609999999999999876e+00,2.660355711890302066e-01,2.575659498048188945e-01,1.795330345630645752e-01,2.220374941825866699e-01
3.620000000000000107e+00,2.751233577210188685e-01,2.588653017527670075e-01,1.841432154178619385e-01,2.243326902389526367e-01
3.629999999999999893e+00,2.839225736466594596e-01,2.601984902895460583e-01,1.885370314121246338e-01,2.265818119049072266e-01
3.640000000000000124e+00,2.924171634501095962e-01,2.615807073038458053e-01,1.927153170108795166e-01,2.287855744361877441e-01
3.649999999999999911e+00,3.005918733136254684e-01,2.630261723944321561e-01,1.966759264469146729e-01,2.309441566467285156e-01
3.660000000000000142e+00,3.084322858214079699e-01,2.645480892729391575e-01,2.004161775112152100e-01,2.330553531646728516e-01
3.669999999999999929e+00,3.159248477887084960e-01,2.661586130859052157e-01,2.039332091808319092e-01,2.351179718971252441e-01
3.680000000000000160e+00,3.230568927701301107e-01,2.678688261292450079e-01,2.072235047817230225e-01,2.371290922164916992e-01
3.689999999999999947e+00,3.298166570896927663e-01,2.696887237197513332e-01,2.102819383144378662e-01,2.390863895416259766e-01
3.700000000000000178e+00,3.361932918666754588e-01,2.716272062255281616e-01,2.131047546863555908e-01,2.409870624542236328e-01
3.709999999999999964e+00,3.421768703380787535e-01,2.736920783054583306e-01,2.156902849674224854e-01,2.428289055824279785e-01
3.720000000000000195e+00,3.477583919273283253e-01,2.758900529810811020e-01,2.180368006229400635e-01,2.446105480194091797e-01
3.729999999999999982e+00,3.529297834738036599e-01,2.782267598167077471e-01,2.201437652111053467e-01,2.463299632072448730e-01
3.740000000000000213e+00,3.576838983473702993e-01,2.807067559897611919e-01,2.220121324062347412e-01,2.479859590530395508e-01
3.750000000000000000e+00,3.620145141579677039e-01,2.833335390554164168e-01,2.236450612545013428e-01,2.495769262313842773e-01
3.760000000000000231e+00,3.659163295681096550e-01,2.861095605262985453e-01,2.250452339649200439e-01,2.511016726493835449e-01
3.770000000000000018e+00,3.693849606494605808e-01,2.890362394863793538e-01,2.262177169322967529e-01,2.525582313537597656e-01
3.780000000000000249e+00,3.724169372882493723e-01,2.921139753748324130e-01,2.271675765514373779e-01,2.539439797401428223e-01
3.790000000000000036e+00,3.750096999388661811e-01,2.953421593982418769e-01,2.279010117053985596e-01,2.552562952041625977e-01
3.800000000000000266e+00,3.771615969750179431e-01,2.987191840184087455e-01,2.284238636493682861e-01,2.564912438392639160e-01
3.810000000000000053e+00,3.788718824662372642e-01,3.022424511692730076e-01,2.287438809871673584e-01,2.576438784599304199e-01
3.820000000000000284e+00,3.801407150658500100e-01,3.059083770458352336e-01,2.288677990436553955e-01,2.587093114852905273e-01
3.830000000000000071e+00,3.809691571250830022e-01,3.097123960314835944e-01,2.288028895854949951e-01,2.596819400787353516e-01
3.839999999999999858e+00,3.813591744219380630e-01,3.136489623635003721e-01,2.285576760768890381e-01,2.605553865432739258e-01
3.850000000000000089e+00,3.813136361183347423e-01,3.177115499854062941e-01,2.281390130519866943e-01,2.613241076469421387e-01
3.859999999999999876e+00,3.808363142765991416e-01,3.218926522441175608e-01,2.275550067424774170e-01,2.619810700416564941e-01
3.870000000000000107e+00,3.799318829519577334e-01,3.261837809666572885e-01,2.268140017986297607e-01,2.625211477279663086e-01
3.879999999999999893e+00,3.786059161187004807e-01,3.305754659279189767e-01,2.259232699871063232e-01,2.629385590553283691e-01
3.890000000000000124e+00,3.768648835783333095e-01,3.350572562951101840e-01,2.248902022838592529e-01,2.632287740707397461e-01
3.899999999999999911e+00,3.747161448812338369e-01,3.396177241971992111e-01,2.237228453159332275e-01,2.633878588676452637e-01
3.910000000000000142e+00,3.721679404384338197e-01,3.442444713812470303e-01,2.224275767803192139e-01,2.634126543998718262e-01
3.919999999999999929e+00,3.692293781557879906e-01,3.489241415150400316e-01,2.210107743740081787e-01,2.633007168769836426e-01
3.930000000000000160e+00,3.659104164786219360e-01,3.536424374361111789e-01,2.194785177707672119e-01,2.630504369735717773e-01
3.939999999999999947e+00,3.622218444762077549e-01,3.583841422304627766e-01,2.178361713886260986e-01,2.626609206199645996e-01
3.950000000000000178e+00,3.581752516421042865e-01,3.631331546051828618e-01,2.160885632038116455e-01,2.621316313743591309e-01
3.959999999999999964e+00,3.537829967635703898e-01,3.678725256957028344e-01,2.142401635646820068e-01,2.614632248878479004e-01
3.970000000000000195e+00,3.490581707939101053e-01,3.725845060329932013e-01,2.122949063777923584e-01,2.606562376022338867e-01
3.979999999999999982e+00,3.440145511941906653e-01,3.772506027308147325e-01,2.102561295032501221e-01,2.597119212150573730e-01
3.990000000000000213e+00,3.386665523049480764e-01,3.818516448489847059e-01,2.081271111965179443e-01,2.586312294006347656e-01
4.000000000000000000e+00,3.330291698392816579e-01,3.863678575388658221e-01,2.059116661548614502e-01,2.574163675308227539e-01
4.009999999999999787e+00,3.271179206411002349e-01,3.907789435779324139e-01,2.036112248897552490e-01,2.560680508613586426e-01
4.020000000000000462e+00,3.209487777930270513e-01,3.950641731251416933e-01,2.012307345867156982e-01,2.545894384384155273e-01
4.030000000000000249e+00,3.145381025078375359e-01,3.992024791206024159e-01,1.987713277339935303e-01,2.529812455177307129e-01
4.040000000000000036e+00,3.079025734492552013e-01,4.031725577779093905e-01,1.962372958660125732e-01,2.512461543083190918e-01
4.049999999999999822e+00,3.010591147284839564e-01,4.069529724304929430e-01,1.936311423778533936e-01,2.493860721588134766e-01
4.060000000000000497e+00,2.940248236529618975e-01,4.105222591524748665e-01,1.909562647342681885e-01,2.474029064178466797e-01
4.070000000000000284e+00,2.868168983533673777e-01,4.138590340033463377e-01,1.882160604000091553e-01,2.452985048294067383e-01
4.080000000000000071e+00,2.794525698578019801e-01,4.169420954565810633e-01,1.854132115840911865e-01,2.430749535560607910e-01
4.089999999999999858e+00,2.719490343329294402e-01,4.197505277413041136e-01,1.825517714023590088e-01,2.407340407371520996e-01
4.099999999999999645e+00,2.643233909879714738e-01,4.222637974217087753e-01,1.796352565288543701e-01,2.382774949073791504e-01
4.110000000000000320e+00,2.565925836666418935e-01,4.244618457111488663e-01,1.766650974750518799e-01,2.357061505317687988e-01
4.120000000000000107e+00,2.487733486281793471e-01,4.263251729618253161e-01,1.736454665660858154e-01,2.330214381217956543e-01
4.129999999999999893e+00,2.408821671165729539e-01,4.278349167737292014e-01,1.705788075923919678e-01,2.302243113517761230e-01
4.139999999999999680e+00,2.329352244511377901e-01,4.289729214277115399e-01,1.674672067165374756e-01,2.273155450820922852e-01
4.150000000000000355e+00,2.249483747238426590e-01,4.297217993890465326e-01,1.643124520778656006e-01,2.242951989173889160e-01
4.160000000000000142e+00,2.169371109959311039e-01,4.300649848965513167e-01,1.611166298389434814e-01,2.211636900901794434e-01
4.169999999999999929e+00,2.089165414649032104e-01,4.299867787267911412e-01,1.578805744647979736e-01,2.179206013679504395e-01
4.179999999999999716e+00,2.009013697904760420e-01,4.294723863460613300e-01,1.546057164669036865e-01,2.145659923553466797e-01
4.190000000000000391e+00,1.929058805262253429e-01,4.285079479469802166e-01,1.512903273105621338e-01,2.110978960990905762e-01
4.200000000000000178e+00,1.849439275208111799e-01,4.270805630729880287e-01,1.479384005069732666e-01,2.075173258781433105e-01
4.209999999999999964e+00,1.770289258910597852e-01,4.251783087753993606e-01,1.445464789867401123e-01,2.038224339485168457e-01
4.219999999999999751e+00,1.691738458086521069e-01,4.227902535616597235e-01,1.411164700984954834e-01,2.000132799148559570e-01
4.230000000000000426e+00,1.613912077908620790e-01,4.199064673683353122e-01,1.376473605632781982e-01,1.960895657539367676e-01
4.240000000000000213e+00,1.536930786263251136e-01,4.165180286151703992e-01,1.341396868228912354e-01,1.920514106750488281e-01
4.250000000000000000e+00,1.460910672777870900e-01,4.126170291360489739e-01,1.305935084819793701e-01,1.878991127014160156e-01
4.259999999999999787e+00,1.385963198222248116e-01,4.081965781391303505e-01,1.270097196102142334e-01,1.836339831352233887e-01
4.270000000000000462e+00,1.312195129759228251e-01,4.032508057912117527e-01,1.233888566493988037e-01,1.792590618133544922e-01
4.280000000000000249e+00,1.239708455044004204e-01,3.977748673243657884e-01,1.197313368320465088e-01,1.747742295265197754e-01
4.290000000000000036e+00,1.168600269513110357e-01,3.917649484296047424e-01,1.160406172275543213e-01,1.701864898204803467e-01
4.299999999999999822e+00,1.098962632017182056e-01,3.852182726208133734e-01,1.123182475566864014e-01,1.654973328113555908e-01
4.310000000000000497e+00,1.030882384553054310e-01,3.781331111978092352e-01,1.085670888423919678e-01,1.607132852077484131e-01
4.320000000000000284e+00,9.644409319221861066e-02,3.705087964818919444e-01,1.047905683517456055e-01,1.558398008346557617e-01
4.330000000000000071e+00,8.997139806431093956e-02,3.623457384777967749e-01,1.009927690029144287e-01,1.508836448192596436e-01
4.339999999999999858e+00,8.367712358127414596e-02,3.536454452381968538e-01,9.717795252799987793e-02,1.458520293235778809e-01
4.350000000000000533e+00,7.756760432334135202e-02,3.444105491425097920e-01,9.334999322891235352e-02,1.407524347305297852e-01
4.360000000000000320e+00,7.164850007895798290e-02,3.346448355142044861e-01,8.951517939567565918e-02,1.355937123298645020e-01
4.370000000000000107e+00,6.592475148561567633e-02,3.243532776061425205e-01,8.567595481872558594e-02,1.303818225860595703e-01
4.379999999999999893e+00,6.040053247656301111e-02,3.135420748889701792e-01,8.183890581130981445e-02,1.251258552074432373e-01
4.389999999999999680e+00,5.507919813334699599e-02,3.022186964687391675e-01,7.800710201263427734e-02,1.198329031467437744e-01
4.400000000000000355e+00,4.996323091117431392e-02,2.903919270953466691e-01,7.418581843376159668e-02,1.145101487636566162e-01
4.410000000000000142e+00,4.505418246571912116e-02,2.780719178071810460e-01,7.037794589996337891e-02,1.091640591621398926e-01
4.419999999999999929e+00,4.035261737339125576e-02,2.652702359691183620e-01,6.658735871315002441e-02,1.038005352020263672e-01
4.429999999999999716e+00,3.585805253946058868e-02,2.519999197805167235e-01,6.281670928001403809e-02,9.842523932456970215e-02
4.440000000000000391e+00,3.156890349219867303e-02,2.382755267447160819e-01,5.906677246093750000e-02,9.303960204124450684e-02
4.450000000000000178e+00,2.748242696374405755e-02,2.241131861202198816e-01,5.534157156944274902e-02,8.765080571174621582e-02
4.459999999999999964e+00,2.359467736238751376e-02,2.095306371133301426e-01,5.164015293121337891e-02,8.225870132446289062e-02
4.469999999999999751e+00,1.990046260389380720e-02,1.945472675784688799e-01,4.796344041824340820e-02,7.686573266983032227e-02
4.480000000000000426e+00,1.639331211000469302e-02,1.791841397004347303e-01,4.431170225143432617e-02,7.147377729415893555e-02
4.490000000000000213e+00,1.306545922584152405e-02,1.634639995007624025e-01,4.068467020988464355e-02,6.608283519744873047e-02
4.500000000000000000e+00,9.907835221241344942e-03,1.474112727042509730e-01,3.708156943321228027e-02,6.069383025169372559e-02
4.509999999999999787e+00,6.910080242256198477e-03,1.310520411874898372e-01,3.350129723548889160e-02,5.530688166618347168e-02
4.520000000000000462e+00,4.060574633278152094e-03,1.144139952679940481e-01,2.994382381439208984e-02,4.992184042930603027e-02
4.530000000000000249e+00,1.346489078419624286e-03,9.752636360694325046e-02,2.640768885612487793e-02,4.453948140144348145e-02
4.540000000000000036e+00,-1.246143569511343370e-03,8.041981715219749527e-02,2.289256453514099121e-02,3.916111588478088379e-02
4.549999999999999822e+00,-3.732333340150165851e-03,6.312634492785566820e-02,1.939678192138671875e-02,3.378528356552124023e-02
4.560000000000000497e+00,-6.128018223360369096e-03,4.567910564071514523e-02,1.592209935188293457e-02,2.841621637344360352e-02
4.570000000000000284e+00,-8.449927310400576208e-03,2.811225245105617582e-02,1.246714591979980469e-02,2.305403351783752441e-02
4.580000000000000071e+00,-1.071542746644391607e-02,1.046073730080868472e-02,9.032249450683593750e-03,1.770180463790893555e-02
4.589999999999999858e+00,-1.294235342314259581e-02,-7.239904945648137184e-03,5.618661642074584961e-03,1.236328482627868652e-02
4.600000000000000533e+00,-1.514882693956021674e-02,-2.495378606776999658e-02,2.227306365966796875e-03,7.042407989501953125e-03
4.610000000000000320e+00,-1.735306879387947879e-02,-4.264490292463000987e-02,-1.139909029006958008e-03,1.743465662002563477e-03
4.620000000000000107e+00,-1.957320877005239157e-02,-6.027737842998989737e-02,-4.481136798858642578e-03,-3.528356552124023438e-03
4.629999999999999893e+00,-2.182709709890523833e-02,-7.781570077247271233e-02,-7.794469594955444336e-03,-8.766263723373413086e-03
4.639999999999999680e+00,-2.413212416689805573e-02,-9.522495249007130458e-02,-1.107758283615112305e-02,-1.396572589874267578e-02
4.650000000000000355e+00,-2.650505215550254257e-02,-1.124710248543907276e-01,-1.432734727859497070e-02,-1.911982893943786621e-02
4.660000000000000142e+00,-2.896186141442230744e-02,-1.295208141416149261e-01,-1.754182577133178711e-02,-2.422204613685607910e-02
4.669999999999999929e+00,-3.151761444131957746e-02,-1.463423963363429670e-01,-2.071744203567504883e-02,-2.926549315452575684e-02
4.679999999999999716e+00,-3.418634241575500138e-02,-1.629051741958708055e-01,-2.385216951370239258e-02,-3.424429893493652344e-02
4.690000000000000391e+00,-3.698095147381450648e-02,-1.791800003548182085e-01,-2.694231271743774414e-02,-3.915160894393920898e-02
4.700000000000000178e+00,-3.991315212437142323e-02,-1.951392723244403660e-01,-2.998605370521545410e-02,-4.398065805435180664e-02
4.709999999999999964e+00,-4.299341005834533130e-02,-2.107570017529588613e-01,-3.298148512840270996e-02,-4.872846603393554688e-02
4.719999999999999751e+00,-4.623091737019338621e-02,-2.260088592983930389e-01,-3.592494130134582520e-02,-5.338695645332336426e-02
4.730000000000000426e+00,-4.963358274636504169e-02,-2.408721970115710320e-01,-3.881648182868957520e-02,-5.795374512672424316e-02
4.740000000000000213e+00,-5.320803823012135170e-02,-2.553260513208230331e-01,-4.165333509445190430e-02,-6.242394447326660156e-02
4.750000000000000000e+00,-5.695966050234777672e-02,-2.693511292062142348e-01,-4.443427920341491699e-02,-6.679409742355346680e-02
4.759999999999999787e+00,-6.089260409473961494e-02,-2.829297808053804486e-01,-4.715865850448608398e-02,-7.106158137321472168e-02
4.770000000000000462e+00,-6.500984529119180344e-02,-2.960459599586073853e-01,-4.982581734657287598e-02,-7.522414624691009521e-02
4.780000000000000249e+00,-6.931323103674717767e-02,-3.086851797387462626e-01,-5.243444442749023438e-02,-7.928006350994110107e-02
4.790000000000000036e+00,-7.380353477490542158e-02,-3.208344603212411328e-01,-5.498483777046203613e-02,-8.322772383689880371e-02
4.799999999999999822e+00,-7.848051547901267744e-02,-3.324822738761337160e-01,-5.747705698013305664e-02,-8.706764876842498779e-02
4.810000000000000497e+00,-8.334297702961664112e-02,-3.436184897088369050e-01,-5.991089344024658203e-02,-9.079770743846893311e-02
4.820000000000000284e+00,-8.838882822519844584e-02,-3.542343190958112120e-01,-6.228673458099365234e-02,-9.441928565502166748e-02
4.830000000000000071e+00,-9.361514189743658232e-02,-3.643222616385242141e-01,-6.460437178611755371e-02,-9.793227910995483398e-02
4.839999999999999858e+00,-9.901821093105669935e-02,-3.738760554537835512e-01,-6.686425209045410156e-02,-1.013366430997848511e-01
4.850000000000000533e+00,-1.045936015306429406e-01,-3.828906306078448396e-01,-6.906685233116149902e-02,-1.046333461999893188e-01
4.860000000000000320e+00,-1.103362031073531896e-01,-3.913620664840330998e-01,-7.121154665946960449e-02,-1.078225672245025635e-01
4.870000000000000107e+00,-1.162402735217840932e-01,-3.992875542140599254e-01,-7.329949736595153809e-02,-1.109053194522857666e-01
4.879999999999999893e+00,-1.222994800599449816e-01,-4.066653635634429054e-01,-7.533001899719238281e-02,-1.138821244239807129e-01
4.889999999999999680e+00,-1.285069359896806040e-01,-4.134948144182259422e-01,-7.730296254158020020e-02,-1.167527735233306885e-01
4.900000000000000355e+00,-1.348552322136980230e-01,-4.197762530783772372e-01,-7.921841740608215332e-02,-1.195185929536819458e-01
4.910000000000000142e+00,-1.413364644516915680e-01,-4.255110326978133739e-01,-8.107563853263854980e-02,-1.221796721220016479e-01
4.919999999999999929e+00,-1.479422559860629760e-01,-4.307014979305449631e-01,-8.287468552589416504e-02,-1.247358173131942749e-01
4.929999999999999716e+00,-1.546637760344622969e-01,-4.353509730404046540e-01,-8.461385965347290039e-02,-1.271868646144866943e-01
4.940000000000000391e+00,-1.614917545136228816e-01,-4.394637531989463164e-01,-8.629304170608520508e-02,-1.295331418514251709e-01
4.950000000000000178e+00,-1.684164928388257321e-01,-4.430450985506609873e-01,-8.791118860244750977e-02,-1.317739188671112061e-01
4.959999999999999964e+00,-1.754278719498566508e-01,-4.461012301134071323e-01,-8.946695923805236816e-02,-1.339087337255477905e-01
4.969999999999999751e+00,-1.825153573151024333e-01,-4.486393272976783031e-01,-9.095892310142517090e-02,-1.359370946884155273e-01
4.980000000000000426e+00,-1.896680021707177477e-01,-4.506675258614589175e-01,-9.238687157630920410e-02,-1.378590911626815796e-01
4.990000000000000213e+00,-1.968744490429579219e-01,-4.521949159807215346e-01,-9.374821186065673828e-02,-1.396730095148086548e-01
5.000000000000000000e+00,-2.041229304130410815e-01,-4.532315394653141372e-01,-9.504285454750061035e-02,-1.413791477680206299e-01
5.009999999999999787e+00,-2.114012693659802211e-01,-4.537883851437000682e-01,-9.626895189285278320e-02,-1.429767459630966187e-01
5.020000000000000462e+00,-2.186968805853362341e-01,-4.538773819125865305e-01,-9.742605686187744141e-02,-1.444653570652008057e-01
5.030000000000000249e+00,-2.259967727777830726e-01,-4.535113882626963799e-01,-9.851256012916564941e-02,-1.458446532487869263e-01
5.040000000000000036e+00,-2.332875531212085241e-01,-4.527041775917168831e-01,-9.952804446220397949e-02,-1.471142917871475220e-01
5.049999999999999822e+00,-2.405554342848317817e-01,-4.514704185458623953e-01,-1.004716455936431885e-01,-1.482746154069900513e-01
5.060000000000000497e+00,-2.477862453796198239e-01,-4.498256493055308725e-01,-1.013422608375549316e-01,-1.493256092071533203e-01
5.070000000000000284e+00,-2.549654468558745224e-01,-4.477862452279707806e-01,-1.021415591239929199e-01,-1.502680033445358276e-01
5.080000000000000071e+00,-2.620781498721647673e-01,-4.453693799894579697e-01,-1.028670966625213623e-01,-1.511021852493286133e-01
5.089999999999999858e+00,-2.691091415118109786e-01,-4.425929781965795007e-01,-1.035203933715820312e-01,-1.518293023109436035e-01
5.100000000000000533e+00,-2.760429149391515069e-01,-4.394756611324894813e-01,-1.041013896465301514e-01,-1.524503529071807861e-01
5.110000000000000320e+00,-2.828637060279049487e-01,-4.360366837332622647e-01,-1.046112179756164551e-01,-1.529668420553207397e-01
5.120000000000000107e+00,-2.895555354472327259e-01,-4.322958642875642243e-01,-1.050498783588409424e-01,-1.533802002668380737e-01
5.129999999999999893e+00,-2.961022562491452681e-01,-4.282735072370773000e-01,-1.054191291332244873e-01,-1.536922901868820190e-01
5.139999999999999680e+00,-3.024876080863956873e-01,-4.239903175136539581e-01,-1.057193875312805176e-01,-1.539050489664077759e-01
5.150000000000000355e+00,-3.086952740515468419e-01,-4.194673122373274721e-01,-1.059523224830627441e-01,-1.540205478668212891e-01
5.160000000000000142e+00,-3.147089452167255996e-01,-4.147257229865943806e-01,-1.061195135116577148e-01,-1.540410071611404419e-01
5.169999999999999929e+00,-3.205123840228091825e-01,-4.097869006689274229e-01,-1.062221825122833252e-01,-1.539683490991592407e-01
5.179999999999999716e+00,-3.260894954918382438e-01,-4.046722113468756987e-01,-1.062620580196380615e-01,-1.538053601980209351e-01
5.190000000000000391e+00,-3.314243942225060247e-01,-3.994029387167150613e-01,-1.062406003475189209e-01,-1.535539478063583374e-01
5.200000000000000178e+00,-3.365014772478629457e-01,-3.940001807362167319e-01,-1.061594188213348389e-01,-1.532166749238967896e-01
5.209999999999999964e+00,-3.413054906579272019e-01,-3.884847552833728956e-01,-1.060201823711395264e-01,-1.527955681085586548e-01
5.219999999999999751e+00,-3.458215994488747502e-01,-3.828771038025741147e-01,-1.058247983455657959e-01,-1.522930711507797241e-01
5.230000000000000426e+00,-3.500354508033798329e-01,-3.771972046368852194e-01,-1.055741012096405029e-01,-1.517111659049987793e-01
5.240000000000000213e+00,-3.539332359058892097e-01,-3.714644899849174342e-01,-1.052702367305755615e-01,-1.510518789291381836e-01
5.250000000000000000e+00,-3.575017461239710093e-01,-3.656977715835225129e-01,-1.049140095710754395e-01,-1.503172218799591064e-01
5.259999999999999787e+00,-3.607284248099220658e-01,-3.599151734296101024e-01,-1.045071184635162354e-01,-1.495089977979660034e-01
5.270000000000000462e+00,-3.636014135710607387e-01,-3.541340729148051425e-01,-1.040504276752471924e-01,-1.486286967992782593e-01
5.280000000000000249e+00,-3.661095931007513626e-01,-3.483710500788609887e-01,-1.035451591014862061e-01,-1.476780474185943604e-01
5.290000000000000036e+00,-3.682426182779530155e-01,-3.426418451259591880e-01,-1.029919385910034180e-01,-1.466584354639053345e-01
5.299999999999999822e+00,-3.699909480048579336e-01,-3.369613233433332300e-01,-1.023927032947540283e-01,-1.455710679292678833e-01
5.310000000000000497e+00,-3.713458698294029858e-01,-3.313434473205328912e-01,-1.017470657825469971e-01,-1.444172859191894531e-01
5.320000000000000284e+00,-3.722995197442515170e-01,-3.258012554969799135e-01,-1.010556221008300781e-01,-1.431981176137924194e-01
5.330000000000000071e+00,-3.728448979197441226e-01,-3.203468459041620697e-01,-1.003199219703674316e-01,-1.419146060943603516e-01
5.339999999999999858e+00,-3.729758804061137911e-01,-3.149913649852797426e-01,-9.953945875167846680e-02,-1.405671089887619019e-01
5.350000000000000533e+00,-3.726872278393688065e-01,-3.097449997002473254e-01,-9.871503710746765137e-02,-1.391573250293731689e-01
5.360000000000000320e+00,-3.719745917616599784e-01,-3.046169720210151755e-01,-9.784665703773498535e-02,-1.376852691173553467e-01
5.370000000000000107e+00,-3.708345189122320695e-01,-2.996155352373038872e-01,-9.693488478660583496e-02,-1.361516863107681274e-01
5.379999999999999893e+00,-3.692644528779644442e-01,-2.947479730329548020e-01,-9.598010778427124023e-02,-1.345575302839279175e-01
5.389999999999999680e+00,-3.672627372187544648e-01,-2.900205948402416745e-01,-9.498208761215209961e-02,-1.329033672809600830e-01
5.400000000000000355e+00,-3.648286161110805836e-01,-2.854387337192023089e-01,-9.394088387489318848e-02,-1.311893165111541748e-01
5.410000000000000142e+00,-3.619622359271650325e-01,-2.810067416863076817e-01,-9.285700321197509766e-02,-1.294167935848236084e-01
5.419999999999999929e+00,-3.586646460421606397e-01,-2.767279847924006830e-01,-9.173017740249633789e-02,-1.275858879089355469e-01
5.429999999999999716e+00,-3.549378011499772501e-01,-2.726048349211958599e-01,-9.056112170219421387e-02,-1.256972998380661011e-01
5.440000000000000391e+00,-3.507845629204141003e-01,-2.686386612301908672e-01,-8.934950828552246094e-02,-1.237520426511764526e-01
5.450000000000000178e+00,-3.462087028878390038e-01,-2.648298190267249219e-01,-8.809605240821838379e-02,-1.217508316040039062e-01
5.459999999999999964e+00,-3.412149057335819857e-01,-2.611776369286929467e-01,-8.680066466331481934e-02,-1.196944564580917358e-01
5.469999999999999751e+00,-3.358087715442343857e-01,-2.576804047208223758e-01,-8.546447753906250000e-02,-1.175841540098190308e-01
5.480000000000000426e+00,-3.299968193900419400e-01,-2.543353585630436786e-01,-8.408743143081665039e-02,-1.154213398694992065e-01
5.490000000000000213e+00,-3.237864901827247066e-01,-2.511386666747177920e-01,-8.267062902450561523e-02,-1.132072359323501587e-01
5.500000000000000000e+00,-3.171861475570723066e-01,-2.480854176048342130e-01,-8.121472597122192383e-02,-1.109426915645599365e-01
5.509999999999999787e+00,-3.102050784682908735e-01,-2.451696084069636405e-01,-7.972088456153869629e-02,-1.086307764053344727e-01
5.520000000000000462e+00,-3.028534910600395591e-01,-2.423841368963748355e-01,-7.818993926048278809e-02,-1.062722057104110718e-01
5.530000000000000249e+00,-2.951425097791063878e-01,-2.397207979004528644e-01,-7.662326097488403320e-02,-1.038697063922882080e-01
5.540000000000000036e+00,-2.870841676516360796e-01,-2.371702837651193663e-01,-7.502242922782897949e-02,-1.014252603054046631e-01
5.549999999999999822e+00,-2.786913934594358877e-01,-2.347221929239021454e-01,-7.338917255401611328e-02,-9.894154965877532959e-02
5.560000000000000497e+00,-2.699779949386100220e-01,-2.323650445839197942e-01,-7.172536849975585938e-02,-9.642127156257629395e-02
5.570000000000000284e+00,-2.609586373442144280e-01,-2.300863006881848638e-01,-7.003265619277954102e-02,-9.386743605136871338e-02
5.580000000000000071e+00,-2.516488137514200640e-01,-2.278724012834764112e-01,-6.831398606300354004e-02,-9.128339588642120361e-02
5.589999999999999858e+00,-2.420648115390157395e-01,-2.257088057648777013e-01,-6.657031178474426270e-02,-8.867122232913970947e-02
5.600000000000000533e+00,-2.322236702996890723e-01,-2.235800481001768703e-01,-6.480571627616882324e-02,-8.603620529174804688e-02
5.610000000000000320e+00,-2.221431336178688043e-01,-2.214698019207828050e-01,-6.302109360694885254e-02,-8.338050544261932373e-02
5.620000000000000107e+00,-2.118415959243635238e-01,-2.193609534899437497e-01,-6.122046709060668945e-02,-8.070839941501617432e-02
5.629999999999999893e+00,-2.013380392345207326e-01,-2.172356914414342588e-01,-5.940574407577514648e-02,-7.802368700504302979e-02
5.639999999999999680e+00,-1.906519670588411597e-01,-2.150756010068785307e-01,-5.758062005043029785e-02,-7.533016800880432129e-02
5.650000000000000355e+00,-1.798033309192826057e-01,-2.128617705702016139e-01,-5.574694275856018066e-02,-7.263168692588806152e-02
5.660000000000000142e+00,-1.688124531459458399e-01,-2.105749044959389082e-01,-5.390787124633789062e-02,-6.993202865123748779e-02
5.669999999999999929e+00,-1.576999456330467897e-01,-2.081954428352458530e-01,-5.206683278083801270e-02,-6.723512709140777588e-02
5.679999999999999716e+00,-1.464866261230198252e-01,-2.057036854249061075e-01,-5.022609233856201172e-02,-6.454531848430633545e-02
5.690000000000000391e+00,-1.351934330902474779e-01,-2.030799186560413028e-01,-4.838833212852478027e-02,-6.186529994010925293e-02
5.700000000000000178e+00,-1.238413403738804625e-01,-2.003045430698578433e-01,-4.655617475509643555e-02,-5.919900536537170410e-02
5.709999999999999964e+00,-1.124512727680574559e-01,-1.973581998121065328e-01,-4.473236203193664551e-02,-5.654972791671752930e-02
5.719999999999999751e+00,-1.010440237585668588e-01,-1.942218939676523815e-01,-4.291868209838867188e-02,-5.392065644264221191e-02
5.730000000000000426e+00,-8.964017645664668077e-02,-1.908771130072449140e-01,-4.111814498901367188e-02,-5.131483078002929688e-02
5.740000000000000213e+00,-7.826002838955720131e-02,-1.873059391683399855e-01,-3.933221101760864258e-02,-4.873490333557128906e-02
5.750000000000000000e+00,-6.692352087673587857e-02,-1.834911544612051193e-01,-3.756314516067504883e-02,-4.618319869041442871e-02
5.759999999999999787e+00,-5.565017489354210506e-02,-1.794163351809545670e-01,-3.581234812736511230e-02,-4.366207122802734375e-02
5.770000000000000462e+00,-4.445903079044067480e-02,-1.750659396541443258e-01,-3.408131003379821777e-02,-4.117345809936523438e-02
5.780000000000000249e+00,-3.336859483428677303e-02,-1.704253846995741895e-01,-3.237175941467285156e-02,-3.871935606002807617e-02
5.790000000000000036e+00,-2.239679121447561358e-02,-1.654811124908512343e-01,-3.068423271179199219e-02,-3.630039095878601074e-02
5.799999999999999822e+00,-1.156091970757473601e-02,-1.602206473940826215e-01,-2.901959419250488281e-02,-3.391805291175842285e-02
5.810000000000000497e+00,-8.776183197426370292e-04,-1.546326436598335075e-01,-2.737858891487121582e-02,-3.157311677932739258e-02
5.820000000000000284e+00,9.637169312068033858e-03,-1.487069242144665182e-01,-2.576196193695068359e-02,-2.926641702651977539e-02
5.830000000000000071e+00,1.996822241601375197e-02,-1.424345113968200904e-01,-2.416950464248657227e-02,-2.699810266494750977e-02
5.839999999999999858e+00,3.010106769733324195e-02,-1.358076499768383905e-01,-2.260181307792663574e-02,-2.476847171783447266e-02
5.850000000000000533e+00,4.002200182710484444e-02,-1.288198249620439995e-01,-2.105924487113952637e-02,-2.257746458053588867e-02
5.860000000000000320e+00,4.971811117177962758e-02,-1.214657733104604204e-01,-1.954066753387451172e-02,-2.042424678802490234e-02
5.870000000000000107e+00,5.917728986325096474e-02,-1.137414916196247960e-01,-1.804667711257934570e-02,-1.830917596817016602e-02
5.879999999999999893e+00,6.838825714077022278e-02,-1.056442405789901479e-01,-1.657602190971374512e-02,-1.623114943504333496e-02
5.889999999999999680e+00,7.734057389585440034e-02,-9.717254686954771015e-02,-1.512885093688964844e-02,-1.418977975845336914e-02
5.900000000000000355e+00,8.602465936876038666e-02,-8.832620385059102019e-02,-1.370447874069213867e-02,-1.218387484550476074e-02
5.910000000000000142e+00,9.443180814906902698e-02,-7.910627142578080528e-02,-1.230233907699584961e-02,-1.021301746368408203e-02
5.919999999999999929e+00,1.025542074706781159e-01,-6.951507555218229550e-02,-1.092153787612915039e-02,-8.275866508483886719e-03
5.929999999999999716e+00,1.103849554733198346e-01,-5.955620840819769723e-02,-9.561508893966674805e-03,-6.371617317199707031e-03
5.940000000000000391e+00,1.179180799982785244e-01,-4.923452910476655564e-02,-8.221656084060668945e-03,-4.499524831771850586e-03
5.950000000000000178e+00,1.251485579043674912e-01,-3.855616513915960386e-02,-6.900578737258911133e-03,-2.657949924468994141e-03
5.959999999999999964e+00,1.320723349317783901e-01,-2.752851496843214396e-02,-5.598247051239013672e-03,-8.462667465209960938e-04
5.969999999999999751e+00,1.386863452255400198e-01,-1.616025082379951919e-02,-4.313707351684570312e-03,9.361505508422851562e-04
5.980000000000000426e+00,1.449885316365183974e-01,-4.461323535584387281e-03,-3.046065568923950195e-03,2.690613269805908203e-03
5.990000000000000213e+00,1.509778618422066010e-01,7.557036981408853972e-03,-1.795440912246704102e-03,4.417389631271362305e-03
6.000000000000000000e+00,1.566543467645099552e-01,1.988231657984462081e-02,-5.613267421722412109e-04,6.117492914199829102e-03
6.009999999999999787e+00,1.620190519692737141e-01,3.250071970054387721e-02,6.575882434844970703e-04,7.791340351104736328e-03
6.020000000000000462e+00,1.670741092102070446e-01,4.539716963077931877e-02,1.860648393630981445e-03,9.438991546630859375e-03
6.030000000000000249e+00,1.718227197696013120e-01,5.855531821551854255e-02,3.048926591873168945e-03,1.106068491935729980e-02
6.040000000000000036e+00,1.762691545981500130e-01,7.195755709297514680e-02,4.220932722091674805e-03,1.265636086463928223e-02
6.049999999999999822e+00,1.804187457077348899e-01,8.558503901958885995e-02,5.378305912017822266e-03,1.422616839408874512e-02
6.060000000000000497e+00,1.842778702798767154e-01,9.941770613692464675e-02,6.519556045532226562e-03,1.576948165893554688e-02
6.070000000000000284e+00,1.878539257719246403e-01,1.134343284475955171e-01,7.645398378372192383e-03,1.728558540344238281e-02
6.080000000000000071e+00,1.911552943634480251e-01,1.276125542371359667e-01,8.754253387451171875e-03,1.877376437187194824e-02
6.089999999999999858e+00,1.941912976095488130e-01,1.419289713855387269e-01,9.845912456512451172e-03,2.023294568061828613e-02
6.100000000000000533e+00,1.969721399860019928e-01,1.563591824443254230e-01,1.091951131820678711e-02,2.166202664375305176e-02
6.110000000000000320e+00,1.995088413043086539e-01,1.708778919652857997e-01,1.197421550750732422e-02,2.305942773818969727e-02
6.120000000000000107e+00,2.018131578672829607e-01,1.854590078460668368e-01,1.300823688507080078e-02,2.442348003387451172e-02
6.129999999999999893e+00,2.038974941878107239e-01,2.000757547177876849e-01,1.402124762535095215e-02,2.575296163558959961e-02
6.140000000000000568e+00,2.057748053480768780e-01,2.147007983097126427e-01,1.501095294952392578e-02,2.704527974128723145e-02
6.150000000000000355e+00,2.074584911662144537e-01,2.293063804386940852e-01,1.597660779953002930e-02,2.829906344413757324e-02
6.160000000000000142e+00,2.089622854790909590e-01,2.438644606306523965e-01,1.691642403602600098e-02,2.951201796531677246e-02
6.169999999999999929e+00,2.103001404095802829e-01,2.583468640821662277e-01,1.782912015914916992e-02,3.068220615386962891e-02
6.179999999999999716e+00,2.114861091349528321e-01,2.727254322207642856e-01,1.871299743652343750e-02,3.180733323097229004e-02
6.190000000000000391e+00,2.125342308224186794e-01,2.869721711312346879e-01,1.956635713577270508e-02,3.288558125495910645e-02
6.200000000000000178e+00,2.134584157779383096e-01,3.010594002156391502e-01,2.038785815238952637e-02,3.391483426094055176e-02
6.209999999999999964e+00,2.142723383215307809e-01,3.149598919429898447e-01,2.117520570755004883e-02,3.489327430725097656e-02
6.219999999999999751e+00,2.149893364011571384e-01,3.286470037167398828e-01,2.192857861518859863e-02,3.581917285919189453e-02
6.230000000000000426e+00,2.156223186261456148e-01,3.420948010956726959e-01,2.264541387557983398e-02,3.669121861457824707e-02
6.240000000000000213e+00,2.161836846432419745e-01,3.552781648911222390e-01,2.332544326782226562e-02,3.750786185264587402e-02
6.250000000000000000e+00,2.166852547952919927e-01,3.681728871849489493e-01,2.396702766418457031e-02,3.826820850372314453e-02
6.259999999999999787e+00,2.171382137155736802e-01,3.807557503920142583e-01,2.456969022750854492e-02,3.897121548652648926e-02
6.270000000000000462e+00,2.175530639631882424e-01,3.930045942635758127e-01,2.513247728347778320e-02,3.961652517318725586e-02
6.280000000000000249e+00,2.179395952208412479e-01,4.048983637956316550e-01,2.565523982048034668e-02,4.020377993583679199e-02
6.290000000000000036e+00,2.183068627712657084e-01,4.164171459073512382e-01,2.613842487335205078e-02,4.073292016983032227e-02
6.299999999999999822e+00,2.186631786221389373e-01,4.275421906229195379e-01,2.658027410507202148e-02,4.120439291000366211e-02
6.310000000000000497e+00,2.190161121673881162e-01,4.382559206023815546e-01,2.698254585266113281e-02,4.161867499351501465e-02
6.320000000000000284e+00,2.193725001097290295e-01,4.485419293042844369e-01,2.734479308128356934e-02,4.197639226913452148e-02
6.330000000000000071e+00,2.197384643232215551e-01,4.583849693996158714e-01,2.766770124435424805e-02,4.227873682975769043e-02
6.339999999999999858e+00,2.201194358745508506e-01,4.677709335768654997e-01,2.795156836509704590e-02,4.252719879150390625e-02
6.350000000000000533e+00,2.205201847936057724e-01,4.766868282160818815e-01,2.819740772247314453e-02,4.272288084030151367e-02
6.360000000000000320e+00,2.209448537402854684e-01,4.851207421602450331e-01,2.840656042098999023e-02,4.286772012710571289e-02
6.370000000000000107e+00,2.213969944293382730e-01,4.930618119366096952e-01,2.857968211174011230e-02,4.296296834945678711e-02
6.379999999999999893e+00,2.218796059345805594e-01,5.005001844385944532e-01,2.871805429458618164e-02,4.301115870475769043e-02
6.390000000000000568e+00,2.223951735606318203e-01,5.074269787046162827e-01,2.882239222526550293e-02,4.301381111145019531e-02
6.400000000000000355e+00,2.229457081917136374e-01,5.138342466605773096e-01,2.889510989189147949e-02,4.297307133674621582e-02
6.410000000000000142e+00,2.235327844922809504e-01,5.197149349498577653e-01,2.893644571304321289e-02,4.289111495018005371e-02
6.419999999999999929e+00,2.241575768315470785e-01,5.250628491010971288e-01,2.894866466522216797e-02,4.277008771896362305e-02
6.429999999999999716e+00,2.248208943564284357e-01,5.298726181894638509e-01,2.893221378326416016e-02,4.261210560798645020e-02
6.440000000000000391e+00,2.255232130616140473e-01,5.341396626124356173e-01,2.888935804367065430e-02,4.241919517517089844e-02
6.450000000000000178e+00,2.262647048323971344e-01,5.378601649427934284e-01,2.882054448127746582e-02,4.219344258308410645e-02
6.459999999999999964e+00,2.270452633826064714e-01,5.410310438702126135e-01,2.872827649116516113e-02,4.193717241287231445e-02
6.469999999999999751e+00,2.278645267926408258e-01,5.436499316150217309e-01,2.861347794532775879e-02,4.165223240852355957e-02
6.480000000000000426e+00,2.287218963693745943e-01,5.457151550506134097e-01,2.847748994827270508e-02,4.134067893028259277e-02
6.490000000000000213e+00,2.296165519285865153e-01,5.472257204362974692e-01,2.832162380218505859e-02,4.100453853607177734e-02
6.500000000000000000e+00,2.305474632270766988e-01,5.481813020281427473e-01,2.814707159996032715e-02,4.064559936523437500e-02
6.509999999999999787e+00,2.315133968617354987e-01,5.485822352623904719e-01,2.795550227165222168e-02,4.026573896408081055e-02
6.520000000000000462e+00,2.325129205275500988e-01,5.484295125472120613e-01,2.774760127067565918e-02,3.986662626266479492e-02
6.530000000000000249e+00,2.335444028589224175e-01,5.477247834730705200e-01,2.752554416656494141e-02,3.945001959800720215e-02
6.540000000000000036e+00,2.346060092769612637e-01,5.464703590483735995e-01,2.728918194770812988e-02,3.901761770248413086e-02
6.549999999999999822e+00,2.356956945716117413e-01,5.446692191412034756e-01,2.704086899757385254e-02,3.857132792472839355e-02
6.560000000000000497e+00,2.368111917675066180e-01,5.423250236029899529e-01,2.678114175796508789e-02,3.811204433441162109e-02
6.570000000000000284e+00,2.379499978216755851e-01,5.394421265009260447e-01,2.651107311248779297e-02,3.764167428016662598e-02
6.580000000000000071e+00,2.391093560493401382e-01,5.360255935825152251e-01,2.623182535171508789e-02,3.716143965721130371e-02
6.589999999999999858e+00,2.402862356853447401e-01,5.320812225079425417e-01,2.594423294067382812e-02,3.667271137237548828e-02
6.600000000000000533e+00,2.414773091666171101e-01,5.276155651916797362e-01,2.564901113510131836e-02,3.617683053016662598e-02
6.610000000000000320e+00,2.426789269100269042e-01,5.226359525383317273e-01,2.534756064414978027e-02,3.567489981651306152e-02
6.620000000000000107e+00,2.438870907677336552e-01,5.171505202257351552e-01,2.504074573516845703e-02,3.516861796379089355e-02
6.629999999999999893e+00,2.450974258222960445e-01,5.111682359318167057e-01,2.472910284996032715e-02,3.465831279754638672e-02
6.640000000000000568e+00,2.463051522818163197e-01,5.046989259522153271e-01,2.441346645355224609e-02,3.414547443389892578e-02
6.650000000000000355e+00,2.475050561376052616e-01,4.977533028339713450e-01,2.409482002258300781e-02,3.363084793090820312e-02
6.660000000000000142e+00,2.486914622057731505e-01,4.903429897173982033e-01,2.377369999885559082e-02,3.311586380004882812e-02
6.669999999999999929e+00,2.498582078232749193e-01,4.824805434961618178e-01,2.345040440559387207e-02,3.260108828544616699e-02
6.679999999999999716e+00,2.509986185941221470e-01,4.741794751035777189e-01,2.312642335891723633e-02,3.208726644515991211e-02
6.690000000000000391e+00,2.521054891237553552e-01,4.654542634226428444e-01,2.280175685882568359e-02,3.157529234886169434e-02
6.700000000000000178e+00,2.531710655223632367e-01,4.563203668017409287e-01,2.247700095176696777e-02,3.106617927551269531e-02
6.709999999999999964e+00,2.541870362541268080e-01,4.467942240996478631e-01,2.215322852134704590e-02,3.055998682975769043e-02
6.719999999999999751e+00,2.551445262464677732e-01,4.368932516225446649e-01,2.182993292808532715e-02,3.005766868591308594e-02
6.730000000000000426e+00,2.560341002651357889e-01,4.266358285234965186e-01,2.150824666023254395e-02,2.955988049507141113e-02
6.740000000000000213e+00,2.568457732540532779e-01,4.160412736286586144e-01,2.118837833404541016e-02,2.906692028045654297e-02
6.750000000000000000e+00,2.575690291821937650e-01,4.051298117963215706e-01,2.087098360061645508e-02,2.857947349548339844e-02
6.759999999999999787e+00,2.581928493554312976e-01,3.939225286860859043e-01,2.055606245994567871e-02,2.809777855873107910e-02
6.770000000000000462e+00,2.587057495156773745e-01,3.824413148727556222e-01,2.024418115615844727e-02,2.762243151664733887e-02
6.780000000000000249e+00,2.590958271034871085e-01,3.707087976108051075e-01,1.993560791015625000e-02,2.715346217155456543e-02
6.790000000000000036e+00,2.593508173174736697e-01,3.587482620534061528e-01,1.963043212890625000e-02,2.669131755828857422e-02
6.799999999999999822e+00,2.594581576873198903e-01,3.465835623767407614e-01,1.932907104492187500e-02,2.623629570007324219e-02
6.810000000000000497e+00,2.594050611566626752e-01,3.342390227636456435e-01,1.903140544891357422e-02,2.578839659690856934e-02
6.820000000000000284e+00,2.591785955064054292e-01,3.217393312100751968e-01,1.873812079429626465e-02,2.534806728363037109e-02
6.830000000000000071e+00,2.587657688759952834e-01,3.091094262552466776e-01,1.844894886016845703e-02,2.491524815559387207e-02
6.839999999999999858e+00,2.581536195619740792e-01,2.963743791503546388e-01,1.816388964653015137e-02,2.449029684066772461e-02
6.850000000000000533e+00,2.573293072893578781e-01,2.835592748781814443e-01,1.788362860679626465e-02,2.407294511795043945e-02
6.860000000000000320e+00,2.562802077198319539e-01,2.706890897928644901e-01,1.760759949684143066e-02,2.366352081298828125e-02
6.870000000000000107e+00,2.549940036631544449e-01,2.577885740871150300e-01,1.733639836311340332e-02,2.326184511184692383e-02
6.879999999999999893e+00,2.534587755241232698e-01,2.448821357287475076e-01,1.706945896148681641e-02,2.286788821220397949e-02
6.890000000000000568e+00,2.516630883903132609e-01,2.319937291807201429e-01,1.680785417556762695e-02,2.248215675354003906e-02
6.900000000000000355e+00,2.495960716605421237e-01,2.191467536609456312e-01,1.655027270317077637e-02,2.210396528244018555e-02
6.910000000000000142e+00,2.472474954428396099e-01,2.063639557749337439e-01,1.629802584648132324e-02,2.173349261283874512e-02
6.919999999999999929e+00,2.446078378654405472e-01,1.936673434897464852e-01,1.605004072189331055e-02,2.137067914009094238e-02
6.929999999999999716e+00,2.416683451978430264e-01,1.810781087998102334e-01,1.580646634101867676e-02,2.101558446884155273e-02
6.940000000000000391e+00,2.384210849036281499e-01,1.686165591346848458e-01,1.556777954101562500e-02,2.066788077354431152e-02
6.950000000000000178e+00,2.348589893694436603e-01,1.563020595138698288e-01,1.533341407775878906e-02,2.032765746116638184e-02
6.959999999999999964e+00,2.309758930527030518e-01,1.441529823492518625e-01,1.510393619537353516e-02,1.999464631080627441e-02
6.969999999999999751e+00,2.267665611081859101e-01,1.321866670857744508e-01,1.487863063812255859e-02,1.966881752014160156e-02
6.980000000000000426e+00,2.222267121427963232e-01,1.204193856278261421e-01,1.465788483619689941e-02,1.934996247291564941e-02
6.990000000000000213e+00,2.173530326928713174e-01,1.088663169030366917e-01,1.444131135940551758e-02,1.903787255287170410e-02
7.000000000000000000e+00,2.121431895696846426e-01,9.754152339543720185e-02,1.422929763793945312e-02,1.873278617858886719e-02
7.009999999999999787e+00,2.065958334681291531e-01,8.645793610433433196e-02,1.402080059051513672e-02,1.843413710594177246e-02
7.020000000000000462e+00,2.007106012457902100e-01,7.562734065752736712e-02,1.381692290306091309e-02,1.814201474189758301e-02
7.030000000000000249e+00,1.944881128573100471e-01,6.506036774199489003e-02,1.361706852912902832e-02,1.785618066787719727e-02
7.040000000000000036e+00,1.879299675181870521e-01,5.476648379443103953e-02,1.342123746871948242e-02,1.757678389549255371e-02
7.049999999999999822e+00,1.810387364177353797e-01,4.475398402952224242e-02,1.322907209396362305e-02,1.730310916900634766e-02
7.060000000000000497e+00,1.738179543294396112e-01,3.502998617458627506e-02,1.304069161415100098e-02,1.703533530235290527e-02
7.070000000000000284e+00,1.662721105799636612e-01,2.560042342452154701e-02,1.285618543624877930e-02,1.677328348159790039e-02
7.080000000000000071e+00,1.584066389537061581e-01,1.647003825348729647e-02,1.267504692077636719e-02,1.651686429977416992e-02
7.089999999999999858e+00,1.502279074260891301e-01,7.642375470286130214e-03,1.249733567237854004e-02,1.626589894294738770e-02
7.100000000000000533e+00,1.417432073216566835e-01,-8.802241776928662609e-04,1.232317090034484863e-02,1.602008938789367676e-02
7.110000000000000320e+00,1.329607423765645779e-01,-9.096630551470221565e-03,1.215258240699768066e-02,1.577949523925781250e-02
7.120000000000000107e+00,1.238896180876930542e-01,-1.700693097997199935e-02,1.198497414588928223e-02,1.554402709007263184e-02
7.129999999999999893e+00,1.145398300181841855e-01,-2.461243526449635038e-02,1.182058453559875488e-02,1.531335711479187012e-02
7.140000000000000568e+00,1.049222501549557790e-01,-3.191567713018302055e-02,1.165944337844848633e-02,1.508745551109313965e-02
7.150000000000000355e+00,9.504861551033545741e-02,-3.892041825745445882e-02,1.150152087211608887e-02,1.486623287200927734e-02
7.160000000000000142e+00,8.493151082831049137e-02,-4.563164279038116333e-02,1.134604215621948242e-02,1.464933156967163086e-02
7.169999999999999929e+00,7.458435388335768468e-02,-5.205555399450127740e-02,1.119372248649597168e-02,1.443701982498168945e-02
7.179999999999999716e+00,6.402137382686598488e-02,-5.819955994375817371e-02,1.104441285133361816e-02,1.422885060310363770e-02
7.190000000000000391e+00,5.325759001652230484e-02,-6.407225773218884479e-02,1.089736819267272949e-02,1.402476429939270020e-02
7.200000000000000178e+00,4.230878484609074119e-02,-6.968340804629612195e-02,1.075324416160583496e-02,1.382482051849365234e-02
7.209999999999999964e+00,3.119147334506016528e-02,-7.504390274322761401e-02,1.061183214187622070e-02,1.362875103950500488e-02
7.219999999999999751e+00,1.992286806766576171e-02,-8.016572400458517322e-02,1.047265529632568359e-02,1.343643665313720703e-02
7.230000000000000426e+00,8.520837843180388213e-03,-8.506189352854440222e-02,1.033625006675720215e-02,1.324784755706787109e-02
7.240000000000000213e+00,-2.996137160322287843e-03,-8.974641331735186411e-02,1.020199060440063477e-02,1.306274533271789551e-02
7.250000000000000000e+00,-1.460901789274228653e-02,-9.423419508341242257e-02,1.007005572319030762e-02,1.288130879402160645e-02
7.259999999999999787e+00,-2.629826385007422163e-02,-9.854098054361999648e-02,9.940564632415771484e-03,1.270326972007751465e-02
7.270000000000000462e+00,-3.804389590410325872e-02,-1.026832523803779262e-01,9.813427925109863281e-03,1.252844929695129395e-02
7.280000000000000249e+00,-4.982556515626305332e-02,-1.066781354220305150e-01,9.688019752502441406e-03,1.235693693161010742e-02
7.290000000000000036e+00,-6.162262612463906969e-02,-1.105432904565898516e-01,9.565114974975585938e-03,1.218852400779724121e-02
7.299999999999999822e+00,-7.341421445043011529e-02,-1.142968006683837967e-01,9.444206953048706055e-03,1.202321052551269531e-02
7.310000000000000497e+00,-8.517932757875926186e-02,-1.179570532791271165e-01,9.324997663497924805e-03,1.186084747314453125e-02
7.320000000000000284e+00,-9.689690905244677244e-02,-1.215426152722207526e-01,9.208232164382934570e-03,1.170128583908081055e-02
7.330000000000000071e+00,-1.085459351825438512e-01,-1.250721053215776979e-01,9.092986583709716797e-03,1.154464483261108398e-02
7.339999999999999858e+00,-1.201054958892484037e-01,-1.285640759135995292e-01,8.980005979537963867e-03,1.139092445373535156e-02
7.350000000000000533e+00,-1.315548816736342719e-01,-1.320368850101851232e-01,8.868396282196044922e-03,1.123961806297302246e-02
7.360000000000000320e+00,-1.428736684086633624e-01,-1.355085710518463271e-01,8.758783340454101562e-03,1.109102368354797363e-02
7.370000000000000107e+00,-1.540417939158938987e-01,-1.389967428742916455e-01,8.650988340377807617e-03,1.094517111778259277e-02
7.379999999999999893e+00,-1.650396343692628887e-01,-1.425184689516806047e-01,8.545070886611938477e-03,1.080152392387390137e-02
7.390000000000000568e+00,-1.758480756109063181e-01,-1.460901749710533659e-01,8.440047502517700195e-03,1.066046953201293945e-02
7.400000000000000355e+00,-1.864485783772115712e-01,-1.497275522858146635e-01,8.337408304214477539e-03,1.052179932594299316e-02
7.410000000000000142e+00,-1.968232374088219605e-01,-1.534454756786415019e-01,8.235931396484375000e-03,1.038530468940734863e-02
7.419999999999999929e+00,-2.069548342100096250e-01,-1.572579317895984319e-01,8.136212825775146484e-03,1.025122404098510742e-02
7.429999999999999716e+00,-2.168268843914437083e-01,-1.611779565624020527e-01,8.038163185119628906e-03,1.011937856674194336e-02
7.440000000000000391e+00,-2.264236773043347140e-01,-1.652175851130769368e-01,7.941126823425292969e-03,9.989529848098754883e-03
7.450000000000000178e+00,-2.357303101183003957e-01,-1.693878107949736422e-01,7.846146821975708008e-03,9.861826896667480469e-03
7.459999999999999964e+00,-2.447327162114701082e-01,-1.736985535828051153e-01,7.752329111099243164e-03,9.736299514770507812e-03
7.469999999999999751e+00,-2.534176876557440727e-01,-1.781586380146909787e-01,7.659882307052612305e-03,9.612649679183959961e-03
7.480000000000000426e+00,-2.617728929113773972e-01,-1.827757789899570606e-01,7.568746805191040039e-03,9.491086006164550781e-03
7.490000000000000213e+00,-2.697868906781555332e-01,-1.875565737318856951e-01,7.478952407836914062e-03,9.371310472488403320e-03
7.500000000000000000e+00,-2.774491393297273123e-01,-1.925065008765137753e-01,7.390558719635009766e-03,9.253561496734619141e-03
7.509999999999999787e+00,-2.847500036884326180e-01,-1.976299237326885616e-01,7.303476333618164062e-03,9.137541055679321289e-03
7.520000000000000462e+00,-2.916807591365666030e-01,-2.029300976391309463e-01,7.217705249786376953e-03,9.023427963256835938e-03
7.530000000000000249e+00,-2.982335938285637922e-01,-2.084091801529158461e-01,7.132858037948608398e-03,8.911103010177612305e-03
7.540000000000000036e+00,-3.044016093284150903e-01,-2.140682433397100570e-01,7.049411535263061523e-03,8.800417184829711914e-03
7.549999999999999822e+00,-3.101788204055161424e-01,-2.199072870152008197e-01,6.967276334762573242e-03,8.691400289535522461e-03
7.560000000000000497e+00,-3.155601540188038845e-01,-2.259252526288421659e-01,6.885856389999389648e-03,8.584141731262207031e-03
7.570000000000000284e+00,-3.205414480394855326e-01,-2.321200368985547879e-01,6.806254386901855469e-03,8.478432893753051758e-03
7.580000000000000071e+00,-3.251194497580228160e-01,-2.384885049134298773e-01,6.727367639541625977e-03,8.374392986297607422e-03
7.589999999999999858e+00,-3.292918142065132669e-01,-2.450265025693215137e-01,6.649434566497802734e-03,8.271872997283935547e-03
7.600000000000000533e+00,-3.330571026490903308e-01,-2.517288676292875893e-01,6.573021411895751953e-03,8.170813322067260742e-03
7.610000000000000320e+00,-3.364147804458699209e-01,-2.585894405479430835e-01,6.497293710708618164e-03,8.071333169937133789e-03
7.620000000000000107e+00,-3.393652158993121226e-01,-2.656010723764388737e-01,6.422787904739379883e-03,7.973283529281616211e-03
7.629999999999999893e+00,-3.419096760359503495e-01,-2.727556360975512684e-01,6.349414587020874023e-03,7.876724004745483398e-03
7.640000000000000568e+00,-3.440503244262468896e-01,-2.800440330854334081e-01,6.277024745941162109e-03,7.781535387039184570e-03
7.650000000000000355e+00,-3.457902152308671706e-01,-2.874562040598326318e-01,6.205648183822631836e-03,7.687777280807495117e-03
7.660000000000000142e+00,-3.471332873647453576e-01,-2.949811379378576293e-01,6.134927272796630859e-03,7.595449686050415039e-03
7.669999999999999929e+00,-3.480843551063736996e-01,-3.026068847406300777e-01,6.065458059310913086e-03,7.504224777221679688e-03
7.679999999999999716e+00,-3.486490966111899237e-01,-3.103205698502753962e-01,5.996823310852050781e-03,7.414638996124267578e-03
7.690000000000000391e+00,-3.488340391659185968e-01,-3.181084117593822591e-01,5.929052829742431641e-03,7.326185703277587891e-03
7.700000000000000178e+00,-3.486465401515452811e-01,-3.259557448180473438e-01,5.862295627593994141e-03,7.238984107971191406e-03
7.709999999999999964e+00,-3.480947645198748108e-01,-3.338470456302977674e-01,5.796611309051513672e-03,7.152915000915527344e-03
7.719999999999999751e+00,-3.471876568254229078e-01,-3.417659667675120860e-01,5.731552839279174805e-03,7.068186998367309570e-03
7.730000000000000426e+00,-3.459349087850417948e-01,-3.496953754918911139e-01,5.667209625244140625e-03,6.984651088714599609e-03
7.740000000000000213e+00,-3.443469218771453288e-01,-3.576173997602459798e-01,5.604296922683715820e-03,6.902247667312622070e-03
7.750000000000000000e+00,-3.424347635783325794e-01,-3.655134821264467981e-01,5.541682243347167969e-03,6.821095943450927734e-03
7.759999999999999787e+00,-3.402101206606142347e-01,-3.733644385028849211e-01,5.480051040649414062e-03,6.740987300872802734e-03
7.770000000000000462e+00,-3.376852443259650283e-01,-3.811505279124349221e-01,5.419284105300903320e-03,6.662100553512573242e-03
7.780000000000000249e+00,-3.348728947575919102e-01,-3.888515239713914440e-01,5.359292030334472656e-03,6.584197282791137695e-03
7.790000000000000036e+00,-3.317862794490434863e-01,-3.964467954490085710e-01,5.300015211105346680e-03,6.507426500320434570e-03
7.799999999999999822e+00,-3.284389875738670805e-01,-4.039153930388773572e-01,5.241572856903076172e-03,6.431788206100463867e-03
7.810000000000000497e+00,-3.248449247506738913e-01,-4.112361369571747027e-01,5.184054374694824219e-03,6.357103586196899414e-03
7.820000000000000284e+00,-3.210182445292432685e-01,-4.183877099220032481e-01,5.127161741256713867e-03,6.283491849899291992e-03
7.830000000000000071e+00,-3.169732801312954429e-01,-4.253487510992333687e-01,5.070894956588745117e-03,6.210923194885253906e-03
7.839999999999999858e+00,-3.127244773343582640e-01,-4.320979499023971937e-01,5.015313625335693359e-03,6.139248609542846680e-03
7.850000000000000533e+00,-3.082863288196219242e-01,-4.386141390022760267e-01,4.960745573043823242e-03,6.068646907806396484e-03
7.860000000000000320e+00,-3.036733113837466469e-01,-4.448763848196998771e-01,4.906386137008666992e-03,5.999058485031127930e-03
7.870000000000000107e+00,-2.988998271580249888e-01,-4.508640738462205699e-01,4.853188991546630859e-03,5.930244922637939453e-03
7.879999999999999893e+00,-2.939801492336769351e-01,-4.565569941471333548e-01,4.800468683242797852e-03,5.862474441528320312e-03
7.890000000000000568e+00,-2.889283721970427599e-01,-4.619354113286942010e-01,4.748523235321044922e-03,5.795598030090332031e-03
7.900000000000000355e+00,-2.837583687634187557e-01,-4.669801372026562425e-01,4.697412252426147461e-03,5.729526281356811523e-03
7.910000000000000142e+00,-2.784837520703921099e-01,-4.716725915516463696e-01,4.646360874176025391e-03,5.664587020874023438e-03
7.919999999999999929e+00,-2.731178438813925413e-01,-4.759948566369137102e-01,4.596859216690063477e-03,5.600333213806152344e-03
7.930000000000000604e+00,-2.676736490700302729e-01,-4.799297236680565848e-01,4.547208547592163086e-03,5.537033081054687500e-03
7.940000000000000391e+00,-2.621638356472733022e-01,-4.834607320156024679e-01,4.498630762100219727e-03,5.474567413330078125e-03
7.950000000000000178e+00,-2.566007202602251236e-01,-4.865722012642685335e-01,4.450172185897827148e-03,5.412757396697998047e-03
7.959999999999999964e+00,-2.509962587876560791e-01,-4.892492562729982564e-01,4.402786493301391602e-03,5.351960659027099609e-03
7.969999999999999751e+00,-2.453620410115096295e-01,-4.914778463995098101e-01,4.355818033218383789e-03,5.291849374771118164e-03
7.980000000000000426e+00,-2.397092893483920850e-01,-4.932447589339197802e-01,4.309684038162231445e-03,5.232661962509155273e-03
7.990000000000000213e+00,-2.340488606701084384e-01,-4.945376277064334469e-01,4.263877868652343750e-03,5.174100399017333984e-03
8.000000000000000000e+00,-2.283912501232677195e-01,-4.953449381271333163e-01,4.218488931655883789e-03,5.116492509841918945e-03
8.009999999999999787e+00,-2.227465970589396771e-01,-4.956560285496922624e-01,4.174202680587768555e-03,5.059570074081420898e-03
8.019999999999999574e+00,-2.171246915676634803e-01,-4.954610896140137499e-01,4.130095243453979492e-03,5.003362894058227539e-03
8.029999999999999361e+00,-2.115349816342682876e-01,-4.947511615862985046e-01,4.086554050445556641e-03,4.947930574417114258e-03
8.040000000000000924e+00,-2.059865809358213395e-01,-4.935181296681507290e-01,4.043519496917724609e-03,4.893183708190917969e-03
8.050000000000000711e+00,-2.004882715350315425e-01,-4.917547237675719551e-01,4.001289606094360352e-03,4.839271306991577148e-03
8.060000000000000497e+00,-1.950485113527220815e-01,-4.894545116171649113e-01,3.959417343139648438e-03,4.785954952239990234e-03
8.070000000000000284e+00,-1.896754331354656986e-01,-4.866119002947784655e-01,3.917843103408813477e-03,4.733353853225708008e-03
8.080000000000000071e+00,-1.843768466352351809e-01,-4.832221328071725219e-01,3.876835107803344727e-03,4.681378602981567383e-03
8.089999999999999858e+00,-1.791602323959846366e-01,-4.792812930956182327e-01,3.836572170257568359e-03,4.630118608474731445e-03
8.099999999999999645e+00,-1.740327371179795357e-01,-4.747863079819413801e-01,3.796815872192382812e-03,4.579544067382812500e-03
8.109999999999999432e+00,-1.690011609045995455e-01,-4.697349573642914944e-01,3.757357597351074219e-03,4.529505968093872070e-03
8.120000000000000995e+00,-1.640719442576346054e-01,-4.641258834908744690e-01,3.718584775924682617e-03,4.480242729187011719e-03
8.130000000000000782e+00,-1.592511478229985955e-01,-4.579586077613170270e-01,3.679901361465454102e-03,4.431545734405517578e-03
8.140000000000000568e+00,-1.545444287395234262e-01,-4.512335498465744887e-01,3.642082214355468750e-03,4.383444786071777344e-03
8.150000000000000355e+00,-1.499570145026057622e-01,-4.439520501225538429e-01,3.604710102081298828e-03,4.335999488830566406e-03
8.160000000000000142e+00,-1.454936683031208267e-01,-4.361163993367120351e-01,3.567785024642944336e-03,4.289239645004272461e-03
8.169999999999999929e+00,-1.411586521256424365e-01,-4.277298719758231282e-01,3.531277179718017578e-03,4.243135452270507812e-03
8.179999999999999716e+00,-1.369556858710731795e-01,-4.187967623335485112e-01,3.495305776596069336e-03,4.197299480438232422e-03
8.189999999999999503e+00,-1.328879006472874491e-01,-4.093224276518260263e-01,3.459632396697998047e-03,4.152208566665649414e-03
8.199999999999999289e+00,-1.289577890170838792e-01,-3.993133341763321909e-01,3.424018621444702148e-03,4.107683897018432617e-03
8.210000000000000853e+00,-1.251671513689087412e-01,-3.887771076097510936e-01,3.389269113540649414e-03,4.063725471496582031e-03
8.220000000000000639e+00,-1.215170401774366832e-01,-3.777225859567066024e-01,3.354966640472412109e-03,4.020482301712036133e-03
8.230000000000000426e+00,-1.180077011643326373e-01,-3.661598759848305740e-01,3.320962190628051758e-03,3.977566957473754883e-03
8.240000000000000213e+00,-1.146385142760115577e-01,-3.541004100634693175e-01,3.287464380264282227e-03,3.935247659683227539e-03
8.250000000000000000e+00,-1.114079342675070999e-01,-3.415570036950297816e-01,3.254115581512451172e-03,3.893345594406127930e-03
8.259999999999999787e+00,-1.083134333785981535e-01,-3.285439109160600002e-01,3.221154212951660156e-03,3.852158784866333008e-03
8.269999999999999574e+00,-1.053514469128523090e-01,-3.150768765356475321e-01,3.188937902450561523e-03,3.811419010162353516e-03
8.279999999999999361e+00,-1.025173246770766100e-01,-3.011731819445772063e-01,3.157228231430053711e-03,3.771156072616577148e-03
8.290000000000000924e+00,-9.980528859975046352e-02,-2.868516837699226496e-01,3.125429153442382812e-03,3.731399774551391602e-03
8.300000000000000711e+00,-9.720840022080118326e-02,-2.721328412963426868e-01,3.094285726547241211e-03,3.692299127578735352e-03
8.310000000000000497e+00,-9.471853996451524982e-02,-2.570387300653328988e-01,3.063261508941650391e-03,3.653407096862792969e-03
8.320000000000000284e+00,-9.232639998556142757e-02,-2.415930394826420746e-01,3.032684326171875000e-03,3.615260124206542969e-03
8.330000000000000071e+00,-9.002149316187536832e-02,-2.258210512390432245e-01,3.002911806106567383e-03,3.577381372451782227e-03
8.339999999999999858e+00,-8.779217996946134250e-02,-2.097495963228123150e-01,2.973020076751708984e-03,3.540009260177612305e-03
8.349999999999999645e+00,-8.562571253013492867e-02,-1.934069913493051684e-01,2.943575382232666016e-03,3.503113985061645508e-03
8.359999999999999432e+00,-8.350830760246329143e-02,-1.768229400484417901e-01,2.914547920227050781e-03,3.466695547103881836e-03
8.370000000000000995e+00,-8.142522658007524117e-02,-1.600284257595226967e-01,2.885848283767700195e-03,3.430724143981933594e-03
8.380000000000000782e+00,-7.936088714123254451e-02,-1.430555659822845549e-01,2.857714891433715820e-03,3.395140171051025391e-03
8.390000000000000568e+00,-7.729898911718205423e-02,-1.259374492062286244e-01,2.829492092132568359e-03,3.360122442245483398e-03
8.400000000000000355e+00,-7.522265919707715742e-02,-1.087079489087901529e-01,2.801895141601562500e-03,3.325313329696655273e-03
8.410000000000000142e+00,-7.311460950399675807e-02,-9.140152060796040423e-02,2.774447202682495117e-03,3.291130065917968750e-03
8.419999999999999929e+00,-7.095730731218681531e-02,-7.405298541005482515e-02,2.747356891632080078e-03,3.257364034652709961e-03
8.429999999999999716e+00,-6.873315164010890266e-02,-5.669730531462116585e-02,2.720654010772705078e-03,3.223866224288940430e-03
8.439999999999999503e+00,-6.642465365101694885e-02,-3.936935411292891845e-02,2.694219350814819336e-03,3.190815448760986328e-03
8.449999999999999289e+00,-6.401461277069531164e-02,-2.210369379691060066e-02,2.667903900146484375e-03,3.158181905746459961e-03
8.460000000000000853e+00,-6.148628903472575652e-02,-4.934355917357590576e-03,2.642124891281127930e-03,3.125786781311035156e-03
8.470000000000000639e+00,-5.882356426882678901e-02,1.210536306895336131e-02,2.616763114929199219e-03,3.093928098678588867e-03
8.480000000000000426e+00,-5.601108984535460578e-02,2.898308976366775758e-02,2.591431140899658203e-03,3.062546253204345703e-03
8.490000000000000213e+00,-5.303441790851936427e-02,4.566754137359747834e-02,2.566516399383544922e-03,3.031432628631591797e-03
8.500000000000000000e+00,-4.988011421763199893e-02,6.212867072423332304e-02,2.542048692703247070e-03,3.000587224960327148e-03
8.509999999999999787e+00,-4.653585137244644482e-02,7.833778739897213905e-02,2.517461776733398438e-03,2.970367670059204102e-03
8.519999999999999574e+00,-4.299048139185841083e-02,9.426765398136023599e-02,2.493470907211303711e-03,2.940297126770019531e-03
8.529999999999999361e+00,-3.923408960965626968e-02,1.098925599773459272e-01,2.469748258590698242e-03,2.910584211349487305e-03
8.540000000000000924e+00,-3.525802885980199725e-02,1.251883724126237329e-01,2.446293830871582031e-03,2.881258726119995117e-03
8.550000000000000711e+00,-3.105493643357296746e-02,1.401325663641311281e-01,2.422749996185302734e-03,2.852290868759155273e-03
8.560000000000000497e+00,-2.661873554085355392e-02,1.547042377036961514e-01,2.400130033493041992e-03,2.823591232299804688e-03
8.570000000000000284e+00,-2.194462310501528804e-02,1.688841004368182297e-01,2.377301454544067383e-03,2.795457839965820312e-03
8.580000000000000071e+00,-1.702904630856764273e-02,1.826544717035843424e-01,2.354621887207031250e-03,2.767473459243774414e-03
8.589999999999999858e+00,-1.186966982125222184e-02,1.959992468232529816e-01,2.332419157028198242e-03,2.739757299423217773e-03
8.599999999999999645e+00,-6.465335976113667331e-03,2.089038671390043289e-01,2.310484647750854492e-03,2.712488174438476562e-03
8.609999999999999432e+00,-8.160199714484072525e-04,2.213552833313824075e-01,2.288550138473510742e-03,2.685576677322387695e-03
8.620000000000000995e+00,5.077218250499443766e-03,2.333419155306530879e-01,2.267122268676757812e-03,2.658814191818237305e-03
8.630000000000000782e+00,1.121228445434213801e-02,2.448536122805134441e-01,2.245783805847167969e-03,2.632498741149902344e-03
8.640000000000000568e+00,1.758609933478228610e-02,2.558816112065240289e-01,2.224951982498168945e-03,2.606421709060668945e-03
8.650000000000000355e+00,2.419464928789328423e-02,2.664184991926923374e-01,2.203911542892456055e-03,2.580732107162475586e-03
8.660000000000000142e+00,3.103303228724203083e-02,2.764581784427937450e-01,2.183675765991210938e-03,2.555191516876220703e-03
8.669999999999999929e+00,3.809550392842732391e-02,2.859958327237991926e-01,2.162933349609375000e-03,2.530038356781005859e-03
8.679999999999999716e+00,4.537551917336653945e-02,2.950278989280349373e-01,2.143204212188720703e-03,2.505153417587280273e-03
8.689999999999999503e+00,5.286577023088104982e-02,3.035520424024226727e-01,2.123177051544189453e-03,2.480596303939819336e-03
8.700000000000001066e+00,6.055822215711382378e-02,3.115671353947385702e-01,2.103716135025024414e-03,2.456277608871459961e-03
8.710000000000000853e+00,6.844414278833405030e-02,3.190732401814185826e-01,2.084225416183471680e-03,2.432286739349365234e-03
8.720000000000000639e+00,7.651413069792005472e-02,3.260715949319054618e-01,2.064794301986694336e-03,2.408325672149658203e-03
8.730000000000000426e+00,8.475813815731635115e-02,3.325646027709228125e-01,2.046138048171997070e-03,2.384960651397705078e-03
8.740000000000000213e+00,9.316549172715003768e-02,3.385558233410879136e-01,2.027153968811035156e-03,2.361714839935302734e-03
8.750000000000000000e+00,1.017249092307997010e-01,3.440499660754568478e-01,2.008646726608276367e-03,2.338737249374389648e-03
8.759999999999999787e+00,1.104245149029446094e-01,3.490528840289175427e-01,1.990377902984619141e-03,2.315998077392578125e-03
8.769999999999999574e+00,1.192518515549144120e-01,3.535715692204557392e-01,1.971930265426635742e-03,2.293527126312255859e-03
8.779999999999999361e+00,1.281938930476705929e-01,3.576141448205327755e-01,1.953989267349243164e-03,2.271234989166259766e-03
8.790000000000000924e+00,1.372370537342933461e-01,3.611898592441244449e-01,1.936227083206176758e-03,2.249330282211303711e-03
8.800000000000000711e+00,1.463672010080811214e-01,3.643090731201426569e-01,1.918494701385498047e-03,2.227604389190673828e-03
8.810000000000000497e+00,1.555696653172410626e-01,3.669832475037346220e-01,1.901447772979736328e-03,2.206146717071533203e-03
8.820000000000000284e+00,1.648292551113881843e-01,3.692249227686973945e-01,1.884073019027709961e-03,2.184897661209106445e-03
8.830000000000000071e+00,1.741302719901721974e-01,3.710476950875839508e-01,1.867145299911499023e-03,2.163946628570556641e-03
8.839999999999999858e+00,1.834565291600307180e-01,3.724661859769551331e-01,1.850098371505737305e-03,2.143144607543945312e-03
8.849999999999999645e+00,1.927913753560802634e-01,3.734960027958480477e-01,1.833528280258178711e-03,2.122521400451660156e-03
8.859999999999999432e+00,2.021177225622397822e-01,3.741536918854443394e-01,1.817017793655395508e-03,2.102255821228027344e-03
8.870000000000000995e+00,2.114180778733686650e-01,3.744566847065612381e-01,1.800596714019775391e-03,2.082139253616333008e-03
8.880000000000000782e+00,2.206745847343970224e-01,3.744232304773659203e-01,1.784324645996093750e-03,2.062410116195678711e-03
8.890000000000000568e+00,2.298690634106285435e-01,3.740723274507845031e-01,1.768380403518676758e-03,2.042710781097412109e-03
8.900000000000000355e+00,2.389830639700505355e-01,3.734236376933638413e-01,1.752823591232299805e-03,2.023339271545410156e-03
8.910000000000000142e+00,2.479979215175333873e-01,3.724973976329922776e-01,1.737058162689208984e-03,2.004027366638183594e-03
8.919999999999999929e+00,2.568948180899797706e-01,3.713143196077541286e-01,1.721501350402832031e-03,1.985043287277221680e-03
8.929999999999999716e+00,2.656548492734598921e-01,3.698954870624461266e-01,1.706391572952270508e-03,1.966208219528198242e-03
8.939999999999999503e+00,2.742590951247083630e-01,3.682622442842862220e-01,1.691341400146484375e-03,1.947641372680664062e-03
8.950000000000001066e+00,2.826886944410825775e-01,3.664360822559777908e-01,1.676380634307861328e-03,1.929163932800292969e-03
8.960000000000000853e+00,2.909249213144262103e-01,3.644385223215748648e-01,1.661688089370727539e-03,1.911044120788574219e-03
8.970000000000000639e+00,2.989492628136318220e-01,3.622909994829661695e-01,1.647084951400756836e-03,1.893043518066406250e-03
8.980000000000000426e+00,3.067434966765117954e-01,3.600147468675085616e-01,1.632422208786010742e-03,1.875221729278564453e-03
8.990000000000000213e+00,3.142897677860632677e-01,3.576306837427831176e-01,1.618087291717529297e-03,1.857608556747436523e-03
9.000000000000000000e+00,3.215706617442039006e-01,3.551593086242429420e-01,1.603603363037109375e-03,1.840144395828247070e-03
9.009999999999999787e+00,3.285692752158707597e-01,3.526205986364023826e-01,1.589536666870117188e-03,1.822918653488159180e-03
9.019999999999999574e+00,3.352692818984919776e-01,3.500339164809886938e-01,1.575648784637451172e-03,1.805871725082397461e-03
9.029999999999999361e+00,3.416549928151702553e-01,3.474179268750983707e-01,1.561969518661499023e-03,1.788973808288574219e-03
9.040000000000000924e+00,3.477114110688396820e-01,3.447905220350931388e-01,1.548498868942260742e-03,1.772254705429077148e-03
9.050000000000000711e+00,3.534242801121295074e-01,3.421687575252868041e-01,1.534730195999145508e-03,1.755625009536743164e-03
9.060000000000000497e+00,3.587801254825856434e-01,3.395687983489776296e-01,1.521319150924682617e-03,1.739382743835449219e-03
9.070000000000000284e+00,3.637662902133706466e-01,3.370058748269880167e-01,1.508325338363647461e-03,1.723170280456542969e-03
9.080000000000000071e+00,3.683709639446366979e-01,3.344942481543559665e-01,1.495212316513061523e-03,1.707196235656738281e-03
9.089999999999999858e+00,3.725832057494394833e-01,3.320471850826642868e-01,1.482397317886352539e-03,1.691311597824096680e-03
9.099999999999999645e+00,3.763929623243106315e-01,3.296769397396022150e-01,1.469790935516357422e-03,1.675605773925781250e-03
9.109999999999999432e+00,3.797910805296310088e-01,3.273947433344799873e-01,1.457005739212036133e-03,1.660048961639404297e-03
9.120000000000000995e+00,3.827693162834381879e-01,3.252107990650281444e-01,1.444190740585327148e-03,1.644670963287353516e-03
9.130000000000000782e+00,3.853203394880141963e-01,3.231342822585167029e-01,1.431971788406372070e-03,1.629531383514404297e-03
9.140000000000000568e+00,3.874377366754239160e-01,3.211733433522120928e-01,1.419484615325927734e-03,1.614481210708618164e-03
9.150000000000000355e+00,3.891160111488498607e-01,3.193351138264318712e-01,1.407295465469360352e-03,1.599580049514770508e-03
9.160000000000000142e+00,3.903505818993188159e-01,3.176257131108554677e-01,1.395136117935180664e-03,1.584827899932861328e-03
9.169999999999999929e+00,3.911377817011466584e-01,3.160502558332192735e-01,1.383364200592041016e-03,1.570165157318115234e-03
9.179999999999999716e+00,3.914748548123828664e-01,3.146128586508980529e-01,1.371413469314575195e-03,1.555740833282470703e-03
9.189999999999999503e+00,3.913599549252437249e-01,3.133166456963529800e-01,1.359760761260986328e-03,1.541525125503540039e-03
9.200000000000001066e+00,3.907921435108612784e-01,3.121637524035220101e-01,1.348257064819335938e-03,1.527339220046997070e-03
9.210000000000000853e+00,3.897713893012496600e-01,3.111553264963579091e-01,1.336842775344848633e-03,1.513332128524780273e-03
9.220000000000000639e+00,3.882985680227388214e-01,3.102915276638886222e-01,1.325368881225585938e-03,1.499563455581665039e-03
9.230000000000000426e+00,3.863754639618790510e-01,3.095715232883000656e-01,1.314073801040649414e-03,1.485794782638549805e-03
9.240000000000000213e+00,3.840047717750285083e-01,3.089934828938638023e-01,1.302897930145263672e-03,1.472264528274536133e-03
9.250000000000000000e+00,3.811900995943482418e-01,3.085545695965412616e-01,1.292198896408081055e-03,1.458764076232910156e-03
9.259999999999999787e+00,3.779359724490248817e-01,3.082509301787855205e-01,1.280933618545532227e-03,1.445472240447998047e-03
9.269999999999999574e+00,3.742478358418879214e-01,3.080776840557293283e-01,1.270204782485961914e-03,1.432329416275024414e-03
9.279999999999999361e+00,3.701320593638569023e-01,3.080289113562069692e-01,1.259505748748779297e-03,1.419395208358764648e-03
9.290000000000000924e+00,3.655959390199693404e-01,3.080976422855471464e-01,1.248925924301147461e-03,1.406282186508178711e-03
9.300000000000000711e+00,3.606476988472225864e-01,3.082758468490662263e-01,1.238405704498291016e-03,1.393616199493408203e-03
9.310000000000000497e+00,3.552964896467008526e-01,3.085544284941042492e-01,1.227885484695434570e-03,1.380920410156250000e-03
9.320000000000000284e+00,3.495523858075845203e-01,3.089232201066172689e-01,1.217812299728393555e-03,1.368373632431030273e-03
9.330000000000000071e+00,3.434263777980079424e-01,3.093709863385152858e-01,1.207679510116577148e-03,1.355946063995361328e-03
9.339999999999999858e+00,3.369303611368960616e-01,3.098854309554528452e-01,1.197814941406250000e-03,1.343697309494018555e-03
9.349999999999999645e+00,3.300771197187990502e-01,3.104532127555282295e-01,1.187473535537719727e-03,1.331537961959838867e-03
9.359999999999999432e+00,3.228803043538843731e-01,3.110599686380359774e-01,1.177698373794555664e-03,1.319557428359985352e-03
9.370000000000000995e+00,3.153544044346303088e-01,3.116903473573848782e-01,1.168042421340942383e-03,1.307696104049682617e-03
9.380000000000000782e+00,3.075147135576655200e-01,3.123280526556178049e-01,1.158058643341064453e-03,1.295775175094604492e-03
9.390000000000000568e+00,2.993772881195498892e-01,3.129558974788460013e-01,1.148700714111328125e-03,1.284092664718627930e-03
9.400000000000000355e+00,2.909588991119829160e-01,3.135558690322381992e-01,1.139223575592041016e-03,1.272559165954589844e-03
9.410000000000000142e+00,2.822769771622352653e-01,3.141092047294094525e-01,1.129567623138427734e-03,1.260995864868164062e-03
9.419999999999999929e+00,2.733495511860717930e-01,3.145964785984867729e-01,1.120001077651977539e-03,1.249790191650390625e-03
9.429999999999999716e+00,2.641951809508117921e-01,3.149976977247276322e-01,1.110851764678955078e-03,1.238405704498291016e-03
9.439999999999999503e+00,2.548328849022947207e-01,3.152924069662776385e-01,1.101821660995483398e-03,1.227349042892456055e-03
9.450000000000001066e+00,2.452820634866255123e-01,3.154598013439956494e-01,1.092910766601562500e-03,1.216262578964233398e-03
9.460000000000000853e+00,2.355624195305984214e-01,3.154788440442782838e-01,1.083821058273315430e-03,1.205414533615112305e-03
9.470000000000000639e+00,2.256938765730331919e-01,3.153283885076116344e-01,1.074701547622680664e-03,1.194596290588378906e-03
9.480000000000000426e+00,2.156964965405789025e-01,3.149873026182415381e-01,1.066118478775024414e-03,1.183867454528808594e-03
9.490000000000000213e+00,2.055903980733584380e-01,3.144345928420644309e-01,1.057535409927368164e-03,1.173228025436401367e-03
9.500000000000000000e+00,1.953956765521374372e-01,3.136495266510043733e-01,1.048594713211059570e-03,1.162618398666381836e-03
9.509999999999999787e+00,1.851323270314053915e-01,3.126117513193560349e-01,1.039922237396240234e-03,1.152276992797851562e-03
9.519999999999999574e+00,1.748201711493154176e-01,3.113014072564871393e-01,1.031249761581420898e-03,1.141995191574096680e-03
9.529999999999999361e+00,1.644787885683279272e-01,3.096992348215513724e-01,1.023173332214355469e-03,1.131683588027954102e-03
9.540000000000000924e+00,1.541274538690962648e-01,3.077866730595136269e-01,1.014769077301025391e-03,1.121670007705688477e-03
9.550000000000000711e+00,1.437850792304472269e-01,3.055459495421358751e-01,1.006275415420532227e-03,1.111537218093872070e-03
9.560000000000000497e+00,1.334701627210467534e-01,3.029601612962783963e-01,9.982883930206298828e-04,1.101702451705932617e-03
9.570000000000000284e+00,1.232007427470665911e-01,3.000133457381943813e-01,9.897947311401367188e-04,1.091837882995605469e-03
9.580000000000000071e+00,1.129943581900775679e-01,2.966905421100141105e-01,9.820461273193359375e-04,1.082122325897216797e-03
9.589999999999999858e+00,1.028680137599616712e-01,2.929778436735248071e-01,9.739100933074951172e-04,1.072466373443603516e-03
9.599999999999999645e+00,9.283815025856632930e-02,2.888624410221306005e-01,9.663105010986328125e-04,1.062899827957153320e-03
9.609999999999999432e+00,8.292061901060333862e-02,2.843326573267365154e-01,9.580850601196289062e-04,1.053422689437866211e-03
9.620000000000000995e+00,7.313065969882401318e-02,2.793779764191627879e-01,9.504258632659912109e-04,1.044005155563354492e-03
9.630000000000000782e+00,6.348288113335846805e-02,2.739890642991856806e-01,9.427666664123535156e-04,1.034736633300781250e-03
9.640000000000000568e+00,5.399124375575560519e-02,2.681577856526835557e-01,9.351074695587158203e-04,1.025557518005371094e-03
9.650000000000000355e+00,4.466904349552527909e-02,2.618772159188844095e-01,9.278953075408935547e-04,1.016408205032348633e-03
9.660000000000000142e+00,3.552889603201171698e-02,2.551416502107990980e-01,9.202659130096435547e-04,1.007378101348876953e-03
9.669999999999999929e+00,2.658272078896891516e-02,2.479466101062904881e-01,9.129643440246582031e-04,9.984076023101806641e-04
9.679999999999999716e+00,1.784172411387944385e-02,2.402888491650150005e-01,9.056031703948974609e-04,9.895265102386474609e-04
9.689999999999999503e+00,9.316380918394401300e-03,2.321663583085086802e-01,8.982419967651367188e-04,9.807646274566650391e-04
9.700000000000001066e+00,1.016414565048825644e-03,2.235783715393252491e-01,8.910000324249267578e-04,9.720921516418457031e-04
9.710000000000000853e+00,-7.049225641073715923e-03,2.145253730976084405e-01,8.837580680847167969e-04,9.635090827941894531e-04
9.720000000000000639e+00,-1.487238943118316531e-02,2.050091064030979682e-01,8.769035339355468750e-04,9.548366069793701172e-04
9.730000000000000426e+00,-2.244575318561245481e-02,1.950325852733841570e-01,8.698999881744384766e-04,9.462833404541015625e-04
9.740000000000000213e+00,-2.976285024754846825e-02,1.846001078193067468e-01,8.628666400909423828e-04,9.379982948303222656e-04
9.750000000000000000e+00,-3.681810375969035015e-02,1.737172730903536744e-01,8.557140827178955078e-04,9.295046329498291016e-04
9.759999999999999787e+00,-4.360686206320640856e-02,1.623910009474425209e-01,8.487701416015625000e-04,9.213984012603759766e-04
9.769999999999999574e+00,-5.012543509354609739e-02,1.506295530853971887e-01,8.418858051300048828e-04,9.130537509918212891e-04
9.779999999999999361e+00,-5.637113301084719502e-02,1.384425577558984488e-01,8.354783058166503906e-04,9.050071239471435547e-04
9.790000000000000924e+00,-6.234230485284690537e-02,1.258410351306257502e-01,8.288025856018066406e-04,8.969902992248535156e-04
9.800000000000000711e+00,-6.803837592956654690e-02,1.128374218305837340e-01,8.221566677093505859e-04,8.890330791473388672e-04
9.810000000000000497e+00,-7.345988524596244740e-02,9.944559755777712673e-02,8.156597614288330078e-04,8.810758590698242188e-04
9.820000000000000284e+00,-7.860851794535092529e-02,8.568090596196711872e-02,8.091628551483154297e-04,8.733272552490234375e-04
9.830000000000000071e+00,-8.348713453887737779e-02,7.156017392470316596e-02,8.026063442230224609e-04,8.654892444610595703e-04
9.839999999999999858e+00,-8.809979376660123651e-02,5.710172435653800005e-02,7.962286472320556641e-04,8.578002452850341797e-04
9.849999999999999645e+00,-9.245176704959669201e-02,4.232537973764035483e-02,7.897913455963134766e-04,8.501410484313964844e-04
9.859999999999999432e+00,-9.654954338852350659e-02,2.725245661652384022e-02,7.835924625396728516e-04,8.426308631896972656e-04
9.870000000000000995e+00,-1.004008233778349302e-01,1.190574704252636735e-02,7.773637771606445312e-04,8.350610733032226562e-04
9.880000000000000782e+00,-1.040145001730223562e-01,-3.690514302331339425e-03,7.712841033935546875e-04,8.276402950286865234e-04
9.890000000000000568e+00,-1.074006244683246014e-01,-1.951070041945460187e-02,7.652044296264648438e-04,8.203685283660888672e-04
9.900000000000000355e+00,-1.105703549145937853e-01,-3.552786126104728187e-02,7.590949535369873047e-04,8.130073547363281250e-04
9.910000000000000142e+00,-1.135358923129510117e-01,-5.171381026341183296e-02,7.531046867370605469e-04,8.057653903961181641e-04
9.919999999999999929e+00,-1.163103956918150189e-01,-6.803923376964067515e-02,7.470846176147460938e-04,7.985830307006835938e-04
9.929999999999999716e+00,-1.189078827494388507e-01,-8.447381902708051005e-02,7.411539554595947266e-04,7.915198802947998047e-04
9.939999999999999503e+00,-1.213431149758511518e-01,-1.009864009172616456e-01,7.354617118835449219e-04,7.844567298889160156e-04
9.950000000000001066e+00,-1.236314678217668439e-01,-1.175451272767708000e-01,7.295608520507812500e-04,7.774531841278076172e-04
9.960000000000000853e+00,-1.257887901683025222e-01,-1.341176375338833660e-01,7.238388061523437500e-04,7.705688476562500000e-04
9.970000000000000639e+00,-1.278312541126478685e-01,-1.506712536498292787e-01,7.181167602539062500e-04,7.637441158294677734e-04
9.980000000000000426e+00,-1.297751993087766509e-01,-1.671731781316652399e-01,7.124841213226318359e-04,7.568895816802978516e-04
9.990000000000000213e+00,-1.316369750439163600e-01,-1.835906952680878834e-01,7.067322731018066406e-04,7.501542568206787109e-04
1.000000000000000000e+01,-1.334327838511461528e-01,-1.998913708911229381e-01,7.010698318481445312e-04,7.434189319610595703e-04
1.000999999999999979e+01,-1.351785302416006751e-01,-2.160432462320749369e-01,6.958246231079101562e-04,7.367730140686035156e-04
1.001999999999999957e+01,-1.368896779885057924e-01,-2.320150216076821703e-01,6.901025772094726562e-04,7.302761077880859375e-04
1.002999999999999936e+01,-1.385811190010968474e-01,-2.477762261600251203e-01,6.848275661468505859e-04,7.237195968627929688e-04
1.004000000000000092e+01,-1.402670563019806360e-01,-2.632973705229720851e-01,6.796717643737792969e-04,7.172524929046630859e-04
1.005000000000000071e+01,-1.419609030127507165e-01,-2.785500800499812746e-01,6.741583347320556641e-04,7.108449935913085938e-04
1.006000000000000050e+01,-1.436751986176699747e-01,-2.935072070350172591e-01,6.687939167022705078e-04,7.045269012451171875e-04
1.007000000000000028e+01,-1.454215429344832278e-01,-3.081429214058388766e-01,6.637573242187500000e-04,6.982684135437011719e-04
1.008000000000000007e+01,-1.472105479240565784e-01,-3.224327797501854720e-01,6.583333015441894531e-04,6.919801235198974609e-04
1.008999999999999986e+01,-1.490518077243924988e-01,-3.363537722206030867e-01,6.529390811920166016e-04,6.857514381408691406e-04
1.009999999999999964e+01,-1.509538824234015197e-01,-3.498843529073021874e-01,6.477236747741699219e-04,6.795525550842285156e-04
1.010999999999999943e+01,-1.529242989385836138e-01,-3.630044494905451669e-01,6.428062915802001953e-04,6.735622882843017578e-04
1.012000000000000099e+01,-1.549695637852499808e-01,-3.756954586701694021e-01,6.379187107086181641e-04,6.674528121948242188e-04
1.013000000000000078e+01,-1.570951870160965935e-01,-3.879402282606599361e-01,6.328225135803222656e-04,6.614625453948974609e-04
1.014000000000000057e+01,-1.593057159375991794e-01,-3.997230276103922453e-01,6.279647350311279297e-04,6.555616855621337891e-04
1.015000000000000036e+01,-1.616047757617647407e-01,-4.110295098331602781e-01,6.230175495147705078e-04,6.496310234069824219e-04
1.016000000000000014e+01,-1.639951159716733775e-01,-4.218466673127435618e-01,6.178021430969238281e-04,6.437003612518310547e-04
1.016999999999999993e+01,-1.664786605660064367e-01,-4.321627826591906141e-01,6.132125854492187500e-04,6.379187107086181641e-04
1.017999999999999972e+01,-1.690565606096433027e-01,-4.419673769518184803e-01,6.084144115447998047e-04,6.321370601654052734e-04
1.018999999999999950e+01,-1.717292478404171541e-01,-4.512511567208405405e-01,6.039142608642578125e-04,6.264448165893554688e-04
1.020000000000000107e+01,-1.744964877717032625e-01,-4.600059615022622506e-01,5.989968776702880859e-04,6.207525730133056641e-04
1.021000000000000085e+01,-1.773574321223834738e-01,-4.682247119548517689e-01,5.943775177001953125e-04,6.151795387268066406e-04
1.022000000000000064e+01,-1.803106687326436752e-01,-4.759013608356479352e-01,5.897581577301025391e-04,6.096363067626953125e-04
1.023000000000000043e+01,-1.833542688792302588e-01,-4.830308466995483774e-01,5.848109722137451172e-04,6.040632724761962891e-04
1.024000000000000021e+01,-1.864858316175796449e-01,-4.896090507084088772e-01,5.804002285003662109e-04,5.986690521240234375e-04
1.025000000000000000e+01,-1.897025238697268301e-01,-4.956327580192437798e-01,5.759596824645996094e-04,5.932748317718505859e-04
1.025999999999999979e+01,-1.930011173098528932e-01,-5.010996223506637426e-01,5.711019039154052734e-04,5.877912044525146484e-04
1.026999999999999957e+01,-1.963780204083318270e-01,-5.060081356453239865e-01,5.668401718139648438e-04,5.824863910675048828e-04
1.027999999999999936e+01,-1.998293066026793630e-01,-5.103576015597313109e-01,5.622804164886474609e-04,5.770623683929443359e-04
1.029000000000000092e+01,-2.033507380810620491e-01,-5.141481133637282319e-01,5.579888820648193359e-04,5.718469619750976562e-04
1.030000000000000071e+01,-2.069377850698838339e-01,-5.173805362754897441e-01,5.537271499633789062e-04,5.666017532348632812e-04
1.031000000000000050e+01,-2.105856411902614356e-01,-5.200564935833210667e-01,5.493760108947753906e-04,5.614161491394042969e-04
1.032000000000000028e+01,-2.142892344134055549e-01,-5.221783570046729661e-01,5.450546741485595703e-04,5.562901496887207031e-04
1.033000000000000007e+01,-2.180432340889441323e-01,-5.237492407212416268e-01,5.407333374023437500e-04,5.511939525604248047e-04
1.033999999999999986e+01,-2.218420542367249004e-01,-5.247729988686163916e-01,5.366206169128417969e-04,5.462467670440673828e-04
1.034999999999999964e+01,-2.256798536099592078e-01,-5.252542259052900286e-01,5.322992801666259766e-04,5.411505699157714844e-04
1.035999999999999943e+01,-2.295505318484564738e-01,-5.251982605077251121e-01,5.283057689666748047e-04,5.362331867218017578e-04
1.037000000000000099e+01,-2.334477233129698126e-01,-5.246111913594464493e-01,5.239844322204589844e-04,5.311965942382812500e-04
1.038000000000000078e+01,-2.373647878454389071e-01,-5.234998654781534144e-01,5.196332931518554688e-04,5.262494087219238281e-04
1.039000000000000057e+01,-2.412947999795946041e-01,-5.218718975622950174e-01,5.157887935638427734e-04,5.214512348175048828e-04
1.040000000000000036e+01,-2.452305357001036412e-01,-5.197356811724558323e-01,5.117356777191162109e-04,5.165636539459228516e-04
1.041000000000000014e+01,-2.491644587442893577e-01,-5.171003996835731309e-01,5.078613758087158203e-04,5.118548870086669922e-04
1.041999999999999993e+01,-2.530887055045025757e-01,-5.139760378869799862e-01,5.037784576416015625e-04,5.070865154266357422e-04
1.042999999999999972e+01,-2.569950707564859771e-01,-5.103733918625426025e-01,5.001723766326904297e-04,5.024373531341552734e-04
1.043999999999999950e+01,-2.608749929807802626e-01,-5.063040784272934136e-01,4.959404468536376953e-04,4.977285861968994141e-04
1.045000000000000107e+01,-2.647195419904597724e-01,-5.017805411211342381e-01,4.920363426208496094e-04,4.930496215820312500e-04
1.046000000000000085e+01,-2.685194074956853139e-01,-4.968160542612672370e-01,4.880428314208984375e-04,4.885792732238769531e-04
1.047000000000000064e+01,-2.722648914292246092e-01,-4.914247218436130771e-01,4.844069480895996094e-04,4.839301109313964844e-04
1.048000000000000043e+01,-2.759459026704770834e-01,-4.856214728742948572e-01,4.805326461791992188e-04,4.794299602508544922e-04
1.049000000000000021e+01,-2.795519569032329232e-01,-4.794220499979448546e-01,4.767179489135742188e-04,4.749298095703125000e-04
1.050000000000000000e+01,-2.830721804394279451e-01,-4.728429927801740540e-01,4.729926586151123047e-04,4.704296588897705078e-04
1.050999999999999979e+01,-2.864953198283351488e-01,-4.659016135944697434e-01,4.692375659942626953e-04,4.659295082092285156e-04
1.051999999999999957e+01,-2.898097575448640995e-01,-4.586159658208275314e-01,4.656016826629638672e-04,4.615187644958496094e-04
1.052999999999999936e+01,-2.930035337418601116e-01,-4.510048044491578034e-01,4.619061946868896484e-04,4.572272300720214844e-04
1.054000000000000092e+01,-2.960643747824672212e-01,-4.430875383228512487e-01,4.584491252899169922e-04,4.529058933258056641e-04
1.055000000000000071e+01,-2.989797284242603492e-01,-4.348841742889805739e-01,4.547536373138427734e-04,4.486143589019775391e-04
1.056000000000000050e+01,-3.017368056807225307e-01,-4.264152533415203616e-01,4.508495330810546875e-04,4.443526268005371094e-04
1.057000000000000028e+01,-3.043226290995442729e-01,-4.177017792137208696e-01,4.474818706512451172e-04,4.401504993438720703e-04
1.058000000000000007e+01,-3.067240869329815878e-01,-4.087651401599589618e-01,4.438757896423339844e-04,4.359185695648193359e-04
1.058999999999999986e+01,-3.089279928913596929e-01,-3.996270243939686884e-01,4.405379295349121094e-04,4.316866397857666016e-04
1.059999999999999964e+01,-3.109211500590577382e-01,-3.903093312535198534e-01,4.369914531707763672e-04,4.275441169738769531e-04
1.060999999999999943e+01,-3.126904187005425939e-01,-3.808340781603614111e-01,4.333257675170898438e-04,4.234313964843750000e-04
1.062000000000000099e+01,-3.142227866211553811e-01,-3.712233054785136765e-01,4.301071166992187500e-04,4.193186759948730469e-04
1.063000000000000078e+01,-3.155054409457483944e-01,-3.614989804748876545e-01,4.265606403350830078e-04,4.153549671173095703e-04
1.064000000000000057e+01,-3.165258402531937465e-01,-3.516829019158899672e-01,4.233121871948242188e-04,4.113614559173583984e-04
1.065000000000000036e+01,-3.172717858018737069e-01,-3.417966067581102996e-01,4.198253154754638672e-04,4.072785377502441406e-04
1.066000000000000014e+01,-3.177314909702996792e-01,-3.318612800097286986e-01,4.167556762695312500e-04,4.034340381622314453e-04
1.066999999999999993e+01,-3.178936477662154814e-01,-3.218976691801549439e-01,4.133880138397216797e-04,3.994703292846679688e-04
1.067999999999999972e+01,-3.177474895268107002e-01,-3.119260042558029689e-01,4.101693630218505859e-04,3.955066204071044922e-04
1.068999999999999950e+01,-3.172828493667065319e-01,-3.019659236272730363e-01,4.068017005920410156e-04,3.915727138519287109e-04
1.070000000000000107e+01,-3.164902134813019630e-01,-2.920364069863095602e-01,4.035234451293945312e-04,3.877878189086914062e-04
1.071000000000000085e+01,-3.153607690184488388e-01,-2.821557153376201832e-01,4.004836082458496094e-04,3.840327262878417969e-04
1.072000000000000064e+01,-3.138864468109823780e-01,-2.723413375167811901e-01,3.972053527832031250e-04,3.803372383117675781e-04
1.073000000000000043e+01,-3.120599580760679559e-01,-2.626099442246130344e-01,3.938674926757812500e-04,3.764927387237548828e-04
1.074000000000000021e+01,-3.098748263386174040e-01,-2.529773477375354962e-01,3.911256790161132812e-04,3.727972507476806641e-04
1.075000000000000000e+01,-3.073254133119674991e-01,-2.434584687325540564e-01,3.877878189086914062e-04,3.690719604492187500e-04
1.075999999999999979e+01,-3.044069410751713556e-01,-2.340673070122099297e-01,3.848373889923095703e-04,3.653764724731445312e-04
1.076999999999999957e+01,-3.011155088298402283e-01,-2.248169182226553986e-01,3.815591335296630859e-04,3.616809844970703125e-04
1.077999999999999936e+01,-2.974481066960216191e-01,-2.157193932495314048e-01,3.784000873565673828e-04,3.581643104553222656e-04
1.079000000000000092e+01,-2.934026255642335212e-01,-2.067858414410063683e-01,3.757476806640625000e-04,3.545880317687988281e-04
1.080000000000000071e+01,-2.889778644643875571e-01,-1.980263756733127156e-01,3.726184368133544922e-04,3.509819507598876953e-04
1.081000000000000050e+01,-2.841735355123238826e-01,-1.894500992517208771e-01,3.695189952850341797e-04,3.474056720733642578e-04
1.082000000000000028e+01,-2.789902670566226095e-01,-1.810650936014740753e-01,3.666579723358154297e-04,3.437995910644531250e-04
1.083000000000000007e+01,-2.734296053497817236e-01,-1.728784066936088215e-01,3.635883331298828125e-04,3.404319286346435547e-04
1.083999999999999986e+01,-2.674940152391058201e-01,-1.648960412234497797e-01,3.606081008911132812e-04,3.369152545928955078e-04
1.084999999999999964e+01,-2.611868799854165091e-01,-1.571229428599080213e-01,3.575086593627929688e-04,3.334581851959228516e-04
1.085999999999999943e+01,-2.545125006554947444e-01,-1.495629877774344862e-01,3.548860549926757812e-04,3.300309181213378906e-04
1.087000000000000099e+01,-2.474760946919286886e-01,-1.422189705893351641e-01,3.519356250762939453e-04,3.265738487243652344e-04
1.088000000000000078e+01,-2.400837944804620205e-01,-1.350925911692632264e-01,3.490447998046875000e-04,3.233253955841064453e-04
1.089000000000000057e+01,-2.323426449036691821e-01,-1.281844425097863338e-01,3.464818000793457031e-04,3.198981285095214844e-04
1.090000000000000036e+01,-2.242606006550895703e-01,-1.214939983593022327e-01,3.434121608734130859e-04,3.165602684020996094e-04
1.091000000000000014e+01,-2.158465222719951060e-01,-1.150196025866306454e-01,3.409385681152343750e-04,3.133118152618408203e-04
1.091999999999999993e+01,-2.071101711277651136e-01,-1.087584599253166862e-01,3.381669521331787109e-04,3.100335597991943359e-04
1.092999999999999972e+01,-1.980622026074053410e-01,-1.027066296064773482e-01,3.351271152496337891e-04,3.068149089813232422e-04
1.093999999999999950e+01,-1.887141572637401898e-01,-9.685902224020924434e-02,3.324449062347412109e-04,3.035366535186767578e-04
1.095000000000000107e+01,-1.790784493257961685e-01,-9.120940115280376514e-02,3.297626972198486328e-04,3.002882003784179688e-04
1.096000000000000085e+01,-1.691683519456614881e-01,-8.575038913284434294e-02,3.269910812377929688e-04,2.970695495605468750e-04
1.097000000000000064e+01,-1.589979788051050780e-01,-8.047348143299809520e-02,3.243386745452880859e-04,2.939999103546142578e-04
1.098000000000000043e+01,-1.485822613780344581e-01,-7.536906600690815305e-02,3.219246864318847656e-04,2.908408641815185547e-04
1.099000000000000021e+01,-1.379369213502736613e-01,-7.042645206870110086e-02,3.191530704498291016e-04,2.875924110412597656e-04
1.100000000000000000e+01,-1.270784378559949301e-01,-6.563390724743001226e-02,3.165602684020996094e-04,2.845227718353271484e-04
1.100999999999999979e+01,-1.160240089199312263e-01,-6.097870453651366845e-02,3.138780593872070312e-04,2.815425395965576172e-04
1.101999999999999957e+01,-1.047915072421252702e-01,-5.644717883591964663e-02,3.111958503723144531e-04,2.784430980682373047e-04
1.102999999999999936e+01,-9.339942955237626188e-02,-5.202479404759666193e-02,3.087222576141357422e-04,2.753734588623046875e-04
1.104000000000000092e+01,-8.186684015983244911e-02,-4.769621995007381626e-02,3.062784671783447266e-04,2.724230289459228516e-04
1.105000000000000071e+01,-7.021330855885106470e-02,-4.344541894195368820e-02,3.038346767425537109e-04,2.693831920623779297e-04
1.106000000000000050e+01,-5.845884150889864989e-02,-3.925574190951711118e-02,3.012418746948242188e-04,2.664029598236083984e-04
1.107000000000000028e+01,-4.662381010643169843e-02,-3.511003241205101072e-02,2.987384796142578125e-04,2.634823322296142578e-04
1.108000000000000007e+01,-3.472887250410466864e-02,-3.099073804807225135e-02,2.959966659545898438e-04,2.605020999908447266e-04
1.108999999999999986e+01,-2.279489341497236907e-02,-2.688002713534356006e-02,2.936422824859619141e-04,2.576410770416259766e-04
1.109999999999999964e+01,-1.084286088009799032e-02,-2.275990992546384969e-02,2.912878990173339844e-04,2.546906471252441406e-04
1.110999999999999943e+01,1.106198979873410787e-03,-1.861236315002145342e-02,2.885162830352783203e-04,2.517998218536376953e-04
1.112000000000000099e+01,1.303130610990741942e-02,-1.441945277391681532e-02,2.864003181457519531e-04,2.489686012268066406e-04
1.113000000000000078e+01,2.491161090871288342e-02,-1.016345715825407725e-02,2.840459346771240234e-04,2.461671829223632812e-04
1.114000000000000057e+01,3.672647714139474356e-02,-5.826987856356390799e-03,2.816021442413330078e-04,2.433955669403076172e-04
1.115000000000000036e+01,4.845556097590455330e-02,-1.393103981626732943e-03,2.790391445159912109e-04,2.405941486358642578e-04
1.116000000000000014e+01,6.007888732446539648e-02,3.154577842300937754e-03,2.769827842712402344e-04,2.377927303314208984e-04
1.116999999999999993e+01,7.157692087457111219e-02,7.831782337651950476e-03,2.745091915130615234e-04,2.350807189941406250e-04
1.117999999999999972e+01,8.293063223437782683e-02,1.265348253117413307e-02,2.723336219787597656e-04,2.323389053344726562e-04
1.118999999999999950e+01,9.412155886267568883e-02,1.763381546343840631e-02,2.699196338653564453e-04,2.296268939971923828e-04
1.120000000000000107e+01,1.051318594291284908e-01,2.278600884838218044e-02,2.676546573638916016e-04,2.269148826599121094e-04
1.121000000000000085e+01,1.159443632067143626e-01,2.812231620419442663e-02,2.652108669281005859e-04,2.241730690002441406e-04
1.122000000000000064e+01,1.265426126135240359e-01,3.365396350250727392e-02,2.630650997161865234e-04,2.215504646301269531e-04
1.123000000000000043e+01,1.369109008836216224e-01,3.939110423242948855e-02,2.608895301818847656e-04,2.188980579376220703e-04
1.124000000000000021e+01,1.470343038847018724e-01,4.534278443867494762e-02,2.587437629699707031e-04,2.163052558898925781e-04
1.125000000000000000e+01,1.568987075371371109e-01,5.151691543003449753e-02,2.564787864685058594e-04,2.136826515197753906e-04
1.125999999999999979e+01,1.664908299135197112e-01,5.792025566859866637e-02,2.543330192565917969e-04,2.110302448272705078e-04
1.126999999999999957e+01,1.757982404790982001e-01,6.455839776704203059e-02,2.520084381103515625e-04,2.083778381347656250e-04
1.127999999999999936e+01,1.848093751941043972e-01,7.143576267117687784e-02,2.496838569641113281e-04,2.059042453765869141e-04
1.129000000000000092e+01,1.935135492095222398e-01,7.855559813464768615e-02,2.476274967193603516e-04,2.033710479736328125e-04
1.130000000000000071e+01,2.019009670905766163e-01,8.591998148455599893e-02,2.452433109283447266e-04,2.007782459259033203e-04
1.131000000000000050e+01,2.099627312826533310e-01,9.352982541831364460e-02,2.432465553283691406e-04,1.982748508453369141e-04
1.132000000000000028e+01,2.176908491147288571e-01,1.013848862089154618e-01,2.413094043731689453e-04,1.958608627319335938e-04
1.133000000000000007e+01,2.250782387794381390e-01,1.094837734338524743e-01,2.390742301940917969e-04,1.933574676513671875e-04
1.133999999999999986e+01,2.321187344998725532e-01,1.178239607157046398e-01,2.370476722717285156e-04,1.908838748931884766e-04
1.134999999999999964e+01,2.388070910509478284e-01,1.264017970095375476e-01,2.350211143493652344e-04,1.884400844573974609e-04
1.135999999999999943e+01,2.451389877798433869e-01,1.352125179817494638e-01,2.328753471374511719e-04,1.860558986663818359e-04
1.137000000000000099e+01,2.511110320578240906e-01,1.442502573722058146e-01,2.311766147613525391e-04,1.835525035858154297e-04
1.138000000000000078e+01,2.567207621005542784e-01,1.535080582294236218e-01,2.288818359375000000e-04,1.811981201171875000e-04
1.139000000000000057e+01,2.619666489573079793e-01,1.629778840952577079e-01,2.269744873046875000e-04,1.788437366485595703e-04
1.140000000000000036e+01,2.668480971788336209e-01,1.726506305685948095e-01,2.249777317047119141e-04,1.763701438903808594e-04
1.141000000000000014e+01,2.713654446574770285e-01,1.825161368576359022e-01,2.228617668151855469e-04,1.740753650665283203e-04
1.141999999999999993e+01,2.755199603611773185e-01,1.925631985395347967e-01,2.207458019256591797e-04,1.717507839202880859e-04
1.142999999999999972e+01,2.793138381764035949e-01,2.027795831468548748e-01,2.188980579376220703e-04,1.694560050964355469e-04
1.143999999999999950e+01,2.827501910527425721e-01,2.131520447289146081e-01,2.169609069824218750e-04,1.671612262725830078e-04
1.145000000000000107e+01,2.858330376468385947e-01,2.236663472329006586e-01,2.149641513824462891e-04,1.648366451263427734e-04
1.146000000000000085e+01,2.885672880872505730e-01,2.343072855537013943e-01,2.131164073944091797e-04,1.626014709472656250e-04
1.147000000000000064e+01,2.909587237892685141e-01,2.450587153668695728e-01,2.112984657287597656e-04,1.603960990905761719e-04
1.148000000000000043e+01,2.930139722694355964e-01,2.559035875943841409e-01,2.093911170959472656e-04,1.580119132995605469e-04
1.149000000000000021e+01,2.947404767937643610e-01,2.668239871030584354e-01,2.071857452392578125e-04,1.558363437652587891e-04
1.150000000000000000e+01,2.961464597350149663e-01,2.778011798801648946e-01,2.054572105407714844e-04,1.536309719085693359e-04
1.150999999999999979e+01,2.972408796342267401e-01,2.888156687094270425e-01,2.034306526184082031e-04,1.514554023742675781e-04
1.151999999999999957e+01,2.980333823550360139e-01,2.998472544659918637e-01,2.014935016632080078e-04,1.491606235504150391e-04
1.152999999999999936e+01,2.985342475311278387e-01,3.108751035471981061e-01,1.997351646423339844e-04,1.469850540161132812e-04
1.154000000000000092e+01,2.987543273405895428e-01,3.218778257768016848e-01,1.979172229766845703e-04,1.449286937713623047e-04
1.155000000000000071e+01,2.987049808851852672e-01,3.328335579884557638e-01,1.960992813110351562e-04,1.426935195922851562e-04
1.156000000000000050e+01,2.983980049316599104e-01,3.437200523500947291e-01,1.944899559020996094e-04,1.406371593475341797e-04
1.157000000000000028e+01,2.978455604975513427e-01,3.545147708017372112e-01,1.925826072692871094e-04,1.384317874908447266e-04
1.158000000000000007e+01,2.970600970139286590e-01,3.651949832825499564e-01,1.908242702484130859e-04,1.364052295684814453e-04
1.158999999999999986e+01,2.960542746984127227e-01,3.757378690658778053e-01,1.890063285827636719e-04,1.342594623565673828e-04
1.159999999999999964e+01,2.948408883225160371e-01,3.861206169686150491e-01,1.873075962066650391e-04,1.322031021118164062e-04
1.160999999999999943e+01,2.934327904629175920e-01,3.963205274217285745e-01,1.854896545410156250e-04,1.301467418670654297e-04
1.162000000000000099e+01,2.918428185600872027e-01,4.063151102873276410e-01,1.835227012634277344e-04,1.280307769775390625e-04
1.163000000000000078e+01,2.900837245036617107e-01,4.160821806498137820e-01,1.817941665649414062e-04,1.260042190551757812e-04
1.164000000000000057e+01,2.881681098135894237e-01,4.255999481490770897e-01,1.801252365112304688e-04,1.239478588104248047e-04
1.165000000000000036e+01,2.861083659910333421e-01,4.348471006159411179e-01,1.782774925231933594e-04,1.218616962432861328e-04
1.166000000000000014e+01,2.839166213837928665e-01,4.438028801513443922e-01,1.766681671142578125e-04,1.200437545776367188e-04
1.166999999999999993e+01,2.816046950032740637e-01,4.524471510129132734e-01,1.751482486724853516e-04,1.180171966552734375e-04
1.167999999999999972e+01,2.791840575575350591e-01,4.607604588957074365e-01,1.734793186187744141e-04,1.159608364105224609e-04
1.168999999999999950e+01,2.766657999303248627e-01,4.687240811990888156e-01,1.716315746307373047e-04,1.139938831329345703e-04
1.170000000000000107e+01,2.740606089371119825e-01,4.763200685202043094e-01,1.701414585113525391e-04,1.121461391448974609e-04
1.171000000000000085e+01,2.713787502793938988e-01,4.835312771044744107e-01,1.685917377471923828e-04,1.101195812225341797e-04
1.172000000000000064e+01,2.686300586659689515e-01,4.903413924735237073e-01,1.669228076934814453e-04,1.081526279449462891e-04
1.173000000000000043e+01,2.658239325773290584e-01,4.967349472610736449e-01,1.652240753173828125e-04,1.062452793121337891e-04
1.174000000000000021e+01,2.629693365298758634e-01,5.026973294022973882e-01,1.638829708099365234e-04,1.043379306793212891e-04
1.175000000000000000e+01,2.600748066459203645e-01,5.082147861572691161e-01,1.620054244995117188e-04,1.024603843688964844e-04
1.175999999999999979e+01,2.571484613201741598e-01,5.132744213185637117e-01,1.604259014129638672e-04,1.006424427032470703e-04
1.176999999999999957e+01,2.541980145659097912e-01,5.178641888107053948e-01,1.588463783264160156e-04,9.867548942565917969e-05
1.177999999999999936e+01,2.512307922270684557e-01,5.219728822311311411e-01,1.571476459503173828e-04,9.682774543762207031e-05
1.179000000000000092e+01,2.482537498637087392e-01,5.255901218084628734e-01,1.555681228637695312e-04,9.495019912719726562e-05
1.180000000000000071e+01,2.452734916938355270e-01,5.287063394861353238e-01,1.541674137115478516e-04,9.304285049438476562e-05
1.181000000000000050e+01,2.422962899214427535e-01,5.313127628616015619e-01,1.525282859802246094e-04,9.125471115112304688e-05
1.182000000000000028e+01,2.393281038427356455e-01,5.334013987109215149e-01,1.510381698608398438e-04,8.940696716308593750e-05
1.183000000000000007e+01,2.363745981160107756e-01,5.349650167928706734e-01,1.493394374847412109e-04,8.764863014221191406e-05
1.183999999999999986e+01,2.334411594736422735e-01,5.359971347633707417e-01,1.476109027862548828e-04,8.580088615417480469e-05
1.184999999999999964e+01,2.305329119698549534e-01,5.364920040556717673e-01,1.460313796997070312e-04,8.401274681091308594e-05
1.185999999999999943e+01,2.276547296034176215e-01,5.364445980868398633e-01,1.447498798370361328e-04,8.222460746765136719e-05
1.187000000000000099e+01,2.248112466045179836e-01,5.358506024249527488e-01,1.432895660400390625e-04,8.052587509155273438e-05
1.188000000000000078e+01,2.220068644835854477e-01,5.347064079539243231e-01,1.415610313415527344e-04,7.873773574829101562e-05
1.189000000000000057e+01,2.192457561341056294e-01,5.330091067034297136e-01,1.401603221893310547e-04,7.697939872741699219e-05
1.190000000000000036e+01,2.165318661366585351e-01,5.307564912993800732e-01,1.385211944580078125e-04,7.519125938415527344e-05
1.191000000000000014e+01,2.138689077263949134e-01,5.279470575467692939e-01,1.371204853057861328e-04,7.340312004089355469e-05
1.191999999999999993e+01,2.112603555580258585e-01,5.245800110918710235e-01,1.357793807983398438e-04,7.176399230957031250e-05
1.192999999999999972e+01,2.087094348316549386e-01,5.206552776101160962e-01,1.342296600341796875e-04,7.006525993347167969e-05
1.193999999999999950e+01,2.062191059911414603e-01,5.161735173486992068e-01,1.329481601715087891e-04,6.851553916931152344e-05
1.195000000000000107e+01,2.037920456951049786e-01,5.111361433697719781e-01,1.313686370849609375e-04,6.681680679321289062e-05
1.196000000000000085e+01,2.014306232334299729e-01,5.055453443416790815e-01,1.298189163208007812e-04,6.511807441711425781e-05
1.197000000000000064e+01,1.991368733302657512e-01,4.994041109967639613e-01,1.284778118133544922e-04,6.344914436340332031e-05
1.198000000000000043e+01,1.969124644082058950e-01,4.927162671974715802e-01,1.269876956939697266e-04,6.169080734252929688e-05
1.199000000000000021e+01,1.947586637059627868e-01,4.854865042471688819e-01,1.256465911865234375e-04,6.011128425598144531e-05
1.200000000000000000e+01,1.926762983935520201e-01,4.777204193176792790e-01,1.241862773895263672e-04,5.847215652465820312e-05
1.200999999999999979e+01,1.906657134907887019e-01,4.694245572134529976e-01,1.229941844940185547e-04,5.686283111572265625e-05
1.201999999999999957e+01,1.887267273036880300e-01,4.606064547196822567e-01,1.213848590850830078e-04,5.525350570678710938e-05
1.203000000000000114e+01,1.868585844471450930e-01,4.512746874394898411e-01,1.201927661895751953e-04,5.367398262023925781e-05
1.204000000000000092e+01,1.850599074935642685e-01,4.414389180204446039e-01,1.187622547149658203e-04,5.206465721130371094e-05
1.205000000000000071e+01,1.833286480144166453e-01,4.311099448902369624e-01,1.175105571746826172e-04,5.045533180236816406e-05
1.206000000000000050e+01,1.816620379484222836e-01,4.202997504478296897e-01,1.160502433776855469e-04,4.887580871582031250e-05
1.207000000000000028e+01,1.800565418256448169e-01,4.090215480905051715e-01,1.148581504821777344e-04,4.729628562927246094e-05
1.208000000000000007e+01,1.785078135347688832e-01,3.972898238619021472e-01,1.133978366851806641e-04,4.574656486511230469e-05
1.208999999999999986e+01,1.770106553458686005e-01,3.851203751971079003e-01,1.120567321777343750e-04,4.428625106811523438e-05
1.209999999999999964e+01,1.755589842670262912e-01,3.725303409711326341e-01,1.107752323150634766e-04,4.270672798156738281e-05
1.210999999999999943e+01,1.741458047756313243e-01,3.595382237507914192e-01,1.095533370971679688e-04,4.115700721740722656e-05
1.212000000000000099e+01,1.727631912155018767e-01,3.461639005141028402e-01,1.080930233001708984e-04,3.960728645324707031e-05
1.213000000000000078e+01,1.714022811457876494e-01,3.324286200415087489e-01,1.068115234375000000e-04,3.814697265625000000e-05
1.214000000000000057e+01,1.700532806767969529e-01,3.183549858752197648e-01,1.055300235748291016e-04,3.653764724731445312e-05
1.215000000000000036e+01,1.687054839991582456e-01,3.039669219999925898e-01,1.041889190673828125e-04,3.510713577270507812e-05
1.216000000000000014e+01,1.673473073241796283e-01,2.892896210647580846e-01,1.028478145599365234e-04,3.355741500854492188e-05
1.216999999999999993e+01,1.659663392206511823e-01,2.743494726559571051e-01,1.017153263092041016e-04,3.212690353393554688e-05
1.217999999999999972e+01,1.645494058976642859e-01,2.591739734123156835e-01,1.003742218017578125e-04,3.063678741455078125e-05
1.218999999999999950e+01,1.630826537248892816e-01,2.437916161813404869e-01,9.909272193908691406e-05,2.917647361755371094e-05
1.220000000000000107e+01,1.615516454631457932e-01,2.282317625634674718e-01,9.796023368835449219e-05,2.780556678771972656e-05
1.221000000000000085e+01,1.599414712855191101e-01,2.125244975610825759e-01,9.679794311523437500e-05,2.631545066833496094e-05
1.222000000000000064e+01,1.582368717720747386e-01,1.967004698167493792e-01,9.554624557495117188e-05,2.485513687133789062e-05
1.223000000000000043e+01,1.564223693870394893e-01,1.807907218248104575e-01,9.429454803466796875e-05,2.339482307434082031e-05
1.224000000000000021e+01,1.544824092370064572e-01,1.648265091114042014e-01,9.289383888244628906e-05,2.202391624450683594e-05
1.225000000000000000e+01,1.524014998537487897e-01,1.488391198994610254e-01,9.182095527648925781e-05,2.059340476989746094e-05
1.225999999999999979e+01,1.501643593151086031e-01,1.328596886257512322e-01,9.074807167053222656e-05,1.913309097290039062e-05
1.226999999999999957e+01,1.477560549535839041e-01,1.169190178698505805e-01,8.949637413024902344e-05,1.776218414306640625e-05
1.228000000000000114e+01,1.451621395789466085e-01,1.010474049800497570e-01,8.815526962280273438e-05,1.636147499084472656e-05
1.229000000000000092e+01,1.423687785535995842e-01,8.527448031127099481e-02,8.696317672729492188e-05,1.502037048339843750e-05
1.230000000000000071e+01,1.393628663434868242e-01,6.962905863523513594e-02,8.583068847656250000e-05,1.356005668640136719e-05
1.231000000000000050e+01,1.361321310386175154e-01,5.413900546476111547e-02,8.469820022583007812e-05,1.224875450134277344e-05
1.232000000000000028e+01,1.326652241207089689e-01,3.883112136245123192e-02,8.356571197509765625e-05,1.090764999389648438e-05
1.233000000000000007e+01,1.289517964035139519e-01,2.373104294700764672e-02,8.225440979003906250e-05,9.655952453613281250e-06
1.233999999999999986e+01,1.249825590561928629e-01,8.863161715969243570e-03,8.112192153930664062e-05,8.255243301391601562e-06
1.234999999999999964e+01,1.207493299396483755e-01,-5.749439858811483152e-03,7.995963096618652344e-05,6.824731826782226562e-06
1.235999999999999943e+01,1.162450663265706535e-01,-2.008503653784351334e-02,7.879734039306640625e-05,5.453824996948242188e-06
1.237000000000000099e+01,1.114638848305442020e-01,-3.412329393669027294e-02,7.772445678710937500e-05,4.172325134277343750e-06
1.238000000000000078e+01,1.064010696890904939e-01,-4.784528921458809647e-02,7.671117782592773438e-05,2.920627593994140625e-06
1.239000000000000057e+01,1.010530711219242705e-01,-6.123352107841489173e-02,7.537007331848144531e-05,1.639127731323242188e-06
1.240000000000000036e+01,9.541749506508342971e-02,-7.427191073905332896e-02,7.426738739013671875e-05,2.980232238769531250e-07
1.241000000000000014e+01,8.949308600352171017e-02,-8.694579599648710744e-02,7.334351539611816406e-05,-9.834766387939453125e-07
1.241999999999999993e+01,8.327970402721265875e-02,-9.924191986420111133e-02,7.224082946777343750e-05,-2.294778823852539062e-06
1.242999999999999972e+01,7.677829872855918003e-02,-1.111484167588445149e-01,7.101893424987792969e-05,-3.606081008911132812e-06
1.243999999999999950e+01,6.999087909557634435e-02,-1.226547952070904390e-01,6.982684135437011719e-05,-4.857778549194335938e-06
1.245000000000000107e+01,6.292048234992311806e-02,-1.337519205669447375e-01,6.869435310363769531e-05,-6.169080734252929688e-06
1.246000000000000085e+01,5.557114276032221883e-02,-1.444319986210316487e-01,6.783008575439453125e-05,-7.390975952148437500e-06
1.247000000000000064e+01,4.794785953335887335e-02,-1.546885589826634544e-01,6.669759750366210938e-05,-8.583068847656250000e-06
1.248000000000000043e+01,4.005656624887749678e-02,-1.645164409549875750e-01,6.562471389770507812e-05,-9.834766387939453125e-06
1.249000000000000021e+01,3.190410188111911238e-02,-1.739117814233234471e-01,6.449222564697265625e-05,-1.108646392822265625e-05
1.250000000000000000e+01,2.349818305824038708e-02,-1.828720043039565590e-01,6.330013275146484375e-05,-1.236796379089355469e-05
1.250999999999999979e+01,1.484737780378251118e-02,-1.913958121242257115e-01,6.252527236938476562e-05,-1.350045204162597656e-05
1.251999999999999957e+01,5.961082014916066138e-03,-1.994831794348217446e-01,6.151199340820312500e-05,-1.472234725952148438e-05
1.253000000000000114e+01,-3.150500378180088462e-03,-2.071353493869434736e-01,6.046891212463378906e-05,-1.591444015502929688e-05
1.254000000000000092e+01,-1.247637816857425849e-02,-2.143548293382354919e-01,5.927681922912597656e-05,-1.722574234008789062e-05
1.255000000000000071e+01,-2.200479530848960946e-02,-2.211453821712894563e-01,5.823373794555664062e-05,-1.835823059082031250e-05
1.256000000000000050e+01,-3.172324498450410091e-02,-2.275120257350099762e-01,5.722045898437500000e-05,-1.960992813110351562e-05
1.257000000000000028e+01,-4.161848546133776333e-02,-2.334610283395107677e-01,5.617737770080566406e-05,-2.077221870422363281e-05
1.258000000000000007e+01,-5.167656071838108711e-02,-2.389998958230754866e-01,5.510449409484863281e-05,-2.193450927734375000e-05
1.258999999999999986e+01,-6.188281835668147518e-02,-2.441373594056831520e-01,5.424022674560546875e-05,-2.315640449523925781e-05
1.259999999999999964e+01,-7.222192717522969707e-02,-2.488833615832335144e-01,5.316734313964843750e-05,-2.431869506835937500e-05
1.260999999999999943e+01,-8.267789981743414729e-02,-2.532490324503776646e-01,5.215406417846679688e-05,-2.548098564147949219e-05
1.262000000000000099e+01,-9.323411882427704023e-02,-2.572466588584852998e-01,5.117058753967285156e-05,-2.667307853698730469e-05
1.263000000000000078e+01,-1.038733640754250648e-01,-2.608896490674322277e-01,5.021691322326660156e-05,-2.774596214294433594e-05
1.264000000000000057e+01,-1.145778454975938943e-01,-2.641924878339057536e-01,4.914402961730957031e-05,-2.893805503845214844e-05
1.265000000000000036e+01,-1.253292413313428499e-01,-2.671706814330725432e-01,4.824995994567871094e-05,-3.004074096679687500e-05
1.266000000000000014e+01,-1.361087414858827838e-01,-2.698406935081033020e-01,4.717707633972167969e-05,-3.120303153991699219e-05
1.266999999999999993e+01,-1.468970957760886153e-01,-2.722198725098807226e-01,4.625320434570312500e-05,-3.227591514587402344e-05
1.267999999999999972e+01,-1.576746691571375147e-01,-2.743263675019607106e-01,4.529953002929687500e-05,-3.337860107421875000e-05
1.268999999999999950e+01,-1.684215021163731896e-01,-2.761790357134626395e-01,4.422664642333984375e-05,-3.463029861450195312e-05
1.270000000000000107e+01,-1.791173770446334856e-01,-2.777973405177637245e-01,4.330277442932128906e-05,-3.555417060852050781e-05
1.271000000000000085e+01,-1.897418893216477609e-01,-2.792012422681883765e-01,4.237890243530273438e-05,-3.662705421447753906e-05
1.272000000000000064e+01,-2.002745231884530963e-01,-2.804110819271922184e-01,4.142522811889648438e-05,-3.775954246520996094e-05
1.273000000000000043e+01,-2.106947315528703568e-01,-2.814474591420781380e-01,4.050135612487792969e-05,-3.877282142639160156e-05
1.274000000000000021e+01,-2.209820174594726294e-01,-2.823311081962048275e-01,3.957748413085937500e-05,-3.999471664428710938e-05
1.275000000000000000e+01,-2.311160180076470838e-01,-2.830827709836062911e-01,3.877282142639160156e-05,-4.100799560546875000e-05
1.275999999999999979e+01,-2.410765885480258275e-01,-2.837230703336610649e-01,3.781914710998535156e-05,-4.208087921142578125e-05
1.276999999999999957e+01,-2.508438851259208180e-01,-2.842723867995153864e-01,3.692507743835449219e-05,-4.318356513977050781e-05
1.278000000000000114e+01,-2.603984455480835014e-01,-2.847507384822156595e-01,3.603100776672363281e-05,-4.428625106811523438e-05
1.279000000000000092e+01,-2.697212665871296933e-01,-2.851776676331185811e-01,3.522634506225585938e-05,-4.523992538452148438e-05
1.280000000000000071e+01,-2.787938770182785686e-01,-2.855721344899600500e-01,3.427267074584960938e-05,-4.634261131286621094e-05
1.281000000000000050e+01,-2.875984052586344486e-01,-2.859524202007995841e-01,3.325939178466796875e-05,-4.741549491882324219e-05
1.282000000000000028e+01,-2.961176409423370015e-01,-2.863360397821553271e-01,3.272294998168945312e-05,-4.845857620239257812e-05
1.283000000000000007e+01,-3.043350903014616637e-01,-2.867396652729723439e-01,3.167986869812011719e-05,-4.950165748596191406e-05
1.283999999999999986e+01,-3.122350239338859690e-01,-2.871790610838311220e-01,3.072619438171386719e-05,-5.057454109191894531e-05
1.284999999999999964e+01,-3.198025184610802096e-01,-2.876690292383272674e-01,2.968311309814453125e-05,-5.155801773071289062e-05
1.285999999999999943e+01,-3.270234909465021822e-01,-2.882233660962424393e-01,2.896785736083984375e-05,-5.254149436950683594e-05
1.287000000000000099e+01,-3.338847267311665368e-01,-2.888548294246330306e-01,2.810359001159667969e-05,-5.358457565307617188e-05
1.288000000000000078e+01,-3.403739013832117188e-01,-2.895751146640643259e-01,2.720952033996582031e-05,-5.450844764709472656e-05
1.289000000000000057e+01,-3.464795968630774992e-01,-2.903948401525341394e-01,2.631545066833496094e-05,-5.549192428588867188e-05
1.290000000000000036e+01,-3.521913127747312577e-01,-2.913235398188972480e-01,2.548098564147949219e-05,-5.656480789184570312e-05
1.291000000000000014e+01,-3.574994736331771894e-01,-2.923696618061462082e-01,2.461671829223632812e-05,-5.748867988586425781e-05
1.291999999999999993e+01,-3.623954324276195127e-01,-2.935405725493617224e-01,2.387166023254394531e-05,-5.847215652465820312e-05
1.292999999999999972e+01,-3.668714708473349573e-01,-2.948425656862823652e-01,2.294778823852539062e-05,-5.948543548583984375e-05
1.293999999999999950e+01,-3.709207989896131097e-01,-2.962808710778397914e-01,2.217292785644531250e-05,-6.046891212463378906e-05
1.295000000000000107e+01,-3.745375519008449228e-01,-2.978596683901445497e-01,2.110004425048828125e-05,-6.145238876342773438e-05
1.296000000000000085e+01,-3.777167862488861050e-01,-2.995820996990385954e-01,2.041459083557128906e-05,-6.231665611267089844e-05
1.297000000000000064e+01,-3.804544767668407435e-01,-3.014502816976911137e-01,1.952052116394042969e-05,-6.335973739624023438e-05
1.298000000000000043e+01,-3.827475120393695751e-01,-3.034653182341215949e-01,1.862645149230957031e-05,-6.437301635742187500e-05
1.299000000000000021e+01,-3.845936917254593190e-01,-3.056273096255012756e-01,1.770257949829101562e-05,-6.532669067382812500e-05
1.300000000000000000e+01,-3.859917237667421230e-01,-3.079353611607425489e-01,1.692771911621093750e-05,-6.625056266784667969e-05
1.300999999999999979e+01,-3.869412226720103654e-01,-3.103875889554377765e-01,1.603364944458007812e-05,-6.723403930664062500e-05
1.301999999999999957e+01,-3.874427088748939041e-01,-3.129811230518711462e-01,1.534819602966308594e-05,-6.800889968872070312e-05
1.303000000000000114e+01,-3.874976085463920361e-01,-3.157121088690573729e-01,1.436471939086914062e-05,-6.905198097229003906e-05
1.304000000000000092e+01,-3.871082543326141434e-01,-3.185757060106929051e-01,1.376867294311523438e-05,-6.991624832153320312e-05
1.305000000000000071e+01,-3.862778862177997929e-01,-3.215660859419536832e-01,1.269578933715820312e-05,-7.084012031555175781e-05
1.306000000000000050e+01,-3.850106526536032914e-01,-3.246764279939005626e-01,1.215934753417968750e-05,-7.188320159912109375e-05
1.307000000000000028e+01,-3.833116110700790502e-01,-3.278989152939107421e-01,1.129508018493652344e-05,-7.271766662597656250e-05
1.308000000000000007e+01,-3.811867275144252276e-01,-3.312247309543701057e-01,1.066923141479492188e-05,-7.361173629760742188e-05
1.308999999999999986e+01,-3.786428745849632627e-01,-3.346440557801440563e-01,9.775161743164062500e-06,-7.462501525878906250e-05
1.309999999999999964e+01,-3.756878276709615383e-01,-3.381460678096386285e-01,9.179115295410156250e-06,-7.545948028564453125e-05
1.310999999999999943e+01,-3.723302575674201087e-01,-3.417189460929555556e-01,8.285045623779296875e-06,-7.635354995727539062e-05
1.312000000000000099e+01,-3.685797200209272040e-01,-3.453498785008257133e-01,7.539987564086914062e-06,-7.724761962890625000e-05
1.313000000000000078e+01,-3.644466411276809370e-01,-3.490250754344942363e-01,6.616115570068359375e-06,-7.811188697814941406e-05
1.314000000000000057e+01,-3.599422978148729135e-01,-3.527297900591351842e-01,5.811452865600585938e-06,-7.900595664978027344e-05
1.315000000000000036e+01,-3.550787930533532144e-01,-3.564483461950919141e-01,5.155801773071289062e-06,-7.987022399902343750e-05
1.316000000000000014e+01,-3.498690252428883762e-01,-3.601641747975971586e-01,4.559755325317382812e-06,-8.064508438110351562e-05
1.316999999999999993e+01,-3.443266515041159548e-01,-3.638598595952639569e-01,3.665685653686523438e-06,-8.147954940795898438e-05
1.317999999999999972e+01,-3.384660449649313785e-01,-3.675171918480656941e-01,2.890825271606445312e-06,-8.243322372436523438e-05
1.318999999999999950e+01,-3.323022457740212876e-01,-3.711172348602967408e-01,2.086162567138671875e-06,-8.329749107360839844e-05
1.320000000000000107e+01,-3.258509062014977586e-01,-3.746403979428978848e-01,1.460313796997070312e-06,-8.410215377807617188e-05
1.321000000000000085e+01,-3.191282304183817864e-01,-3.780665190457494496e-01,7.748603820800781250e-07,-8.499622344970703125e-05
1.322000000000000064e+01,-3.121509093097327159e-01,-3.813749556907637395e-01,1.192092895507812500e-07,-8.574128150939941406e-05
1.323000000000000043e+01,-3.049360514758512331e-01,-3.845446827455829553e-01,-7.152557373046875000e-07,-8.663535118103027344e-05
1.324000000000000021e+01,-2.975011113985001066e-01,-3.875543956258080125e-01,-1.400709152221679688e-06,-8.749961853027343750e-05
1.325000000000000000e+01,-2.898638123920879717e-01,-3.903826221118184003e-01,-2.115964889526367188e-06,-8.830428123474121094e-05
1.325999999999999979e+01,-2.820420760026258189e-01,-3.930078271618234753e-01,-2.890825271606445312e-06,-8.913874626159667969e-05
1.326999999999999957e+01,-2.740539468038206139e-01,-3.954085253044882786e-01,-3.427267074584960938e-06,-9.000301361083984375e-05
1.328000000000000114e+01,-2.659175154146426467e-01,-3.975633957452839873e-01,-4.202127456665039062e-06,-9.074807167053222656e-05
1.329000000000000092e+01,-2.576508515491326978e-01,-3.994513866196261476e-01,-4.947185516357421875e-06,-9.161233901977539062e-05
1.330000000000000071e+01,-2.492719369289333187e-01,-4.010518191469975013e-01,-5.692243576049804688e-06,-9.250640869140625000e-05
1.331000000000000050e+01,-2.407986019049087878e-01,-4.023444868847341205e-01,-6.377696990966796875e-06,-9.328126907348632812e-05
1.332000000000000028e+01,-2.322484685727831122e-01,-4.033097479629145776e-01,-7.092952728271484375e-06,-9.405612945556640625e-05
1.333000000000000007e+01,-2.236388994814101638e-01,-4.039286084643158858e-01,-7.778406143188476562e-06,-9.486079216003417969e-05
1.333999999999999986e+01,-2.149869519331912004e-01,-4.041827985312502203e-01,-8.374452590942382812e-06,-9.569525718688964844e-05
1.334999999999999964e+01,-2.063093376145011537e-01,-4.040548408481225429e-01,-9.179115295410156250e-06,-9.644031524658203125e-05
1.335999999999999943e+01,-1.976223891700749635e-01,-4.035281086578691445e-01,-9.864568710327148438e-06,-9.730458259582519531e-05
1.337000000000000099e+01,-1.889420314133286871e-01,-4.025868766647673347e-01,-1.055002212524414062e-05,-9.799003601074218750e-05
1.338000000000000078e+01,-1.802837578557257847e-01,-4.012163633963665155e-01,-1.135468482971191406e-05,-9.876489639282226562e-05
1.339000000000000057e+01,-1.716626120118974475e-01,-3.994027655710575275e-01,-1.201033592224121094e-05,-9.953975677490234375e-05
1.340000000000000036e+01,-1.630931719946527025e-01,-3.971332863468647334e-01,-1.278519630432128906e-05,-1.003444194793701172e-04
1.341000000000000014e+01,-1.545895386826660611e-01,-3.943961567743562435e-01,-1.332163810729980469e-05,-1.010894775390625000e-04
1.341999999999999993e+01,-1.461653258236234043e-01,-3.911806526577939480e-01,-1.397728919982910156e-05,-1.019537448883056641e-04
1.342999999999999972e+01,-1.378336520301108592e-01,-3.874771065608136333e-01,-1.469254493713378906e-05,-1.026391983032226562e-04
1.343999999999999950e+01,-1.296071331563112550e-01,-3.832769170627621791e-01,-1.525878906250000000e-05,-1.034438610076904297e-04
1.345000000000000107e+01,-1.214978749044919731e-01,-3.785725553030199753e-01,-1.591444015502929688e-05,-1.042187213897705078e-04
1.346000000000000085e+01,-1.135174645000889548e-01,-3.733575703186115535e-01,-1.662969589233398438e-05,-1.049339771270751953e-04
1.347000000000000064e+01,-1.056769610131946396e-01,-3.676265938406352296e-01,-1.743435859680175781e-05,-1.056790351867675781e-04
1.348000000000000043e+01,-9.798688350352202647e-02,-3.613753454789567221e-01,-1.791119575500488281e-05,-1.063346862792968750e-04
1.349000000000000021e+01,-9.045719663807377797e-02,-3.546006390337599345e-01,-1.859664916992187500e-05,-1.071095466613769531e-04
1.350000000000000000e+01,-8.309729311975375121e-02,-3.473003907211776320e-01,-1.928210258483886719e-05,-1.078844070434570312e-04
1.350999999999999979e+01,-7.591597257943502597e-02,-3.394736299768046917e-01,-1.960992813110351562e-05,-1.085996627807617188e-04
1.351999999999999957e+01,-6.892141685103753135e-02,-3.311205131464073914e-01,-2.041459083557128906e-05,-1.094043254852294922e-04
1.353000000000000114e+01,-6.212116017775499294e-02,-3.222423417109750443e-01,-2.092123031616210938e-05,-1.100897789001464844e-04
1.354000000000000092e+01,-5.552205723034026041e-02,-3.128415825685632590e-01,-2.154707908630371094e-05,-1.108050346374511719e-04
1.355000000000000071e+01,-4.913024444483790609e-02,-3.029218949151309959e-01,-2.220273017883300781e-05,-1.116693019866943359e-04
1.356000000000000050e+01,-4.295109948082633661e-02,-2.924881591860939989e-01,-2.285838127136230469e-05,-1.122951507568359375e-04
1.357000000000000028e+01,-3.698919507113485744e-02,-2.815465121363520673e-01,-2.342462539672851562e-05,-1.129806041717529297e-04
1.358000000000000007e+01,-3.124825055523339570e-02,-2.701043846743554355e-01,-2.393126487731933594e-05,-1.136660575866699219e-04
1.358999999999999986e+01,-2.573108025900820023e-02,-2.581705436879419557e-01,-2.473592758178710938e-05,-1.144707202911376953e-04
1.359999999999999964e+01,-2.043953892465484590e-02,-2.457551376006795740e-01,-2.530217170715332031e-05,-1.150965690612792969e-04
1.360999999999999943e+01,-1.537446829807521433e-02,-2.328697413379509085e-01,-2.592802047729492188e-05,-1.158416271209716797e-04
1.362000000000000099e+01,-1.053563991445057718e-02,-2.195274065134323327e-01,-2.655386924743652344e-05,-1.165270805358886719e-04
1.363000000000000078e+01,-5.921704942213286416e-03,-2.057427040262170825e-01,-2.712011337280273438e-05,-1.172423362731933594e-04
1.364000000000000057e+01,-1.530140263686828594e-03,-1.915317725734530796e-01,-2.762675285339355469e-05,-1.178979873657226562e-04
1.365000000000000036e+01,2.642792388357164280e-03,-1.769123519814822521e-01,-2.825260162353515625e-05,-1.186430454254150391e-04
1.366000000000000014e+01,6.602088408206275953e-03,-1.619038199825330038e-01,-2.893805503845214844e-05,-1.193583011627197266e-04
1.366999999999999993e+01,1.035402501622499812e-02,-1.465272082073866833e-01,-2.956390380859375000e-05,-1.200139522552490234e-04
1.367999999999999972e+01,1.390618079959829619e-02,-1.308052142936738937e-01,-3.007054328918457031e-05,-1.206994056701660156e-04
1.368999999999999950e+01,1.726743668738725535e-02,-1.147621914840549068e-01,-3.066658973693847656e-05,-1.212954521179199219e-04
1.370000000000000107e+01,2.044796206652991707e-02,-9.842412179146003970e-02,-3.123283386230468750e-05,-1.219809055328369141e-04
1.371000000000000085e+01,2.345918373146456057e-02,-8.181856894125220936e-02,-3.185868263244628906e-05,-1.226961612701416016e-04
1.372000000000000064e+01,2.631373351354079904e-02,-6.497460563682389001e-02,-3.257393836975097656e-05,-1.233518123626708984e-04
1.373000000000000043e+01,2.902537611207675616e-02,-4.792271779391099606e-02,-3.302097320556640625e-05,-1.239776611328125000e-04
1.374000000000000021e+01,3.160891452512905320e-02,-3.069468124208686935e-02,-3.355741500854492188e-05,-1.246631145477294922e-04
1.375000000000000000e+01,3.408007499488875658e-02,-1.332341331047947122e-02,-3.409385681152343750e-05,-1.253485679626464844e-04
1.375999999999999979e+01,3.645537305994336896e-02,4.157198237641528821e-03,-3.471970558166503906e-05,-1.259148120880126953e-04
1.376999999999999957e+01,3.875196074985477052e-02,2.171248977684693549e-02,-3.525614738464355469e-05,-1.264810562133789062e-04
1.378000000000000114e+01,4.098746011172468839e-02,3.930723331785107577e-02,-3.579258918762207031e-05,-1.272261142730712891e-04
1.379000000000000092e+01,4.317978462574705717e-02,5.690586303564097725e-02,-3.635883331298828125e-05,-1.279115676879882812e-04
1.380000000000000071e+01,4.534695537185277903e-02,7.447270843688016950e-02,-3.707408905029296875e-05,-1.285970211029052734e-04
1.381000000000000050e+01,4.750691393312368033e-02,9.197223173571371369e-02,-3.734230995178222656e-05,-1.291930675506591797e-04
1.382000000000000028e+01,4.967733763052974150e-02,1.093692625530152118e-01,-3.793835639953613281e-05,-1.298487186431884766e-04
1.383000000000000007e+01,5.187546352765171065e-02,1.266292218316032447e-01,-3.859400749206542969e-05,-1.305639743804931641e-04
1.383999999999999986e+01,5.411792216418902929e-02,1.437183339979234420e-01,-3.904104232788085938e-05,-1.310706138610839844e-04
1.384999999999999964e+01,5.642058720181102743e-02,1.606038195679161396e-01,-3.972649574279785156e-05,-1.317560672760009766e-04
1.385999999999999943e+01,5.879844294766134460e-02,1.772540659145159792e-01,-4.020333290100097656e-05,-1.324415206909179688e-04
1.387000000000000099e+01,6.126547228769886611e-02,1.936387730726238376e-01,-4.079937934875488281e-05,-1.330375671386718750e-04
1.388000000000000078e+01,6.383456549841615146e-02,2.097290741543105519e-01,-4.127621650695800781e-05,-1.336336135864257812e-04
1.389000000000000057e+01,6.651745122822322331e-02,2.254976288326586420e-01,-4.187226295471191406e-05,-1.342296600341796875e-04
1.390000000000000036e+01,6.932464838512088223e-02,2.409186916253857613e-01,-4.214048385620117188e-05,-1.347959041595458984e-04
1.391000000000000014e+01,7.226543831548862262e-02,2.559681558238434684e-01,-4.279613494873046875e-05,-1.354515552520751953e-04
1.391999999999999993e+01,7.534785593592291386e-02,2.706235748104225403e-01,-4.327297210693359375e-05,-1.360177993774414062e-04
1.392999999999999972e+01,7.857869667217480536e-02,2.848641648344684141e-01,-4.377961158752441406e-05,-1.366436481475830078e-04
1.393999999999999950e+01,8.196353832031613718e-02,2.986707902616738686e-01,-4.440546035766601562e-05,-1.372694969177246094e-04
1.395000000000000107e+01,8.550677439202311603e-02,3.120259356519172744e-01,-4.512071609497070312e-05,-1.378655433654785156e-04
1.396000000000000085e+01,8.921165758656478262e-02,3.249136662789021135e-01,-4.559755325317382812e-05,-1.384317874908447266e-04
1.397000000000000064e+01,9.308035010146413490e-02,3.373195811703706970e-01,-4.607439041137695312e-05,-1.390278339385986328e-04
1.398000000000000043e+01,9.711397920974516873e-02,3.492307604505935914e-01,-4.661083221435546875e-05,-1.396238803863525391e-04
1.399000000000000021e+01,1.013126961234245282e-01,3.606357093135523217e-01,-4.717707633972167969e-05,-1.402199268341064453e-04
1.400000000000000000e+01,1.056757363464480293e-01,3.715243007390298113e-01,-4.783272743225097656e-05,-1.407563686370849609e-04
1.400999999999999979e+01,1.102014800225897956e-01,3.818877185924969275e-01,-4.819035530090332031e-05,-1.413524150848388672e-04
1.401999999999999957e+01,1.148875112649017788e-01,3.917184021627810875e-01,-4.872679710388183594e-05,-1.420080661773681641e-04
1.403000000000000114e+01,1.197306751849444573e-01,4.010099935564481188e-01,-4.917383193969726562e-05,-1.426041126251220703e-04
1.404000000000000092e+01,1.247271308117535588e-01,4.097572900329141121e-01,-4.947185516357421875e-05,-1.431405544281005859e-04
1.405000000000000071e+01,1.298724036286602324e-01,4.179561961791111724e-01,-5.006790161132812500e-05,-1.436769962310791016e-04
1.406000000000000050e+01,1.351614291421593950e-01,4.256036868488886626e-01,-5.048513412475585938e-05,-1.442432403564453125e-04
1.407000000000000028e+01,1.405885973540253464e-01,4.326977680255683079e-01,-5.120038986206054688e-05,-1.447796821594238281e-04
1.408000000000000007e+01,1.461477875052689945e-01,4.392374487948129680e-01,-5.155801773071289062e-05,-1.452863216400146484e-04
1.408999999999999986e+01,1.518324027527189757e-01,4.452227123374407625e-01,-5.200505256652832031e-05,-1.459121704101562500e-04
1.409999999999999964e+01,1.576353962295330979e-01,4.506544961696595797e-01,-5.251169204711914062e-05,-1.464486122131347656e-04
1.410999999999999943e+01,1.635492957899901401e-01,4.555346729032448416e-01,-5.289912223815917969e-05,-1.469552516937255859e-04
1.412000000000000099e+01,1.695662217113530768e-01,4.598660379073351012e-01,-5.331635475158691406e-05,-1.475214958190917969e-04
1.413000000000000078e+01,1.756779024287587199e-01,4.636522981932888476e-01,-5.385279655456542969e-05,-1.480281352996826172e-04
1.414000000000000057e+01,1.818756846499944291e-01,4.668980662812530213e-01,-5.447864532470703125e-05,-1.486837863922119141e-04
1.415000000000000036e+01,1.881505413776073943e-01,4.696088553262838250e-01,-5.483627319335937500e-05,-1.491904258728027344e-04
1.416000000000000014e+01,1.944930757359951412e-01,4.717910774215985370e-01,-5.531311035156250000e-05,-1.497566699981689453e-04
1.416999999999999993e+01,2.008935231014379041e-01,4.734520425651228548e-01,-5.593895912170410156e-05,-1.503229141235351562e-04
1.417999999999999972e+01,2.073417504034687497e-01,4.745999591875730284e-01,-5.638599395751953125e-05,-1.509189605712890625e-04
1.418999999999999950e+01,2.138272546090518311e-01,4.752439342174124559e-01,-5.689263343811035156e-05,-1.513659954071044922e-04
1.420000000000000107e+01,2.203391593839827689e-01,4.753939734612613321e-01,-5.725026130676269531e-05,-1.519322395324707031e-04
1.421000000000000085e+01,2.268662121464858350e-01,4.750609800718538223e-01,-5.784630775451660156e-05,-1.524388790130615234e-04
1.422000000000000064e+01,2.333967822629891553e-01,4.742567502483165387e-01,-5.823373794555664062e-05,-1.530349254608154297e-04
1.423000000000000043e+01,2.399188582422695504e-01,4.729939680320091600e-01,-5.877017974853515625e-05,-1.535415649414062500e-04
1.424000000000000021e+01,2.464200494033539079e-01,4.712861939256109967e-01,-5.921721458435058594e-05,-1.540184020996093750e-04
1.425000000000000000e+01,2.528875877993563837e-01,4.691478511067318502e-01,-5.966424942016601562e-05,-1.545548439025878906e-04
1.425999999999999979e+01,2.593083352551056597e-01,4.665942047715571639e-01,-6.020069122314453125e-05,-1.550912857055664062e-04
1.426999999999999957e+01,2.656687935116900934e-01,4.636413360157313757e-01,-6.076693534851074219e-05,-1.555979251861572266e-04
1.428000000000000114e+01,2.719551189921399770e-01,4.603061091958794981e-01,-6.103515625000000000e-05,-1.560747623443603516e-04
1.429000000000000092e+01,2.781531427906900888e-01,4.566061321697672537e-01,-6.133317947387695312e-05,-1.565515995025634766e-04
1.430000000000000071e+01,2.842483961439153939e-01,4.525597087223933723e-01,-6.175041198730468750e-05,-1.570880413055419922e-04
1.431000000000000050e+01,2.902261417162882995e-01,4.481857835145549585e-01,-6.225705146789550781e-05,-1.575648784637451172e-04
1.432000000000000028e+01,2.960714107949563578e-01,4.435038793485316932e-01,-6.270408630371093750e-05,-1.581013202667236328e-04
1.433000000000000007e+01,3.017690462249896233e-01,4.385340272047487109e-01,-6.312131881713867188e-05,-1.585185527801513672e-04
1.433999999999999986e+01,3.073037511100057406e-01,4.332966892223760191e-01,-6.365776062011718750e-05,-1.590251922607421875e-04
1.434999999999999964e+01,3.126601426994674027e-01,4.278126755623188338e-01,-6.422400474548339844e-05,-1.595914363861083984e-04
1.435999999999999943e+01,3.178228109460973783e-01,4.221030560159962364e-01,-6.461143493652343750e-05,-1.600682735443115234e-04
1.437000000000000099e+01,3.227763807579456246e-01,4.161890677206703248e-01,-6.520748138427734375e-05,-1.606047153472900391e-04
1.438000000000000078e+01,3.275055772910565044e-01,4.100920200209578481e-01,-6.532669067382812500e-05,-1.611113548278808594e-04
1.439000000000000057e+01,3.319952947232134299e-01,4.038331962979540557e-01,-6.571412086486816406e-05,-1.614987850189208984e-04
1.440000000000000036e+01,3.362306631040656857e-01,3.974337592116748974e-01,-6.631016731262207031e-05,-1.620352268218994141e-04
1.441000000000000014e+01,3.401971176654106643e-01,3.909146543904621907e-01,-6.666779518127441406e-05,-1.625418663024902344e-04
1.441999999999999993e+01,3.438804661230010495e-01,3.842965180947801596e-01,-6.708502769470214844e-05,-1.630783081054687500e-04
1.442999999999999972e+01,3.472669539032361974e-01,3.775995890059534177e-01,-6.747245788574218750e-05,-1.634657382965087891e-04
1.443999999999999950e+01,3.503433263272676679e-01,3.708436253082980638e-01,-6.812810897827148438e-05,-1.640319824218750000e-04
1.445000000000000107e+01,3.530968870115326896e-01,3.640478279831537156e-01,-6.851553916931152344e-05,-1.645684242248535156e-04
1.446000000000000085e+01,3.555155517927709452e-01,3.572307710792529400e-01,-6.887316703796386719e-05,-1.649558544158935547e-04
1.447000000000000064e+01,3.575878983101846709e-01,3.504103387734474051e-01,-6.935000419616699219e-05,-1.655220985412597656e-04
1.448000000000000043e+01,3.593032089565902920e-01,3.436036716728603224e-01,-6.973743438720703125e-05,-1.659393310546875000e-04
1.449000000000000021e+01,3.606515100908909144e-01,3.368271189055332959e-01,-7.015466690063476562e-05,-1.663863658905029297e-04
1.450000000000000000e+01,3.616236049981348954e-01,3.300961986284876026e-01,-7.060170173645019531e-05,-1.668632030487060547e-04
1.450999999999999979e+01,3.622111020899284606e-01,3.234255649488702034e-01,-7.113814353942871094e-05,-1.672804355621337891e-04
1.451999999999999957e+01,3.624064380653625461e-01,3.168289816460350128e-01,-7.149577140808105469e-05,-1.677572727203369141e-04
1.453000000000000114e+01,3.622028969402918963e-01,3.103193007025769612e-01,-7.173418998718261719e-05,-1.682639122009277344e-04
1.454000000000000092e+01,3.615946249643753330e-01,3.039084460791897646e-01,-7.218122482299804688e-05,-1.686811447143554688e-04
1.455000000000000071e+01,3.605766419000982492e-01,2.976074015544427631e-01,-7.256865501403808594e-05,-1.691281795501708984e-04
1.456000000000000050e+01,3.591448501536452231e-01,2.914262003614581098e-01,-7.292628288269042969e-05,-1.696050167083740234e-04
1.457000000000000028e+01,3.572960408871355686e-01,2.853739181039156025e-01,-7.337331771850585938e-05,-1.700818538665771484e-04
1.458000000000000007e+01,3.550278981792524546e-01,2.794586671191500726e-01,-7.352232933044433594e-05,-1.704990863800048828e-04
1.458999999999999986e+01,3.523390031013444168e-01,2.736875894938834430e-01,-7.417798042297363281e-05,-1.709759235382080078e-04
1.459999999999999964e+01,3.492288355196676020e-01,2.680668521073291122e-01,-7.432699203491210938e-05,-1.714825630187988281e-04
1.460999999999999943e+01,3.456977768326500722e-01,2.626016390236238229e-01,-7.489323616027832031e-05,-1.719892024993896484e-04
1.462000000000000099e+01,3.417471107524594487e-01,2.572961453421045430e-01,-7.516145706176757812e-05,-1.723766326904296875e-04
1.463000000000000078e+01,3.373790263703905223e-01,2.521535665538524595e-01,-7.542967796325683594e-05,-1.727640628814697266e-04
1.464000000000000057e+01,3.325966191040393705e-01,2.471760896914751149e-01,-7.590651512145996094e-05,-1.732110977172851562e-04
1.465000000000000036e+01,3.274038938411751865e-01,2.423648804563780512e-01,-7.632374763488769531e-05,-1.736581325531005859e-04
1.466000000000000014e+01,3.218057666952148232e-01,2.377200711221746088e-01,-7.656216621398925781e-05,-1.741349697113037109e-04
1.466999999999999993e+01,3.158080678746329473e-01,2.332407462592272496e-01,-7.700920104980468750e-05,-1.745223999023437500e-04
1.467999999999999972e+01,3.094175434902444177e-01,2.289249291733040370e-01,-7.718801498413085938e-05,-1.749396324157714844e-04
1.468999999999999950e+01,3.026418575081249451e-01,2.247695675881070942e-01,-7.772445678710937500e-05,-1.754164695739746094e-04
1.470000000000000107e+01,2.954895917903745395e-01,2.207705219760044690e-01,-7.811188697814941406e-05,-1.758038997650146484e-04
1.471000000000000085e+01,2.879702459887504284e-01,2.169225534338238004e-01,-7.849931716918945312e-05,-1.762807369232177734e-04
1.472000000000000064e+01,2.800942334330099315e-01,2.132193180601126559e-01,-7.900595664978027344e-05,-1.766681671142578125e-04
1.473000000000000043e+01,2.718728769820128455e-01,2.096533606250025883e-01,-7.933378219604492188e-05,-1.770853996276855469e-04
1.474000000000000021e+01,2.633183983765868263e-01,2.062161190467312888e-01,-7.969141006469726562e-05,-1.775324344635009766e-04
1.475000000000000000e+01,2.544439072061268625e-01,2.028979288091758426e-01,-7.978081703186035156e-05,-1.779496669769287109e-04
1.475999999999999979e+01,2.452633817480859568e-01,1.996880408642892069e-01,-8.037686347961425781e-05,-1.783370971679687500e-04
1.476999999999999957e+01,2.357916477246882470e-01,1.965746424617877686e-01,-8.079409599304199219e-05,-1.788139343261718750e-04
1.478000000000000114e+01,2.260443491061829291e-01,1.935448910523846489e-01,-8.127093315124511719e-05,-1.791715621948242188e-04
1.479000000000000092e+01,2.160379139715749852e-01,1.905849560520577746e-01,-8.133053779602050781e-05,-1.796483993530273438e-04
1.480000000000000071e+01,2.057895136871228936e-01,1.876800714696523487e-01,-8.180737495422363281e-05,-1.800656318664550781e-04
1.481000000000000050e+01,1.953170149597726890e-01,1.848146001721872878e-01,-8.219480514526367188e-05,-1.804232597351074219e-04
1.482000000000000028e+01,1.846389261712252927e-01,1.819721073694118840e-01,-8.255243301391601562e-05,-1.809000968933105469e-04
1.483000000000000007e+01,1.737743362734761043e-01,1.791354464260758450e-01,-8.288025856018066406e-05,-1.813471317291259766e-04
1.483999999999999986e+01,1.627428484312121448e-01,1.762868531947049955e-01,-8.314847946166992188e-05,-1.817047595977783203e-04
1.484999999999999964e+01,1.515645082742534677e-01,1.734080492527617923e-01,-8.365511894226074219e-05,-1.821517944335937500e-04
1.485999999999999943e+01,1.402597265623285461e-01,1.704803545183501690e-01,-8.422136306762695312e-05,-1.825392246246337891e-04
1.487000000000000099e+01,1.288491987619850287e-01,1.674848050055983972e-01,-8.440017700195312500e-05,-1.828968524932861328e-04
1.488000000000000078e+01,1.173538216762297637e-01,1.644022756512003858e-01,-8.484721183776855469e-05,-1.832544803619384766e-04
1.489000000000000057e+01,1.057946084785936491e-01,1.612136060146975858e-01,-8.511543273925781250e-05,-1.836717128753662109e-04
1.490000000000000036e+01,9.419260305131421651e-02,1.578997273596202677e-01,-8.547306060791015625e-05,-1.841187477111816406e-04
1.491000000000000014e+01,8.256879503114633589e-02,1.544417888639856851e-01,-8.577108383178710938e-05,-1.844763755798339844e-04
1.491999999999999993e+01,7.094403713710388526e-02,1.508212803281425984e-01,-8.609890937805175781e-05,-1.848638057708740234e-04
1.492999999999999972e+01,5.933896471227977781e-02,1.470201514539330456e-01,-8.639693260192871094e-05,-1.852810382843017578e-04
1.493999999999999950e+01,4.777391919613118570e-02,1.430209248449692827e-01,-8.681416511535644531e-05,-1.856386661529541016e-04
1.495000000000000107e+01,3.626887655963000751e-02,1.388068008801022490e-01,-8.717179298400878906e-05,-1.860558986663818359e-04
1.496000000000000085e+01,2.484338026908968627e-02,1.343617551058454707e-01,-8.744001388549804688e-05,-1.863539218902587891e-04
1.497000000000000064e+01,1.351647993749916822e-02,1.296706261308683550e-01,-8.767843246459960938e-05,-1.868009567260742188e-04
1.498000000000000043e+01,2.306675917291372419e-03,1.247191933638912842e-01,-8.809566497802734375e-05,-1.871585845947265625e-04
1.499000000000000021e+01,-8.768130692598130604e-03,1.194942453819736738e-01,-8.845329284667968750e-05,-1.875162124633789062e-04
1.500000000000000000e+01,-1.969068228613683746e-02,1.139836382341853638e-01,-8.884072303771972656e-05,-1.878738403320312500e-04
1.500999999999999979e+01,-3.044440363708812713e-02,1.081763440685431926e-01,-8.901953697204589844e-05,-1.882612705230712891e-04
1.501999999999999957e+01,-4.101343609419850350e-02,1.020624910980174188e-01,-8.949637413024902344e-05,-1.886487007141113281e-04
1.503000000000000114e+01,-5.138266673805603341e-02,9.563339440982358830e-02,-8.982419967651367188e-05,-1.890361309051513672e-04
1.504000000000000092e+01,-6.153775478011928868e-02,8.888158060068229727e-02,-9.000301361083984375e-05,-1.894831657409667969e-04
1.505000000000000071e+01,-7.146515356428827237e-02,8.180080438515716090e-02,-9.056925773620605469e-05,-1.898407936096191406e-04
1.506000000000000050e+01,-8.115213080434578730e-02,7.438606093708427514e-02,-9.089708328247070312e-05,-1.901686191558837891e-04
1.507000000000000028e+01,-9.058678610349088500e-02,6.663359236393789908e-02,-9.116530418395996094e-05,-1.904666423797607422e-04
1.508000000000000007e+01,-9.975806723957714173e-02,5.854089100212466618e-02,-9.134411811828613281e-05,-1.909732818603515625e-04
1.508999999999999986e+01,-1.086557855043096266e-01,5.010670009829932409e-02,-9.164214134216308594e-05,-1.913309097290039062e-04
1.509999999999999964e+01,-1.172706304742039407e-01,4.133101237460626298e-02,-9.202957153320312500e-05,-1.916289329528808594e-04
1.510999999999999943e+01,-1.255941842076097603e-01,3.221506711344285234e-02,-9.244680404663085938e-05,-1.920163631439208984e-04
1.512000000000000099e+01,-1.336189359372463581e-01,2.276134714235729384e-02,-9.289383888244628906e-05,-1.924335956573486328e-04
1.513000000000000078e+01,-1.413382965049973794e-01,1.297357531776559617e-02,-9.310245513916015625e-05,-1.927912235260009766e-04
1.514000000000000057e+01,-1.487466132152824860e-01,2.856711444073740946e-03,-9.354948997497558594e-05,-1.931190490722656250e-04
1.515000000000000036e+01,-1.558391846635358846e-01,-7.583050479162318364e-03,-9.396672248840332031e-05,-1.935064792633056641e-04
1.516000000000000014e+01,-1.626122752364695112e-01,-1.833828491489691848e-02,-9.411573410034179688e-05,-1.939535140991210938e-04
1.516999999999999993e+01,-1.690631303068609315e-01,-2.940033563175362130e-02,-9.429454803466796875e-05,-1.942813396453857422e-04
1.517999999999999972e+01,-1.751899885120375422e-01,-4.075931939222022377e-02,-9.468197822570800781e-05,-1.945495605468750000e-04
1.518999999999999950e+01,-1.809920945773368650e-01,-5.240412744493400110e-02,-9.500980377197265625e-05,-1.949071884155273438e-04
1.520000000000000107e+01,-1.864697087722569369e-01,-6.432243018621572328e-02,-9.539723396301269531e-05,-1.952648162841796875e-04
1.521000000000000085e+01,-1.916241142263795105e-01,-7.650068274711784022e-02,-9.578466415405273438e-05,-1.955628395080566406e-04
1.522000000000000064e+01,-1.964576202569698893e-01,-8.892413417487285421e-02,-9.608268737792968750e-05,-1.959800720214843750e-04
1.523000000000000043e+01,-2.009735608546336649e-01,-1.015768410444810449e-01,-9.632110595703125000e-05,-1.963078975677490234e-04
1.524000000000000021e+01,-2.051762884674741272e-01,-1.144416852950836117e-01,-9.679794311523437500e-05,-1.966655254364013672e-04
1.525000000000000000e+01,-2.090711601521787477e-01,-1.275004004030459159e-01,-9.703636169433593750e-05,-1.970231533050537109e-04
1.525999999999999979e+01,-2.126645178166582106e-01,-1.407336030007771133e-01,-9.706616401672363281e-05,-1.973509788513183594e-04
1.526999999999999957e+01,-2.159636590081933094e-01,-1.541208357772562987e-01,-9.760260581970214844e-05,-1.977384090423583984e-04
1.528000000000000114e+01,-2.189767999590709613e-01,-1.676406180336872942e-01,-9.778141975402832031e-05,-1.980960369110107422e-04
1.529000000000000092e+01,-2.217130292154515236e-01,-1.812705081245263306e-01,-9.807944297790527344e-05,-1.984238624572753906e-04
1.530000000000000071e+01,-2.241822507078959081e-01,-1.949871772545220538e-01,-9.846687316894531250e-05,-1.988410949707031250e-04
1.531000000000000050e+01,-2.263951200204865066e-01,-2.087664924034577374e-01,-9.855628013610839844e-05,-1.991391181945800781e-04
1.532000000000000028e+01,-2.283629691394774286e-01,-2.225836124864626897e-01,-9.879469871520996094e-05,-1.995265483856201172e-04
1.533000000000000007e+01,-2.300977231992449301e-01,-2.364130945639649206e-01,-9.909272193908691406e-05,-1.998543739318847656e-04
1.533999999999999986e+01,-2.316118111783053712e-01,-2.502290082336837695e-01,-9.939074516296386719e-05,-2.002120018005371094e-04
1.534999999999999964e+01,-2.329180689607952548e-01,-2.640050592417125808e-01,-9.980797767639160156e-05,-2.004504203796386719e-04
1.535999999999999943e+01,-2.340296383454903428e-01,-2.777147187584849131e-01,-9.998679161071777344e-05,-2.007484436035156250e-04
1.537000000000000099e+01,-2.349598638063663814e-01,-2.913313560953449399e-01,-1.004040241241455078e-04,-2.011358737945556641e-04
1.538000000000000078e+01,-2.357221871035583560e-01,-3.048283744757124269e-01,-1.007020473480224609e-04,-2.014636993408203125e-04
1.539000000000000057e+01,-2.363300438869516407e-01,-3.181793450925556876e-01,-1.009106636047363281e-04,-2.017617225646972656e-04
1.540000000000000036e+01,-2.367967637666968939e-01,-3.313581374526237688e-01,-1.012086868286132812e-04,-2.020597457885742188e-04
1.541000000000000014e+01,-2.371354743396995868e-01,-3.443390454025220815e-01,-1.014471054077148438e-04,-2.023279666900634766e-04
1.541999999999999993e+01,-2.373590108200964721e-01,-3.570969068203687091e-01,-1.015663146972656250e-04,-2.026855945587158203e-04
1.542999999999999972e+01,-2.374798364537693551e-01,-3.696072104274238379e-01,-1.018643379211425781e-04,-2.030730247497558594e-04
1.543999999999999950e+01,-2.375099738726518528e-01,-3.818461895153923424e-01,-1.021027565002441406e-04,-2.033114433288574219e-04
1.545000000000000107e+01,-2.374609386404930855e-01,-3.937909132987025829e-01,-1.025795936584472656e-04,-2.036690711975097656e-04
1.546000000000000085e+01,-2.373436911897498502e-01,-4.054193559095257138e-01,-1.028478145599365234e-04,-2.039074897766113281e-04
1.547000000000000064e+01,-2.371685978884324475e-01,-4.167104543376580761e-01,-1.033842563629150391e-04,-2.042949199676513672e-04
1.548000000000000043e+01,-2.369454006633534005e-01,-4.276441559137748039e-01,-1.036226749420166016e-04,-2.045631408691406250e-04
1.549000000000000021e+01,-2.366831989864309482e-01,-4.382014507448822038e-01,-1.038014888763427734e-04,-2.049207687377929688e-04
1.550000000000000000e+01,-2.363904414103290552e-01,-4.483643924051418095e-01,-1.040697097778320312e-04,-2.052187919616699219e-04
1.550999999999999979e+01,-2.360749251212029831e-01,-4.581161087620573280e-01,-1.044273376464843750e-04,-2.055764198303222656e-04
1.551999999999999957e+01,-2.357438042964401237e-01,-4.674408019574278206e-01,-1.046359539031982422e-04,-2.057850360870361328e-04
1.553000000000000114e+01,-2.354036052886329944e-01,-4.763237399051974408e-01,-1.049041748046875000e-04,-2.060830593109130859e-04
1.554000000000000092e+01,-2.350602468313428006e-01,-4.847512414947935389e-01,-1.052618026733398438e-04,-2.064108848571777344e-04
1.555000000000000071e+01,-2.347190659055542472e-01,-4.927106547006005477e-01,-1.055002212524414062e-04,-2.067685127258300781e-04
1.556000000000000050e+01,-2.343848468643171257e-01,-5.001903304831030184e-01,-1.058578491210937500e-04,-2.070367336273193359e-04
1.557000000000000028e+01,-2.340618525113107307e-01,-5.071795940234917754e-01,-1.059770584106445312e-04,-2.073049545288085938e-04
1.558000000000000007e+01,-2.337538573765337024e-01,-5.136687129782677719e-01,-1.063048839569091797e-04,-2.076923847198486328e-04
1.558999999999999986e+01,-2.334641832390022542e-01,-5.196488627156633511e-01,-1.066923141479492188e-04,-2.079010009765625000e-04
1.559999999999999964e+01,-2.331957303347648724e-01,-5.251120962395829928e-01,-1.069307327270507812e-04,-2.082884311676025391e-04
1.561000000000000121e+01,-2.329510127316326840e-01,-5.300513088150213825e-01,-1.071691513061523438e-04,-2.086162567138671875e-04
1.562000000000000099e+01,-2.327321880683502764e-01,-5.344602087204831653e-01,-1.075863838195800781e-04,-2.089142799377441406e-04
1.563000000000000078e+01,-2.325410895869754468e-01,-5.383332849472216575e-01,-1.078844070434570312e-04,-2.092123031616210938e-04
1.564000000000000057e+01,-2.323792512427842183e-01,-5.416657824332862248e-01,-1.080036163330078125e-04,-2.095401287078857422e-04
1.565000000000000036e+01,-2.322479344627565168e-01,-5.444536749641710749e-01,-1.083612442016601562e-04,-2.098381519317626953e-04
1.566000000000000014e+01,-2.321481483810630964e-01,-5.466936450552163373e-01,-1.083016395568847656e-04,-2.101063728332519531e-04
1.566999999999999993e+01,-2.320806692796394122e-01,-5.483830643269398397e-01,-1.087486743927001953e-04,-2.104341983795166016e-04
1.567999999999999972e+01,-2.320460549826997010e-01,-5.495199791271409007e-01,-1.089572906494140625e-04,-2.106428146362304688e-04
1.568999999999999950e+01,-2.320446564985396976e-01,-5.501030987998487554e-01,-1.091361045837402344e-04,-2.109706401824951172e-04
1.570000000000000107e+01,-2.320766256976791175e-01,-5.501317879899169094e-01,-1.093745231628417969e-04,-2.112686634063720703e-04
1.571000000000000085e+01,-2.321419190712472047e-01,-5.496060628706903595e-01,-1.097321510314941406e-04,-2.115070819854736328e-04
1.572000000000000064e+01,-2.322402980243554182e-01,-5.485265908503389465e-01,-1.099705696105957031e-04,-2.118349075317382812e-04
1.573000000000000043e+01,-2.323713249860129837e-01,-5.468946944797584697e-01,-1.103281974792480469e-04,-2.121031284332275391e-04
1.574000000000000021e+01,-2.325343560676610410e-01,-5.447123588267720473e-01,-1.105666160583496094e-04,-2.123415470123291016e-04
1.575000000000000000e+01,-2.327285298176849648e-01,-5.419822427685901944e-01,-1.107752323150634766e-04,-2.126693725585937500e-04
1.575999999999999979e+01,-2.329527524885215695e-01,-5.387076937813867206e-01,-1.110434532165527344e-04,-2.129971981048583984e-04
1.576999999999999957e+01,-2.332056798636410744e-01,-5.348927661759059760e-01,-1.112520694732666016e-04,-2.132058143615722656e-04
1.578000000000000114e+01,-2.334856953796628776e-01,-5.305422430451204319e-01,-1.114308834075927734e-04,-2.134740352630615234e-04
1.579000000000000092e+01,-2.337908864759493943e-01,-5.256616599221717312e-01,-1.116394996643066406e-04,-2.137422561645507812e-04
1.580000000000000071e+01,-2.341190163616717335e-01,-5.202573330653192940e-01,-1.119375228881835938e-04,-2.140998840332031250e-04
1.581000000000000050e+01,-2.344674956304378388e-01,-5.143363876609112761e-01,-1.121163368225097656e-04,-2.143383026123046875e-04
1.582000000000000028e+01,-2.348333499660266166e-01,-5.079067900078858555e-01,-1.125931739807128906e-04,-2.146661281585693359e-04
1.583000000000000007e+01,-2.352131879443912776e-01,-5.009773791888872951e-01,-1.127123832702636719e-04,-2.148747444152832031e-04
1.583999999999999986e+01,-2.356031672220054163e-01,-4.935579002361111245e-01,-1.130104064941406250e-04,-2.151727676391601562e-04
1.584999999999999964e+01,-2.359989606738587820e-01,-4.856590369457374767e-01,-1.132488250732421875e-04,-2.154111862182617188e-04
1.586000000000000121e+01,-2.363957247348288937e-01,-4.772924417335732139e-01,-1.134276390075683594e-04,-2.157092094421386719e-04
1.587000000000000099e+01,-2.367880663512647033e-01,-4.684707667582627688e-01,-1.136660575866699219e-04,-2.159476280212402344e-04
1.588000000000000078e+01,-2.371700164148350387e-01,-4.592076869198294387e-01,-1.140832901000976562e-04,-2.162456512451171875e-04
1.589000000000000057e+01,-2.375350025295823175e-01,-4.495179234701014437e-01,-1.142919063568115234e-04,-2.165734767913818359e-04
1.590000000000000036e+01,-2.378758305237305970e-01,-4.394172566653029577e-01,-1.143813133239746094e-04,-2.168118953704833984e-04
1.591000000000000014e+01,-2.381846685520452866e-01,-4.289225351865578184e-01,-1.146197319030761719e-04,-2.170205116271972656e-04
1.591999999999999993e+01,-2.384530397528548951e-01,-4.180516748986964903e-01,-1.148581504821777344e-04,-2.172887325286865234e-04
1.592999999999999972e+01,-2.386718226220771732e-01,-4.068236481063252641e-01,-1.151859760284423828e-04,-2.175867557525634766e-04
1.593999999999999950e+01,-2.388312593771794445e-01,-3.952584630061293791e-01,-1.153945922851562500e-04,-2.177655696868896484e-04
1.595000000000000107e+01,-2.389209753808210768e-01,-3.833771294739160007e-01,-1.153647899627685547e-04,-2.180933952331542969e-04
1.596000000000000085e+01,-2.389300075523126676e-01,-3.712016139904389944e-01,-1.156330108642578125e-04,-2.184212207794189453e-04
1.597000000000000064e+01,-2.388468435581367066e-01,-3.587547814175541805e-01,-1.160800457000732422e-04,-2.186596393585205078e-04
1.598000000000000043e+01,-2.386594727741988275e-01,-3.460603224112962506e-01,-1.161396503448486328e-04,-2.189278602600097656e-04
1.599000000000000021e+01,-2.383554480349909521e-01,-3.331426678315145273e-01,-1.164674758911132812e-04,-2.191960811614990234e-04
1.600000000000000000e+01,-2.379219549337042161e-01,-3.200268942357106794e-01,-1.166164875030517578e-04,-2.194643020629882812e-04
1.601000000000000156e+01,-2.373458933718313735e-01,-3.067386146007635150e-01,-1.169741153717041016e-04,-2.197027206420898438e-04
1.601999999999999957e+01,-2.366139654304920403e-01,-2.933038617516209312e-01,-1.171231269836425781e-04,-2.200305461883544922e-04
1.603000000000000114e+01,-2.357127709343390942e-01,-2.797489628195855560e-01,-1.173913478851318359e-04,-2.202689647674560547e-04
1.603999999999999915e+01,-2.346289060489874512e-01,-2.661004105676146869e-01,-1.177191734313964844e-04,-2.204477787017822266e-04
1.605000000000000071e+01,-2.333490670007767331e-01,-2.523847289540879224e-01,-1.180171966552734375e-04,-2.207458019256591797e-04
1.605999999999999872e+01,-2.318601538983356136e-01,-2.386283392385400159e-01,-1.181066036224365234e-04,-2.209842205047607422e-04
1.607000000000000028e+01,-2.301493733128620600e-01,-2.248574281766909377e-01,-1.183152198791503906e-04,-2.212524414062500000e-04
1.608000000000000185e+01,-2.282043386611332936e-01,-2.110978195744311614e-01,-1.184642314910888672e-04,-2.214610576629638672e-04
1.608999999999999986e+01,-2.260131659016115513e-01,-1.973748519232407794e-01,-1.188516616821289062e-04,-2.216994762420654297e-04
1.610000000000000142e+01,-2.235645629835409653e-01,-1.837132643215194649e-01,-1.190304756164550781e-04,-2.219378948211669922e-04
1.610999999999999943e+01,-2.208479121149750091e-01,-1.701370912688733028e-01,-1.191794872283935547e-04,-2.222061157226562500e-04
1.612000000000000099e+01,-2.178533435999305823e-01,-1.566695680685778191e-01,-1.193881034851074219e-04,-2.225041389465332031e-04
1.612999999999999901e+01,-2.145718008049916636e-01,-1.433330469105437432e-01,-1.194477081298828125e-04,-2.227425575256347656e-04
1.614000000000000057e+01,-2.109950960465217518e-01,-1.301489238620512356e-01,-1.198351383209228516e-04,-2.230405807495117188e-04
1.614999999999999858e+01,-2.071159563060671616e-01,-1.171375778523707500e-01,-1.200735569000244141e-04,-2.232491970062255859e-04
1.616000000000000014e+01,-2.029280613944071110e-01,-1.043183181488545191e-01,-1.202225685119628906e-04,-2.235770225524902344e-04
1.617000000000000171e+01,-1.984260714407422299e-01,-9.170934410281361693e-02,-1.204013824462890625e-04,-2.237558364868164062e-04
1.617999999999999972e+01,-1.936056485574070840e-01,-7.932771090589696428e-02,-1.207292079925537109e-04,-2.240240573883056641e-04
1.619000000000000128e+01,-1.884634692815325419e-01,-6.718930545659138054e-02,-1.207888126373291016e-04,-2.242624759674072266e-04
1.619999999999999929e+01,-1.829972321196158547e-01,-5.530882686653715297e-02,-1.209080219268798828e-04,-2.244710922241210938e-04
1.621000000000000085e+01,-1.772056587026011598e-01,-4.369977340336840543e-02,-1.211166381835937500e-04,-2.247393131256103516e-04
1.621999999999999886e+01,-1.710884910950116466e-01,-3.237443263759680334e-02,-1.215040683746337891e-04,-2.249181270599365234e-04
1.623000000000000043e+01,-1.646464848006880533e-01,-2.134387551334488570e-02,-1.216828823089599609e-04,-2.250969409942626953e-04
1.624000000000000199e+01,-1.578813993265352766e-01,-1.061795182815699658e-02,-1.218020915985107422e-04,-2.254247665405273438e-04
1.625000000000000000e+01,-1.507959864714424059e-01,-2.052874400799639676e-04,-1.220107078552246094e-04,-2.256035804748535156e-04
1.626000000000000156e+01,-1.433939774598357308e-01,9.886718627226724621e-03,-1.223087310791015625e-04,-2.258718013763427734e-04
1.626999999999999957e+01,-1.356800685997043010e-01,1.965189586653429132e-02,-1.225471496582031250e-04,-2.261102199554443359e-04
1.628000000000000114e+01,-1.276599073009827834e-01,2.908530566638214965e-02,-1.227557659149169922e-04,-2.263486385345458984e-04
1.628999999999999915e+01,-1.193400770922846965e-01,3.818324359761650355e-02,-1.230239868164062500e-04,-2.266168594360351562e-04
1.630000000000000071e+01,-1.107280835602184876e-01,4.694324351854311378e-02,-1.232922077178955078e-04,-2.268254756927490234e-04
1.630999999999999872e+01,-1.018323396295415795e-01,5.536408057314053111e-02,-1.233518123626708984e-04,-2.270638942718505859e-04
1.632000000000000028e+01,-9.266215159471988261e-02,6.344577506445453485e-02,-1.235902309417724609e-04,-2.273321151733398438e-04
1.633000000000000185e+01,-8.322770478343366474e-02,7.118959514118210208e-02,-1.237988471984863281e-04,-2.276003360748291016e-04
1.633999999999999986e+01,-7.354004904827125821e-02,7.859805843354382426e-02,-1.240074634552001953e-04,-2.277493476867675781e-04
1.635000000000000142e+01,-6.361108327388133310e-02,8.567493115916925694e-02,-1.241564750671386719e-04,-2.280473709106445312e-04
1.635999999999999943e+01,-5.345353971680665006e-02,9.242522566281131946e-02,-1.244544982910156250e-04,-2.282261848449707031e-04
1.637000000000000099e+01,-4.308096594815814112e-02,9.885519299670950111e-02,-1.245439052581787109e-04,-2.284944057464599609e-04
1.637999999999999901e+01,-3.250770486911513935e-02,1.049723110440429763e-01,-1.246929168701171875e-04,-2.287328243255615234e-04
1.639000000000000057e+01,-2.174887237012160593e-02,1.107852674997916453e-01,-1.248717308044433594e-04,-2.289414405822753906e-04
1.639999999999999858e+01,-1.082033139535927557e-02,1.163039357189879774e-01,-1.251399517059326172e-04,-2.291202545166015625e-04
1.641000000000000014e+01,2.613378497086128738e-04,1.215393430765600580e-01,-1.254379749298095703e-04,-2.293884754180908203e-04
1.642000000000000171e+01,1.147887201303007115e-02,1.265036311902208999e-01,-1.256763935089111328e-04,-2.296268939971923828e-04
1.642999999999999972e+01,2.281436373408495324e-02,1.312100068982907375e-01,-1.258552074432373047e-04,-2.298653125762939453e-04
1.644000000000000128e+01,3.424930614505339310e-02,1.356726836612171527e-01,-1.260340213775634766e-04,-2.301037311553955078e-04
1.644999999999999929e+01,4.576464284742097488e-02,1.399068133179754425e-01,-1.260936260223388672e-04,-2.302825450897216797e-04
1.646000000000000085e+01,5.734082359787667782e-02,1.439284079605081257e-01,-1.263916492462158203e-04,-2.305209636688232422e-04
1.646999999999999886e+01,6.895786619147867280e-02,1.477542512725989465e-01,-1.266002655029296875e-04,-2.306401729583740234e-04
1.648000000000000043e+01,8.059542357457991080e-02,1.514018010971352191e-01,-1.268088817596435547e-04,-2.308785915374755859e-04
1.649000000000000199e+01,9.223285489709674712e-02,1.548890856061777843e-01,-1.271367073059082031e-04,-2.311468124389648438e-04
1.650000000000000000e+01,1.038493034990006364e-01,1.582345880449351483e-01,-1.271069049835205078e-04,-2.312958240509033203e-04
1.651000000000000156e+01,1.154237760174822158e-01,1.614571294660186729e-01,-1.272857189178466797e-04,-2.315342426300048828e-04
1.651999999999999957e+01,1.269352257550228624e-01,1.645757453728417807e-01,-1.274645328521728516e-04,-2.318024635314941406e-04
1.653000000000000114e+01,1.383626379595218336e-01,1.676095587471869708e-01,-1.277029514312744141e-04,-2.320110797882080078e-04
1.653999999999999915e+01,1.496851153713174842e-01,1.705776531651295169e-01,-1.277625560760498047e-04,-2.322494983673095703e-04
1.655000000000000071e+01,1.608819629645358851e-01,1.734989478834891297e-01,-1.278817653656005859e-04,-2.324283123016357422e-04
1.655999999999999872e+01,1.719327712398203700e-01,1.763920751222428085e-01,-1.282989978790283203e-04,-2.326965332031250000e-04
1.657000000000000028e+01,1.828174968069829764e-01,1.792752617099104273e-01,-1.284778118133544922e-04,-2.328455448150634766e-04
1.658000000000000185e+01,1.935165388821970256e-01,1.821662181579334627e-01,-1.286268234252929688e-04,-2.330243587493896484e-04
1.658999999999999986e+01,2.040108119956949295e-01,1.850820340554853449e-01,-1.287460327148437500e-04,-2.332627773284912109e-04
1.660000000000000142e+01,2.142818118017452700e-01,1.880390843834506553e-01,-1.289844512939453125e-04,-2.334713935852050781e-04
1.660999999999999943e+01,2.243116750471644549e-01,1.910529456014612160e-01,-1.291334629058837891e-04,-2.337396144866943359e-04
1.662000000000000099e+01,2.340832345313038632e-01,1.941383202096545191e-01,-1.293122768402099609e-04,-2.339184284210205078e-04
1.662999999999999901e+01,2.435800664697972961e-01,1.973089734905918435e-01,-1.295506954193115234e-04,-2.340972423553466797e-04
1.664000000000000057e+01,2.527865305761033965e-01,2.005776819891730567e-01,-1.296997070312500000e-04,-2.343058586120605469e-04
1.664999999999999858e+01,2.616878045957546361e-01,2.039561911464069233e-01,-1.300275325775146484e-04,-2.345144748687744141e-04
1.666000000000000014e+01,2.702699132105974011e-01,2.074551821223104275e-01,-1.302361488342285156e-04,-2.348124980926513672e-04
1.667000000000000171e+01,2.785197501721453084e-01,2.110842493578311274e-01,-1.302361488342285156e-04,-2.350211143493652344e-04
1.667999999999999972e+01,2.864250953340344297e-01,2.148518863289867464e-01,-1.302659511566162109e-04,-2.352297306060791016e-04
1.669000000000000128e+01,2.939746279235914694e-01,2.187654774115607992e-01,-1.304149627685546875e-04,-2.354085445404052734e-04
1.669999999999999929e+01,3.011579355979561168e-01,2.228312963168929128e-01,-1.305937767028808594e-04,-2.355873584747314453e-04
1.671000000000000085e+01,3.079655197805988842e-01,2.270545102994458997e-01,-1.309216022491455078e-04,-2.358257770538330078e-04
1.671999999999999886e+01,3.143887987454646038e-01,2.314391877687518861e-01,-1.311302185058593750e-04,-2.360045909881591797e-04
1.673000000000000043e+01,3.204201087887063037e-01,2.359883086265550378e-01,-1.312196254730224609e-04,-2.361834049224853516e-04
1.674000000000000199e+01,3.260527032651414636e-01,2.407037775882666097e-01,-1.314282417297363281e-04,-2.364516258239746094e-04
1.675000000000000000e+01,3.312807516433612376e-01,2.455864369995145458e-01,-1.315772533416748047e-04,-2.366304397583007812e-04
1.676000000000000156e+01,3.360993368443918050e-01,2.506360817628274784e-01,-1.316964626312255859e-04,-2.368390560150146484e-04
1.676999999999999957e+01,3.405044534652207910e-01,2.558514721345446219e-01,-1.319646835327148438e-04,-2.370178699493408203e-04
1.678000000000000114e+01,3.444930048526348987e-01,2.612303475593524271e-01,-1.320540904998779297e-04,-2.372264862060546875e-04
1.678999999999999915e+01,3.480628013550513544e-01,2.667694376477777185e-01,-1.322925090789794922e-04,-2.374351024627685547e-04
1.680000000000000071e+01,3.512125579627302097e-01,2.724644731525824315e-01,-1.323819160461425781e-04,-2.376139163970947266e-04
1.680999999999999872e+01,3.539418926770636076e-01,2.783101945685702572e-01,-1.325309276580810547e-04,-2.377629280090332031e-04
1.682000000000000028e+01,3.562513244757480879e-01,2.843003602056113355e-01,-1.329481601715087891e-04,-2.379715442657470703e-04
1.683000000000000185e+01,3.581422713315358108e-01,2.904277527686958682e-01,-1.330971717834472656e-04,-2.381503582000732422e-04
1.683999999999999986e+01,3.596170476919069436e-01,2.966841854575403836e-01,-1.332759857177734375e-04,-2.382695674896240234e-04
1.685000000000000142e+01,3.606788610259425432e-01,3.030605079937117030e-01,-1.334249973297119141e-04,-2.385675907135009766e-04
1.685999999999999943e+01,3.613318071156293443e-01,3.095466131423565970e-01,-1.335442066192626953e-04,-2.387762069702148438e-04
1.687000000000000099e+01,3.615808634263252830e-01,3.161314446631895980e-01,-1.336336135864257812e-04,-2.389848232269287109e-04
1.687999999999999901e+01,3.614318803268141700e-01,3.228030070977422339e-01,-1.338124275207519531e-04,-2.391338348388671875e-04
1.689000000000000057e+01,3.608915692509908069e-01,3.295483787747581217e-01,-1.339316368103027344e-04,-2.392828464508056641e-04
1.689999999999999858e+01,3.599674873769674877e-01,3.363537287270061960e-01,-1.341700553894042969e-04,-2.394616603851318359e-04
1.691000000000000014e+01,3.586680187695934774e-01,3.432043377684879104e-01,-1.343190670013427734e-04,-2.397000789642333984e-04
1.692000000000000171e+01,3.570023501905184027e-01,3.500846263864568209e-01,-1.344978809356689453e-04,-2.398490905761718750e-04
1.692999999999999972e+01,3.549804434554144628e-01,3.569781869553493303e-01,-1.346766948699951172e-04,-2.399981021881103516e-04
1.694000000000000128e+01,3.526130009678639099e-01,3.638678253141494623e-01,-1.349747180938720703e-04,-2.402663230895996094e-04
1.694999999999999929e+01,3.499114277119866334e-01,3.707356071052526625e-01,-1.350045204162597656e-04,-2.404153347015380859e-04
1.696000000000000085e+01,3.468877863548201490e-01,3.775629140187040655e-01,-1.352131366729736328e-04,-2.406239509582519531e-04
1.696999999999999886e+01,3.435547483251485401e-01,3.843305058707300881e-01,-1.353621482849121094e-04,-2.408921718597412109e-04
1.698000000000000043e+01,3.399255395669493196e-01,3.910185907491528501e-01,-1.355707645416259766e-04,-2.409815788269042969e-04
1.699000000000000199e+01,3.360138815361268794e-01,3.976069025579360150e-01,-1.356899738311767578e-04,-2.411007881164550781e-04
1.700000000000000000e+01,3.318339294291075547e-01,4.040747832045228916e-01,-1.357793807983398438e-04,-2.412497997283935547e-04
1.701000000000000156e+01,3.274002061649900486e-01,4.104012720518027124e-01,-1.360476016998291016e-04,-2.414882183074951172e-04
1.701999999999999957e+01,3.227275355217043562e-01,4.165651973772332983e-01,-1.361072063446044922e-04,-2.416968345642089844e-04
1.703000000000000114e+01,3.178309735419871385e-01,4.225452719899054355e-01,-1.363158226013183594e-04,-2.418160438537597656e-04
1.703999999999999915e+01,3.127257398051876969e-01,4.283201899963138826e-01,-1.364052295684814453e-04,-2.420246601104736328e-04
1.705000000000000071e+01,3.074271506383538521e-01,4.338687226212472603e-01,-1.366734504699707031e-04,-2.421736717224121094e-04
1.705999999999999872e+01,3.019505532958389749e-01,4.391698138814145169e-01,-1.367926597595214844e-04,-2.423822879791259766e-04
1.707000000000000028e+01,2.963112641876663456e-01,4.442026720973890619e-01,-1.369416713714599609e-04,-2.425014972686767578e-04
1.708000000000000185e+01,2.905245111647382639e-01,4.489468571321776347e-01,-1.371800899505615234e-04,-2.427399158477783203e-04
1.708999999999999986e+01,2.846053782758257156e-01,4.533823652333933141e-01,-1.372992992401123047e-04,-2.428889274597167969e-04
1.710000000000000142e+01,2.785687592545209590e-01,4.574897031028801186e-01,-1.375079154968261719e-04,-2.430379390716552734e-04
1.710999999999999943e+01,2.724293148395071085e-01,4.612499574264896096e-01,-1.377463340759277344e-04,-2.432465553283691406e-04
1.712000000000000099e+01,2.662014349389181800e-01,4.646448583483195893e-01,-1.377165317535400391e-04,-2.434551715850830078e-04
1.712999999999999901e+01,2.598992087316746025e-01,4.676568327442867656e-01,-1.378357410430908203e-04,-2.436637878417968750e-04
1.714000000000000057e+01,2.535363993729969900e-01,4.702690513109024639e-01,-1.380741596221923828e-04,-2.437829971313476562e-04
1.715000000000000213e+01,2.471264244156486101e-01,4.724654678811419095e-01,-1.383721828460693359e-04,-2.440214157104492188e-04
1.716000000000000014e+01,2.406823413351437679e-01,4.742308516744359603e-01,-1.382529735565185547e-04,-2.441406250000000000e-04
1.717000000000000171e+01,2.342168376767444216e-01,4.755508127929941042e-01,-1.385807991027832031e-04,-2.442300319671630859e-04
1.717999999999999972e+01,2.277422250931049330e-01,4.764118218266666371e-01,-1.387596130371093750e-04,-2.444982528686523438e-04
1.719000000000000128e+01,2.212704366502762088e-01,4.768012242163887637e-01,-1.389384269714355469e-04,-2.447068691253662109e-04
1.719999999999999929e+01,2.148130267592280596e-01,4.767072500418413350e-01,-1.389384269714355469e-04,-2.449154853820800781e-04
1.721000000000000085e+01,2.083811730845244736e-01,4.761190199265425971e-01,-1.390278339385986328e-04,-2.450644969940185547e-04
1.721999999999999886e+01,2.019856791941888607e-01,4.750265486354228739e-01,-1.392066478729248047e-04,-2.452433109283447266e-04
1.723000000000000043e+01,1.956369780401689684e-01,4.734207459829033460e-01,-1.393854618072509766e-04,-2.453923225402832031e-04
1.724000000000000199e+01,1.893451349913029547e-01,4.712934167896964399e-01,-1.395344734191894531e-04,-2.456009387969970703e-04
1.725000000000000000e+01,1.831198499582190886e-01,4.686372602390294073e-01,-1.396536827087402344e-04,-2.457499504089355469e-04
1.726000000000000156e+01,1.769704579308549186e-01,4.654458695783060818e-01,-1.397132873535156250e-04,-2.458393573760986328e-04
1.726999999999999957e+01,1.709059275500508790e-01,4.617137325302890782e-01,-1.399219036102294922e-04,-2.460181713104248047e-04
1.728000000000000114e+01,1.649348569213473781e-01,4.574362334112050954e-01,-1.400709152221679688e-04,-2.462863922119140625e-04
1.728999999999999915e+01,1.590654665073857610e-01,4.526096572223354819e-01,-1.402199268341064453e-04,-2.463757991790771484e-04
1.730000000000000071e+01,1.533055882813573467e-01,4.472311966316064313e-01,-1.402795314788818359e-04,-2.465546131134033203e-04
1.730999999999999872e+01,1.476626513953858133e-01,4.412989617518084384e-01,-1.405179500579833984e-04,-2.467036247253417969e-04
1.732000000000000028e+01,1.421436632884861273e-01,4.348119938957702435e-01,-1.407563686370849609e-04,-2.469718456268310547e-04
1.733000000000000185e+01,1.367551867838479041e-01,4.277702829315637167e-01,-1.409351825714111328e-04,-2.470612525939941406e-04
1.733999999999999986e+01,1.315033126082165993e-01,4.201747889132478320e-01,-1.411139965057373047e-04,-2.471804618835449219e-04
1.735000000000000142e+01,1.263936266961843691e-01,4.120274687497215704e-01,-1.412928104400634766e-04,-2.473592758178710938e-04
1.735999999999999943e+01,1.214311724792796893e-01,4.033313078573549371e-01,-1.414120197296142578e-04,-2.475678920745849609e-04
1.737000000000000099e+01,1.166204119828948560e-01,3.940903532978664581e-01,-1.414716243743896484e-04,-2.476572990417480469e-04
1.737999999999999901e+01,1.119651764909861541e-01,3.843097573728542771e-01,-1.415908336639404297e-04,-2.478957176208496094e-04
1.739000000000000057e+01,1.074686182324655764e-01,3.739958206396537532e-01,-1.417696475982666016e-04,-2.480745315551757812e-04
1.740000000000000213e+01,1.031331577208104144e-01,3.631560397773336835e-01,-1.417398452758789062e-04,-2.482235431671142578e-04
1.741000000000000014e+01,9.896042244347956485e-02,3.517991647608146311e-01,-1.418292522430419922e-04,-2.483725547790527344e-04
1.742000000000000171e+01,9.495119274617408456e-02,3.399352487566263958e-01,-1.421868801116943359e-04,-2.485811710357666016e-04
1.742999999999999972e+01,9.110534066355120697e-02,3.275757061373124057e-01,-1.423060894012451172e-04,-2.487599849700927734e-04
1.744000000000000128e+01,8.742176799437444135e-02,3.147333712523443516e-01,-1.425147056579589844e-04,-2.489089965820312500e-04
1.744999999999999929e+01,8.389834608120450010e-02,3.014225561504410567e-01,-1.426935195922851562e-04,-2.489984035491943359e-04
1.746000000000000085e+01,8.053186327242477238e-02,2.876590999144775229e-01,-1.428425312042236328e-04,-2.491176128387451172e-04
1.746999999999999886e+01,7.731797233828385796e-02,2.734604185456143144e-01,-1.428425312042236328e-04,-2.492666244506835938e-04
1.748000000000000043e+01,7.425114768089649542e-02,2.588455431443235644e-01,-1.431703567504882812e-04,-2.495050430297851562e-04
1.749000000000000199e+01,7.132465033305995794e-02,2.438351500553245788e-01,-1.433789730072021484e-04,-2.496540546417236328e-04
1.750000000000000000e+01,6.853050644416552872e-02,2.284515750856498106e-01,-1.434087753295898438e-04,-2.498030662536621094e-04
1.751000000000000156e+01,6.585949829156480251e-02,2.127188134175505563e-01,-1.435279846191406250e-04,-2.498924732208251953e-04
1.751999999999999957e+01,6.330117293265258294e-02,1.966624983292161732e-01,-1.436173915863037109e-04,-2.500116825103759766e-04
1.753000000000000114e+01,6.084387008155722754e-02,1.803098569983145882e-01,-1.438856124877929688e-04,-2.502202987670898438e-04
1.753999999999999915e+01,5.847476634578283039e-02,1.636896472481429998e-01,-1.439750194549560547e-04,-2.504289150238037109e-04
1.755000000000000071e+01,5.617994423642783119e-02,1.468320639405377159e-01,-1.440942287445068359e-04,-2.504587173461914062e-04
1.755999999999999872e+01,5.394448309738023029e-02,1.297686186541360531e-01,-1.441836357116699219e-04,-2.506971359252929688e-04
1.757000000000000028e+01,5.175256817070021664e-02,1.125319976890238605e-01,-1.443326473236083984e-04,-2.508163452148437500e-04
1.758000000000000185e+01,4.958762235438959887e-02,9.515589212047910472e-02,-1.444816589355468750e-04,-2.509653568267822266e-04
1.758999999999999986e+01,4.743245536030406273e-02,7.767480659473206817e-02,-1.446604728698730469e-04,-2.510845661163330078e-04
1.760000000000000142e+01,4.526942887327161519e-02,6.012384855596884792e-02,-1.447796821594238281e-04,-2.512335777282714844e-04
1.760999999999999943e+01,4.308063148527229574e-02,4.253850557003391319e-02,-1.448988914489746094e-04,-2.514123916625976562e-04
1.762000000000000099e+01,4.084806281389787713e-02,2.495441144039949391e-02,-1.451671123504638672e-04,-2.515316009521484375e-04
1.762999999999999901e+01,3.855382060587302095e-02,7.407108783412651512e-03,-1.450181007385253906e-04,-2.516806125640869141e-04
1.764000000000000057e+01,3.618028384238732020e-02,-1.006818320204805155e-02,-1.451671123504638672e-04,-2.518296241760253906e-04
1.765000000000000213e+01,3.371029192958663323e-02,-2.743679605708833347e-02,-1.452267169952392578e-04,-2.519786357879638672e-04
1.766000000000000014e+01,3.112731137974076093e-02,-4.466482376204065907e-02,-1.453459262847900391e-04,-2.521574497222900391e-04
1.767000000000000171e+01,2.841558931070921334e-02,-6.171931809432056742e-02,-1.454949378967285156e-04,-2.523064613342285156e-04
1.767999999999999972e+01,2.556028842709008250e-02,-7.856846116937613034e-02,-1.456737518310546875e-04,-2.524256706237792969e-04
1.769000000000000128e+01,2.254760320585855876e-02,-9.518171495069358001e-02,-1.459121704101562500e-04,-2.525150775909423828e-04
1.769999999999999929e+01,1.936485493820016418e-02,-1.115299450137759579e-01,-1.460909843444824219e-04,-2.527236938476562500e-04
1.771000000000000085e+01,1.600056570550395518e-02,-1.275855188640715454e-01,-1.462697982788085938e-04,-2.528429031372070312e-04
1.771999999999999886e+01,1.244451135979752349e-02,-1.433223790210487181e-01,-1.464486122131347656e-04,-2.530217170715332031e-04
1.773000000000000043e+01,8.687754753464628152e-03,-1.587160927503992180e-01,-1.465976238250732422e-04,-2.531409263610839844e-04
1.774000000000000199e+01,4.722659914455766897e-03,-1.737438794044721124e-01,-1.466870307922363281e-04,-2.533793449401855469e-04
1.775000000000000000e+01,5.428918217103015711e-04,-1.883846211953900396e-01,-1.466274261474609375e-04,-2.534985542297363281e-04
1.776000000000000156e+01,-3.856600175112208980e-03,-2.026188552050561809e-01,-1.469850540161132812e-04,-2.535879611968994141e-04
1.776999999999999957e+01,-8.479609692651617417e-03,-2.164287535391750672e-01,-1.471340656280517578e-04,-2.537369728088378906e-04
1.778000000000000114e+01,-1.332871028898827831e-02,-2.297980930712847925e-01,-1.472830772399902344e-04,-2.538263797760009766e-04
1.778999999999999915e+01,-1.840530009585790092e-02,-2.427122171670531015e-01,-1.473426818847656250e-04,-2.540349960327148438e-04
1.780000000000000071e+01,-2.370965117921661203e-02,-2.551579928535855357e-01,-1.473724842071533203e-04,-2.541840076446533203e-04
1.780999999999999872e+01,-2.924096263386019579e-02,-2.671237645771818436e-01,-1.476407051086425781e-04,-2.543926239013671875e-04
1.782000000000000028e+01,-3.499741494808226300e-02,-2.785993074591255891e-01,-1.477301120758056641e-04,-2.545118331909179688e-04
1.783000000000000185e+01,-4.097622480085510305e-02,-2.895757807582066690e-01,-1.479387283325195312e-04,-2.546608448028564453e-04
1.783999999999999986e+01,-4.717369885585625394e-02,-3.000456831698771754e-01,-1.480579376220703125e-04,-2.548098564147949219e-04
1.785000000000000142e+01,-5.358528460428907403e-02,-3.100028122081682769e-01,-1.481175422668457031e-04,-2.549886703491210938e-04
1.785999999999999943e+01,-6.020562043498336319e-02,-3.194422243044880427e-01,-1.483857631683349609e-04,-2.551078796386718750e-04
1.787000000000000099e+01,-6.702857978225226776e-02,-3.283602023435912565e-01,-1.485645771026611328e-04,-2.552568912506103516e-04
1.787999999999999901e+01,-7.404731375309381303e-02,-3.367542243930245482e-01,-1.484155654907226562e-04,-2.552866935729980469e-04
1.789000000000000057e+01,-8.125428774028828349e-02,-3.446229392355985577e-01,-1.485645771026611328e-04,-2.554655075073242188e-04
1.790000000000000213e+01,-8.864131541058807573e-02,-3.519661440621070225e-01,-1.485347747802734375e-04,-2.556145191192626953e-04
1.791000000000000014e+01,-9.619958740827991295e-02,-3.587847675724963326e-01,-1.488327980041503906e-04,-2.557337284088134766e-04
1.792000000000000171e+01,-1.039196965751186807e-01,-3.650808558811008409e-01,-1.489222049713134766e-04,-2.559125423431396484e-04
1.792999999999999972e+01,-1.117916592378163515e-01,-3.708575616954939425e-01,-1.489520072937011719e-04,-2.560019493103027344e-04
1.794000000000000128e+01,-1.198049327037672418e-01,-3.761191362974680152e-01,-1.491308212280273438e-04,-2.561807632446289062e-04
1.794999999999999929e+01,-1.279484301968820681e-01,-3.808709228422874626e-01,-1.491308212280273438e-04,-2.563297748565673828e-04
1.796000000000000085e+01,-1.362105324290278086e-01,-3.851193515576154525e-01,-1.493096351623535156e-04,-2.564489841461181641e-04
1.796999999999999886e+01,-1.445790979556654809e-01,-3.888719344294775948e-01,-1.493692398071289062e-04,-2.565979957580566406e-04
1.798000000000000043e+01,-1.530414711804457539e-01,-3.921372602765367810e-01,-1.495480537414550781e-04,-2.566874027252197266e-04
1.799000000000000199e+01,-1.615844905775516704e-01,-3.949249874580741393e-01,-1.498162746429443359e-04,-2.568066120147705078e-04
1.800000000000000000e+01,-1.701944960605695223e-01,-3.972458350153250106e-01,-1.498162746429443359e-04,-2.568960189819335938e-04
1.801000000000000156e+01,-1.788573374304542607e-01,-3.991115701677379057e-01,-1.499652862548828125e-04,-2.570450305938720703e-04
1.801999999999999957e+01,-1.875583844760379537e-01,-4.005349914304742187e-01,-1.501441001892089844e-04,-2.572238445281982422e-04
1.803000000000000114e+01,-1.962825393249392203e-01,-4.015299064979970800e-01,-1.502633094787597656e-04,-2.573728561401367188e-04
1.803999999999999915e+01,-2.050142517975324929e-01,-4.021111041946837106e-01,-1.503527164459228516e-04,-2.575218677520751953e-04
1.805000000000000071e+01,-2.137375386648737163e-01,-4.022943193874937706e-01,-1.503825187683105469e-04,-2.576708793640136719e-04
1.805999999999999872e+01,-2.224360075633105560e-01,-4.020961901124915916e-01,-1.505613327026367188e-04,-2.577900886535644531e-04
1.807000000000000028e+01,-2.310928857985579121e-01,-4.015342067524869663e-01,-1.507997512817382812e-04,-2.578794956207275391e-04
1.808000000000000185e+01,-2.396910546880616499e-01,-4.006266526480194989e-01,-1.508593559265136719e-04,-2.579689025878906250e-04
1.808999999999999986e+01,-2.482130898167430877e-01,-3.993925359276420672e-01,-1.509189605712890625e-04,-2.580881118774414062e-04
1.810000000000000142e+01,-2.566413072042308952e-01,-3.978515128548163471e-01,-1.510381698608398438e-04,-2.582371234893798828e-04
1.810999999999999943e+01,-2.649578152172909484e-01,-3.960238030661915043e-01,-1.509785652160644531e-04,-2.584159374237060547e-04
1.812000000000000099e+01,-2.731445721955465533e-01,-3.939300971293345222e-01,-1.511275768280029297e-04,-2.585053443908691406e-04
1.812999999999999901e+01,-2.811834491862763574e-01,-3.915914575033903056e-01,-1.512169837951660156e-04,-2.587437629699707031e-04
1.814000000000000057e+01,-2.890562969789415848e-01,-3.890292141817014993e-01,-1.514256000518798828e-04,-2.587735652923583984e-04
1.815000000000000213e+01,-2.967450170135391696e-01,-3.862648561277757797e-01,-1.516938209533691406e-04,-2.589225769042968750e-04
1.816000000000000014e+01,-3.042316343250465738e-01,-3.833199205036189050e-01,-1.516938209533691406e-04,-2.590417861938476562e-04
1.817000000000000171e+01,-3.114983726921884966e-01,-3.802158806161866633e-01,-1.518726348876953125e-04,-2.592802047729492188e-04
1.817999999999999972e+01,-3.185277297074411429e-01,-3.769740350513979266e-01,-1.518726348876953125e-04,-2.593994140625000000e-04
1.819000000000000128e+01,-3.253025509892019107e-01,-3.736153996155285872e-01,-1.520514488220214844e-04,-2.594590187072753906e-04
1.819999999999999929e+01,-3.318061025023191779e-01,-3.701606034248487442e-01,-1.521408557891845703e-04,-2.596676349639892578e-04
1.821000000000000085e+01,-3.380221397216454093e-01,-3.666297908369641756e-01,-1.522302627563476562e-04,-2.597570419311523438e-04
1.821999999999999886e+01,-3.439349727724452244e-01,-3.630425305406307368e-01,-1.523792743682861328e-04,-2.598166465759277344e-04
1.823000000000000043e+01,-3.495295265484871239e-01,-3.594177330238031987e-01,-1.525878906250000000e-04,-2.599060535430908203e-04
1.824000000000000199e+01,-3.547913956586254414e-01,-3.557735765069654499e-01,-1.526474952697753906e-04,-2.600848674774169922e-04
1.825000000000000000e+01,-3.597068930378635176e-01,-3.521274429594887234e-01,-1.528561115264892578e-04,-2.602040767669677734e-04
1.826000000000000156e+01,-3.642630927207748393e-01,-3.484958631709370591e-01,-1.529455184936523438e-04,-2.603530883789062500e-04
1.826999999999999957e+01,-3.684478663081141026e-01,-3.448944714933446232e-01,-1.529157161712646484e-04,-2.604424953460693359e-04
1.828000000000000114e+01,-3.722499131768313707e-01,-3.413379699416729807e-01,-1.530051231384277344e-04,-2.605915069580078125e-04
1.828999999999999915e+01,-3.756587853693362233e-01,-3.378401001105600376e-01,-1.530945301055908203e-04,-2.607405185699462891e-04
1.830000000000000071e+01,-3.786649066091360427e-01,-3.344136235663720536e-01,-1.532435417175292969e-04,-2.608299255371093750e-04
1.830999999999999872e+01,-3.812595870705843826e-01,-3.310703081396259018e-01,-1.534819602966308594e-04,-2.609193325042724609e-04
1.832000000000000028e+01,-3.834350334358925805e-01,-3.278209206805066112e-01,-1.534223556518554688e-04,-2.610087394714355469e-04
1.833000000000000185e+01,-3.851843558820171598e-01,-3.246752236901941924e-01,-1.536011695861816406e-04,-2.611577510833740234e-04
1.833999999999999986e+01,-3.865015719873020061e-01,-3.216419757614183972e-01,-1.537203788757324219e-04,-2.612471580505371094e-04
1.835000000000000142e+01,-3.873816084771375401e-01,-3.187289343452078816e-01,-1.538991928100585938e-04,-2.613663673400878906e-04
1.835999999999999943e+01,-3.878203015926454666e-01,-3.159428595941085605e-01,-1.539587974548339844e-04,-2.615153789520263672e-04
1.837000000000000099e+01,-3.878143963618246870e-01,-3.132895188334032244e-01,-1.540184020996093750e-04,-2.616345882415771484e-04
1.837999999999999901e+01,-3.873615454867472829e-01,-3.107736905263291938e-01,-1.540780067443847656e-04,-2.617239952087402344e-04
1.839000000000000057e+01,-3.864603082754179963e-01,-3.083991670679497865e-01,-1.541674137115478516e-04,-2.618134021759033203e-04
1.840000000000000213e+01,-3.851101499881237067e-01,-3.061687558434053047e-01,-1.543462276458740234e-04,-2.619922161102294922e-04
1.841000000000000014e+01,-3.833114417997770529e-01,-3.040842782580120973e-01,-1.543462276458740234e-04,-2.621412277221679688e-04
1.842000000000000171e+01,-3.810654615732995687e-01,-3.021465664570955889e-01,-1.545250415802001953e-04,-2.622008323669433594e-04
1.842999999999999972e+01,-3.783743955542178683e-01,-3.003554576104811580e-01,-1.546442508697509766e-04,-2.623796463012695312e-04
1.844000000000000128e+01,-3.752413408719642574e-01,-2.987097859398809008e-01,-1.547336578369140625e-04,-2.625584602355957031e-04
1.844999999999999929e+01,-3.716703087256524873e-01,-2.972073727975122481e-01,-1.549124717712402344e-04,-2.626180648803710938e-04
1.846000000000000085e+01,-3.676662285392631180e-01,-2.958450143851557024e-01,-1.550018787384033203e-04,-2.626776695251464844e-04
1.846999999999999886e+01,-3.632349511466508862e-01,-2.946184701336215794e-01,-1.551508903503417969e-04,-2.627670764923095703e-04
1.848000000000000043e+01,-3.583832527355602093e-01,-2.935224492079713254e-01,-1.551806926727294922e-04,-2.629458904266357422e-04
1.849000000000000199e+01,-3.531188372184048685e-01,-2.925505987631640270e-01,-1.553595066070556641e-04,-2.630949020385742188e-04
1.850000000000000000e+01,-3.474503380115496753e-01,-2.916954925343320237e-01,-1.553595066070556641e-04,-2.632141113281250000e-04
1.851000000000000156e+01,-3.413873165920022767e-01,-2.909486239675869723e-01,-1.555681228637695312e-04,-2.633035182952880859e-04
1.851999999999999957e+01,-3.349402594236267072e-01,-2.903004014042415148e-01,-1.556873321533203125e-04,-2.634525299072265625e-04
1.853000000000000114e+01,-3.281205704731525175e-01,-2.897401498375584694e-01,-1.556873321533203125e-04,-2.635121345520019531e-04
1.853999999999999915e+01,-3.209405601577511313e-01,-2.892561179171534991e-01,-1.557469367980957031e-04,-2.636611461639404297e-04
1.855000000000000071e+01,-3.134134287388982143e-01,-2.888354934620255277e-01,-1.559257507324218750e-04,-2.638101577758789062e-04
1.855999999999999872e+01,-3.055532446620754516e-01,-2.884644267452727284e-01,-1.559853553771972656e-04,-2.639293670654296875e-04
1.857000000000000028e+01,-2.973749164141664125e-01,-2.881280639079648043e-01,-1.561045646667480469e-04,-2.640485763549804688e-04
1.858000000000000185e+01,-2.888941580674176390e-01,-2.878105903002673993e-01,-1.564025878906250000e-04,-2.641677856445312500e-04
1.858999999999999986e+01,-2.801274476646267719e-01,-2.874952851917242924e-01,-1.564621925354003906e-04,-2.642273902893066406e-04
1.860000000000000142e+01,-2.710919792094563796e-01,-2.871645867566557375e-01,-1.564621925354003906e-04,-2.643465995788574219e-04
1.860999999999999943e+01,-2.618056070081697384e-01,-2.868001693782851746e-01,-1.565217971801757812e-04,-2.643764019012451172e-04
1.862000000000000099e+01,-2.522867846293029293e-01,-2.863830298473503122e-01,-1.566410064697265625e-04,-2.645254135131835938e-04
1.862999999999999901e+01,-2.425544963143143884e-01,-2.858935859218736386e-01,-1.567006111145019531e-04,-2.646744251251220703e-04
1.864000000000000057e+01,-2.326281850245690563e-01,-2.853117807944702267e-01,-1.567900180816650391e-04,-2.647340297698974609e-04
1.865000000000000213e+01,-2.225276738899793494e-01,-2.846171986192003178e-01,-1.568496227264404297e-04,-2.648830413818359375e-04
1.866000000000000014e+01,-2.122730866640740732e-01,-2.837891823299699690e-01,-1.569390296936035156e-04,-2.649426460266113281e-04
1.867000000000000171e+01,-2.018847637369187986e-01,-2.828069592858077907e-01,-1.570284366607666016e-04,-2.651214599609375000e-04
1.867999999999999972e+01,-1.913831792621583927e-01,-2.816497659128929243e-01,-1.573264598846435547e-04,-2.652406692504882812e-04
1.869000000000000128e+01,-1.807888569416832569e-01,-2.802969753298010791e-01,-1.573562622070312500e-04,-2.652406692504882812e-04
1.869999999999999929e+01,-1.701222885897697157e-01,-2.787282213002741926e-01,-1.573562622070312500e-04,-2.654194831848144531e-04
1.871000000000000085e+01,-1.594038544873419005e-01,-2.769235200611974701e-01,-1.575946807861328125e-04,-2.656280994415283203e-04
1.871999999999999886e+01,-1.486537480937161482e-01,-2.748633858839690802e-01,-1.575946807861328125e-04,-2.656579017639160156e-04
1.873000000000000043e+01,-1.378919045939800136e-01,-2.725289408889293719e-01,-1.577436923980712891e-04,-2.657771110534667969e-04
1.874000000000000199e+01,-1.271379354579662557e-01,-2.699020157843438072e-01,-1.579225063323974609e-04,-2.658963203430175781e-04
1.875000000000000000e+01,-1.164110674521821043e-01,-2.669652433313884354e-01,-1.579225063323974609e-04,-2.659857273101806641e-04
1.876000000000000156e+01,-1.057300890231530344e-01,-2.637021402481070642e-01,-1.580715179443359375e-04,-2.660751342773437500e-04
1.876999999999999957e+01,-9.511330065046580406e-02,-2.600971820121882883e-01,-1.582503318786621094e-04,-2.661943435668945312e-04
1.878000000000000114e+01,-8.457847309388855095e-02,-2.561358647736841632e-01,-1.583099365234375000e-04,-2.662837505340576172e-04
1.878999999999999915e+01,-7.414280870265936574e-02,-2.518047610883231702e-01,-1.584589481353759766e-04,-2.664327621459960938e-04
1.880000000000000071e+01,-6.382291006524273835e-02,-2.470915630071486846e-01,-1.585483551025390625e-04,-2.664923667907714844e-04
1.880999999999999872e+01,-5.363475015750457375e-02,-2.419851210613881975e-01,-1.585483551025390625e-04,-2.666413784027099609e-04
1.882000000000000028e+01,-4.359364926108659499e-02,-2.364754709473592953e-01,-1.585483551025390625e-04,-2.667307853698730469e-04
1.883000000000000185e+01,-3.371425229308631921e-02,-2.305538574558958498e-01,-1.586079597473144531e-04,-2.668499946594238281e-04
1.883999999999999986e+01,-2.401050972186118473e-02,-2.242127507015853893e-01,-1.586675643920898438e-04,-2.669692039489746094e-04
1.885000000000000142e+01,-1.449565940468555345e-02,-2.174458586220937850e-01,-1.587569713592529297e-04,-2.670586109161376953e-04
1.885999999999999943e+01,-5.182209279856738599e-03,-2.102481358329764405e-01,-1.589655876159667969e-04,-2.672076225280761719e-04
1.887000000000000099e+01,3.918079648168013712e-03,-2.026157897013630693e-01,-1.591742038726806641e-04,-2.672374248504638672e-04
1.887999999999999901e+01,1.279421119012172196e-02,-1.945462854678029208e-01,-1.591145992279052734e-04,-2.673268318176269531e-04
1.889000000000000057e+01,2.143597255985585023e-02,-1.860383503010520634e-01,-1.592934131622314453e-04,-2.673566341400146484e-04
1.890000000000000213e+01,2.983395449305746919e-02,-1.770919776636694365e-01,-1.593828201293945312e-04,-2.675354480743408203e-04
1.891000000000000014e+01,3.797957317676182304e-02,-1.677084326558390404e-01,-1.595318317413330078e-04,-2.676844596862792969e-04
1.892000000000000171e+01,4.586509404406780704e-02,-1.578902586634344518e-01,-1.596212387084960938e-04,-2.677738666534423828e-04
1.892999999999999972e+01,5.348365759287136700e-02,-1.476412857902054954e-01,-1.597106456756591797e-04,-2.678930759429931641e-04
1.894000000000000128e+01,6.082930723841686177e-02,-1.369666414530514853e-01,-1.598000526428222656e-04,-2.679526805877685547e-04
1.894999999999999929e+01,6.789701889383863154e-02,-1.258727631303379613e-01,-1.599192619323730469e-04,-2.680718898773193359e-04
1.896000000000000085e+01,7.468273188412352659e-02,-1.143674129585717514e-01,-1.600384712219238281e-04,-2.681314945220947266e-04
1.896999999999999886e+01,8.118338133682564961e-02,-1.024596942730938709e-01,-1.601874828338623047e-04,-2.682805061340332031e-04
1.898000000000000043e+01,8.739692975841049927e-02,-9.016006900140542679e-02,-1.603364944458007812e-04,-2.683401107788085938e-04
1.899000000000000199e+01,9.332239936058070451e-02,-7.748037607322970366e-02,-1.603364944458007812e-04,-2.684593200683593750e-04
1.900000000000000000e+01,9.895990136490792621e-02,-6.443384739823510010e-02,-1.604259014129638672e-04,-2.686083316802978516e-04
1.901000000000000156e+01,1.043106639378827832e-01,-5.103512413493550837e-02,-1.603960990905761719e-04,-2.686679363250732422e-04
1.901999999999999957e+01,1.093770554186025701e-01,-3.730026810298445183e-02,-1.605451107025146484e-04,-2.688169479370117188e-04
1.903000000000000114e+01,1.141626020502336525e-01,-2.324676842293718973e-02,-1.606047153472900391e-04,-2.689659595489501953e-04
1.903999999999999915e+01,1.186719989958108096e-01,-8.893541381942754800e-03,-1.606345176696777344e-04,-2.690553665161132812e-04
1.905000000000000071e+01,1.229111125788259207e-01,5.739079012332054010e-03,-1.608729362487792969e-04,-2.691447734832763672e-04
1.905999999999999872e+01,1.268869728457545920e-01,2.062936060491147791e-02,-1.610517501831054688e-04,-2.692043781280517578e-04
1.907000000000000028e+01,1.306077540085413269e-01,3.575420658116376660e-02,-1.610517501831054688e-04,-2.692937850952148438e-04
1.908000000000000185e+01,1.340827425108728765e-01,5.108920251155611020e-02,-1.610815525054931641e-04,-2.693831920623779297e-04
1.908999999999999986e+01,1.373222910831541355e-01,6.660868005911987910e-02,-1.612305641174316406e-04,-2.695620059967041016e-04
1.910000000000000142e+01,1.403377580364035537e-01,8.228579765688864844e-02,-1.612603664398193359e-04,-2.695918083190917969e-04
1.910999999999999943e+01,1.431414317511191248e-01,9.809263913796102685e-02,-1.613497734069824219e-04,-2.697110176086425781e-04
1.912000000000000099e+01,1.457464407100514114e-01,1.140003296008712252e-01,-1.614987850189208984e-04,-2.697706222534179688e-04
1.912999999999999901e+01,1.481666486728223930e-01,1.299791695626489885e-01,-1.616179943084716797e-04,-2.698898315429687500e-04
1.914000000000000057e+01,1.504165389392447538e-01,1.459987825128601091e-01,-1.616775989532470703e-04,-2.700388431549072266e-04
1.915000000000000213e+01,1.525110849165410010e-01,1.620282796446658735e-01,-1.617670059204101562e-04,-2.701282501220703125e-04
1.916000000000000014e+01,1.544656160897280306e-01,1.780364304391647279e-01,-1.619458198547363281e-04,-2.701878547668457031e-04
1.917000000000000171e+01,1.562956736088217391e-01,1.939918466635075778e-01,-1.619458198547363281e-04,-2.703070640563964844e-04
1.917999999999999972e+01,1.580168681084559712e-01,2.098631638273188993e-01,-1.620650291442871094e-04,-2.703964710235595703e-04
1.919000000000000128e+01,1.596447333420117076e-01,2.256192285486514626e-01,-1.620054244995117188e-04,-2.704560756683349609e-04
1.919999999999999929e+01,1.611945877553671580e-01,2.412292763616790681e-01,-1.621842384338378906e-04,-2.706050872802734375e-04
1.921000000000000085e+01,1.626813996458116585e-01,2.566631057424799689e-01,-1.622438430786132812e-04,-2.706646919250488281e-04
1.921999999999999886e+01,1.641196644789811032e-01,2.718912373238615565e-01,-1.622140407562255859e-04,-2.707540988922119141e-04
1.923000000000000043e+01,1.655232915967488616e-01,2.868850622130087458e-01,-1.623034477233886719e-04,-2.709031105041503906e-04
1.924000000000000199e+01,1.669055075677257638e-01,3.016169698060272575e-01,-1.623928546905517578e-04,-2.709627151489257812e-04
1.925000000000000000e+01,1.682787729708228319e-01,3.160604595263690753e-01,-1.624822616577148438e-04,-2.711117267608642578e-04
1.926000000000000156e+01,1.696547155738550028e-01,3.301902325872783650e-01,-1.626014709472656250e-04,-2.711415290832519531e-04
1.926999999999999957e+01,1.710440800927017779e-01,3.439822635636630710e-01,-1.626610755920410156e-04,-2.712607383728027344e-04
1.928000000000000114e+01,1.724566931674388903e-01,3.574138535221157431e-01,-1.626610755920410156e-04,-2.713203430175781250e-04
1.928999999999999915e+01,1.739014436847354794e-01,3.704636644827040137e-01,-1.627206802368164062e-04,-2.713501453399658203e-04
1.930000000000000071e+01,1.753862769235556840e-01,3.831117371364827773e-01,-1.628398895263671875e-04,-2.714991569519042969e-04
1.930999999999999872e+01,1.769182015259900542e-01,3.953394930368999693e-01,-1.628696918487548828e-04,-2.715587615966796875e-04
1.932000000000000028e+01,1.785033065883595560e-01,4.071297245890878047e-01,-1.629590988159179688e-04,-2.717077732086181641e-04
1.933000000000000185e+01,1.801467888625689073e-01,4.184665728306238286e-01,-1.630485057830810547e-04,-2.717971801757812500e-04
1.933999999999999986e+01,1.818529869908075969e-01,4.293354967704915981e-01,-1.632273197174072266e-04,-2.718567848205566406e-04
1.935000000000000142e+01,1.836254219530267517e-01,4.397232352428530611e-01,-1.633167266845703125e-04,-2.719163894653320312e-04
1.935999999999999943e+01,1.854668415520984992e-01,4.496177639047999053e-01,-1.633167266845703125e-04,-2.720355987548828125e-04
1.937000000000000099e+01,1.873792678379340992e-01,4.590082486595183364e-01,-1.636147499084472656e-04,-2.721548080444335938e-04
1.937999999999999901e+01,1.893640461043118728e-01,4.678849970895807564e-01,-1.637339591979980469e-04,-2.722144126892089844e-04
1.939000000000000057e+01,1.914218942370502496e-01,4.762394093406474016e-01,-1.638531684875488281e-04,-2.723336219787597656e-04
1.940000000000000213e+01,1.935529513769899679e-01,4.840639296196195263e-01,-1.639425754547119141e-04,-2.724230289459228516e-04
1.941000000000000014e+01,1.957568252682058418e-01,4.913519989782976216e-01,-1.640021800994873047e-04,-2.725124359130859375e-04
1.942000000000000171e+01,1.980326374684666657e-01,4.980980103134846626e-01,-1.640319824218750000e-04,-2.725720405578613281e-04
1.942999999999999972e+01,2.003790643535434401e-01,5.042972680449591127e-01,-1.640319824218750000e-04,-2.726316452026367188e-04
1.944000000000000128e+01,2.027943783554184976e-01,5.099459468315858945e-01,-1.641213893890380859e-04,-2.727508544921875000e-04
1.944999999999999929e+01,2.052764815845901092e-01,5.150410589958327456e-01,-1.642107963562011719e-04,-2.728700637817382812e-04
1.946000000000000085e+01,2.078229382635638223e-01,5.195804226747079424e-01,-1.643300056457519531e-04,-2.729296684265136719e-04
1.946999999999999886e+01,2.104310031525360170e-01,5.235626340081452890e-01,-1.643896102905273438e-04,-2.729594707489013672e-04
1.948000000000000043e+01,2.130976432258985809e-01,5.269870466984712953e-01,-1.643896102905273438e-04,-2.730488777160644531e-04
1.949000000000000199e+01,2.158195597494800555e-01,5.298537502848488234e-01,-1.644492149353027344e-04,-2.731680870056152344e-04
1.950000000000000000e+01,2.185932009678253352e-01,5.321635586712513133e-01,-1.645386219024658203e-04,-2.732872962951660156e-04
1.951000000000000156e+01,2.214147755421311259e-01,5.339179971582712625e-01,-1.645386219024658203e-04,-2.732872962951660156e-04
1.951999999999999957e+01,2.242802582690681112e-01,5.351192974615578413e-01,-1.646876335144042969e-04,-2.734661102294921875e-04
1.953000000000000114e+01,2.271853943827362166e-01,5.357703938378541864e-01,-1.648068428039550781e-04,-2.734959125518798828e-04
1.953999999999999915e+01,2.301256990150360449e-01,5.358749238940390125e-01,-1.647174358367919922e-04,-2.736747264862060547e-04
1.955000000000000071e+01,2.330964531878670365e-01,5.354372326780477698e-01,-1.648664474487304688e-04,-2.736747264862060547e-04
1.955999999999999872e+01,2.360926974730917782e-01,5.344623788254565522e-01,-1.648068428039550781e-04,-2.738535404205322266e-04
1.957000000000000028e+01,2.391092211364188314e-01,5.329561449182546040e-01,-1.648962497711181641e-04,-2.738833427429199219e-04
1.958000000000000185e+01,2.421405506371959448e-01,5.309250481783156506e-01,-1.650154590606689453e-04,-2.739727497100830078e-04
1.958999999999999986e+01,2.451809337144063294e-01,5.283763551930739100e-01,-1.650750637054443359e-04,-2.740323543548583984e-04
1.960000000000000142e+01,2.482243235860833730e-01,5.253180960596185445e-01,-1.651644706726074219e-04,-2.741515636444091797e-04
1.960999999999999943e+01,2.512643610307378483e-01,5.217590801663902766e-01,-1.652538776397705078e-04,-2.742111682891845703e-04
1.962000000000000099e+01,2.542943547807234306e-01,5.177089131066352490e-01,-1.652538776397705078e-04,-2.743303775787353516e-04
1.962999999999999901e+01,2.573072632165181450e-01,5.131780116244126777e-01,-1.652538776397705078e-04,-2.743601799011230469e-04
1.964000000000000057e+01,2.602956754923392291e-01,5.081776184062418711e-01,-1.654028892517089844e-04,-2.744197845458984375e-04
1.965000000000000213e+01,2.632517939585777844e-01,5.027198146776188370e-01,-1.654326915740966797e-04,-2.745985984802246094e-04
1.966000000000000014e+01,2.661674185974012841e-01,4.968175298589669886e-01,-1.655817031860351562e-04,-2.746582031250000000e-04
1.967000000000000171e+01,2.690339336434327544e-01,4.904845479806347885e-01,-1.657307147979736328e-04,-2.747178077697753906e-04
1.967999999999999972e+01,2.718422977840476151e-01,4.837355092893997344e-01,-1.657307147979736328e-04,-2.748370170593261719e-04
1.969000000000000128e+01,2.745830385675955831e-01,4.765859063197092071e-01,-1.657903194427490234e-04,-2.748966217041015625e-04
1.969999999999999929e+01,2.772462511558912435e-01,4.690520742737825377e-01,-1.658797264099121094e-04,-2.750456333160400391e-04
1.971000000000000085e+01,2.798216034812143205e-01,4.611511733482560049e-01,-1.660883426666259766e-04,-2.750754356384277344e-04
1.971999999999999886e+01,2.822983464074621529e-01,4.529011646454579321e-01,-1.661181449890136719e-04,-2.751350402832031250e-04
1.973000000000000043e+01,2.846653316413152446e-01,4.443207765389419195e-01,-1.661479473114013672e-04,-2.752244472503662109e-04
1.974000000000000199e+01,2.869110360844908114e-01,4.354294630573553593e-01,-1.661777496337890625e-04,-2.753138542175292969e-04
1.975000000000000000e+01,2.890235937056548909e-01,4.262473531082301426e-01,-1.661479473114013672e-04,-2.754330635070800781e-04
1.976000000000000156e+01,2.909908347455942845e-01,4.167951908514879178e-01,-1.662969589233398438e-04,-2.754926681518554688e-04
1.976999999999999957e+01,2.928003321123059943e-01,4.070942674992425458e-01,-1.663267612457275391e-04,-2.756118774414062500e-04
1.978000000000000114e+01,2.944394546172082183e-01,3.971663450797076611e-01,-1.664161682128906250e-04,-2.757310867309570312e-04
1.978999999999999915e+01,2.958954265754580315e-01,3.870335728300290379e-01,-1.664757728576660156e-04,-2.757906913757324219e-04
1.980000000000000071e+01,2.971553930074228300e-01,3.767183972617222376e-01,-1.665353775024414062e-04,-2.757608890533447266e-04
1.980999999999999872e+01,2.982064892697682268e-01,3.662434675702317954e-01,-1.666247844696044922e-04,-2.759099006652832031e-04
1.982000000000000028e+01,2.990359142471359921e-01,3.556315372106031436e-01,-1.666843891143798828e-04,-2.759695053100585938e-04
1.983000000000000185e+01,2.996310061357636001e-01,3.449053632806743930e-01,-1.668334007263183594e-04,-2.760291099548339844e-04
1.983999999999999986e+01,2.999793192561577282e-01,3.340876053611644969e-01,-1.667141914367675781e-04,-2.761781215667724609e-04
1.985000000000000142e+01,3.000687006829199088e-01,3.232007255496964215e-01,-1.669526100158691406e-04,-2.762079238891601562e-04
1.985999999999999943e+01,2.998873654939674394e-01,3.122668910219243976e-01,-1.669824123382568359e-04,-2.762973308563232422e-04
1.987000000000000099e+01,2.994239696442867471e-01,3.013078802969243464e-01,-1.670420169830322266e-04,-2.763271331787109375e-04
1.987999999999999901e+01,2.986676792099864364e-01,2.903449947724373037e-01,-1.670420169830322266e-04,-2.764463424682617188e-04
1.989000000000000057e+01,2.976082351913624247e-01,2.793989763065427012e-01,-1.671314239501953125e-04,-2.765357494354248047e-04
1.990000000000000213e+01,2.962360134053102501e-01,2.684899313387384412e-01,-1.673400402069091797e-04,-2.766549587249755859e-04
1.991000000000000014e+01,2.945420784691530902e-01,2.576372626529111476e-01,-1.673400402069091797e-04,-2.767145633697509766e-04
1.992000000000000171e+01,2.925182321376559869e-01,2.468596081877695581e-01,-1.673102378845214844e-04,-2.768635749816894531e-04
1.992999999999999972e+01,2.901570551996734415e-01,2.361747877973674747e-01,-1.673996448516845703e-04,-2.768635749816894531e-04
1.994000000000000128e+01,2.874519439266371990e-01,2.255997563538904016e-01,-1.674294471740722656e-04,-2.769827842712402344e-04
1.994999999999999929e+01,2.843971402309132812e-01,2.151505642712781552e-01,-1.675784587860107422e-04,-2.770125865936279297e-04
1.996000000000000085e+01,2.809877563512827026e-01,2.048423240485080232e-01,-1.676678657531738281e-04,-2.771019935607910156e-04
1.996999999999999886e+01,2.772197949525222471e-01,1.946891816565628208e-01,-1.677572727203369141e-04,-2.771615982055664062e-04
1.998000000000000043e+01,2.730901638981207968e-01,1.847042934732425201e-01,-1.678764820098876953e-04,-2.772510051727294922e-04
1.999000000000000199e+01,2.685966879090783133e-01,1.748998060114383413e-01,-1.679360866546630859e-04,-2.773702144622802734e-04
2.000000000000000000e+01,2.637381159230173799e-01,1.652868396158587161e-01,-1.679360866546630859e-04,-2.773702144622802734e-04
2.001000000000000156e+01,2.585141262755479841e-01,1.558754736721264800e-01,-1.681149005889892578e-04,-2.774298191070556641e-04
2.001999999999999957e+01,2.529253290304708246e-01,1.466747339150985263e-01,-1.681149005889892578e-04,-2.775192260742187500e-04
2.003000000000000114e+01,2.469732667856232855e-01,1.376925803502040968e-01,-1.682043075561523438e-04,-2.776384353637695312e-04
2.003999999999999915e+01,2.406604137825581746e-01,1.289358960254389785e-01,-1.682639122009277344e-04,-2.776980400085449219e-04
2.005000000000000071e+01,2.339901741815759995e-01,1.204104755410497496e-01,-1.684129238128662109e-04,-2.777874469757080078e-04
2.005999999999999872e+01,2.269668791640758743e-01,1.121210141426596807e-01,-1.685619354248046875e-04,-2.778172492980957031e-04
2.007000000000000028e+01,2.195957841055900528e-01,1.040710954127575527e-01,-1.685917377471923828e-04,-2.779364585876464844e-04
2.008000000000000185e+01,2.118830640576291613e-01,9.626318097754234249e-02,-1.685619354248046875e-04,-2.780556678771972656e-04
2.008999999999999986e+01,2.038358101329771910e-01,8.869859785682070175e-02,-1.686811447143554688e-04,-2.781450748443603516e-04
2.010000000000000142e+01,1.954620236971608138e-01,8.137752890874862255e-02,-1.688003540039062500e-04,-2.782344818115234375e-04
2.010999999999999943e+01,1.867706113806581192e-01,7.429900167945636957e-02,-1.688301563262939453e-04,-2.782344818115234375e-04
2.012000000000000099e+01,1.777713773246214490e-01,6.746088153113928565e-02,-1.688301563262939453e-04,-2.782940864562988281e-04
2.012999999999999901e+01,1.684750157070611098e-01,6.085986445786890908e-02,-1.688599586486816406e-04,-2.784430980682373047e-04
2.014000000000000057e+01,1.588930996616407521e-01,5.449147570739112240e-02,-1.691281795501708984e-04,-2.785027027130126953e-04
2.015000000000000213e+01,1.490380695857981275e-01,4.835006995427688220e-02,-1.691877841949462891e-04,-2.784729003906250000e-04
2.016000000000000014e+01,1.389232170077850381e-01,4.242883873086195079e-02,-1.691877841949462891e-04,-2.786517143249511719e-04
2.017000000000000171e+01,1.285626664930070717e-01,3.671982183497900232e-02,-1.692771911621093750e-04,-2.786815166473388672e-04
2.017999999999999972e+01,1.179713523437266598e-01,3.121392727628026498e-02,-1.693367958068847656e-04,-2.787709236145019531e-04
2.019000000000000128e+01,1.071649918736025525e-01,2.590095771699709934e-02,-1.694560050964355469e-04,-2.788901329040527344e-04
2.019999999999999929e+01,9.616005299112428961e-02,2.076964622133413083e-02,-1.695752143859863281e-04,-2.789497375488281250e-04
2.021000000000000085e+01,8.497371676587556211e-02,1.580770110299455425e-02,-1.695454120635986328e-04,-2.789795398712158203e-04
2.021999999999999886e+01,7.362383433154465195e-02,1.100185991103720499e-02,-1.697540283203125000e-04,-2.790689468383789062e-04
2.023000000000000043e+01,6.212887780969459511e-02,6.337954014051457724e-03,-1.698136329650878906e-04,-2.791583538055419922e-04
2.024000000000000199e+01,5.050788527198311201e-02,1.800983010149638866e-03,-1.698434352874755859e-04,-2.792179584503173828e-04
2.025000000000000000e+01,3.878039987992966398e-02,-2.624801180423744912e-03,-1.698434352874755859e-04,-2.793371677398681641e-04
2.026000000000000156e+01,2.696640359971771983e-02,-6.955800989437137087e-03,-1.699030399322509766e-04,-2.793669700622558594e-04
2.026999999999999957e+01,1.508624564419522307e-02,-1.120897122940262003e-02,-1.700520515441894531e-04,-2.794265747070312500e-04
2.028000000000000114e+01,3.160566491949343311e-03,-1.540170976156245847e-02,-1.700520515441894531e-04,-2.795159816741943359e-04
2.028999999999999915e+01,-8.789781819402993357e-03,-1.955174201963797917e-02,-1.700818538665771484e-04,-2.795755863189697266e-04
2.030000000000000071e+01,-2.074381810931917591e-02,-2.367700108682023810e-02,-1.701712608337402344e-04,-2.796947956085205078e-04
2.030999999999999872e+01,-3.268051628636756828e-02,-2.779550478663943280e-02,-1.702308654785156250e-04,-2.797544002532958984e-04
2.032000000000000028e+01,-4.457889111525062398e-02,-3.192523026519669682e-02,-1.703500747680664062e-04,-2.797842025756835938e-04
2.033000000000000185e+01,-5.641808148746143420e-02,-3.608399273362535714e-02,-1.704692840576171875e-04,-2.799332141876220703e-04
2.033999999999999986e+01,-6.817743449721769267e-02,-4.028932286053315409e-02,-1.704394817352294922e-04,-2.800226211547851562e-04
2.035000000000000142e+01,-7.983658561491005501e-02,-4.455835061742743214e-02,-1.705288887023925781e-04,-2.800226211547851562e-04
2.035999999999999943e+01,-9.137553607718146287e-02,-4.890769374054407259e-02,-1.706182956695556641e-04,-2.801120281219482422e-04
2.037000000000000099e+01,-1.027747253612808498e-01,-5.335335431042659282e-02,-1.707077026367187500e-04,-2.801418304443359375e-04
2.037999999999999901e+01,-1.140150991042154643e-01,-5.791062287258694208e-02,-1.707077026367187500e-04,-2.802312374114990234e-04
2.039000000000000057e+01,-1.250781711936037877e-01,-6.259399222308142940e-02,-1.707673072814941406e-04,-2.802908420562744141e-04
2.040000000000000213e+01,-1.359460800587461993e-01,-6.741708083053093992e-02,-1.708865165710449219e-04,-2.803802490234375000e-04
2.041000000000000014e+01,-1.466016391540092556e-01,-7.239256595375914705e-02,-1.709163188934326172e-04,-2.804398536682128906e-04
2.042000000000000171e+01,-1.570283808720587537e-01,-7.753212771522678681e-02,-1.708865165710449219e-04,-2.804994583129882812e-04
2.042999999999999972e+01,-1.672105952159853304e-01,-8.284640201004873916e-02,-1.710057258605957031e-04,-2.805590629577636719e-04
2.044000000000000128e+01,-1.771333621656603352e-01,-8.834494398296198481e-02,-1.709759235382080078e-04,-2.806186676025390625e-04
2.044999999999999929e+01,-1.867825795280565748e-01,-9.403619916944670754e-02,-1.709759235382080078e-04,-2.806782722473144531e-04
2.046000000000000085e+01,-1.961449851113958587e-01,-9.992748420721271618e-02,-1.710951328277587891e-04,-2.807974815368652344e-04
2.046999999999999886e+01,-2.052081755061684054e-01,-1.060249733393821142e-01,-1.710951328277587891e-04,-2.808570861816406250e-04
2.048000000000000043e+01,-2.139606205795570038e-01,-1.123336921515577236e-01,-1.712739467620849609e-04,-2.809166908264160156e-04
2.049000000000000199e+01,-2.223916751011510151e-01,-1.188575161645340217e-01,-1.712739467620849609e-04,-2.809166908264160156e-04
2.050000000000000000e+01,-2.304915876393197893e-01,-1.255991739706084076e-01,-1.713335514068603516e-04,-2.810359001159667969e-04
2.051000000000000156e+01,-2.382515074469050143e-01,-1.325602536445130430e-01,-1.715123653411865234e-04,-2.810955047607421875e-04
2.051999999999999957e+01,-2.456634895090680781e-01,-1.397412120594475060e-01,-1.716017723083496094e-04,-2.812147140502929688e-04
2.053000000000000114e+01,-2.527204987171303707e-01,-1.471413853405728611e-01,-1.715421676635742188e-04,-2.813041210174560547e-04
2.053999999999999915e+01,-2.594164127218214211e-01,-1.547590010940439187e-01,-1.716017723083496094e-04,-2.813637256622314453e-04
2.055000000000000071e+01,-2.657460243008440970e-01,-1.625911908548445806e-01,-1.716911792755126953e-04,-2.814531326293945312e-04
2.055999999999999872e+01,-2.717050431600637750e-01,-1.706340027170983598e-01,-1.717209815979003906e-04,-2.814829349517822266e-04
2.057000000000000028e+01,-2.772900972709081424e-01,-1.788824137976810780e-01,-1.718401908874511719e-04,-2.815425395965576172e-04
2.058000000000000185e+01,-2.824987336202284260e-01,-1.873303423484398156e-01,-1.718699932098388672e-04,-2.815723419189453125e-04
2.058999999999999986e+01,-2.873294186580190313e-01,-1.959706597171295417e-01,-1.719892024993896484e-04,-2.816319465637207031e-04
2.060000000000000142e+01,-2.917815374434541420e-01,-2.047952020120476502e-01,-1.719892024993896484e-04,-2.817213535308837891e-04
2.060999999999999943e+01,-2.958553924264111790e-01,-2.137947817501011649e-01,-1.720786094665527344e-04,-2.818107604980468750e-04
2.062000000000000099e+01,-2.995521993504071112e-01,-2.229592003585220972e-01,-1.719892024993896484e-04,-2.818405628204345703e-04
2.062999999999999901e+01,-3.028740837854012602e-01,-2.322772610715934105e-01,-1.720488071441650391e-04,-2.819001674652099609e-04
2.064000000000000057e+01,-3.058240719921527795e-01,-2.417367844699173651e-01,-1.720488071441650391e-04,-2.820193767547607422e-04
2.065000000000000213e+01,-3.084060827045534414e-01,-2.513246248889743351e-01,-1.721680164337158203e-04,-2.820193767547607422e-04
2.066000000000000014e+01,-3.106249111081836878e-01,-2.610266921836723597e-01,-1.723170280456542969e-04,-2.820789813995361328e-04
2.067000000000000171e+01,-3.124862130995411102e-01,-2.708279752353546788e-01,-1.723766326904296875e-04,-2.821981906890869141e-04
2.067999999999999972e+01,-3.139964828004894737e-01,-2.807125710887372061e-01,-1.725256443023681641e-04,-2.822577953338623047e-04
2.069000000000000128e+01,-3.151630261503654551e-01,-2.906637188864792387e-01,-1.725852489471435547e-04,-2.822875976562500000e-04
2.069999999999999929e+01,-3.159939285759435501e-01,-3.006638407368676935e-01,-1.726746559143066406e-04,-2.824068069458007812e-04
2.071000000000000085e+01,-3.164980174211191044e-01,-3.106945888327427019e-01,-1.725554466247558594e-04,-2.825260162353515625e-04
2.071999999999999886e+01,-3.166848194797263205e-01,-3.207368986682390677e-01,-1.726150512695312500e-04,-2.825558185577392578e-04
2.073000000000000043e+01,-3.165645122177793702e-01,-3.307710501854392304e-01,-1.726150512695312500e-04,-2.825856208801269531e-04
2.074000000000000199e+01,-3.161478701718750672e-01,-3.407767353059449333e-01,-1.727342605590820312e-04,-2.827048301696777344e-04
2.075000000000000000e+01,-3.154462059967422793e-01,-3.507331327214927019e-01,-1.727938652038574219e-04,-2.827048301696777344e-04
2.076000000000000156e+01,-3.144713080792007620e-01,-3.606189872099779259e-01,-1.728832721710205078e-04,-2.827346324920654297e-04
2.076999999999999957e+01,-3.132353707599263015e-01,-3.704126998915958091e-01,-1.729428768157958984e-04,-2.828240394592285156e-04
2.078000000000000114e+01,-3.117509269596968613e-01,-3.800924154655826448e-01,-1.730918884277343750e-04,-2.828836441040039062e-04
2.078999999999999915e+01,-3.100307768629673721e-01,-3.896361155611265392e-01,-1.730918884277343750e-04,-2.829730510711669922e-04
2.080000000000000071e+01,-3.080879140528701710e-01,-3.990217164454804566e-01,-1.732110977172851562e-04,-2.830624580383300781e-04
2.080999999999999872e+01,-3.059354543309669161e-01,-4.082271642890525354e-01,-1.733005046844482422e-04,-2.831220626831054688e-04
2.082000000000000028e+01,-3.035865651431366996e-01,-4.172305305570939149e-01,-1.732110977172851562e-04,-2.831518650054931641e-04
2.083000000000000185e+01,-3.010543976982539838e-01,-4.260101049983657240e-01,-1.732707023620605469e-04,-2.832412719726562500e-04
2.083999999999999986e+01,-2.983520228790095263e-01,-4.345444847808328515e-01,-1.733303070068359375e-04,-2.833306789398193359e-04
2.085000000000000142e+01,-2.954923716918972376e-01,-4.428126587122789282e-01,-1.734495162963867188e-04,-2.833306789398193359e-04
2.085999999999999943e+01,-2.924881808274706896e-01,-4.507940855607566188e-01,-1.735091209411621094e-04,-2.834200859069824219e-04
2.087000000000000099e+01,-2.893519462564403399e-01,-4.584687638136475951e-01,-1.735985279083251953e-04,-2.834796905517578125e-04
2.087999999999999901e+01,-2.860958802704098858e-01,-4.658172957181310192e-01,-1.735091209411621094e-04,-2.834498882293701172e-04
2.089000000000000057e+01,-2.827318767847429859e-01,-4.728209430487209652e-01,-1.735985279083251953e-04,-2.835094928741455078e-04
2.090000000000000213e+01,-2.792714832019110860e-01,-4.794616744673815822e-01,-1.736879348754882812e-04,-2.836287021636962891e-04
2.091000000000000014e+01,-2.757258796273565626e-01,-4.857222032211451213e-01,-1.737773418426513672e-04,-2.837181091308593750e-04
2.092000000000000171e+01,-2.721058629899976711e-01,-4.915860193874701523e-01,-1.738667488098144531e-04,-2.837777137756347656e-04
2.092999999999999972e+01,-2.684218382785296120e-01,-4.970374127795741392e-01,-1.738667488098144531e-04,-2.838671207427978516e-04
2.094000000000000128e+01,-2.646838148072593877e-01,-5.020614894568891096e-01,-1.739561557769775391e-04,-2.839565277099609375e-04
2.094999999999999929e+01,-2.609014071554602299e-01,-5.066441821098377485e-01,-1.740157604217529297e-04,-2.840459346771240234e-04
2.096000000000000085e+01,-2.570838403660148930e-01,-5.107722547008836100e-01,-1.741051673889160156e-04,-2.840757369995117188e-04
2.096999999999999886e+01,-2.532399583984011326e-01,-5.144333025944938242e-01,-1.741945743560791016e-04,-2.841353416442871094e-04
2.098000000000000043e+01,-2.493782363716580130e-01,-5.176157475146906384e-01,-1.742839813232421875e-04,-2.841949462890625000e-04
2.099000000000000199e+01,-2.455067922435965055e-01,-5.203088322694088275e-01,-1.743435859680175781e-04,-2.842545509338378906e-04
2.100000000000000000e+01,-2.416334021249861574e-01,-5.225026105059030757e-01,-1.743435859680175781e-04,-2.843141555786132812e-04
2.101000000000000156e+01,-2.377655154524392633e-01,-5.241879358522414378e-01,-1.743435859680175781e-04,-2.843737602233886719e-04
2.101999999999999957e+01,-2.339102695215699579e-01,-5.253564508368309127e-01,-1.744627952575683594e-04,-2.844333648681640625e-04
2.103000000000000114e+01,-2.300745043059743145e-01,-5.260005747365711359e-01,-1.744031906127929688e-04,-2.844333648681640625e-04
2.103999999999999915e+01,-2.262647751956088915e-01,-5.261134928904962482e-01,-1.745820045471191406e-04,-2.845227718353271484e-04
2.105000000000000071e+01,-2.224873644827598806e-01,-5.256891466340998242e-01,-1.745522022247314453e-04,-2.845525741577148438e-04
2.105999999999999872e+01,-2.187482905955646928e-01,-5.247222249488843193e-01,-1.745820045471191406e-04,-2.846121788024902344e-04
2.107000000000000028e+01,-2.150533145734148388e-01,-5.232081584165575450e-01,-1.746714115142822266e-04,-2.847015857696533203e-04
2.108000000000000185e+01,-2.114079439748902389e-01,-5.211431152489310881e-01,-1.747310161590576172e-04,-2.847611904144287109e-04
2.108999999999999986e+01,-2.078174330693780547e-01,-5.185240007228376635e-01,-1.747012138366699219e-04,-2.847611904144287109e-04
2.110000000000000142e+01,-2.042867799601877643e-01,-5.153484592929788999e-01,-1.747012138366699219e-04,-2.848803997039794922e-04
2.110999999999999943e+01,-2.008207194654198779e-01,-5.116148807122172792e-01,-1.747310161590576172e-04,-2.849102020263671875e-04
2.112000000000000099e+01,-1.974237125847924934e-01,-5.073224093027045578e-01,-1.747310161590576172e-04,-2.850294113159179688e-04
2.112999999999999901e+01,-1.940999312265145049e-01,-5.024709578170044599e-01,-1.748800277709960938e-04,-2.851188182830810547e-04
2.114000000000000057e+01,-1.908532392248179776e-01,-4.970612248639060815e-01,-1.749396324157714844e-04,-2.851486206054687500e-04
2.115000000000000213e+01,-1.876871687500515917e-01,-4.910947168932964235e-01,-1.750290393829345703e-04,-2.852380275726318359e-04
2.116000000000000014e+01,-1.846048925417228259e-01,-4.845737743410404308e-01,-1.750588417053222656e-04,-2.852976322174072266e-04
2.117000000000000171e+01,-1.816091918484049050e-01,-4.775016021235694574e-01,-1.750588417053222656e-04,-2.852678298950195312e-04
2.117999999999999972e+01,-1.787024202346532697e-01,-4.698823043599984484e-01,-1.751184463500976562e-04,-2.853274345397949219e-04
2.119000000000000128e+01,-1.758864633297732294e-01,-4.617209232552292875e-01,-1.752376556396484375e-04,-2.854168415069580078e-04
2.119999999999999929e+01,-1.731626951701629447e-01,-4.530234816918070617e-01,-1.753568649291992188e-04,-2.854168415069580078e-04
2.121000000000000085e+01,-1.705319309394577876e-01,-4.437970294715662956e-01,-1.754164695739746094e-04,-2.855658531188964844e-04
2.121999999999999886e+01,-1.679943774712973070e-01,-4.340496920742244469e-01,-1.754462718963623047e-04,-2.855956554412841797e-04
2.123000000000000043e+01,-1.655495812528872401e-01,-4.237907220236991623e-01,-1.755356788635253906e-04,-2.856552600860595703e-04
2.124000000000000199e+01,-1.631963753535537465e-01,-4.130305514128939648e-01,-1.755356788635253906e-04,-2.856850624084472656e-04
2.125000000000000000e+01,-1.609328263475370557e-01,-4.017808443867476598e-01,-1.755356788635253906e-04,-2.857744693756103516e-04
2.126000000000000156e+01,-1.587561816163728379e-01,-3.900545491486133165e-01,-1.755952835083007812e-04,-2.858042716979980469e-04
2.126999999999999957e+01,-1.566628198553282336e-01,-3.778659461483931392e-01,-1.756250858306884766e-04,-2.858638763427734375e-04
2.128000000000000114e+01,-1.546482041438257682e-01,-3.652306933565354630e-01,-1.757144927978515625e-04,-2.859234809875488281e-04
2.128999999999999915e+01,-1.527068420040731123e-01,-3.521658631472037171e-01,-1.758337020874023438e-04,-2.859532833099365234e-04
2.130000000000000071e+01,-1.508322510558865737e-01,-3.386899727330010546e-01,-1.757740974426269531e-04,-2.860128879547119141e-04
2.130999999999999872e+01,-1.490169355867153878e-01,-3.248230014136460064e-01,-1.757740974426269531e-04,-2.860426902770996094e-04
2.132000000000000028e+01,-1.472523724868008699e-01,-3.105863968330830893e-01,-1.758933067321777344e-04,-2.861320972442626953e-04
2.133000000000000185e+01,-1.455290117985071352e-01,-2.960030634121887938e-01,-1.759529113769531250e-04,-2.861618995666503906e-04
2.133999999999999986e+01,-1.438362899528752292e-01,-2.810973358069276951e-01,-1.761615276336669922e-04,-2.862811088562011719e-04
2.135000000000000142e+01,-1.421626606580430607e-01,-2.658949307526836114e-01,-1.761019229888916016e-04,-2.863407135009765625e-04
2.135999999999999943e+01,-1.404956418303080490e-01,-2.504228796037396010e-01,-1.761615276336669922e-04,-2.863407135009765625e-04
2.137000000000000099e+01,-1.388218806810822825e-01,-2.347094387631648849e-01,-1.762509346008300781e-04,-2.864003181457519531e-04
2.137999999999999901e+01,-1.371272363762760516e-01,-2.187839787642859302e-01,-1.762807369232177734e-04,-2.864599227905273438e-04
2.139000000000000057e+01,-1.353968799369828502e-01,-2.026768523904644015e-01,-1.762509346008300781e-04,-2.865493297576904297e-04
2.140000000000000213e+01,-1.336154107555354298e-01,-1.864192426200297903e-01,-1.763105392456054688e-04,-2.866685390472412109e-04
2.141000000000000014e+01,-1.317669823200677548e-01,-1.700429994255900634e-01,-1.763105392456054688e-04,-2.866685390472412109e-04
2.142000000000000171e+01,-1.298354516569436012e-01,-1.535804479450362248e-01,-1.762807369232177734e-04,-2.866983413696289062e-04
2.142999999999999972e+01,-1.278045221949033750e-01,-1.370642048229258336e-01,-1.764595508575439453e-04,-2.867579460144042969e-04
2.144000000000000128e+01,-1.256579028468898518e-01,-1.205269751694677260e-01,-1.765489578247070312e-04,-2.867579460144042969e-04
2.144999999999999929e+01,-1.233794638735700444e-01,-1.040013538484687444e-01,-1.766979694366455078e-04,-2.868771553039550781e-04
2.146000000000000085e+01,-1.209533921317275384e-01,-8.751962795050712007e-02,-1.767873764038085938e-04,-2.869069576263427734e-04
2.146999999999999886e+01,-1.183643405145862332e-01,-7.111358682565317724e-02,-1.768171787261962891e-04,-2.870261669158935547e-04
2.148000000000000043e+01,-1.155975686128695584e-01,-5.481434325755015630e-02,-1.768469810485839844e-04,-2.870559692382812500e-04
2.149000000000000199e+01,-1.126390726583540863e-01,-3.865216803794323253e-02,-1.769065856933593750e-04,-2.871155738830566406e-04
2.150000000000000000e+01,-1.094756991380617661e-01,-2.265634489826317752e-02,-1.768767833709716797e-04,-2.872049808502197266e-04
2.151000000000000156e+01,-1.060952458796596970e-01,-6.855040391491233273e-03,-1.769661903381347656e-04,-2.872049808502197266e-04
2.151999999999999957e+01,-1.024865461543661704e-01,8.724805179543462103e-03,-1.769661903381347656e-04,-2.872943878173828125e-04
2.153000000000000114e+01,-9.863953475566755724e-02,2.405756546717648797e-02,-1.769661903381347656e-04,-2.872943878173828125e-04
2.153999999999999915e+01,-9.454529908389461279e-02,3.911899798884017898e-02,-1.770257949829101562e-04,-2.873837947845458984e-04
2.155000000000000071e+01,-9.019611380484096608e-02,5.388629481195328363e-02,-1.770555973052978516e-04,-2.874433994293212891e-04
2.155999999999999872e+01,-8.558546113077374062e-02,6.833811675194237378e-02,-1.770555973052978516e-04,-2.874433994293212891e-04
2.157000000000000028e+01,-8.070803806375960454e-02,8.245461288598233962e-02,-1.770555973052978516e-04,-2.875626087188720703e-04
2.158000000000000185e+01,-7.555975220253957625e-02,9.621742749500669656e-02,-1.771450042724609375e-04,-2.875924110412597656e-04
2.158999999999999986e+01,-7.013770703392013806e-02,1.096096955979477400e-01,-1.771748065948486328e-04,-2.876520156860351562e-04
2.160000000000000142e+01,-6.444018118733148281e-02,1.226160328430903057e-01,-1.771748065948486328e-04,-2.877116203308105469e-04
2.160999999999999943e+01,-5.846659943899427253e-02,1.352225166405891243e-01,-1.772046089172363281e-04,-2.877414226531982422e-04
2.162000000000000099e+01,-5.221750044267602087e-02,1.474166649423440112e-01,-1.772046089172363281e-04,-2.878308296203613281e-04
2.162999999999999901e+01,-4.569450047172216728e-02,1.591874114438598664e-01,-1.773536205291748047e-04,-2.878904342651367188e-04
2.164000000000000057e+01,-3.890025617255406243e-02,1.705250809026523373e-01,-1.775026321411132812e-04,-2.879202365875244141e-04
2.165000000000000213e+01,-3.183842634955907913e-02,1.814213642665341020e-01,-1.775026321411132812e-04,-2.879500389099121094e-04
2.166000000000000014e+01,-2.451363414566738730e-02,1.918692950959918209e-01,-1.775920391082763672e-04,-2.880692481994628906e-04
2.167000000000000171e+01,-1.693143044233953037e-02,2.018632280671433521e-01,-1.777708530426025391e-04,-2.880096435546875000e-04
2.167999999999999972e+01,-9.098259052348168369e-03,2.113988199381870436e-01,-1.777112483978271484e-04,-2.880990505218505859e-04
2.169000000000000128e+01,-1.021423986267771047e-03,2.204730130243834629e-01,-1.777708530426025391e-04,-2.880990505218505859e-04
2.169999999999999929e+01,7.290940641673780177e-03,2.290840216174709898e-01,-1.777708530426025391e-04,-2.882480621337890625e-04
2.171000000000000085e+01,1.582989810094891092e-02,2.372313209629179631e-01,-1.777708530426025391e-04,-2.883076667785644531e-04
2.171999999999999886e+01,2.458573402923145551e-02,2.449156383759811262e-01,-1.778900623321533203e-04,-2.883374691009521484e-04
2.173000000000000043e+01,3.354797881160372086e-02,2.521389463399469899e-01,-1.779794692993164062e-04,-2.884268760681152344e-04
2.174000000000000199e+01,4.270542790161437063e-02,2.589044566224998345e-01,-1.780688762664794922e-04,-2.884864807128906250e-04
2.175000000000000000e+01,5.204616004295242043e-02,2.652166151754130619e-01,-1.780986785888671875e-04,-2.885162830352783203e-04
2.176000000000000156e+01,6.155755329421554178e-02,2.710810976300691011e-01,-1.780986785888671875e-04,-2.885460853576660156e-04
2.176999999999999957e+01,7.122630302199936536e-02,2.765048003540817589e-01,-1.781582832336425781e-04,-2.885460853576660156e-04
2.178000000000000114e+01,8.103843660072150568e-02,2.814958326988508674e-01,-1.781582832336425781e-04,-2.886950969696044922e-04
2.178999999999999915e+01,9.097932953581475135e-02,2.860635052534786227e-01,-1.782774925231933594e-04,-2.886950969696044922e-04
2.180000000000000071e+01,1.010337236317143395e-01,2.902183126435768368e-01,-1.783370971679687500e-04,-2.887845039367675781e-04
2.180999999999999872e+01,1.111857470558247074e-01,2.939719109623845084e-01,-1.784265041351318359e-04,-2.887845039367675781e-04
2.182000000000000028e+01,1.214189345183970120e-01,2.973370923948736588e-01,-1.784861087799072266e-04,-2.888739109039306641e-04
2.183000000000000185e+01,1.317162560032159591e-01,3.003277459731913401e-01,-1.784861087799072266e-04,-2.889037132263183594e-04
2.183999999999999986e+01,1.420601443983408596e-01,3.029588172050570738e-01,-1.784861087799072266e-04,-2.889633178710937500e-04
2.185000000000000142e+01,1.524325315887480048e-01,3.052462539984821532e-01,-1.785755157470703125e-04,-2.890229225158691406e-04
2.185999999999999943e+01,1.628148886287694441e-01,3.072069449625045023e-01,-1.785755157470703125e-04,-2.890229225158691406e-04
2.187000000000000099e+01,1.731882709351288407e-01,3.088586490315652910e-01,-1.786053180694580078e-04,-2.890825271606445312e-04
2.187999999999999901e+01,1.835333716155551076e-01,3.102199124417284737e-01,-1.787543296813964844e-04,-2.890825271606445312e-04
2.189000000000000057e+01,1.938305770837715214e-01,3.113099812196841731e-01,-1.788139343261718750e-04,-2.892017364501953125e-04
2.190000000000000213e+01,2.040600325191490871e-01,3.121486994113823465e-01,-1.788437366485595703e-04,-2.892017364501953125e-04
2.191000000000000014e+01,2.142017093674094541e-01,3.127564036408129189e-01,-1.789331436157226562e-04,-2.892613410949707031e-04
2.192000000000000171e+01,2.242354789349605415e-01,3.131538091775617483e-01,-1.789331436157226562e-04,-2.892613410949707031e-04
2.192999999999999972e+01,2.341411905759515355e-01,3.133618897925784519e-01,-1.789331436157226562e-04,-2.893507480621337891e-04
2.194000000000000128e+01,2.438987498758736217e-01,3.134017574210984369e-01,-1.789331436157226562e-04,-2.894103527069091797e-04
2.194999999999999929e+01,2.534882022593017425e-01,3.132945356676827275e-01,-1.789927482604980469e-04,-2.894997596740722656e-04
2.196000000000000085e+01,2.628898156490854787e-01,3.130612352652432651e-01,-1.789629459381103516e-04,-2.895295619964599609e-04
2.196999999999999886e+01,2.720841601762308271e-01,3.127226343640144846e-01,-1.790225505828857422e-04,-2.895295619964599609e-04
2.198000000000000043e+01,2.810521900266744755e-01,3.122991576818756054e-01,-1.791417598724365234e-04,-2.896189689636230469e-04
2.199000000000000199e+01,2.897753190554370750e-01,3.118107654614413193e-01,-1.791417598724365234e-04,-2.896189689636230469e-04
2.200000000000000000e+01,2.982354929697414447e-01,3.112768488171563930e-01,-1.791417598724365234e-04,-2.897381782531738281e-04
2.201000000000000156e+01,3.064152572034650746e-01,3.107161326031868676e-01,-1.792907714843750000e-04,-2.897679805755615234e-04
2.201999999999999957e+01,3.142978177428769060e-01,3.101465897640954816e-01,-1.793801784515380859e-04,-2.898573875427246094e-04
2.203000000000000114e+01,3.218670961748296699e-01,3.095853652440715420e-01,-1.793205738067626953e-04,-2.898871898651123047e-04
2.203999999999999915e+01,3.291077779777764611e-01,3.090487107818270518e-01,-1.795589923858642578e-04,-2.899765968322753906e-04
2.205000000000000071e+01,3.360053534785042983e-01,3.085519313766592608e-01,-1.795589923858642578e-04,-2.899765968322753906e-04
2.205999999999999872e+01,3.425461523401518438e-01,3.081093419710178583e-01,-1.795887947082519531e-04,-2.900660037994384766e-04
2.207000000000000028e+01,3.487173717082656665e-01,3.077342339801189541e-01,-1.796782016754150391e-04,-2.900958061218261719e-04
2.208000000000000185e+01,3.545070977082839803e-01,3.074388521523115370e-01,-1.796782016754150391e-04,-2.901256084442138672e-04
2.208999999999999986e+01,3.599043219360486545e-01,3.072343789858443808e-01,-1.797378063201904297e-04,-2.900958061218261719e-04
2.210000000000000142e+01,3.648989525843611692e-01,3.071309272147829672e-01,-1.797676086425781250e-04,-2.901554107666015625e-04
2.210999999999999943e+01,3.694818214996973271e-01,3.071375382297400480e-01,-1.797378063201904297e-04,-2.902746200561523438e-04
2.212000000000000099e+01,3.736446878198835253e-01,3.072621853900234790e-01,-1.798272132873535156e-04,-2.903044223785400391e-04
2.212999999999999901e+01,3.773802386416196808e-01,3.075117813659689614e-01,-1.798272132873535156e-04,-2.904236316680908203e-04
2.214000000000000057e+01,3.806820878300897770e-01,3.078921877994887923e-01,-1.799464225769042969e-04,-2.904534339904785156e-04
2.215000000000000213e+01,3.835447733326733943e-01,3.084082265503924059e-01,-1.800060272216796875e-04,-2.905130386352539062e-04
2.216000000000000014e+01,3.859637536689590198e-01,3.090636915396844930e-01,-1.800358295440673828e-04,-2.905130386352539062e-04
2.217000000000000171e+01,3.879354044307535276e-01,3.098613596983869622e-01,-1.799464225769042969e-04,-2.905726432800292969e-04
2.217999999999999972e+01,3.894570144734944561e-01,3.108030016123055628e-01,-1.800656318664550781e-04,-2.906024456024169922e-04
2.219000000000000128e+01,3.905267834717799369e-01,3.118893890606375674e-01,-1.800358295440673828e-04,-2.906620502471923828e-04
2.219999999999999929e+01,3.911438191153812083e-01,3.131203022706378070e-01,-1.801848411560058594e-04,-2.906918525695800781e-04
2.221000000000000085e+01,3.913081364637459036e-01,3.144945327439625515e-01,-1.801848411560058594e-04,-2.907514572143554688e-04
2.221999999999999886e+01,3.910206575238479587e-01,3.160098848035940988e-01,-1.801252365112304688e-04,-2.907514572143554688e-04
2.223000000000000043e+01,3.902832120542457095e-01,3.176631741941000620e-01,-1.802146434783935547e-04,-2.908110618591308594e-04
2.224000000000000199e+01,3.890985390520605991e-01,3.194502246023727121e-01,-1.803040504455566406e-04,-2.908706665039062500e-04
2.225000000000000000e+01,3.874702888262567257e-01,3.213658622411201815e-01,-1.802742481231689453e-04,-2.909600734710693359e-04
2.226000000000000156e+01,3.854030251409137908e-01,3.234039093046697788e-01,-1.803934574127197266e-04,-2.909898757934570312e-04
2.226999999999999957e+01,3.829022270427053232e-01,3.255571769189561371e-01,-1.804828643798828125e-04,-2.910196781158447266e-04
2.228000000000000114e+01,3.799742900459657791e-01,3.278174581034714041e-01,-1.804828643798828125e-04,-2.911090850830078125e-04
2.228999999999999915e+01,3.766265254460941514e-01,3.301755227210860233e-01,-1.804232597351074219e-04,-2.911984920501708984e-04
2.230000000000000071e+01,3.728671579418666449e-01,3.326211141488200074e-01,-1.804530620574951172e-04,-2.911686897277832031e-04
2.230999999999999872e+01,3.687053204520377991e-01,3.351429494601060322e-01,-1.805424690246582031e-04,-2.912878990173339844e-04
2.232000000000000028e+01,3.641510449596339627e-01,3.377287250559281029e-01,-1.805722713470458984e-04,-2.913773059844970703e-04
2.233000000000000185e+01,3.592152496744563939e-01,3.403651272790835236e-01,-1.806318759918212891e-04,-2.914071083068847656e-04
2.233999999999999986e+01,3.539097214215270459e-01,3.430378498765611073e-01,-1.807212829589843750e-04,-2.914667129516601562e-04
2.235000000000000142e+01,3.482470916040354414e-01,3.457316210234844256e-01,-1.807212829589843750e-04,-2.914965152740478516e-04
2.235999999999999943e+01,3.422408077317731778e-01,3.484302367950813939e-01,-1.807808876037597656e-04,-2.914965152740478516e-04
2.237000000000000099e+01,3.359050976005532041e-01,3.511166059037594267e-01,-1.809597015380859375e-04,-2.916455268859863281e-04
2.237999999999999901e+01,3.292549273651328989e-01,3.537728038442671252e-01,-1.809298992156982422e-04,-2.916753292083740234e-04
2.239000000000000057e+01,3.223059531361330277e-01,3.563801372138446499e-01,-1.809895038604736328e-04,-2.917051315307617188e-04
2.240000000000000213e+01,3.150744663212728947e-01,3.589192180351186146e-01,-1.811087131500244141e-04,-2.917349338531494141e-04
2.241000000000000014e+01,3.075773330649800297e-01,3.613700477103025110e-01,-1.810789108276367188e-04,-2.917647361755371094e-04
2.242000000000000171e+01,2.998319283798245305e-01,3.637121098741869507e-01,-1.811385154724121094e-04,-2.918243408203125000e-04
2.242999999999999972e+01,2.918560659831253012e-01,3.659244707231417704e-01,-1.811087131500244141e-04,-2.918839454650878906e-04
2.244000000000000128e+01,2.836679244178558212e-01,3.679858861136570125e-01,-1.811981201171875000e-04,-2.919137477874755859e-04
2.244999999999999929e+01,2.752859708526154137e-01,3.698749133905898656e-01,-1.811981201171875000e-04,-2.920329570770263672e-04
2.246000000000000085e+01,2.667288836088906323e-01,3.715700264481257564e-01,-1.811981201171875000e-04,-2.920627593994140625e-04
2.246999999999999886e+01,2.580154747061154108e-01,3.730497321039570324e-01,-1.812875270843505859e-04,-2.920627593994140625e-04
2.248000000000000043e+01,2.491646134775258870e-01,3.742926859269851136e-01,-1.812875270843505859e-04,-2.920925617218017578e-04
2.249000000000000199e+01,2.401951522137070749e-01,3.752778071078859412e-01,-1.813471317291259766e-04,-2.920925617218017578e-04
2.250000000000000000e+01,2.311258564238671265e-01,3.759843863736435088e-01,-1.814365386962890625e-04,-2.921223640441894531e-04
2.251000000000000156e+01,2.219753379160231133e-01,3.763921915276197683e-01,-1.814663410186767578e-04,-2.921819686889648438e-04
2.251999999999999957e+01,2.127619934099904964e-01,3.764815652068633223e-01,-1.815259456634521484e-04,-2.922415733337402344e-04
2.253000000000000114e+01,2.035039490598508638e-01,3.762335144569535217e-01,-1.815259456634521484e-04,-2.922713756561279297e-04
2.253999999999999915e+01,1.942190102734938362e-01,3.756297926715870816e-01,-1.815259456634521484e-04,-2.923011779785156250e-04
2.255000000000000071e+01,1.849246177372237954e-01,3.746529723443274285e-01,-1.815259456634521484e-04,-2.923905849456787109e-04
2.255999999999999872e+01,1.756378093496167303e-01,3.732865087306086460e-01,-1.816153526306152344e-04,-2.923905849456787109e-04
2.257000000000000028e+01,1.663751876560458642e-01,3.715147947023356712e-01,-1.817345619201660156e-04,-2.924501895904541016e-04
2.258000000000000185e+01,1.571528924984011699e-01,3.693232071110281178e-01,-1.816451549530029297e-04,-2.924799919128417969e-04
2.258999999999999986e+01,1.479865784320323896e-01,3.666981444801821755e-01,-1.817345619201660156e-04,-2.925992012023925781e-04
2.260000000000000142e+01,1.388913955637435249e-01,3.636270587066891546e-01,-1.816749572753906250e-04,-2.926290035247802734e-04
2.260999999999999943e+01,1.298819742943301270e-01,3.600984787311324875e-01,-1.817345619201660156e-04,-2.926588058471679688e-04
2.262000000000000099e+01,1.209724120502606026e-01,3.561020295984022033e-01,-1.817345619201660156e-04,-2.927482128143310547e-04
2.262999999999999901e+01,1.121762618447778997e-01,3.516284463683732597e-01,-1.819729804992675781e-04,-2.927482128143310547e-04
2.264000000000000057e+01,1.035065215247764486e-01,3.466695847270439557e-01,-1.820325851440429688e-04,-2.927780151367187500e-04
2.265000000000000213e+01,9.497562323829010500e-02,3.412184287699190355e-01,-1.821517944335937500e-04,-2.928078174591064453e-04
2.266000000000000014e+01,8.659542212387988380e-02,3.352690972309394501e-01,-1.820623874664306641e-04,-2.928972244262695312e-04
2.267000000000000171e+01,7.837718362524569160e-02,3.288168491053856668e-01,-1.820921897888183594e-04,-2.929270267486572266e-04
2.267999999999999972e+01,7.033156894302851347e-02,3.218580893168357937e-01,-1.821815967559814453e-04,-2.929866313934326172e-04
2.269000000000000128e+01,6.246861787096211205e-02,3.143903755227352437e-01,-1.822412014007568359e-04,-2.929866313934326172e-04
2.269999999999999929e+01,5.479772871638237397e-02,3.064124266505096617e-01,-1.822412014007568359e-04,-2.931058406829833984e-04
2.271000000000000085e+01,4.732763454552151722e-02,2.979241341296910983e-01,-1.823604106903076172e-04,-2.931058406829833984e-04
2.271999999999999886e+01,4.006637674238752722e-02,2.889265753370488521e-01,-1.823902130126953125e-04,-2.931356430053710938e-04
2.273000000000000043e+01,3.302127332343131327e-02,2.794220317434549794e-01,-1.823306083679199219e-04,-2.931952476501464844e-04
2.274000000000000199e+01,2.619888517844827167e-02,2.694140091460427988e-01,-1.823902130126953125e-04,-2.932548522949218750e-04
2.275000000000000000e+01,1.960497659549821289e-02,2.589072637784306519e-01,-1.823902130126953125e-04,-2.932846546173095703e-04
2.276000000000000156e+01,1.324447440123518310e-02,2.479078301389717742e-01,-1.825392246246337891e-04,-2.933442592620849609e-04
2.276999999999999957e+01,7.121421581537289852e-03,2.364230550456149216e-01,-1.824498176574707031e-04,-2.933442592620849609e-04
2.278000000000000114e+01,1.238930958388541120e-03,2.244616321070265763e-01,-1.825392246246337891e-04,-2.934336662292480469e-04
2.278999999999999915e+01,-4.400865973027023002e-03,2.120336422784500630e-01,-1.824498176574707031e-04,-2.934336662292480469e-04
2.280000000000000071e+01,-9.796867861128388116e-03,1.991505923742820094e-01,-1.825690269470214844e-04,-2.934336662292480469e-04
2.280999999999999872e+01,-1.494905569770882924e-02,1.858254585603721365e-01,-1.826286315917968750e-04,-2.935230731964111328e-04
2.282000000000000028e+01,-1.985853941164786307e-02,1.720727240053682994e-01,-1.826286315917968750e-04,-2.935528755187988281e-04
2.283000000000000185e+01,-2.452760564339179217e-02,1.579084194493693971e-01,-1.826286315917968750e-04,-2.936422824859619141e-04
2.283999999999999986e+01,-2.895975583479499724e-02,1.433501529157144849e-01,-1.826286315917968750e-04,-2.936422824859619141e-04
2.285000000000000142e+01,-3.315974223762146317e-02,1.284171388598111252e-01,-1.826286315917968750e-04,-2.937316894531250000e-04
2.285999999999999943e+01,-3.713358981392383962e-02,1.131302107931328876e-01,-1.827776432037353516e-04,-2.937912940979003906e-04
2.287000000000000099e+01,-4.088861171106777243e-02,9.751182833762525592e-02,-1.828074455261230469e-04,-2.938508987426757812e-04
2.287999999999999901e+01,-4.443340680626653438e-02,8.158606264680264009e-02,-1.828074455261230469e-04,-2.938807010650634766e-04
2.289000000000000057e+01,-4.777784535476081035e-02,6.537856962332451449e-02,-1.828074455261230469e-04,-2.939105033874511719e-04
2.290000000000000213e+01,-5.093303452303030165e-02,4.891653826499638841e-02,-1.828670501708984375e-04,-2.938807010650634766e-04
2.291000000000000014e+01,-5.391126652325534813e-02,3.222861940975978168e-02,-1.829564571380615234e-04,-2.939701080322265625e-04
2.292000000000000171e+01,-5.672594742734341638e-02,1.534483143426649231e-02,-1.830458641052246094e-04,-2.939999103546142578e-04
2.292999999999999972e+01,-5.939150415271234745e-02,-1.703560984375486302e-03,-1.830756664276123047e-04,-2.940297126770019531e-04
2.294000000000000128e+01,-6.192327156712160857e-02,-1.888419198231764545e-02,-1.829862594604492188e-04,-2.940893173217773438e-04
2.294999999999999929e+01,-6.433736400157630264e-02,-3.616375856235393149e-02,-1.830458641052246094e-04,-2.940893173217773438e-04
2.296000000000000085e+01,-6.665052638779107863e-02,-5.350821000719231668e-02,-1.831054687500000000e-04,-2.942085266113281250e-04
2.296999999999999886e+01,-6.887997299591093470e-02,-7.088295266727633048e-02,-1.829862594604492188e-04,-2.942085266113281250e-04
2.298000000000000043e+01,-7.104321691954980367e-02,-8.825306629533839764e-02,-1.831054687500000000e-04,-2.942681312561035156e-04
2.299000000000000199e+01,-7.315789103829603568e-02,-1.055835312660645675e-01,-1.831650733947753906e-04,-2.942681312561035156e-04
2.300000000000000000e+01,-7.524156881733229385e-02,-1.228394561496643500e-01,-1.831650733947753906e-04,-2.943277359008789062e-04
2.301000000000000156e+01,-7.731158594928555505e-02,-1.399863046048944459e-01,-1.831650733947753906e-04,-2.944171428680419922e-04
2.301999999999999957e+01,-7.938487030884784634e-02,-1.569901121761806961e-01,-1.831352710723876953e-04,-2.944469451904296875e-04
2.303000000000000114e+01,-8.147778152636733773e-02,-1.738176914954899510e-01,-1.832246780395507812e-04,-2.945363521575927734e-04
2.303999999999999915e+01,-8.360596572294565210e-02,-1.904368189919954657e-01,-1.832246780395507812e-04,-2.945065498352050781e-04
2.305000000000000071e+01,-8.578422704853172487e-02,-2.068164010716005419e-01,-1.831650733947753906e-04,-2.945959568023681641e-04
2.305999999999999872e+01,-8.802641843958493306e-02,-2.229266168980237606e-01,-1.832246780395507812e-04,-2.946257591247558594e-04
2.307000000000000028e+01,-9.034535345596649003e-02,-2.387390354527466618e-01,-1.832246780395507812e-04,-2.946257591247558594e-04
2.308000000000000185e+01,-9.275273738309912364e-02,-2.542267092778970339e-01,-1.833438873291015625e-04,-2.946257591247558594e-04
2.308999999999999986e+01,-9.525912118114296390e-02,-2.693642404600870566e-01,-1.834332942962646484e-04,-2.946853637695312500e-04
2.310000000000000142e+01,-9.787387256615141806e-02,-2.841278261286650508e-01,-1.834630966186523438e-04,-2.946853637695312500e-04
2.310999999999999943e+01,-1.006051666762541597e-01,-2.984952803944365685e-01,-1.834630966186523438e-04,-2.947449684143066406e-04
2.312000000000000099e+01,-1.034599926659137692e-01,-3.124460374081103331e-01,-1.835227012634277344e-04,-2.948045730590820312e-04
2.312999999999999901e+01,-1.064441733194300549e-01,-3.259611391008017667e-01,-1.835227012634277344e-04,-2.948641777038574219e-04
2.314000000000000057e+01,-1.095623979564596256e-01,-3.390232073407831725e-01,-1.836121082305908203e-04,-2.948939800262451172e-04
2.315000000000000213e+01,-1.128182635035198389e-01,-3.516164067731652465e-01,-1.836121082305908203e-04,-2.949237823486328125e-04
2.316000000000000014e+01,-1.162143236959903708e-01,-3.637263983406629486e-01,-1.835227012634277344e-04,-2.949535846710205078e-04
2.317000000000000171e+01,-1.197521431357576327e-01,-3.753402874949369750e-01,-1.836717128753662109e-04,-2.949833869934082031e-04
2.317999999999999972e+01,-1.234323549271779535e-01,-3.864465684872800399e-01,-1.838505268096923828e-04,-2.950727939605712891e-04
2.319000000000000128e+01,-1.272547192927254711e-01,-3.970350680446445013e-01,-1.837909221649169922e-04,-2.951323986053466797e-04
2.319999999999999929e+01,-1.312181840007773381e-01,-4.070968865732138009e-01,-1.839399337768554688e-04,-2.951323986053466797e-04
2.321000000000000085e+01,-1.353209421126403411e-01,-4.166243433353294390e-01,-1.839399337768554688e-04,-2.951622009277343750e-04
2.321999999999999886e+01,-1.395604892562325450e-01,-4.256109219673349098e-01,-1.838505268096923828e-04,-2.952516078948974609e-04
2.323000000000000043e+01,-1.439336760549808636e-01,-4.340512214047220763e-01,-1.838505268096923828e-04,-2.952218055725097656e-04
2.324000000000000199e+01,-1.484367592522236878e-01,-4.419409083749619160e-01,-1.839399337768554688e-04,-2.953112125396728516e-04
2.325000000000000000e+01,-1.530654479514786948e-01,-4.492766751892155463e-01,-1.839399337768554688e-04,-2.953112125396728516e-04
2.326000000000000156e+01,-1.578149451008874216e-01,-4.560562025316480250e-01,-1.840293407440185547e-04,-2.953112125396728516e-04
2.326999999999999957e+01,-1.626799854823789693e-01,-4.622781258574794605e-01,-1.840293407440185547e-04,-2.954304218292236328e-04
2.328000000000000114e+01,-1.676548684614399543e-01,-4.679420070937124754e-01,-1.840293407440185547e-04,-2.954304218292236328e-04
2.328999999999999915e+01,-1.727334861884293193e-01,-4.730483107874682847e-01,-1.840293407440185547e-04,-2.954602241516113281e-04
2.330000000000000071e+01,-1.779093473351550103e-01,-4.775983845416841289e-01,-1.840591430664062500e-04,-2.955198287963867188e-04
2.330999999999999872e+01,-1.831755964723358332e-01,-4.815944437613461360e-01,-1.841187477111816406e-04,-2.955198287963867188e-04
2.332000000000000028e+01,-1.885250279367507720e-01,-4.850395609102887140e-01,-1.844167709350585938e-04,-2.955794334411621094e-04
2.333000000000000185e+01,-1.939501005551015622e-01,-4.879376543580488113e-01,-1.843273639678955078e-04,-2.956390380859375000e-04
2.333999999999999986e+01,-1.994429397325132025e-01,-4.902934880470268819e-01,-1.844763755798339844e-04,-2.956390380859375000e-04
2.335000000000000142e+01,-2.049953435441354277e-01,-4.921126673498891768e-01,-1.844167709350585938e-04,-2.956688404083251953e-04
2.335999999999999943e+01,-2.105987847342624675e-01,-4.934016381716673783e-01,-1.845061779022216797e-04,-2.957582473754882812e-04
2.337000000000000099e+01,-2.162444069477850728e-01,-4.941676903582824520e-01,-1.845359802246093750e-04,-2.957582473754882812e-04
2.337999999999999901e+01,-2.219230220595586611e-01,-4.944189596198665937e-01,-1.845955848693847656e-04,-2.957880496978759766e-04
2.339000000000000057e+01,-2.276251044207017737e-01,-4.941644311316199523e-01,-1.845955848693847656e-04,-2.958178520202636719e-04
2.340000000000000213e+01,-2.333407842510517305e-01,-4.934139426864365685e-01,-1.846849918365478516e-04,-2.958476543426513672e-04
2.341000000000000014e+01,-2.390598413510235942e-01,-4.921781867058206417e-01,-1.846849918365478516e-04,-2.958476543426513672e-04
2.342000000000000171e+01,-2.447716982602763935e-01,-4.904687111669775446e-01,-1.847147941589355469e-04,-2.958476543426513672e-04
2.342999999999999972e+01,-2.504654150315062666e-01,-4.882979171132260099e-01,-1.847445964813232422e-04,-2.959668636322021484e-04
2.344000000000000128e+01,-2.561296855115922644e-01,-4.856790537800134699e-01,-1.847445964813232422e-04,-2.959668636322021484e-04
2.344999999999999929e+01,-2.617528355000510176e-01,-4.826262099502945380e-01,-1.848340034484863281e-04,-2.960264682769775391e-04
2.346000000000000085e+01,-2.673228252613163991e-01,-4.791542986850237940e-01,-1.848936080932617188e-04,-2.960264682769775391e-04
2.346999999999999886e+01,-2.728272544934156052e-01,-4.752790387923180870e-01,-1.849532127380371094e-04,-2.961158752441406250e-04
2.348000000000000043e+01,-2.782533719628164093e-01,-4.710169291940484171e-01,-1.849532127380371094e-04,-2.961456775665283203e-04
2.349000000000000199e+01,-2.835880916235035132e-01,-4.663852148662767094e-01,-1.850426197052001953e-04,-2.961456775665283203e-04
2.350000000000000000e+01,-2.888180123789316767e-01,-4.614018475398186103e-01,-1.850724220275878906e-04,-2.962052822113037109e-04
2.351000000000000156e+01,-2.939294437107214386e-01,-4.560854395124181448e-01,-1.851320266723632812e-04,-2.962350845336914062e-04
2.351999999999999957e+01,-2.989084382600610823e-01,-4.504552077578639069e-01,-1.852214336395263672e-04,-2.962350845336914062e-04
2.353000000000000114e+01,-3.037408295683330373e-01,-4.445309119520967078e-01,-1.852214336395263672e-04,-2.963244915008544922e-04
2.353999999999999915e+01,-3.084122765501311481e-01,-4.383327844776911952e-01,-1.851916313171386719e-04,-2.963244915008544922e-04
2.355000000000000071e+01,-3.129083127211531035e-01,-4.318814545520170967e-01,-1.852810382843017578e-04,-2.964138984680175781e-04
2.355999999999999872e+01,-3.172144012386661216e-01,-4.251978657953673357e-01,-1.852214336395263672e-04,-2.964735031127929688e-04
2.357000000000000028e+01,-3.213159936759969471e-01,-4.183031899365680650e-01,-1.853108406066894531e-04,-2.964138984680175781e-04
2.358000000000000185e+01,-3.251985931534980279e-01,-4.112187357173732738e-01,-1.852810382843017578e-04,-2.965331077575683594e-04
2.358999999999999986e+01,-3.288478198140343256e-01,-4.039658560784215036e-01,-1.852810382843017578e-04,-2.965331077575683594e-04
2.360000000000000142e+01,-3.322494803763899607e-01,-3.965658508475441435e-01,-1.853108406066894531e-04,-2.966523170471191406e-04
2.360999999999999943e+01,-3.353896321232966438e-01,-3.890398789248675215e-01,-1.853704452514648438e-04,-2.966523170471191406e-04
2.362000000000000099e+01,-3.382546542029483683e-01,-3.814088615742774468e-01,-1.854598522186279297e-04,-2.966523170471191406e-04
2.362999999999999901e+01,-3.408313123630162256e-01,-3.736933947175858362e-01,-1.854300498962402344e-04,-2.967119216918945312e-04
2.364000000000000057e+01,-3.431068233313558924e-01,-3.659136640881471836e-01,-1.855492591857910156e-04,-2.967417240142822266e-04
2.365000000000000213e+01,-3.450689175720055846e-01,-3.580893638731234008e-01,-1.854896545410156250e-04,-2.968311309814453125e-04
2.366000000000000014e+01,-3.467058945211871634e-01,-3.502396249059378519e-01,-1.854896545410156250e-04,-2.968907356262207031e-04
2.367000000000000171e+01,-3.480066745006737405e-01,-3.423829486069057682e-01,-1.855492591857910156e-04,-2.969205379486083984e-04
2.367999999999999972e+01,-3.489608487651883473e-01,-3.345371444440823350e-01,-1.855492591857910156e-04,-2.969205379486083984e-04
2.369000000000000128e+01,-3.495587208868493057e-01,-3.267192787130074882e-01,-1.855492591857910156e-04,-2.969503402709960938e-04
2.369999999999999929e+01,-3.497913432110764664e-01,-3.189456300990093918e-01,-1.855790615081787109e-04,-2.969503402709960938e-04
2.371000000000000085e+01,-3.496505502054805259e-01,-3.112316494911264164e-01,-1.855492591857910156e-04,-2.970695495605468750e-04
2.371999999999999886e+01,-3.491289856133026892e-01,-3.035919276764648123e-01,-1.856386661529541016e-04,-2.970695495605468750e-04
2.373000000000000043e+01,-3.482201245022675806e-01,-2.960401693867114603e-01,-1.856088638305664062e-04,-2.970993518829345703e-04
2.374000000000000199e+01,-3.469182917841502900e-01,-2.885891714004770736e-01,-1.857280731201171875e-04,-2.971291542053222656e-04
2.375000000000000000e+01,-3.452186772899332734e-01,-2.812508043936299273e-01,-1.858472824096679688e-04,-2.971291542053222656e-04
2.376000000000000156e+01,-3.431173467459620041e-01,-2.740359993197484800e-01,-1.858174800872802734e-04,-2.972185611724853516e-04
2.376999999999999957e+01,-3.406112504310877531e-01,-2.669547357323390768e-01,-1.859366893768310547e-04,-2.972185611724853516e-04
2.378000000000000114e+01,-3.376982299325175241e-01,-2.600160314924011562e-01,-1.859962940216064453e-04,-2.972483634948730469e-04
2.378999999999999915e+01,-3.343770227329949107e-01,-2.532279340411345836e-01,-1.859962940216064453e-04,-2.973079681396484375e-04
2.380000000000000071e+01,-3.306472657180009600e-01,-2.465975118434954594e-01,-1.860260963439941406e-04,-2.973079681396484375e-04
2.380999999999999872e+01,-3.265094978287253480e-01,-2.401308456463324970e-01,-1.860857009887695312e-04,-2.973675727844238281e-04
2.382000000000000028e+01,-3.219651623345383684e-01,-2.338330187730020548e-01,-1.860857009887695312e-04,-2.973675727844238281e-04
2.383000000000000185e+01,-3.170166083482303110e-01,-2.277081075001960719e-01,-1.861751079559326172e-04,-2.974271774291992188e-04
2.383999999999999986e+01,-3.116670929168240400e-01,-2.217591690649460545e-01,-1.861155033111572266e-04,-2.974569797515869141e-04
2.385000000000000142e+01,-3.059207821464767774e-01,-2.159882302704300705e-01,-1.861453056335449219e-04,-2.974867820739746094e-04
2.385999999999999943e+01,-2.997827533247283127e-01,-2.103962734109668109e-01,-1.861453056335449219e-04,-2.975463867187500000e-04
2.387000000000000099e+01,-2.932589957559580407e-01,-2.049832235382280932e-01,-1.861453056335449219e-04,-2.975463867187500000e-04
2.387999999999999901e+01,-2.863564124010739009e-01,-1.997479336116892712e-01,-1.861453056335449219e-04,-2.976357936859130859e-04
2.389000000000000057e+01,-2.790828195940012191e-01,-1.946881722064698617e-01,-1.862645149230957031e-04,-2.976357936859130859e-04
2.390000000000000213e+01,-2.714469470236029469e-01,-1.898006102952418395e-01,-1.862049102783203125e-04,-2.976655960083007812e-04
2.391000000000000014e+01,-2.634584350812557707e-01,-1.850808119024471565e-01,-1.861751079559326172e-04,-2.976655960083007812e-04
2.392000000000000171e+01,-2.551278312449673513e-01,-1.805232260456409721e-01,-1.863241195678710938e-04,-2.977252006530761719e-04
2.392999999999999972e+01,-2.464665830600103191e-01,-1.761211839548732505e-01,-1.863837242126464844e-04,-2.977848052978515625e-04
2.394000000000000128e+01,-2.374870287323760654e-01,-1.718669000560618665e-01,-1.864731311798095703e-04,-2.978444099426269531e-04
2.394999999999999929e+01,-2.282023833717113093e-01,-1.677514799192542372e-01,-1.864731311798095703e-04,-2.978146076202392578e-04
2.396000000000000085e+01,-2.186267213593368897e-01,-1.637649344718466460e-01,-1.865327358245849609e-04,-2.979338169097900391e-04
2.396999999999999886e+01,-2.087749533085339337e-01,-1.598962029319676015e-01,-1.866221427917480469e-04,-2.979338169097900391e-04
2.398000000000000043e+01,-1.986627982076224208e-01,-1.561331837418607760e-01,-1.865327358245849609e-04,-2.979636192321777344e-04
2.399000000000000199e+01,-1.883067489721338139e-01,-1.524627761031155659e-01,-1.864731311798095703e-04,-2.979934215545654297e-04
2.400000000000000000e+01,-1.777240322957795438e-01,-1.488709309439594231e-01,-1.864433288574218750e-04,-2.980232238769531250e-04
2.401000000000000156e+01,-1.669325617950581098e-01,-1.453427128213018449e-01,-1.864433288574218750e-04,-2.980828285217285156e-04
2.401999999999999957e+01,-1.559508848435775807e-01,-1.418623721816016925e-01,-1.865625381469726562e-04,-2.981126308441162109e-04
2.403000000000000114e+01,-1.447981230296775945e-01,-1.384134280901187231e-01,-1.866221427917480469e-04,-2.981424331665039062e-04
2.403999999999999915e+01,-1.334939065481139941e-01,-1.349787609189529725e-01,-1.866817474365234375e-04,-2.981722354888916016e-04
2.405000000000000071e+01,-1.220583033875804468e-01,-1.315407136491707762e-01,-1.866817474365234375e-04,-2.982616424560546875e-04
2.406000000000000227e+01,-1.105117448370560862e-01,-1.280811992316889525e-01,-1.867115497589111328e-04,-2.982914447784423828e-04
2.407000000000000028e+01,-9.887494229772893217e-02,-1.245818223875188036e-01,-1.867413520812988281e-04,-2.983212471008300781e-04
2.408000000000000185e+01,-8.716880817357690325e-02,-1.210239947484783862e-01,-1.868009567260742188e-04,-2.983212471008300781e-04
2.408999999999999986e+01,-7.541436938508587484e-02,-1.173890622951010987e-01,-1.867413520812988281e-04,-2.983510494232177734e-04
2.410000000000000142e+01,-6.363268247446582371e-02,-1.136584303272510366e-01,-1.868903636932373047e-04,-2.983808517456054688e-04
2.410999999999999943e+01,-5.184474862958940444e-02,-1.098136887181476312e-01,-1.870393753051757812e-04,-2.984404563903808594e-04
2.412000000000000099e+01,-4.007142997105477694e-02,-1.058367352337898498e-01,-1.870691776275634766e-04,-2.984702587127685547e-04
2.412999999999999901e+01,-2.833336869360056007e-02,-1.017098942984119292e-01,-1.870691776275634766e-04,-2.985298633575439453e-04
2.414000000000000057e+01,-1.665090952703539989e-02,-9.741603035733358007e-02,-1.870393753051757812e-04,-2.985298633575439453e-04
2.415000000000000213e+01,-5.044025990508224644e-03,-9.293865499497706850e-02,-1.870989799499511719e-04,-2.985298633575439453e-04
2.416000000000000014e+01,6.467746819034944812e-03,-8.826202337224869909e-02,-1.870393753051757812e-04,-2.986192703247070312e-04
2.417000000000000171e+01,1.786537584473161383e-02,-8.337122427042210904e-02,-1.871585845947265625e-04,-2.986192703247070312e-04
2.417999999999999972e+01,2.913038753607483447e-02,-7.825226004350327447e-02,-1.872181892395019531e-04,-2.986788749694824219e-04
2.419000000000000128e+01,4.024491928924645023e-02,-7.289211614475517298e-02,-1.872479915618896484e-04,-2.986490726470947266e-04
2.419999999999999929e+01,5.119176488605034492e-02,-6.727882018689797239e-02,-1.872181892395019531e-04,-2.987384796142578125e-04
2.421000000000000085e+01,6.195441539743397341e-02,-6.140149298193778304e-02,-1.872479915618896484e-04,-2.987384796142578125e-04
2.421999999999999886e+01,7.251709398042600896e-02,-5.525038876012215716e-02,-1.872479915618896484e-04,-2.987086772918701172e-04
2.423000000000000043e+01,8.286478654477573424e-02,-4.881692774486573461e-02,-1.873373985290527344e-04,-2.988576889038085938e-04
2.424000000000000199e+01,9.298326800515369084e-02,-4.209372057043631044e-02,-1.873970031738281250e-04,-2.988874912261962891e-04
2.425000000000000000e+01,1.028591250157129683e-01,-3.507458596131678846e-02,-1.873970031738281250e-04,-2.988576889038085938e-04
2.426000000000000156e+01,1.124797751232248788e-01,-2.775456158493090630e-02,-1.873970031738281250e-04,-2.989768981933593750e-04
2.426999999999999957e+01,1.218334840564802707e-01,-2.012991088831089445e-02,-1.875460147857666016e-04,-2.990067005157470703e-04
2.428000000000000114e+01,1.309093812162254455e-01,-1.219812596473849459e-02,-1.875460147857666016e-04,-2.990067005157470703e-04
2.428999999999999915e+01,1.396974725593940758e-01,-3.957925717313732876e-03,-1.875460147857666016e-04,-2.990365028381347656e-04
2.430000000000000071e+01,1.481886537817434790e-01,4.590746545142751836e-03,-1.875758171081542969e-04,-2.990365028381347656e-04
2.431000000000000227e+01,1.563747214503805050e-01,1.344672899627466327e-02,-1.876056194305419922e-04,-2.990961074829101562e-04
2.432000000000000028e+01,1.642483849740139779e-01,2.260764645245014887e-02,-1.876354217529296875e-04,-2.991557121276855469e-04
2.433000000000000185e+01,1.718032772710419986e-01,3.206991730022798470e-02,-1.876950263977050781e-04,-2.991855144500732422e-04
2.433999999999999986e+01,1.790339660097580166e-01,4.182875964660234119e-02,-1.876950263977050781e-04,-2.992153167724609375e-04
2.435000000000000142e+01,1.859359640294119820e-01,5.187819801417861004e-02,-1.876056194305419922e-04,-2.992451190948486328e-04
2.435999999999999943e+01,1.925057397032295115e-01,6.221106950041230960e-02,-1.876950263977050781e-04,-2.992749214172363281e-04
2.437000000000000099e+01,1.987407265223339048e-01,7.281902998392109083e-02,-1.876950263977050781e-04,-2.993643283843994141e-04
2.437999999999999901e+01,2.046393315312114436e-01,8.369256075315054111e-02,-1.876950263977050781e-04,-2.993643283843994141e-04
2.439000000000000057e+01,2.102009426308079632e-01,9.482097520934157364e-02,-1.877546310424804688e-04,-2.993643283843994141e-04
2.440000000000000213e+01,2.154259332009590133e-01,1.061924277440390585e-01,-1.877546310424804688e-04,-2.994239330291748047e-04
2.441000000000000014e+01,2.203156652572635377e-01,1.177939226299282577e-01,-1.879036426544189453e-04,-2.994537353515625000e-04
2.442000000000000171e+01,2.248724872817204623e-01,1.296113286852431101e-01,-1.879036426544189453e-04,-2.994239330291748047e-04
2.442999999999999972e+01,2.290997299489745120e-01,1.416293943444612846e-01,-1.879036426544189453e-04,-2.995133399963378906e-04
2.444000000000000128e+01,2.330016953519885581e-01,1.538317701265753124e-01,-1.879632472991943359e-04,-2.994537353515625000e-04
2.444999999999999929e+01,2.365836417224410904e-01,1.662010346080350920e-01,-1.880526542663574219e-04,-2.995133399963378906e-04
2.446000000000000085e+01,2.398517608132813006e-01,1.787187290423017383e-01,-1.881122589111328125e-04,-2.995729446411132812e-04
2.446999999999999886e+01,2.428131487606554617e-01,1.913653982388762165e-01,-1.880526542663574219e-04,-2.995729446411132812e-04
2.448000000000000043e+01,2.454757695027829367e-01,2.041206405027428117e-01,-1.880526542663574219e-04,-2.995729446411132812e-04
2.449000000000000199e+01,2.478484095230960860e-01,2.169631669598502677e-01,-1.881122589111328125e-04,-2.997219562530517578e-04
2.450000000000000000e+01,2.499406258905233491e-01,2.298708692703380074e-01,-1.881420612335205078e-04,-2.997219562530517578e-04
2.451000000000000156e+01,2.517626842348011929e-01,2.428208990501511122e-01,-1.881420612335205078e-04,-2.997517585754394531e-04
2.451999999999999957e+01,2.533254918204582706e-01,2.557897536264046034e-01,-1.881420612335205078e-04,-2.997517585754394531e-04
2.453000000000000114e+01,2.546405200825730408e-01,2.687533747282143115e-01,-1.882314682006835938e-04,-2.997517585754394531e-04
2.453999999999999915e+01,2.557197248637164688e-01,2.816872503666504324e-01,-1.882314682006835938e-04,-2.997815608978271484e-04
2.455000000000000071e+01,2.565754570650858879e-01,2.945665290695880234e-01,-1.882314682006835938e-04,-2.998113632202148438e-04
2.456000000000000227e+01,2.572203739061412753e-01,3.073661337051539766e-01,-1.882910728454589844e-04,-2.998709678649902344e-04
2.457000000000000028e+01,2.576673453851426876e-01,3.200608820152475165e-01,-1.882910728454589844e-04,-2.999007701873779297e-04
2.458000000000000185e+01,2.579293593613087854e-01,3.326256094343812975e-01,-1.883506774902343750e-04,-2.999305725097656250e-04
2.458999999999999986e+01,2.580194291881344193e-01,3.450352894940646453e-01,-1.884996891021728516e-04,-2.999603748321533203e-04
2.460000000000000142e+01,2.579505043699458211e-01,3.572651511061920582e-01,-1.884102821350097656e-04,-2.999603748321533203e-04
2.460999999999999943e+01,2.577353837960177363e-01,3.692907932883626732e-01,-1.884698867797851562e-04,-3.000497817993164062e-04
2.462000000000000099e+01,2.573866358753910122e-01,3.810882919916716571e-01,-1.885294914245605469e-04,-3.000497817993164062e-04
2.462999999999999901e+01,2.569165254893853723e-01,3.926342990025765700e-01,-1.886188983917236328e-04,-3.001093864440917969e-04
2.464000000000000057e+01,2.563369490502291903e-01,4.039061313264281639e-01,-1.886487007141113281e-04,-3.001391887664794922e-04
2.465000000000000213e+01,2.556593780396553273e-01,4.148818503934398327e-01,-1.887083053588867188e-04,-3.001391887664794922e-04
2.466000000000000014e+01,2.548948121660888355e-01,4.255403297795647410e-01,-1.887083053588867188e-04,-3.001391887664794922e-04
2.467000000000000171e+01,2.540537422215395358e-01,4.358613111346869573e-01,-1.887679100036621094e-04,-3.002285957336425781e-04
2.467999999999999972e+01,2.531461215453659208e-01,4.458254496645563947e-01,-1.887679100036621094e-04,-3.002583980560302734e-04
2.469000000000000128e+01,2.521813480341369429e-01,4.554143466877536572e-01,-1.888871192932128906e-04,-3.002882003784179688e-04
2.469999999999999929e+01,2.511682527277233068e-01,4.646105741436772352e-01,-1.887977123260498047e-04,-3.002882003784179688e-04
2.471000000000000085e+01,2.501150988720104440e-01,4.733976861321170793e-01,-1.888275146484375000e-04,-3.003180027008056641e-04
2.471999999999999886e+01,2.490295859187892091e-01,4.817602243175594379e-01,-1.889467239379882812e-04,-3.004372119903564453e-04
2.473000000000000043e+01,2.479188610846172203e-01,4.896837138926929400e-01,-1.887977123260498047e-04,-3.004372119903564453e-04
2.474000000000000199e+01,2.467895356076579005e-01,4.971546535895539076e-01,-1.887977123260498047e-04,-3.004074096679687500e-04
2.475000000000000000e+01,2.456477055353473993e-01,5.041604998958031381e-01,-1.887679100036621094e-04,-3.004670143127441406e-04
2.476000000000000156e+01,2.444989757685306353e-01,5.106896469996571319e-01,-1.888275146484375000e-04,-3.004670143127441406e-04
2.476999999999999957e+01,2.433484867530322227e-01,5.167314031745922076e-01,-1.888275146484375000e-04,-3.004968166351318359e-04
2.478000000000000114e+01,2.422009424190515181e-01,5.222759652553135012e-01,-1.888573169708251953e-04,-3.005862236022949219e-04
2.478999999999999915e+01,2.410606391337739574e-01,5.273143914700720858e-01,-1.888573169708251953e-04,-3.005266189575195312e-04
2.480000000000000071e+01,2.399314946088081379e-01,5.318385738665120099e-01,-1.888871192932128906e-04,-3.005862236022949219e-04
2.481000000000000227e+01,2.388170761458170144e-01,5.358412110402471784e-01,-1.891255378723144531e-04,-3.006458282470703125e-04
2.482000000000000028e+01,2.377206276639977078e-01,5.393157817975935409e-01,-1.891255378723144531e-04,-3.006756305694580078e-04
2.483000000000000185e+01,2.366450950484720039e-01,5.422565202779602300e-01,-1.891255378723144531e-04,-3.007054328918457031e-04
2.483999999999999986e+01,2.355931492969128849e-01,5.446583931229201925e-01,-1.891255378723144531e-04,-3.007650375366210938e-04
2.485000000000000142e+01,2.345672070183854041e-01,5.465170791850361143e-01,-1.891255378723144531e-04,-3.007948398590087891e-04
2.485999999999999943e+01,2.335694484465925258e-01,5.478289515940454324e-01,-1.891255378723144531e-04,-3.008246421813964844e-04
2.487000000000000099e+01,2.326018321542629441e-01,5.485910630763914941e-01,-1.890361309051513672e-04,-3.008246421813964844e-04
2.487999999999999901e+01,2.316661053886592547e-01,5.488011357313156147e-01,-1.891851425170898438e-04,-3.008544445037841797e-04
2.489000000000000057e+01,2.307638127389562144e-01,5.484575522244834467e-01,-1.891255378723144531e-04,-3.009438514709472656e-04
2.490000000000000213e+01,2.298963000683290625e-01,5.475593518089423295e-01,-1.891255378723144531e-04,-3.009438514709472656e-04
2.491000000000000014e+01,2.290647146777218812e-01,5.461062301422238141e-01,-1.892149448394775391e-04,-3.009736537933349609e-04
2.492000000000000171e+01,2.282700020758083315e-01,5.440985424235048606e-01,-1.892149448394775391e-04,-3.009438514709472656e-04
2.492999999999999972e+01,2.275128984646517250e-01,5.415373108772577604e-01,-1.892149448394775391e-04,-3.010332584381103516e-04
2.494000000000000128e+01,2.267939197420040520e-01,5.384242356827246834e-01,-1.893043518066406250e-04,-3.010630607604980469e-04
2.494999999999999929e+01,2.261133464768164403e-01,5.347617100231663034e-01,-1.892447471618652344e-04,-3.011524677276611328e-04
2.496000000000000085e+01,2.254712051820219887e-01,5.305528388367525272e-01,-1.893341541290283203e-04,-3.011524677276611328e-04
2.496999999999999886e+01,2.248672462034501385e-01,5.258014609782961646e-01,-1.893043518066406250e-04,-3.011524677276611328e-04
2.498000000000000043e+01,2.243009178629559730e-01,5.205121751895875892e-01,-1.893341541290283203e-04,-3.011822700500488281e-04
2.499000000000000199e+01,2.237713377966264461e-01,5.146903688864996607e-01,-1.894831657409667969e-04,-3.012418746948242188e-04
2.500000000000000000e+01,2.232772609133110986e-01,5.083422503785314239e-01,-1.895427703857421875e-04,-3.012120723724365234e-04
2.501000000000000156e+01,2.228170454292124625e-01,5.014748829352067006e-01,-1.895427703857421875e-04,-3.012120723724365234e-04
2.501999999999999957e+01,2.223886165561725359e-01,4.940962211726537268e-01,-1.895725727081298828e-04,-3.013014793395996094e-04
2.503000000000000114e+01,2.219894283893366349e-01,4.862151491453317598e-01,-1.896917819976806641e-04,-3.013014793395996094e-04
2.503999999999999915e+01,2.216164256109996733e-01,4.778415183564597157e-01,-1.896619796752929688e-04,-3.013610839843750000e-04
2.505000000000000071e+01,2.212660046618820375e-01,4.689861860078816669e-01,-1.896619796752929688e-04,-3.013908863067626953e-04
2.506000000000000227e+01,2.209339758374960494e-01,4.596610518608756912e-01,-1.896619796752929688e-04,-3.014206886291503906e-04
2.507000000000000028e+01,2.206155271264415296e-01,4.498790927364668679e-01,-1.897513866424560547e-04,-3.014206886291503906e-04
2.508000000000000185e+01,2.203051910316651818e-01,4.396543931855475540e-01,-1.897215843200683594e-04,-3.014802932739257812e-04
2.508999999999999986e+01,2.199968152996249759e-01,4.290021712309609603e-01,-1.897513866424560547e-04,-3.015398979187011719e-04
2.510000000000000142e+01,2.196835391325908104e-01,4.179387973041083781e-01,-1.897513866424560547e-04,-3.015398979187011719e-04
2.510999999999999943e+01,2.193577745617364683e-01,4.064818067556775771e-01,-1.897513866424560547e-04,-3.015697002410888672e-04
2.512000000000000099e+01,2.190111981760819171e-01,3.946498997193318981e-01,-1.897513866424560547e-04,-3.015995025634765625e-04
2.512999999999999901e+01,2.186347502944971932e-01,3.824629318185738813e-01,-1.897811889648437500e-04,-3.016591072082519531e-04
2.514000000000000057e+01,2.182186433034210282e-01,3.699418935568797862e-01,-1.897811889648437500e-04,-3.016889095306396484e-04
2.515000000000000213e+01,2.177523832799995729e-01,3.571088736115193840e-01,-1.897811889648437500e-04,-3.017485141754150391e-04
2.516000000000000014e+01,2.172248011985862814e-01,3.439870103221396858e-01,-1.899600028991699219e-04,-3.017783164978027344e-04
2.517000000000000171e+01,2.166240980485993339e-01,3.306004263195280179e-01,-1.899600028991699219e-04,-3.018379211425781250e-04
2.517999999999999972e+01,2.159379016675699869e-01,3.169741488755369874e-01,-1.900494098663330078e-04,-3.017783164978027344e-04
2.519000000000000128e+01,2.151533352602449933e-01,3.031340161484098461e-01,-1.900494098663330078e-04,-3.018677234649658203e-04
2.519999999999999929e+01,2.142570987451704601e-01,2.891065679135846334e-01,-1.900494098663330078e-04,-3.018975257873535156e-04
2.521000000000000085e+01,2.132355584345791699e-01,2.749189264455752513e-01,-1.900494098663330078e-04,-3.019571304321289062e-04
2.521999999999999886e+01,2.120748482579972727e-01,2.605986635596947987e-01,-1.901090145111083984e-04,-3.020167350769042969e-04
2.523000000000000043e+01,2.107609757474599166e-01,2.461736623288693082e-01,-1.901090145111083984e-04,-3.020167350769042969e-04
2.524000000000000199e+01,2.092799353508678628e-01,2.316719702616960586e-01,-1.901388168334960938e-04,-3.020465373992919922e-04
2.525000000000000000e+01,2.076178228678641491e-01,2.171216516827830789e-01,-1.901388168334960938e-04,-3.020465373992919922e-04
2.526000000000000156e+01,2.057609523242848737e-01,2.025506376747359394e-01,-1.902282238006591797e-04,-3.021061420440673828e-04
2.526999999999999957e+01,2.036959700938579809e-01,1.879865799590090536e-01,-1.902282238006591797e-04,-3.021061420440673828e-04
2.528000000000000114e+01,2.014099654377602966e-01,1.734567096947670084e-01,-1.902282238006591797e-04,-3.021955490112304688e-04
2.528999999999999915e+01,1.988905751277196265e-01,1.589877039613008802e-01,-1.902282238006591797e-04,-3.021955490112304688e-04
2.530000000000000071e+01,1.961260809216718581e-01,1.446055613757764036e-01,-1.902878284454345703e-04,-3.022253513336181641e-04
2.531000000000000227e+01,1.931054971987834212e-01,1.303354899062167671e-01,-1.902878284454345703e-04,-3.021955490112304688e-04
2.532000000000000028e+01,1.898186494920802159e-01,1.162018059199805137e-01,-1.904368400573730469e-04,-3.022551536560058594e-04
2.533000000000000185e+01,1.862562415702106178e-01,1.022278470457567701e-01,-1.904368400573730469e-04,-3.022551536560058594e-04
2.533999999999999986e+01,1.824099119864515117e-01,8.843589751335122207e-02,-1.905560493469238281e-04,-3.023743629455566406e-04
2.535000000000000142e+01,1.782722799068003905e-01,7.484712611115242054e-02,-1.905560493469238281e-04,-3.023147583007812500e-04
2.535999999999999943e+01,1.738369800606140436e-01,6.148153660071380838e-02,-1.906156539916992188e-04,-3.023743629455566406e-04
2.537000000000000099e+01,1.690986882444301953e-01,4.835792861847552221e-02,-1.905560493469238281e-04,-3.024339675903320312e-04
2.537999999999999901e+01,1.640531376470761582e-01,3.549386875225263999e-02,-1.905560493469238281e-04,-3.024041652679443359e-04
2.539000000000000057e+01,1.586971269869964785e-01,2.290567025584765160e-02,-1.906156539916992188e-04,-3.024041652679443359e-04
2.540000000000000213e+01,1.530285221945016927e-01,1.060837918091742452e-02,-1.906752586364746094e-04,-3.024339675903320312e-04
2.541000000000000014e+01,1.470462518049167888e-01,-1.384233188783598467e-03,-1.907944679260253906e-04,-3.024935722351074219e-04
2.542000000000000171e+01,1.407502975349166352e-01,-1.305967356777344018e-02,-1.907348632812500000e-04,-3.024637699127197266e-04
2.542999999999999972e+01,1.341416817058489752e-01,-2.440672752555966135e-02,-1.906752586364746094e-04,-3.024935722351074219e-04
2.544000000000000128e+01,1.272224518007679661e-01,-3.541545815983043050e-02,-1.905858516693115234e-04,-3.025531768798828125e-04
2.544999999999999929e+01,1.199956599320891881e-01,-4.607720004726092999e-02,-1.907348632812500000e-04,-3.025829792022705078e-04
2.546000000000000085e+01,1.124653490464589539e-01,-5.638456213509170784e-02,-1.907646656036376953e-04,-3.025829792022705078e-04
2.546999999999999886e+01,1.046365287060457006e-01,-6.633141956961324803e-02,-1.907646656036376953e-04,-3.026425838470458984e-04
2.548000000000000043e+01,9.651515967585430622e-02,-7.591291570431540903e-02,-1.909136772155761719e-04,-3.026425838470458984e-04
2.549000000000000199e+01,8.810813123491503807e-02,-8.512545738405311035e-02,-1.909136772155761719e-04,-3.026723861694335938e-04
2.550000000000000000e+01,7.942324590066976442e-02,-9.396671742611235889e-02,-1.908242702484130859e-04,-3.026723861694335938e-04
2.551000000000000156e+01,7.046919895021602764e-02,-1.024356329003011240e-01,-1.908242702484130859e-04,-3.027617931365966797e-04
2.551999999999999957e+01,6.125556298138870592e-02,-1.105324064603108863e-01,-1.909136772155761719e-04,-3.028213977813720703e-04
2.553000000000000114e+01,5.179276999066489279e-02,-1.182585067708058352e-01,-1.909136772155761719e-04,-3.027915954589843750e-04
2.553999999999999915e+01,4.209209550153990981e-02,-1.256166673263370281e-01,-1.909136772155761719e-04,-3.028512001037597656e-04
2.555000000000000071e+01,3.216564189061238421e-02,-1.326108859160678721e-01,-1.909136772155761719e-04,-3.028213977813720703e-04
2.556000000000000227e+01,2.202632075279866222e-02,-1.392464181690344915e-01,-1.909136772155761719e-04,-3.028512001037597656e-04
2.557000000000000028e+01,1.168783556399738063e-02,-1.455297723679736255e-01,-1.910030841827392578e-04,-3.029108047485351562e-04
2.558000000000000185e+01,1.164660647937621613e-03,-1.514686947337589296e-01,-1.910924911499023438e-04,-3.029704093933105469e-04
2.558999999999999986e+01,-9.527979622290013578e-03,-1.570721549322257882e-01,-1.910924911499023438e-04,-3.030002117156982422e-04
2.560000000000000142e+01,-2.037413728605241489e-02,-1.623503197615128180e-01,-1.911818981170654297e-04,-3.030002117156982422e-04
2.560999999999999943e+01,-3.135716801792191172e-02,-1.673145248415327802e-01,-1.911520957946777344e-04,-3.030002117156982422e-04
2.562000000000000099e+01,-4.245976516130066380e-02,-1.719772334368050992e-01,-1.912713050842285156e-04,-3.030002117156982422e-04
2.562999999999999901e+01,-5.366399610172296886e-02,-1.763519905491039430e-01,-1.911818981170654297e-04,-3.030300140380859375e-04
2.564000000000000057e+01,-6.495134584581920001e-02,-1.804533641194094318e-01,-1.912713050842285156e-04,-3.030896186828613281e-04
2.565000000000000213e+01,-7.630276408959169032e-02,-1.842968797050579532e-01,-1.913309097290039062e-04,-3.031194210052490234e-04
2.566000000000000014e+01,-8.769872118706616149e-02,-1.878989405637976062e-01,-1.913905143737792969e-04,-3.031194210052490234e-04
2.567000000000000171e+01,-9.911926563553083436e-02,-1.912767440414419318e-01,-1.913905143737792969e-04,-3.031790256500244141e-04
2.567999999999999972e+01,-1.105440898547230127e-01,-1.944481845908366813e-01,-1.914501190185546875e-04,-3.032088279724121094e-04
2.569000000000000128e+01,-1.219526017184399957e-01,-1.974317476572575447e-01,-1.914501190185546875e-04,-3.032684326171875000e-04
2.569999999999999929e+01,-1.333239987858962639e-01,-2.002463988618834179e-01,-1.914501190185546875e-04,-3.032088279724121094e-04
2.571000000000000085e+01,-1.446373480884560747e-01,-2.029114644595305661e-01,-1.913607120513916016e-04,-3.032982349395751953e-04
2.571999999999999886e+01,-1.558716682243136697e-01,-2.054465084876170855e-01,-1.914501190185546875e-04,-3.033280372619628906e-04
2.573000000000000043e+01,-1.670060139670975219e-01,-2.078712059773888121e-01,-1.914501190185546875e-04,-3.033578395843505859e-04
2.574000000000000199e+01,-1.780195618421753501e-01,-2.102052151417205528e-01,-1.914501190185546875e-04,-3.033876419067382812e-04
2.575000000000000000e+01,-1.888916945834630545e-01,-2.124680517460640905e-01,-1.915097236633300781e-04,-3.034770488739013672e-04
2.576000000000000156e+01,-1.996020857308457574e-01,-2.146789636045257355e-01,-1.915097236633300781e-04,-3.034770488739013672e-04
2.576999999999999957e+01,-2.101307800949061000e-01,-2.168568122086768635e-01,-1.915097236633300781e-04,-3.034770488739013672e-04
2.578000000000000114e+01,-2.204582710768298592e-01,-2.190199597150079003e-01,-1.915693283081054688e-04,-3.035068511962890625e-04
2.578999999999999915e+01,-2.305655741123885938e-01,-2.211861625530902598e-01,-1.916587352752685547e-04,-3.035664558410644531e-04
2.580000000000000071e+01,-2.404342929666795636e-01,-2.233724767593364136e-01,-1.917481422424316406e-04,-3.035664558410644531e-04
2.581000000000000227e+01,-2.500466816884958643e-01,-2.255951705673872321e-01,-1.918077468872070312e-04,-3.036260604858398438e-04
2.582000000000000028e+01,-2.593856985251639102e-01,-2.278696500411186432e-01,-1.917183399200439453e-04,-3.036558628082275391e-04
2.583000000000000185e+01,-2.684350547755209870e-01,-2.302103930461050496e-01,-1.918077468872070312e-04,-3.036558628082275391e-04
2.583999999999999986e+01,-2.771792553019819527e-01,-2.326308966477822482e-01,-1.918077468872070312e-04,-3.036856651306152344e-04
2.585000000000000142e+01,-2.856036332566839198e-01,-2.351436338572923668e-01,-1.918077468872070312e-04,-3.037154674530029297e-04
2.585999999999999943e+01,-2.936943781926569796e-01,-2.377600209779551221e-01,-1.918077468872070312e-04,-3.037452697753906250e-04
2.587000000000000099e+01,-3.014385581109798595e-01,-2.404903946223956035e-01,-1.917481422424316406e-04,-3.037154674530029297e-04
2.587999999999999901e+01,-3.088241375912939013e-01,-2.433439949274494585e-01,-1.917481422424316406e-04,-3.038346767425537109e-04
2.589000000000000057e+01,-3.158399884552332004e-01,-2.463289605729373777e-01,-1.917481422424316406e-04,-3.038346767425537109e-04
2.590000000000000213e+01,-3.224758985857493210e-01,-2.494523265355455544e-01,-1.917481422424316406e-04,-3.038346767425537109e-04
2.591000000000000014e+01,-3.287225767351247274e-01,-2.527200280194329962e-01,-1.917481422424316406e-04,-3.038048744201660156e-04
2.592000000000000171e+01,-3.345716545034973510e-01,-2.561369085888660080e-01,-1.918673515319824219e-04,-3.038644790649414062e-04
2.592999999999999972e+01,-3.400156862114113165e-01,-2.597067312666279659e-01,-1.918673515319824219e-04,-3.038644790649414062e-04
2.594000000000000128e+01,-3.450481473063657378e-01,-2.634321914653652841e-01,-1.918673515319824219e-04,-3.038942813873291016e-04
2.594999999999999929e+01,-3.496634320347409841e-01,-2.673149305663948816e-01,-1.919269561767578125e-04,-3.039836883544921875e-04
2.596000000000000085e+01,-3.538568505246016405e-01,-2.713555499650502356e-01,-1.917183399200439453e-04,-3.040134906768798828e-04
2.596999999999999886e+01,-3.576246250708461361e-01,-2.755536251690641758e-01,-1.918077468872070312e-04,-3.040432929992675781e-04
2.598000000000000043e+01,-3.609638878992304512e-01,-2.799077172865333529e-01,-1.918077468872070312e-04,-3.040432929992675781e-04
2.599000000000000199e+01,-3.638726784445122653e-01,-2.844153841214939193e-01,-1.918077468872070312e-04,-3.040730953216552734e-04
2.600000000000000000e+01,-3.663499411361947344e-01,-2.890731894831257698e-01,-1.919269561767578125e-04,-3.041625022888183594e-04
2.601000000000000156e+01,-3.683955234961467373e-01,-2.938767109500686758e-01,-1.919269561767578125e-04,-3.041625022888183594e-04
2.601999999999999957e+01,-3.700101750193734440e-01,-2.988205452347618696e-01,-1.920163631439208984e-04,-3.041923046112060547e-04
2.603000000000000114e+01,-3.711955457008743742e-01,-3.038983128422128033e-01,-1.920759677886962891e-04,-3.042221069335937500e-04
2.603999999999999915e+01,-3.719541847405952173e-01,-3.091026612496156067e-01,-1.920461654663085938e-04,-3.042519092559814453e-04
2.605000000000000071e+01,-3.722895385897919129e-01,-3.144252676972161265e-01,-1.921951770782470703e-04,-3.042519092559814453e-04
2.606000000000000227e+01,-3.722059475120036987e-01,-3.198568429399202828e-01,-1.921951770782470703e-04,-3.042817115783691406e-04
2.607000000000000028e+01,-3.717086432531279683e-01,-3.253871321085983759e-01,-1.921653747558593750e-04,-3.043413162231445312e-04
2.608000000000000185e+01,-3.708037413428336149e-01,-3.310049222338904973e-01,-1.921653747558593750e-04,-3.043413162231445312e-04
2.608999999999999986e+01,-3.694982303715139138e-01,-3.366980529345738882e-01,-1.921057701110839844e-04,-3.043711185455322266e-04
2.610000000000000142e+01,-3.677999619266952847e-01,-3.424534254669647226e-01,-1.921653747558593750e-04,-3.044009208679199219e-04
2.610999999999999943e+01,-3.657176358837719854e-01,-3.482570177818657409e-01,-1.921653747558593750e-04,-3.044009208679199219e-04
2.612000000000000099e+01,-3.632607778906012941e-01,-3.540939091643657832e-01,-1.921951770782470703e-04,-3.044605255126953125e-04
2.612999999999999901e+01,-3.604397152745699162e-01,-3.599483076267934178e-01,-1.921951770782470703e-04,-3.045499324798583984e-04
2.614000000000000057e+01,-3.572655471050280029e-01,-3.658035855404211945e-01,-1.921653747558593750e-04,-3.045201301574707031e-04
2.615000000000000213e+01,-3.537501088655463644e-01,-3.716423217593546324e-01,-1.922249794006347656e-04,-3.045797348022460938e-04
2.616000000000000014e+01,-3.499059313731887610e-01,-3.774463529009730589e-01,-1.922547817230224609e-04,-3.045797348022460938e-04
2.617000000000000171e+01,-3.457461935069953696e-01,-3.831968339035314863e-01,-1.922547817230224609e-04,-3.046095371246337891e-04
2.617999999999999972e+01,-3.412846712099659174e-01,-3.888743038389200213e-01,-1.922845840454101562e-04,-3.046095371246337891e-04
2.619000000000000128e+01,-3.365356804828640302e-01,-3.944587613501150947e-01,-1.923441886901855469e-04,-3.046393394470214844e-04
2.619999999999999929e+01,-3.315140159078526771e-01,-3.999297474118403417e-01,-1.923441886901855469e-04,-3.047287464141845703e-04
2.621000000000000085e+01,-3.262348862283719897e-01,-4.052664331818559007e-01,-1.924037933349609375e-04,-3.047287464141845703e-04
2.621999999999999886e+01,-3.207138467190377984e-01,-4.104477137377264273e-01,-1.924037933349609375e-04,-3.047585487365722656e-04
2.623000000000000043e+01,-3.149667299221972638e-01,-4.154523054277172722e-01,-1.924037933349609375e-04,-3.047883510589599609e-04
2.624000000000000199e+01,-3.090095755393530430e-01,-4.202588458642037561e-01,-1.924633979797363281e-04,-3.047585487365722656e-04
2.625000000000000000e+01,-3.028585608757273784e-01,-4.248459945691227535e-01,-1.924633979797363281e-04,-3.047883510589599609e-04
2.626000000000000156e+01,-2.965299326625167597e-01,-4.291925331449467085e-01,-1.924633979797363281e-04,-3.047883510589599609e-04
2.626999999999999957e+01,-2.900399414291662814e-01,-4.332774632717040220e-01,-1.925528049468994141e-04,-3.049075603485107422e-04
2.628000000000000114e+01,-2.834047793220944023e-01,-4.370801011913670875e-01,-1.925528049468994141e-04,-3.049373626708984375e-04
2.628999999999999915e+01,-2.766405222516943319e-01,-4.405801673354051151e-01,-1.925528049468994141e-04,-3.049671649932861328e-04
2.630000000000000071e+01,-2.697630769059049527e-01,-4.437578702245851825e-01,-1.925230026245117188e-04,-3.049671649932861328e-04
2.631000000000000227e+01,-2.627881331759918671e-01,-4.465939836026460164e-01,-1.925230026245117188e-04,-3.049969673156738281e-04
2.632000000000000028e+01,-2.557311224746040557e-01,-4.490699161124944716e-01,-1.925826072692871094e-04,-3.050565719604492188e-04
2.633000000000000185e+01,-2.486071818738843364e-01,-4.511677732695025256e-01,-1.926422119140625000e-04,-3.049969673156738281e-04
2.633999999999999986e+01,-2.414311240301851846e-01,-4.528704115851956424e-01,-1.927316188812255859e-04,-3.050565719604492188e-04
2.635000000000000142e+01,-2.342174127703146591e-01,-4.541614847881255690e-01,-1.927316188812255859e-04,-3.050863742828369141e-04
2.635999999999999943e+01,-2.269801441799660369e-01,-4.550254820931090571e-01,-1.927316188812255859e-04,-3.050863742828369141e-04
2.637000000000000099e+01,-2.197330303989381561e-01,-4.554477623406331666e-01,-1.928210258483886719e-04,-3.051161766052246094e-04
2.637999999999999901e+01,-2.124893917236534979e-01,-4.554145756905896847e-01,-1.928210258483886719e-04,-3.051459789276123047e-04
2.639000000000000057e+01,-2.052621484613507130e-01,-4.549130846523902205e-01,-1.927614212036132812e-04,-3.051757812500000000e-04
2.640000000000000213e+01,-1.980638166330576655e-01,-4.539313788046917542e-01,-1.928210258483886719e-04,-3.051757812500000000e-04
2.641000000000000014e+01,-1.909065063592975398e-01,-4.524584842714022281e-01,-1.927614212036132812e-04,-3.052353858947753906e-04
2.642000000000000171e+01,-1.838019210569372397e-01,-4.504843702237381065e-01,-1.929104328155517578e-04,-3.052353858947753906e-04
2.642999999999999972e+01,-1.767613567649298223e-01,-4.479999539396068986e-01,-1.928210258483886719e-04,-3.052651882171630859e-04
2.644000000000000128e+01,-1.697957019881871366e-01,-4.449971031836663093e-01,-1.929402351379394531e-04,-3.052949905395507812e-04
2.644999999999999929e+01,-1.629154363196008981e-01,-4.414686374729524521e-01,-1.929402351379394531e-04,-3.053247928619384766e-04
2.646000000000000085e+01,-1.561306273661313693e-01,-4.374083308644588497e-01,-1.929998397827148438e-04,-3.053545951843261719e-04
2.646999999999999886e+01,-1.494509262667776395e-01,-4.328109127297841696e-01,-1.930892467498779297e-04,-3.053545951843261719e-04
2.648000000000000043e+01,-1.428855590600490721e-01,-4.276720742015078236e-01,-1.930892467498779297e-04,-3.054141998291015625e-04
2.649000000000000199e+01,-1.364433167665188851e-01,-4.219884722274860334e-01,-1.931488513946533203e-04,-3.054440021514892578e-04
2.650000000000000000e+01,-1.301325408205454004e-01,-4.157577387522494727e-01,-1.931488513946533203e-04,-3.054440021514892578e-04
2.651000000000000156e+01,-1.239611045661977440e-01,-4.089784925966694629e-01,-1.932382583618164062e-04,-3.054440021514892578e-04
2.651999999999999957e+01,-1.179363910468834709e-01,-4.016503544807112358e-01,-1.932382583618164062e-04,-3.054738044738769531e-04
2.653000000000000114e+01,-1.120652658273036256e-01,-3.937739667324189341e-01,-1.932382583618164062e-04,-3.055930137634277344e-04
2.653999999999999915e+01,-1.063540454950019781e-01,-3.853510169953662801e-01,-1.932382583618164062e-04,-3.055334091186523438e-04
2.655000000000000071e+01,-1.008084614939330076e-01,-3.763842664282781580e-01,-1.932382583618164062e-04,-3.055334091186523438e-04
2.656000000000000227e+01,-9.543361918171981706e-02,-3.668775829974785241e-01,-1.932382583618164062e-04,-3.055930137634277344e-04
2.657000000000000028e+01,-9.023395268170185390e-02,-3.568359790120890218e-01,-1.932680606842041016e-04,-3.056228160858154297e-04
2.658000000000000185e+01,-8.521317527230691524e-02,-3.462656535701410521e-01,-1.933276653289794922e-04,-3.056228160858154297e-04
2.658999999999999986e+01,-8.037422637632186950e-02,-3.351740390347121568e-01,-1.934170722961425781e-04,-3.056526184082031250e-04
2.660000000000000142e+01,-7.571921514364873818e-02,-3.235698512786235326e-01,-1.934170722961425781e-04,-3.056824207305908203e-04
2.660999999999999943e+01,-7.124936163873668571e-02,-3.114631431533868566e-01,-1.934170722961425781e-04,-3.057718276977539062e-04
2.662000000000000099e+01,-6.696493720111493242e-02,-2.988653592226114819e-01,-1.934170722961425781e-04,-3.057122230529785156e-04
2.662999999999999901e+01,-6.286520405548907953e-02,-2.857893920589177350e-01,-1.934170722961425781e-04,-3.057718276977539062e-04
2.664000000000000057e+01,-5.894835687624189191e-02,-2.722496364024640791e-01,-1.934170722961425781e-04,-3.057718276977539062e-04
2.665000000000000213e+01,-5.521146676874713610e-02,-2.582620417090626397e-01,-1.934170722961425781e-04,-3.058314323425292969e-04
2.666000000000000014e+01,-5.165043084838472076e-02,-2.438441583449783290e-01,-1.934468746185302734e-04,-3.058314323425292969e-04
2.667000000000000171e+01,-4.825992865720304947e-02,-2.290151767150385431e-01,-1.934468746185302734e-04,-3.058612346649169922e-04
2.667999999999999972e+01,-4.503338812979050532e-02,-2.137959556127219385e-01,-1.935064792633056641e-04,-3.058612346649169922e-04
2.669000000000000128e+01,-4.196296366696042335e-02,-1.982090367288135146e-01,-1.935064792633056641e-04,-3.058910369873046875e-04
2.669999999999999929e+01,-3.903952795854550434e-02,-1.822786434573979986e-01,-1.936256885528564453e-04,-3.059506416320800781e-04
2.671000000000000085e+01,-3.625268121043994513e-02,-1.660306590358247847e-01,-1.936852931976318359e-04,-3.059804439544677734e-04
2.671999999999999886e+01,-3.359077832078213172e-02,-1.494925837070484043e-01,-1.937150955200195312e-04,-3.060102462768554688e-04
2.673000000000000043e+01,-3.104097709370354230e-02,-1.326934665126563717e-01,-1.938045024871826172e-04,-3.059804439544677734e-04
2.674000000000000199e+01,-2.858930731941805234e-02,-1.156638121153295284e-01,-1.938045024871826172e-04,-3.060400485992431641e-04
2.675000000000000000e+01,-2.622076314247069953e-02,-9.843545933077230137e-02,-1.938045024871826172e-04,-3.060400485992431641e-04
2.676000000000000156e+01,-2.391941505068441443e-02,-8.104143580231996935e-02,-1.938641071319580078e-04,-3.060698509216308594e-04
2.676999999999999957e+01,-2.166854562983818247e-02,-6.351578360898052500e-02,-1.938641071319580078e-04,-3.060698509216308594e-04
2.678000000000000114e+01,-1.945079989635916870e-02,-4.589336701692153797e-02,-1.938641071319580078e-04,-3.061592578887939453e-04
2.678999999999999915e+01,-1.724835510392185717e-02,-2.820965627672812615e-02,-1.938343048095703125e-04,-3.061592578887939453e-04
2.680000000000000071e+01,-1.504309955609869909e-02,-1.050050036703339615e-02,-1.938641071319580078e-04,-3.062486648559570312e-04
2.681000000000000227e+01,-1.281682000297270502e-02,7.198110790654002090e-03,-1.939535140991210938e-04,-3.062188625335693359e-04
2.682000000000000028e+01,-1.055139266307682060e-02,2.485028859537811302e-02,-1.939535140991210938e-04,-3.062188625335693359e-04
2.683000000000000185e+01,-8.228969952773631732e-03,4.242048256251092220e-02,-1.939535140991210938e-04,-3.063082695007324219e-04
2.683999999999999986e+01,-5.832163298965621807e-03,5.987371233156259936e-02,-1.939833164215087891e-04,-3.063380718231201172e-04
2.685000000000000142e+01,-3.344211649735188974e-03,7.717578184987126944e-02,-1.939833164215087891e-04,-3.063380718231201172e-04
2.685999999999999943e+01,-7.491380642217684155e-04,9.429347895474354813e-02,-1.940131187438964844e-04,-3.063678741455078125e-04
2.687000000000000099e+01,1.968113324329888968e-03,1.111947507462245771e-01,-1.940727233886718750e-04,-3.064274787902832031e-04
2.687999999999999901e+01,4.821561712186965901e-03,1.278488527476774050e-01,-1.940131187438964844e-04,-3.063976764678955078e-04
2.689000000000000057e+01,7.824092776905986965e-03,1.442264753915237230e-01,-1.940131187438964844e-04,-3.064870834350585938e-04
2.690000000000000213e+01,1.098738572130638670e-02,1.602998414461762056e-01,-1.940429210662841797e-04,-3.064274787902832031e-04
2.691000000000000014e+01,1.432186187105368227e-02,1.760427775275555662e-01,-1.941323280334472656e-04,-3.065168857574462891e-04
2.692000000000000171e+01,1.783665229427706250e-02,1.914307631094997464e-01,-1.940429210662841797e-04,-3.065168857574462891e-04
2.692999999999999972e+01,2.153958563633314935e-02,2.064409555395222418e-01,-1.940131187438964844e-04,-3.065466880798339844e-04
2.694000000000000128e+01,2.543719229253645769e-02,2.210521960749865511e-01,-1.941621303558349609e-04,-3.065466880798339844e-04
2.694999999999999929e+01,2.953472263827438757e-02,2.352449998786264873e-01,-1.941621303558349609e-04,-3.065764904022216797e-04
2.696000000000000085e+01,3.383617806410255113e-02,2.490015314971434079e-01,-1.941621303558349609e-04,-3.066062927246093750e-04
2.696999999999999886e+01,3.834435124683141516e-02,2.623055702446617232e-01,-1.942217350006103516e-04,-3.066658973693847656e-04
2.698000000000000043e+01,4.306087415376560340e-02,2.751424673851101121e-01,-1.943111419677734375e-04,-3.066658973693847656e-04
2.699000000000000199e+01,4.798627093902776281e-02,2.874990983854743276e-01,-1.942515373229980469e-04,-3.066658973693847656e-04
2.700000000000000000e+01,5.312001439160660143e-02,2.993638118876510990e-01,-1.942515373229980469e-04,-3.066956996917724609e-04
2.701000000000000156e+01,5.846058377392115285e-02,3.107263778225570761e-01,-1.943409442901611328e-04,-3.066658973693847656e-04
2.701999999999999957e+01,6.400552282536441095e-02,3.215779360001187470e-01,-1.943707466125488281e-04,-3.066956996917724609e-04
2.703000000000000114e+01,6.975149627024995747e-02,3.319109469416097191e-01,-1.944005489349365234e-04,-3.067255020141601562e-04
2.703999999999999915e+01,7.569434553081827444e-02,3.417191441990225509e-01,-1.943707466125488281e-04,-3.067553043365478516e-04
2.705000000000000071e+01,8.182913945687209090e-02,3.509974923665266089e-01,-1.944303512573242188e-04,-3.067553043365478516e-04
2.706000000000000227e+01,8.815022132630020990e-02,3.597421496228726534e-01,-1.945197582244873047e-04,-3.067553043365478516e-04
2.707000000000000028e+01,9.465125514276093166e-02,3.679504307498460691e-01,-1.944303512573242188e-04,-3.067851066589355469e-04
2.708000000000000185e+01,1.013252628335869487e-01,3.756207802568826692e-01,-1.944899559020996094e-04,-3.068447113037109375e-04
2.708999999999999986e+01,1.081646620485428451e-01,3.827527443684898278e-01,-1.945495605468750000e-04,-3.068745136260986328e-04
2.710000000000000142e+01,1.151612948086600807e-01,3.893469525649005392e-01,-1.944899559020996094e-04,-3.068745136260986328e-04
2.710999999999999943e+01,1.223064552741097988e-01,3.954050991005933491e-01,-1.945495605468750000e-04,-3.069341182708740234e-04
2.712000000000000099e+01,1.295909107677817584e-01,4.009299311462484194e-01,-1.945495605468750000e-04,-3.069639205932617188e-04
2.712999999999999901e+01,1.370049208621326453e-01,4.059252378275632345e-01,-1.946687698364257812e-04,-3.069639205932617188e-04
2.714000000000000057e+01,1.445382512961865540e-01,4.103958435628656809e-01,-1.945793628692626953e-04,-3.069639205932617188e-04
2.715000000000000213e+01,1.521801860169136877e-01,4.143476020150848593e-01,-1.947283744812011719e-04,-3.070533275604248047e-04
2.716000000000000014e+01,1.599195354954605908e-01,4.177873923897089115e-01,-1.947283744812011719e-04,-3.070533275604248047e-04
2.717000000000000171e+01,1.677446438342136970e-01,4.207231153124952883e-01,-1.947283744812011719e-04,-3.070533275604248047e-04
2.717999999999999972e+01,1.756433937678760770e-01,4.231636890526504491e-01,-1.947283744812011719e-04,-3.070831298828125000e-04
2.719000000000000128e+01,1.836032110368765735e-01,4.251190443624683346e-01,-1.947283744812011719e-04,-3.070831298828125000e-04
2.719999999999999929e+01,1.916110684870089287e-01,4.266001174417848874e-01,-1.947879791259765625e-04,-3.071129322052001953e-04
2.721000000000000085e+01,1.996534918285974292e-01,4.276188390132359407e-01,-1.948773860931396484e-04,-3.071427345275878906e-04
2.721999999999999886e+01,2.077165650513990713e-01,4.281881211145230348e-01,-1.948773860931396484e-04,-3.071427345275878906e-04
2.723000000000000043e+01,2.157859398369748605e-01,4.283218375791779109e-01,-1.948773860931396484e-04,-3.071427345275878906e-04
2.724000000000000199e+01,2.238468464461276231e-01,4.280348000059602254e-01,-1.949369907379150391e-04,-3.072619438171386719e-04
2.725000000000000000e+01,2.318841095654037010e-01,4.273427265172244915e-01,-1.949369907379150391e-04,-3.072321414947509766e-04
2.726000000000000156e+01,2.398821677414337272e-01,4.262622035344476035e-01,-1.949369907379150391e-04,-3.072619438171386719e-04
2.726999999999999957e+01,2.478250977150787404e-01,4.248106407068531487e-01,-1.949667930603027344e-04,-3.072619438171386719e-04
2.728000000000000114e+01,2.556966449759778826e-01,4.230062160357776491e-01,-1.949667930603027344e-04,-3.073811531066894531e-04
2.728999999999999915e+01,2.634802586692173154e-01,4.208678150601173340e-01,-1.949667930603027344e-04,-3.073215484619140625e-04
2.730000000000000071e+01,2.711591341175174086e-01,4.184149591684052094e-01,-1.949667930603027344e-04,-3.074109554290771484e-04
2.731000000000000227e+01,2.787162594242760250e-01,4.156677285145756184e-01,-1.949667930603027344e-04,-3.074109554290771484e-04
2.732000000000000028e+01,2.861344690370166699e-01,4.126466757512903816e-01,-1.950860023498535156e-04,-3.074407577514648438e-04
2.733000000000000185e+01,2.933965022456890281e-01,4.093727334623697423e-01,-1.950562000274658203e-04,-3.074705600738525391e-04
2.733999999999999986e+01,3.004850652319785986e-01,4.058671176398962466e-01,-1.950860023498535156e-04,-3.075003623962402344e-04
2.735000000000000142e+01,3.073828997688851095e-01,4.021512229657995818e-01,-1.952350139617919922e-04,-3.075003623962402344e-04
2.735999999999999943e+01,3.140728503665937144e-01,3.982465213101088475e-01,-1.952350139617919922e-04,-3.075599670410156250e-04
2.737000000000000099e+01,3.205379392045697440e-01,3.941744511272358698e-01,-1.952946186065673828e-04,-3.075599670410156250e-04
2.737999999999999901e+01,3.267614353748918288e-01,3.899563155557918548e-01,-1.952946186065673828e-04,-3.075599670410156250e-04
2.739000000000000057e+01,3.327269302024365438e-01,3.856131744545154838e-01,-1.952946186065673828e-04,-3.075599670410156250e-04
2.740000000000000213e+01,3.384184050207343919e-01,3.811657472450989959e-01,-1.952946186065673828e-04,-3.076195716857910156e-04
2.741000000000000014e+01,3.438203017209149892e-01,3.766343145091496925e-01,-1.950860023498535156e-04,-3.076195716857910156e-04
2.742000000000000171e+01,3.489175860520450367e-01,3.720386303266382533e-01,-1.952648162841796875e-04,-3.076493740081787109e-04
2.742999999999999972e+01,3.536958087401972373e-01,3.673978393107337204e-01,-1.952648162841796875e-04,-3.076493740081787109e-04
2.744000000000000128e+01,3.581411603416869149e-01,3.627304034057664550e-01,-1.952946186065673828e-04,-3.076493740081787109e-04
2.744999999999999929e+01,3.622405212653173057e-01,3.580540364887072613e-01,-1.953840255737304688e-04,-3.076791763305664062e-04
2.746000000000000085e+01,3.659815057536474070e-01,3.533856482452303327e-01,-1.953840255737304688e-04,-3.077387809753417969e-04
2.746999999999999886e+01,3.693525000864175123e-01,3.487412968068384078e-01,-1.953840255737304688e-04,-3.077387809753417969e-04
2.748000000000000043e+01,3.723426948060838404e-01,3.441361501407148582e-01,-1.954436302185058594e-04,-3.077685832977294922e-04
2.749000000000000199e+01,3.749421115222812961e-01,3.395844552628847768e-01,-1.954436302185058594e-04,-3.078281879425048828e-04
2.750000000000000000e+01,3.771416243827496184e-01,3.350995150379748044e-01,-1.954436302185058594e-04,-3.078281879425048828e-04
2.751000000000000156e+01,3.789329767635735147e-01,3.306936714518473597e-01,-1.955032348632812500e-04,-3.078579902648925781e-04
2.751999999999999957e+01,3.803087939649041904e-01,3.263782941084533706e-01,-1.955628395080566406e-04,-3.079175949096679688e-04
2.753000000000000114e+01,3.812625920573700089e-01,3.221637736911957539e-01,-1.956224441528320312e-04,-3.078579902648925781e-04
2.753999999999999915e+01,3.817887838429706582e-01,3.180595187343996932e-01,-1.956224441528320312e-04,-3.079175949096679688e-04
2.755000000000000071e+01,3.818826828057498846e-01,3.140739543362423558e-01,-1.955926418304443359e-04,-3.079473972320556641e-04
2.756000000000000227e+01,3.815405054310950228e-01,3.102145222259569679e-01,-1.955926418304443359e-04,-3.079473972320556641e-04
2.757000000000000028e+01,3.807593700172149931e-01,3.064876851739545827e-01,-1.956224441528320312e-04,-3.080070018768310547e-04
2.758000000000000185e+01,3.795372997503485002e-01,3.028989233129175118e-01,-1.957714557647705078e-04,-3.080368041992187500e-04
2.758999999999999986e+01,3.778732208546984883e-01,2.994527370720971859e-01,-1.957714557647705078e-04,-3.080070018768310547e-04
2.760000000000000142e+01,3.757669631112681152e-01,2.961526453146905991e-01,-1.957714557647705078e-04,-3.080964088439941406e-04
2.760999999999999943e+01,3.732192625316991808e-01,2.930011788622362001e-01,-1.957714557647705078e-04,-3.080964088439941406e-04
2.762000000000000099e+01,3.702317600066203362e-01,2.899998793161167598e-01,-1.957416534423828125e-04,-3.080964088439941406e-04
2.762999999999999901e+01,3.668070037639259429e-01,2.871492907765438307e-01,-1.958310604095458984e-04,-3.081262111663818359e-04
2.764000000000000057e+01,3.629484536373527859e-01,2.844489478248345971e-01,-1.959204673767089844e-04,-3.081262111663818359e-04
2.765000000000000213e+01,3.586604830702677105e-01,2.818973661458863411e-01,-1.958608627319335938e-04,-3.081858158111572266e-04
2.766000000000000014e+01,3.539483829436403939e-01,2.794920294573348118e-01,-1.959502696990966797e-04,-3.081560134887695312e-04
2.767000000000000171e+01,3.488183653103452131e-01,2.772293758635001049e-01,-1.959502696990966797e-04,-3.081560134887695312e-04
2.767999999999999972e+01,3.432775668525774315e-01,2.751047838467241546e-01,-1.958608627319335938e-04,-3.081858158111572266e-04
2.769000000000000128e+01,3.373340507634537411e-01,2.731125603153020109e-01,-1.959502696990966797e-04,-3.082156181335449219e-04
2.769999999999999929e+01,3.309968078762915988e-01,2.712459291624333413e-01,-1.959502696990966797e-04,-3.082752227783203125e-04
2.771000000000000085e+01,3.242757556738553593e-01,2.694970227631210968e-01,-1.959502696990966797e-04,-3.082752227783203125e-04
2.771999999999999886e+01,3.171817335967002660e-01,2.678568790054390858e-01,-1.960098743438720703e-04,-3.083050251007080078e-04
2.773000000000000043e+01,3.097264964277345323e-01,2.663154408882837387e-01,-1.960396766662597656e-04,-3.082752227783203125e-04
2.774000000000000199e+01,3.019227018086652614e-01,2.648615653489425070e-01,-1.961290836334228516e-04,-3.083348274230957031e-04
2.775000000000000000e+01,2.937838939077754286e-01,2.634830378461561207e-01,-1.961290836334228516e-04,-3.083646297454833984e-04
2.776000000000000156e+01,2.853244818914839054e-01,2.621665951188748012e-01,-1.960992813110351562e-04,-3.083944320678710938e-04
2.776999999999999957e+01,2.765597105242691978e-01,2.608979604408352970e-01,-1.960992813110351562e-04,-3.084540367126464844e-04
2.778000000000000114e+01,2.675056264336878598e-01,2.596618856417081678e-01,-1.960992813110351562e-04,-3.083944320678710938e-04
2.778999999999999915e+01,2.581790365195922310e-01,2.584422057508392045e-01,-1.961588859558105469e-04,-3.084540367126464844e-04
2.780000000000000071e+01,2.485974594021924389e-01,2.572219048506365624e-01,-1.960992813110351562e-04,-3.084838390350341797e-04
2.781000000000000227e+01,2.387790702977310719e-01,2.559831925751819837e-01,-1.960992813110351562e-04,-3.084838390350341797e-04
2.782000000000000028e+01,2.287426392777595074e-01,2.547075914367988303e-01,-1.961290836334228516e-04,-3.085434436798095703e-04
2.783000000000000185e+01,2.185074634163880758e-01,2.533760342433532542e-01,-1.961588859558105469e-04,-3.085434436798095703e-04
2.783999999999999986e+01,2.080932935175516529e-01,2.519689705867175777e-01,-1.961588859558105469e-04,-3.085434436798095703e-04
2.785000000000000142e+01,1.975202565395343390e-01,2.504664806690957146e-01,-1.961588859558105469e-04,-3.085732460021972656e-04
2.785999999999999943e+01,1.868087742646772909e-01,2.488483956836034239e-01,-1.961588859558105469e-04,-3.085732460021972656e-04
2.787000000000000099e+01,1.759794797226678642e-01,2.470944223633478598e-01,-1.962184906005859375e-04,-3.086328506469726562e-04
2.787999999999999901e+01,1.650531324667927624e-01,2.451842700022048571e-01,-1.962184906005859375e-04,-3.086924552917480469e-04
2.789000000000000057e+01,1.540505339078351021e-01,2.430977778568313152e-01,-1.963376998901367188e-04,-3.086924552917480469e-04
2.790000000000000213e+01,1.429924437697007167e-01,2.408150415834288127e-01,-1.963376998901367188e-04,-3.087520599365234375e-04
2.791000000000000014e+01,1.318994990652293531e-01,2.383165360105257147e-01,-1.963973045349121094e-04,-3.087520599365234375e-04
2.792000000000000171e+01,1.207921370367770336e-01,2.355832319329445868e-01,-1.963973045349121094e-04,-3.087222576141357422e-04
2.792999999999999972e+01,1.096905215999313260e-01,2.325967076648050857e-01,-1.964569091796875000e-04,-3.087520599365234375e-04
2.794000000000000128e+01,9.861447508204991552e-02,2.293392522886695817e-01,-1.963973045349121094e-04,-3.088116645812988281e-04
2.794999999999999929e+01,8.758341548717164804e-02,2.257939599675607145e-01,-1.963675022125244141e-04,-3.088414669036865234e-04
2.796000000000000085e+01,7.661629947652881523e-02,2.219448148027107215e-01,-1.964867115020751953e-04,-3.089010715484619141e-04
2.796999999999999886e+01,6.573157115103357706e-02,2.177767659145232737e-01,-1.963376998901367188e-04,-3.088712692260742188e-04
2.798000000000000043e+01,5.494711648847950408e-02,2.132757927466510939e-01,-1.963973045349121094e-04,-3.089904785156250000e-04
2.799000000000000199e+01,4.428022340446749472e-02,2.084289604637085958e-01,-1.963973045349121094e-04,-3.089308738708496094e-04
2.800000000000000000e+01,3.374754654734242465e-02,2.032244663056131939e-01,-1.965761184692382812e-04,-3.089308738708496094e-04
2.801000000000000156e+01,2.336507703011288586e-02,1.976516767796076268e-01,-1.966655254364013672e-04,-3.089904785156250000e-04
2.801999999999999957e+01,1.314811519873388887e-02,1.917011584789129475e-01,-1.966655254364013672e-04,-3.090202808380126953e-04
2.803000000000000114e+01,3.111247512033117439e-03,1.853647003178423847e-01,-1.966655254364013672e-04,-3.090500831604003906e-04
2.803999999999999915e+01,-6.731674510678541112e-03,1.786353306635125038e-01,-1.966655254364013672e-04,-3.090202808380126953e-04
2.805000000000000071e+01,-1.636755368150765583e-02,1.715073298186017836e-01,-1.966953277587890625e-04,-3.090500831604003906e-04
2.806000000000000227e+01,-2.578406510807045027e-02,1.639762381181812112e-01,-1.967549324035644531e-04,-3.090798854827880859e-04
2.807000000000000028e+01,-3.496967377548407946e-02,1.560388615140703983e-01,-1.968443393707275391e-04,-3.091096878051757812e-04
2.808000000000000185e+01,-4.391365216524862475e-02,1.476932751969008140e-01,-1.968443393707275391e-04,-3.091096878051757812e-04
2.808999999999999986e+01,-5.260609846837160236e-02,1.389388263048311478e-01,-1.968443393707275391e-04,-3.091096878051757812e-04
2.810000000000000142e+01,-6.103795546222891277e-02,1.297761361430004590e-01,-1.969039440155029297e-04,-3.091096878051757812e-04
2.810999999999999943e+01,-6.920103074273924182e-02,1.202071029818310710e-01,-1.969039440155029297e-04,-3.091692924499511719e-04
2.812000000000000099e+01,-7.708801838749083923e-02,1.102349059158601458e-01,-1.969039440155029297e-04,-3.091990947723388672e-04
2.812999999999999901e+01,-8.469252174303411318e-02,9.986400970945538691e-02,-1.968443393707275391e-04,-3.092288970947265625e-04
2.814000000000000057e+01,-9.200907743182437648e-02,8.910017113337515005e-02,-1.969039440155029297e-04,-3.092586994171142578e-04
2.815000000000000213e+01,-9.903318072001464356e-02,7.795044703144107801e-02,-1.969933509826660156e-04,-3.092586994171142578e-04
2.816000000000000014e+01,-1.057613111789457161e-01,6.642320336665138991e-02,-1.970529556274414062e-04,-3.092586994171142578e-04
2.817000000000000171e+01,-1.121909587573288042e-01,5.452812547637597013e-02,-1.970529556274414062e-04,-3.092885017395019531e-04
2.817999999999999972e+01,-1.183206491059963228e-01,4.227622847262871297e-02,-1.969933509826660156e-04,-3.093779087066650391e-04
2.819000000000000128e+01,-1.241499676512984041e-01,2.967986720367846165e-02,-1.969933509826660156e-04,-3.093779087066650391e-04
2.819999999999999929e+01,-1.296795812719452601e-01,1.675274473094789246e-02,-1.969933509826660156e-04,-3.094077110290527344e-04
2.821000000000000085e+01,-1.349112565739708225e-01,3.509918015521378346e-03,-1.970231533050537109e-04,-3.094375133514404297e-04
2.821999999999999886e+01,-1.398478735722584743e-01,-1.003220037075533769e-02,-1.970827579498291016e-04,-3.094375133514404297e-04
2.823000000000000043e+01,-1.444934333723855990e-01,-2.385584646382481189e-02,-1.970827579498291016e-04,-3.094673156738281250e-04
2.824000000000000199e+01,-1.488530586538674427e-01,-3.794191624368495330e-02,-1.970827579498291016e-04,-3.094375133514404297e-04
2.825000000000000000e+01,-1.529329856667780430e-01,-5.226998609380910377e-02,-1.970827579498291016e-04,-3.094673156738281250e-04
2.826000000000000156e+01,-1.567405460687115448e-01,-6.681834415562941387e-02,-1.970827579498291016e-04,-3.095269203186035156e-04
2.826999999999999957e+01,-1.602841382597810227e-01,-8.156403356144374672e-02,-1.970827579498291016e-04,-3.095269203186035156e-04
2.828000000000000114e+01,-1.635731861283953592e-01,-9.648291008034691474e-02,-1.970827579498291016e-04,-3.095269203186035156e-04
2.828999999999999915e+01,-1.666180860778553041e-01,-1.115497131525707147e-01,-1.971721649169921875e-04,-3.095269203186035156e-04
2.830000000000000071e+01,-1.694301402052634242e-01,-1.267381534746120919e-01,-1.972317695617675781e-04,-3.095567226409912109e-04
2.831000000000000227e+01,-1.720214769197214444e-01,-1.420210157246838689e-01,-1.972317695617675781e-04,-3.095865249633789062e-04
2.832000000000000028e+01,-1.744049592777115465e-01,-1.573702761541506123e-01,-1.972913742065429688e-04,-3.095865249633789062e-04
2.833000000000000185e+01,-1.765940816203015185e-01,-1.727572344467138421e-01,-1.972913742065429688e-04,-3.095865249633789062e-04
2.833999999999999986e+01,-1.786028561084697375e-01,-1.881526584842979355e-01,-1.972913742065429688e-04,-3.096461296081542969e-04
2.835000000000000142e+01,-1.804456920484736604e-01,-2.035269381159194035e-01,-1.972913742065429688e-04,-3.097057342529296875e-04
2.835999999999999943e+01,-1.821372673907633577e-01,-2.188502489787075289e-01,-1.972913742065429688e-04,-3.096461296081542969e-04
2.837000000000000099e+01,-1.836923996293028660e-01,-2.340927177234309320e-01,-1.973807811737060547e-04,-3.097057342529296875e-04
2.837999999999999901e+01,-1.851259139678426979e-01,-2.492245909149736482e-01,-1.974105834960937500e-04,-3.097355365753173828e-04
2.839000000000000057e+01,-1.864525136405102979e-01,-2.642164019359620197e-01,-1.974105834960937500e-04,-3.097653388977050781e-04
2.840000000000000213e+01,-1.876866580423378339e-01,-2.790391287263464526e-01,-1.974105834960937500e-04,-3.097951412200927734e-04
2.841000000000000014e+01,-1.888424443097568017e-01,-2.936643477200050478e-01,-1.973509788513183594e-04,-3.097951412200927734e-04
2.842000000000000171e+01,-1.899335012231933018e-01,-3.080643730517851897e-01,-1.974105834960937500e-04,-3.097951412200927734e-04
2.842999999999999972e+01,-1.909728951513894046e-01,-3.222123812359057315e-01,-1.974105834960937500e-04,-3.098249435424804688e-04
2.844000000000000128e+01,-1.919730472666756615e-01,-3.360825223211816870e-01,-1.974105834960937500e-04,-3.098845481872558594e-04
2.844999999999999929e+01,-1.929456643042009034e-01,-3.496500146380919216e-01,-1.974701881408691406e-04,-3.098845481872558594e-04
2.846000000000000085e+01,-1.939016864109278648e-01,-3.628912187056728689e-01,-1.975893974304199219e-04,-3.099143505096435547e-04
2.846999999999999886e+01,-1.948512464701989966e-01,-3.757836972494353334e-01,-1.975297927856445312e-04,-3.099441528320312500e-04
2.848000000000000043e+01,-1.958036445423124994e-01,-3.883062567855958269e-01,-1.975893974304199219e-04,-3.099739551544189453e-04
2.849000000000000199e+01,-1.967673353040124973e-01,-4.004389733785252981e-01,-1.975297927856445312e-04,-3.099739551544189453e-04
2.850000000000000000e+01,-1.977499269377952784e-01,-4.121632044763308134e-01,-1.975297927856445312e-04,-3.100037574768066406e-04
2.851000000000000156e+01,-1.987581910040740196e-01,-4.234615873648944762e-01,-1.975297927856445312e-04,-3.100633621215820312e-04
2.851999999999999957e+01,-1.997980815083827411e-01,-4.343180264351335640e-01,-1.975297927856445312e-04,-3.100633621215820312e-04
2.853000000000000114e+01,-2.008747616423918747e-01,-4.447176711069596444e-01,-1.975893974304199219e-04,-3.100931644439697266e-04
2.853999999999999915e+01,-2.019926365740185026e-01,-4.546468863621180856e-01,-1.975893974304199219e-04,-3.100931644439697266e-04
2.855000000000000071e+01,-2.031553913554629831e-01,-4.640932170011095592e-01,-1.976191997528076172e-04,-3.100931644439697266e-04
2.856000000000000227e+01,-2.043660314678396595e-01,-4.730453485880550812e-01,-1.977086067199707031e-04,-3.101229667663574219e-04
2.857000000000000028e+01,-2.056269282993827552e-01,-4.814930623332203674e-01,-1.975595951080322266e-04,-3.101527690887451172e-04
2.858000000000000185e+01,-2.069398614261925007e-01,-4.894271935578712873e-01,-1.976191997528076172e-04,-3.101825714111328125e-04
2.858999999999999986e+01,-2.083060638773270856e-01,-4.968395864188193678e-01,-1.977086067199707031e-04,-3.102421760559082031e-04
2.860000000000000142e+01,-2.097262660324668293e-01,-5.037230498513043386e-01,-1.978278160095214844e-04,-3.102421760559082031e-04
2.860999999999999943e+01,-2.112007357061529700e-01,-5.100713177579281332e-01,-1.977682113647460938e-04,-3.102421760559082031e-04
2.862000000000000099e+01,-2.127293209574783184e-01,-5.158790056047585226e-01,-1.977682113647460938e-04,-3.102719783782958984e-04
2.862999999999999901e+01,-2.143114864274653086e-01,-5.211415742291682918e-01,-1.977682113647460938e-04,-3.103315830230712891e-04
2.864000000000000057e+01,-2.159463462036768089e-01,-5.258552972219607824e-01,-1.978278160095214844e-04,-3.103315830230712891e-04
2.865000000000000213e+01,-2.176326957249708205e-01,-5.300172289156533934e-01,-1.978278160095214844e-04,-3.103315830230712891e-04
2.866000000000000014e+01,-2.193690388310943207e-01,-5.336251775768439121e-01,-1.979172229766845703e-04,-3.103315830230712891e-04
2.867000000000000171e+01,-2.211536104877334930e-01,-5.366776830145826294e-01,-1.979172229766845703e-04,-3.103613853454589844e-04
2.867999999999999972e+01,-2.229843965921381455e-01,-5.391739970009503669e-01,-1.978278160095214844e-04,-3.104209899902343750e-04
2.869000000000000128e+01,-2.248591493217468040e-01,-5.411140682469167684e-01,-1.979172229766845703e-04,-3.104209899902343750e-04
2.869999999999999929e+01,-2.267753984456796490e-01,-5.424985314108045076e-01,-1.977980136871337891e-04,-3.104209899902343750e-04
2.871000000000000085e+01,-2.287304588444580844e-01,-5.433286998411993585e-01,-1.978874206542968750e-04,-3.104507923126220703e-04
2.871999999999999886e+01,-2.307214343194711470e-01,-5.436065620581923552e-01,-1.979172229766845703e-04,-3.104805946350097656e-04
2.873000000000000043e+01,-2.327452161992789592e-01,-5.433347832247527043e-01,-1.979172229766845703e-04,-3.104805946350097656e-04
2.874000000000000199e+01,-2.347984830328209704e-01,-5.425167056069992721e-01,-1.980662345886230469e-04,-3.104805946350097656e-04
2.875000000000000000e+01,-2.368776883308195969e-01,-5.411563606672447069e-01,-1.979768276214599609e-04,-3.105103969573974609e-04
2.876000000000000156e+01,-2.389790557338402899e-01,-5.392584738930763510e-01,-1.979768276214599609e-04,-3.105401992797851562e-04
2.876999999999999957e+01,-2.410985603694576485e-01,-5.368284828779116280e-01,-1.981258392333984375e-04,-3.105998039245605469e-04
2.878000000000000114e+01,-2.432319130339870017e-01,-5.338725526297899426e-01,-1.980662345886230469e-04,-3.105998039245605469e-04
2.878999999999999915e+01,-2.453745451826241653e-01,-5.303975898762053331e-01,-1.979768276214599609e-04,-3.105998039245605469e-04
2.880000000000000071e+01,-2.475215858823320569e-01,-5.264112649261815102e-01,-1.980662345886230469e-04,-3.105998039245605469e-04
2.881000000000000227e+01,-2.496678400245395946e-01,-5.219220321096673665e-01,-1.979768276214599609e-04,-3.106594085693359375e-04
2.882000000000000028e+01,-2.518077651243048054e-01,-5.169391509696877884e-01,-1.979768276214599609e-04,-3.106892108917236328e-04
2.883000000000000185e+01,-2.539354483156716080e-01,-5.114727070090400174e-01,-1.980662345886230469e-04,-3.106892108917236328e-04
2.883999999999999986e+01,-2.560445825778832063e-01,-5.055336326255248647e-01,-1.981258392333984375e-04,-3.106892108917236328e-04
2.885000000000000142e+01,-2.581284445657596738e-01,-4.991337253432647780e-01,-1.981258392333984375e-04,-3.107190132141113281e-04
2.885999999999999943e+01,-2.601798737456733623e-01,-4.922856645292190692e-01,-1.980662345886230469e-04,-3.108084201812744141e-04
2.887000000000000099e+01,-2.621912544723651317e-01,-4.850030234645364424e-01,-1.981258392333984375e-04,-3.108084201812744141e-04
2.887999999999999901e+01,-2.641545008227809133e-01,-4.773002783188994291e-01,-1.981258392333984375e-04,-3.108084201812744141e-04
2.889000000000000057e+01,-2.660610458858641558e-01,-4.691928108548155674e-01,-1.981258392333984375e-04,-3.108382225036621094e-04
2.890000000000000213e+01,-2.679018359163901075e-01,-4.606969051483738031e-01,-1.982450485229492188e-04,-3.108680248260498047e-04
2.891000000000000014e+01,-2.696673302406066286e-01,-4.518297369902071758e-01,-1.983046531677246094e-04,-3.108680248260498047e-04
2.892000000000000171e+01,-2.713475076052520585e-01,-4.426093552152805533e-01,-1.983046531677246094e-04,-3.108978271484375000e-04
2.892999999999999972e+01,-2.729318802108174347e-01,-4.330546535185005874e-01,-1.983642578125000000e-04,-3.108978271484375000e-04
2.894000000000000128e+01,-2.744095149424760072e-01,-4.231853334209559891e-01,-1.983642578125000000e-04,-3.108978271484375000e-04
2.894999999999999929e+01,-2.757690616902012670e-01,-4.130218585697502109e-01,-1.983642578125000000e-04,-3.109574317932128906e-04
2.896000000000000085e+01,-2.769987939843998603e-01,-4.025853939989940122e-01,-1.983642578125000000e-04,-3.109872341156005859e-04
2.896999999999999886e+01,-2.780866514538666290e-01,-3.918977434750909317e-01,-1.984536647796630859e-04,-3.109872341156005859e-04
2.898000000000000043e+01,-2.790202951582199664e-01,-3.809812711903690641e-01,-1.984536647796630859e-04,-3.108978271484375000e-04
2.899000000000000199e+01,-2.797871681299469171e-01,-3.698588175043557857e-01,-1.984536647796630859e-04,-3.109574317932128906e-04
2.900000000000000000e+01,-2.803745633541893101e-01,-3.585536060588592200e-01,-1.984536647796630859e-04,-3.109574317932128906e-04
2.901000000000000156e+01,-2.807696971326102964e-01,-3.470891447696975440e-01,-1.984238624572753906e-04,-3.110468387603759766e-04
2.901999999999999957e+01,-2.809597872880448821e-01,-3.354891215364015911e-01,-1.984238624572753906e-04,-3.110170364379882812e-04
2.903000000000000114e+01,-2.809321340344944629e-01,-3.237772974160978423e-01,-1.984834671020507812e-04,-3.110766410827636719e-04
2.903999999999999915e+01,-2.806742033628517041e-01,-3.119773973900641373e-01,-1.984238624572753906e-04,-3.110468387603759766e-04
2.905000000000000071e+01,-2.801737109118595526e-01,-3.001130013289824428e-01,-1.984834671020507812e-04,-3.111362457275390625e-04
2.906000000000000227e+01,-2.794187042326263803e-01,-2.882074376983745911e-01,-1.984536647796630859e-04,-3.111362457275390625e-04
2.907000000000000028e+01,-2.783976434051079196e-01,-2.762836799740742144e-01,-1.984536647796630859e-04,-3.111660480499267578e-04
2.908000000000000185e+01,-2.770994777161269185e-01,-2.643642485498229888e-01,-1.985430717468261719e-04,-3.111958503723144531e-04
2.908999999999999986e+01,-2.755137189318524471e-01,-2.524711174475242070e-01,-1.984834671020507812e-04,-3.112256526947021484e-04
2.910000000000000142e+01,-2.736305074587562780e-01,-2.406256300511220303e-01,-1.984834671020507812e-04,-3.112256526947021484e-04
2.910999999999999943e+01,-2.714406726205287335e-01,-2.288484225303134834e-01,-1.984834671020507812e-04,-3.112256526947021484e-04
2.912000000000000099e+01,-2.689357875662229946e-01,-2.171593536789636347e-01,-1.985430717468261719e-04,-3.112256526947021484e-04
2.912999999999999901e+01,-2.661082152528651545e-01,-2.055774456382647719e-01,-1.985430717468261719e-04,-3.112256526947021484e-04
2.914000000000000057e+01,-2.629511510531882257e-01,-1.941208287968505253e-01,-1.985430717468261719e-04,-3.112554550170898438e-04
2.915000000000000213e+01,-2.594586553191528533e-01,-1.828066981375353062e-01,-1.985430717468261719e-04,-3.112554550170898438e-04
2.916000000000000014e+01,-2.556256805241443608e-01,-1.716512756964499176e-01,-1.985430717468261719e-04,-3.112554550170898438e-04
2.917000000000000171e+01,-2.514480937321551535e-01,-1.606697777840143671e-01,-1.985430717468261719e-04,-3.113150596618652344e-04
2.917999999999999972e+01,-2.469226923138722052e-01,-1.498763896013585728e-01,-1.985430717468261719e-04,-3.113448619842529297e-04
2.919000000000000128e+01,-2.420472152068955662e-01,-1.392842440939396909e-01,-1.985430717468261719e-04,-3.113746643066406250e-04
2.919999999999999929e+01,-2.368203507202135405e-01,-1.289054036775967582e-01,-1.986324787139892578e-04,-3.113448619842529297e-04
2.921000000000000085e+01,-2.312417400577072013e-01,-1.187508460664433163e-01,-1.986920833587646484e-04,-3.114044666290283203e-04
2.921999999999999886e+01,-2.253119784312756224e-01,-1.088304515904549019e-01,-1.987814903259277344e-04,-3.114044666290283203e-04
2.923000000000000043e+01,-2.190326139486983847e-01,-9.915299194109818137e-02,-1.987814903259277344e-04,-3.114044666290283203e-04
2.924000000000000199e+01,-2.124061427815736591e-01,-8.972612226090791177e-02,-1.987814903259277344e-04,-3.114342689514160156e-04
2.925000000000000000e+01,-2.054360082916301122e-01,-8.055636695512223555e-02,-1.987218856811523438e-04,-3.114938735961914062e-04
2.926000000000000156e+01,-1.981265918856268404e-01,-7.164911471924433062e-02,-1.987218856811523438e-04,-3.114938735961914062e-04
2.926999999999999957e+01,-1.904832101025618896e-01,-6.300860542087070859e-02,-1.988410949707031250e-04,-3.115236759185791016e-04
2.928000000000000114e+01,-1.825121052550258693e-01,-5.463792322413819902e-02,-1.988410949707031250e-04,-3.115832805633544922e-04
2.928999999999999915e+01,-1.742204407150703682e-01,-4.653898491072717969e-02,-1.988112926483154297e-04,-3.116130828857421875e-04
2.930000000000000071e+01,-1.656162915043708495e-01,-3.871253186850995287e-02,-1.988410949707031250e-04,-3.116130828857421875e-04
2.931000000000000227e+01,-1.567086373733373728e-01,-3.115812158986899782e-02,-1.988410949707031250e-04,-3.115832805633544922e-04
2.932000000000000028e+01,-1.475073530969290281e-01,-2.387412073191517298e-02,-1.988410949707031250e-04,-3.116726875305175781e-04
2.933000000000000185e+01,-1.380231981423366283e-01,-1.685770028363136469e-02,-1.988410949707031250e-04,-3.117024898529052734e-04
2.933999999999999986e+01,-1.282678052705819582e-01,-1.010483367088186105e-02,-1.988112926483154297e-04,-3.117322921752929688e-04
2.935000000000000142e+01,-1.182536672115052229e-01,-3.610297550098567117e-03,-1.988708972930908203e-04,-3.117024898529052734e-04
2.935999999999999943e+01,-1.079941196319042784e-01,2.632320430045440723e-03,-1.987814903259277344e-04,-3.117322921752929688e-04
2.937000000000000099e+01,-9.750332263856086035e-02,8.630610968235186836e-03,-1.989901065826416016e-04,-3.117322921752929688e-04
2.937999999999999901e+01,-8.679623798926794365e-02,1.439332457891055392e-02,-1.990199089050292969e-04,-3.117620944976806641e-04
2.939000000000000057e+01,-7.588860184706104628e-02,1.993034524476588673e-02,-1.989603042602539062e-04,-3.117918968200683594e-04
2.940000000000000213e+01,-6.479689399862748056e-02,2.525265757624563928e-02,-1.990795135498046875e-04,-3.117918968200683594e-04
2.941000000000000014e+01,-5.353830060195719637e-02,3.037230273254828278e-02,-1.991391181945800781e-04,-3.117918968200683594e-04
2.942000000000000171e+01,-4.213067286441143228e-02,3.530232716270222115e-02,-1.991391181945800781e-04,-3.117918968200683594e-04
2.942999999999999972e+01,-3.059247905095974218e-02,4.005671988282405449e-02,-1.991391181945800781e-04,-3.118813037872314453e-04
2.944000000000000128e+01,-1.894275104189261510e-02,4.465034050338955590e-02,-1.991391181945800781e-04,-3.118813037872314453e-04
2.944999999999999929e+01,-7.201025235637509292e-03,4.909883751539788344e-02,-1.991689205169677734e-04,-3.119409084320068359e-04
2.946000000000000085e+01,4.612722543804119446e-03,5.341855672276382000e-02,-1.992285251617431641e-04,-3.119409084320068359e-04
2.946999999999999886e+01,1.647814690135475033e-02,5.762644150056924625e-02,-1.992285251617431641e-04,-3.119409084320068359e-04
2.948000000000000043e+01,2.837460795559179280e-02,6.173992451469281773e-02,-1.992285251617431641e-04,-3.119707107543945312e-04
2.949000000000000199e+01,4.028124954278127640e-02,6.577681428649133355e-02,-1.993179321289062500e-04,-3.120303153991699219e-04
2.950000000000000000e+01,5.217708189242860339e-02,6.975517433656588939e-02,-1.993179321289062500e-04,-3.120601177215576172e-04
2.951000000000000156e+01,6.404106462855500836e-02,7.369320199107975977e-02,-1.993179321289062500e-04,-3.120601177215576172e-04
2.951999999999999957e+01,7.585219254234226716e-02,7.760910255095040955e-02,-1.993775367736816406e-04,-3.120303153991699219e-04
2.953000000000000114e+01,8.758958052986996756e-02,8.152096500610829521e-02,-1.994371414184570312e-04,-3.120601177215576172e-04
2.953999999999999915e+01,9.923254667385478234e-02,8.544664081752681439e-02,-1.994371414184570312e-04,-3.120601177215576172e-04
2.955000000000000071e+01,1.107606952105741616e-01,8.940362296545611986e-02,-1.994371414184570312e-04,-3.121197223663330078e-04
2.956000000000000227e+01,1.221539932216726410e-01,9.340893535818094173e-02,-1.994371414184570312e-04,-3.121495246887207031e-04
2.957000000000000028e+01,1.333928459601663452e-01,9.747902453443464676e-02,-1.994371414184570312e-04,-3.121197223663330078e-04
2.958000000000000185e+01,1.444581659832552822e-01,1.016296615859925284e-01,-1.994371414184570312e-04,-3.121495246887207031e-04
2.958999999999999986e+01,1.553314361443349223e-01,1.058758542085068699e-01,-1.994371414184570312e-04,-3.122389316558837891e-04
2.960000000000000142e+01,1.659947683849036792e-01,1.102317657064679352e-01,-1.994371414184570312e-04,-3.122389316558837891e-04
2.960999999999999943e+01,1.764309543800880176e-01,1.147106474380868296e-01,-1.994371414184570312e-04,-3.122389316558837891e-04
2.962000000000000099e+01,1.866235119068735404e-01,1.193247783487091096e-01,-1.994371414184570312e-04,-3.122389316558837891e-04
2.962999999999999901e+01,1.965567232883140003e-01,1.240854176084695004e-01,-1.994371414184570312e-04,-3.122687339782714844e-04
2.964000000000000057e+01,2.062156693219718284e-01,1.290027647466371330e-01,-1.994967460632324219e-04,-3.122985363006591797e-04
2.965000000000000213e+01,2.155862565999660529e-01,1.340859307308312487e-01,-1.995265483856201172e-04,-3.122985363006591797e-04
2.966000000000000014e+01,2.246552407269640228e-01,1.393429158630395681e-01,-1.995563507080078125e-04,-3.123283386230468750e-04
2.967000000000000171e+01,2.334102436764497746e-01,1.447805973704745786e-01,-1.995563507080078125e-04,-3.123283386230468750e-04
2.967999999999999972e+01,2.418397687453095468e-01,1.504047209640852201e-01,-1.995265483856201172e-04,-3.123879432678222656e-04
2.969000000000000128e+01,2.499332103838994290e-01,1.562199008148727197e-01,-1.995861530303955078e-04,-3.123283386230468750e-04
2.969999999999999929e+01,2.576808624122354230e-01,1.622296221078845524e-01,-1.995265483856201172e-04,-3.123283386230468750e-04
2.971000000000000085e+01,2.650739234659472143e-01,1.684362479501793908e-01,-1.995861530303955078e-04,-3.123879432678222656e-04
2.971999999999999886e+01,2.721045001242753392e-01,1.748410299747831520e-01,-1.995861530303955078e-04,-3.124475479125976562e-04
2.973000000000000043e+01,2.787656100216607813e-01,1.814441183870170449e-01,-1.995861530303955078e-04,-3.124773502349853516e-04
2.974000000000000199e+01,2.850511820798631302e-01,1.882445766012000865e-01,-1.995861530303955078e-04,-3.125071525573730469e-04
2.975000000000000000e+01,2.909560580442389077e-01,1.952403927614400903e-01,-1.995861530303955078e-04,-3.124475479125976562e-04
2.976000000000000156e+01,2.964759918648096626e-01,2.024284943770820744e-01,-1.996755599975585938e-04,-3.124773502349853516e-04
2.976999999999999957e+01,3.016076498234073200e-01,2.098047606801591025e-01,-1.996755599975585938e-04,-3.124773502349853516e-04
2.978000000000000114e+01,3.063486098751909692e-01,2.173640351413159144e-01,-1.997053623199462891e-04,-3.125667572021484375e-04
2.978999999999999915e+01,3.106973607134541071e-01,2.251001375543186522e-01,-1.997053623199462891e-04,-3.125667572021484375e-04
2.980000000000000071e+01,3.146533003974391618e-01,2.330058749386679784e-01,-1.996159553527832031e-04,-3.125667572021484375e-04
2.981000000000000227e+01,3.182167342392769882e-01,2.410730527526880329e-01,-1.996159553527832031e-04,-3.125965595245361328e-04
2.982000000000000028e+01,3.213888716314726723e-01,2.492924855844997623e-01,-1.997053623199462891e-04,-3.125667572021484375e-04
2.983000000000000185e+01,3.241718214594946357e-01,2.576540087412753643e-01,-1.997351646423339844e-04,-3.126859664916992188e-04
2.983999999999999986e+01,3.265685860365212245e-01,2.661464901809339478e-01,-1.997351646423339844e-04,-3.126561641693115234e-04
2.985000000000000142e+01,3.285830519111573311e-01,2.747578453643678142e-01,-1.997947692871093750e-04,-3.126561641693115234e-04
2.985999999999999943e+01,3.302199793412274875e-01,2.834750524780381697e-01,-1.997947692871093750e-04,-3.126859664916992188e-04
2.987000000000000099e+01,3.314849866496381581e-01,2.922841734757675169e-01,-1.998841762542724609e-04,-3.126859664916992188e-04
2.987999999999999901e+01,3.323845319497602535e-01,3.011703771454801726e-01,-1.998841762542724609e-04,-3.126859664916992188e-04
2.989000000000000057e+01,3.329258907677318802e-01,3.101179673383773761e-01,-1.998841762542724609e-04,-3.127455711364746094e-04
2.990000000000000213e+01,3.331171279474282598e-01,3.191104172823537866e-01,-1.998841762542724609e-04,-3.127455711364746094e-04
2.991000000000000014e+01,3.329670658705968234e-01,3.281304088697675203e-01,-1.998841762542724609e-04,-3.127455711364746094e-04
2.992000000000000171e+01,3.324852461417301952e-01,3.371598796781219431e-01,-1.999437808990478516e-04,-3.127753734588623047e-04
2.992999999999999972e+01,3.316818872028453047e-01,3.461800757398653672e-01,-1.999437808990478516e-04,-3.128051757812500000e-04
2.994000000000000128e+01,3.305678354892773174e-01,3.551716124741685077e-01,-1.999437808990478516e-04,-3.128051757812500000e-04
2.994999999999999929e+01,3.291545130334890823e-01,3.641145408609809953e-01,-1.999437808990478516e-04,-3.128349781036376953e-04
2.996000000000000085e+01,3.274538587990600269e-01,3.729884221844636527e-01,-2.000927925109863281e-04,-3.128349781036376953e-04
2.996999999999999886e+01,3.254782678535561025e-01,3.817724063594572503e-01,-2.000927925109863281e-04,-3.128349781036376953e-04
2.998000000000000043e+01,3.232405252447882460e-01,3.904453179748091918e-01,-2.000927925109863281e-04,-3.129541873931884766e-04
2.999000000000000199e+01,3.207537394989937729e-01,3.989857437944774876e-01,-2.000927925109863281e-04,-3.129541873931884766e-04
3.000000000000000000e+01,3.180312724575014571e-01,4.073721261433744800e-01,-2.000927925109863281e-04,-3.129541873931884766e-04
3.001000000000000156e+01,3.150866713450691248e-01,4.155828542941078507e-01,-2.001523971557617188e-04,-3.129541873931884766e-04
3.001999999999999957e+01,3.119335984464014500e-01,4.235963604244135094e-01,-2.001523971557617188e-04,-3.129839897155761719e-04
3.003000000000000114e+01,3.085857648466126535e-01,4.313912112046665581e-01,-2.002716064453125000e-04,-3.130137920379638672e-04
3.003999999999999915e+01,3.050568661057938558e-01,4.389461980490217408e-01,-2.002716064453125000e-04,-3.130137920379638672e-04
3.005000000000000071e+01,3.013605214648568675e-01,4.462404238617112551e-01,-2.002120018005371094e-04,-3.130137920379638672e-04
3.006000000000000227e+01,2.975102181277549662e-01,4.532533841511695583e-01,-2.002716064453125000e-04,-3.130435943603515625e-04
3.007000000000000028e+01,2.935192604070270828e-01,4.599650427139703179e-01,-2.002120018005371094e-04,-3.131031990051269531e-04
3.008000000000000185e+01,2.894007247875120536e-01,4.663559004196766167e-01,-2.002716064453125000e-04,-3.131031990051269531e-04
3.008999999999999986e+01,2.851674211486930344e-01,4.724070566408526961e-01,-2.002120018005371094e-04,-3.131330013275146484e-04
3.010000000000000142e+01,2.808318601492029165e-01,4.781002632637630367e-01,-2.002120018005371094e-04,-3.131628036499023438e-04
3.010999999999999943e+01,2.764062270751866945e-01,4.834179706007066812e-01,-2.002120018005371094e-04,-3.131628036499023438e-04
3.012000000000000099e+01,2.719023621639218291e-01,4.883433651723378399e-01,-2.002716064453125000e-04,-3.131628036499023438e-04
3.012999999999999901e+01,2.673317454799013504e-01,4.928604017726995190e-01,-2.002716064453125000e-04,-3.131926059722900391e-04
3.014000000000000057e+01,2.627054886492867780e-01,4.969538264909272862e-01,-2.002418041229248047e-04,-3.132224082946777344e-04
3.015000000000000213e+01,2.580343306455216146e-01,5.006091943789201526e-01,-2.002120018005371094e-04,-3.132224082946777344e-04
3.016000000000000014e+01,2.533286378353015733e-01,5.038128812309955462e-01,-2.002418041229248047e-04,-3.133118152618408203e-04
3.017000000000000171e+01,2.485984078747791870e-01,5.065520899461973814e-01,-2.002418041229248047e-04,-3.133416175842285156e-04
3.017999999999999972e+01,2.438532762256030995e-01,5.088148529183399438e-01,-2.003014087677001953e-04,-3.133714199066162109e-04
3.019000000000000128e+01,2.391025249224903171e-01,5.105900308148499933e-01,-2.003014087677001953e-04,-3.133714199066162109e-04
3.019999999999999929e+01,2.343550927391235272e-01,5.118673087242205932e-01,-2.003908157348632812e-04,-3.133118152618408203e-04
3.021000000000000085e+01,2.296195861587213005e-01,5.126371903430648747e-01,-2.003908157348632812e-04,-3.133416175842285156e-04
3.021999999999999886e+01,2.249042904685604194e-01,5.128909909807539691e-01,-2.004504203796386719e-04,-3.133714199066162109e-04
3.023000000000000043e+01,2.202171802195486416e-01,5.126208302190793376e-01,-2.004504203796386719e-04,-3.133416175842285156e-04
3.024000000000000199e+01,2.155659285090830435e-01,5.118196248857197483e-01,-2.004802227020263672e-04,-3.134012222290039062e-04
3.025000000000000000e+01,2.109579150496101452e-01,5.104810824414633963e-01,-2.005100250244140625e-04,-3.134012222290039062e-04
3.026000000000000156e+01,2.064002324859171011e-01,5.085996951584416115e-01,-2.005100250244140625e-04,-3.134608268737792969e-04
3.026999999999999957e+01,2.018996877677015356e-01,5.061707391080907392e-01,-2.005100250244140625e-04,-3.134906291961669922e-04
3.028000000000000114e+01,1.974628039883103980e-01,5.031902714620202222e-01,-2.005696296691894531e-04,-3.134906291961669922e-04
3.028999999999999915e+01,1.930958162669461353e-01,4.996551336223938322e-01,-2.005696296691894531e-04,-3.135204315185546875e-04
3.030000000000000071e+01,1.888046660812235933e-01,4.955629551573906832e-01,-2.005696296691894531e-04,-3.135204315185546875e-04
3.031000000000000227e+01,1.845949889742323491e-01,4.909121644163116360e-01,-2.005696296691894531e-04,-3.135502338409423828e-04
3.032000000000000028e+01,1.804721011411415665e-01,4.857019994216723591e-01,-2.005696296691894531e-04,-3.135800361633300781e-04
3.033000000000000185e+01,1.764409798979044985e-01,4.799325249521848025e-01,-2.006292343139648438e-04,-3.135800361633300781e-04
3.033999999999999986e+01,1.725062403167650082e-01,4.736046532403503928e-01,-2.005696296691894531e-04,-3.136694431304931641e-04
3.035000000000000142e+01,1.686721071828709839e-01,4.667201692055570339e-01,-2.005696296691894531e-04,-3.136694431304931641e-04
3.035999999999999943e+01,1.649423827226750572e-01,4.592817600452566151e-01,-2.005696296691894531e-04,-3.136694431304931641e-04
3.037000000000000099e+01,1.613204097674403592e-01,4.512930492168477081e-01,-2.005696296691894531e-04,-3.136694431304931641e-04
3.037999999999999901e+01,1.578090307228061651e-01,4.427586351535168774e-01,-2.005696296691894531e-04,-3.136396408081054688e-04
3.039000000000000057e+01,1.544105422460345101e-01,4.336841340080691554e-01,-2.005994319915771484e-04,-3.136694431304931641e-04
3.040000000000000213e+01,1.511266470166071629e-01,4.240762260634963199e-01,-2.005994319915771484e-04,-3.137290477752685547e-04
3.041000000000000014e+01,1.479584010987214371e-01,4.139427063393431028e-01,-2.006590366363525391e-04,-3.136992454528808594e-04
3.042000000000000171e+01,1.449061604911371093e-01,4.032925367402825367e-01,-2.007484436035156250e-04,-3.136992454528808594e-04
3.042999999999999972e+01,1.419695239833444755e-01,3.921359017525149482e-01,-2.007484436035156250e-04,-3.136992454528808594e-04
3.044000000000000128e+01,1.391472772756504606e-01,3.804842633045341094e-01,-2.008378505706787109e-04,-3.137290477752685547e-04
3.044999999999999929e+01,1.364373354336091415e-01,3.683504171420807771e-01,-2.007782459259033203e-04,-3.138184547424316406e-04
3.046000000000000085e+01,1.338366903791274876e-01,3.557485439745973754e-01,-2.008378505706787109e-04,-3.138482570648193359e-04
3.046999999999999886e+01,1.313413584610044482e-01,3.426942600795201965e-01,-2.008378505706787109e-04,-3.138482570648193359e-04
3.048000000000000043e+01,1.289463344088545849e-01,3.292046609025996995e-01,-2.008378505706787109e-04,-3.138482570648193359e-04
3.049000000000000199e+01,1.266455534669867489e-01,3.152983552025266922e-01,-2.008378505706787109e-04,-3.138482570648193359e-04
3.050000000000000000e+01,1.244318620598934555e-01,3.009954889395830002e-01,-2.009272575378417969e-04,-3.139078617095947266e-04
3.051000000000000156e+01,1.222969986359880440e-01,2.863177573131086007e-01,-2.009272575378417969e-04,-3.138780593872070312e-04
3.051999999999999957e+01,1.202315897751972812e-01,2.712883985787870600e-01,-2.009272575378417969e-04,-3.139078617095947266e-04
3.053000000000000114e+01,1.182251604347862584e-01,2.559321709129129263e-01,-2.009272575378417969e-04,-3.139078617095947266e-04
3.053999999999999915e+01,1.162661605453750996e-01,2.402753096710212866e-01,-2.008676528930664062e-04,-3.139376640319824219e-04
3.055000000000000071e+01,1.143420118858442525e-01,2.243454600470309312e-01,-2.010464668273925781e-04,-3.139972686767578125e-04
3.056000000000000227e+01,1.124391719571291304e-01,2.081715891917258476e-01,-2.010464668273925781e-04,-3.139972686767578125e-04
3.057000000000000028e+01,1.105432182728423723e-01,1.917838735171390196e-01,-2.009868621826171875e-04,-3.139376640319824219e-04
3.058000000000000185e+01,1.086389518826728628e-01,1.752135625331888436e-01,-2.009868621826171875e-04,-3.139972686767578125e-04
3.058999999999999986e+01,1.067105179097196516e-01,1.584928220520478714e-01,-2.010166645050048828e-04,-3.140270709991455078e-04
3.060000000000000142e+01,1.047415421501080857e-01,1.416545578145529394e-01,-2.010464668273925781e-04,-3.140568733215332031e-04
3.060999999999999943e+01,1.027152812736656790e-01,1.247322226603454209e-01,-2.010166645050048828e-04,-3.140568733215332031e-04
3.062000000000000099e+01,1.006147829593638243e-01,1.077596117354888139e-01,-2.010166645050048828e-04,-3.140568733215332031e-04
3.062999999999999901e+01,9.842305242806494159e-02,9.077065015156161876e-02,-2.010166645050048828e-04,-3.140568733215332031e-04
3.064000000000000057e+01,9.612322110690967036e-02,7.379917838874468228e-02,-2.010464668273925781e-04,-3.140866756439208984e-04
3.065000000000000213e+01,9.369871452253678012e-02,5.687873890807973454e-02,-2.011358737945556641e-04,-3.141164779663085938e-04
3.066000000000000014e+01,9.113341372907998728e-02,4.004237129865163836e-02,-2.011358737945556641e-04,-3.141164779663085938e-04
3.067000000000000171e+01,8.841180706297893654e-02,2.332241942403283363e-02,-2.011358737945556641e-04,-3.141760826110839844e-04
3.067999999999999972e+01,8.551913017653185733e-02,6.750353280767078593e-03,-2.011358737945556641e-04,-3.141760826110839844e-04
3.069000000000000128e+01,8.244149147248643061e-02,-9.643391030979883011e-03,-2.011954784393310547e-04,-3.142058849334716797e-04
3.069999999999999929e+01,7.916597902622814209e-02,-2.582954867289261047e-02,-2.011954784393310547e-04,-3.142058849334716797e-04
3.071000000000000085e+01,7.568075109485593310e-02,-4.178014351785792890e-02,-2.011954784393310547e-04,-3.142356872558593750e-04
3.071999999999999886e+01,7.197510726440277395e-02,-5.746858223678465855e-02,-2.011954784393310547e-04,-3.142356872558593750e-04
3.073000000000000043e+01,6.803954165028319734e-02,-7.286972704387292832e-02,-2.012848854064941406e-04,-3.142952919006347656e-04
3.074000000000000199e+01,6.386577869743424729e-02,-8.795994798058742736e-02,-2.012848854064941406e-04,-3.142654895782470703e-04
3.075000000000000000e+01,5.944679262218931226e-02,-1.027171562053683929e-01,-2.011954784393310547e-04,-3.142952919006347656e-04
3.076000000000000156e+01,5.477681280325919638e-02,-1.171208214018393534e-01,-2.011358737945556641e-04,-3.143548965454101562e-04
3.076999999999999957e+01,4.985131608114022617e-02,-1.311519744491962125e-01,-2.012252807617187500e-04,-3.143548965454101562e-04
3.078000000000000114e+01,4.466700856990500623e-02,-1.447931988045711993e-01,-2.011656761169433594e-04,-3.143846988677978516e-04
3.078999999999999915e+01,3.922179856944966320e-02,-1.580286124906794265e-01,-2.011358737945556641e-04,-3.143846988677978516e-04
3.080000000000000071e+01,3.351476287528348807e-02,-1.708438435707058667e-01,-2.012252807617187500e-04,-3.143846988677978516e-04
3.081000000000000227e+01,2.754610804536244614e-02,-1.832260009016273283e-01,-2.011656761169433594e-04,-3.144145011901855469e-04
3.082000000000000028e+01,2.131712841251722640e-02,-1.951636422609625832e-01,-2.011656761169433594e-04,-3.144443035125732422e-04
3.083000000000000185e+01,1.483016226635632678e-02,-2.066467414299322236e-01,-2.013146877288818359e-04,-3.144741058349609375e-04
3.083999999999999986e+01,8.088547544247239041e-03,-2.176666556958734566e-01,-2.013146877288818359e-04,-3.144741058349609375e-04
3.085000000000000142e+01,1.096577929227540021e-03,-2.282160945968306487e-01,-2.013146877288818359e-04,-3.144741058349609375e-04
3.085999999999999943e+01,-6.140539015735631961e-03,-2.382890917871822722e-01,-2.013146877288818359e-04,-3.144741058349609375e-04
3.087000000000000099e+01,-1.361672223480723046e-02,-2.478809788466121988e-01,-2.014935016632080078e-04,-3.145337104797363281e-04
3.087999999999999901e+01,-2.132505491239467671e-02,-2.569883622534641088e-01,-2.014040946960449219e-04,-3.145635128021240234e-04
3.089000000000000057e+01,-2.925781840391847299e-02,-2.656091048979436486e-01,-2.014040946960449219e-04,-3.145337104797363281e-04
3.090000000000000213e+01,-3.740652420378674792e-02,-2.737423091330793978e-01,-2.014935016632080078e-04,-3.145635128021240234e-04
3.091000000000000014e+01,-4.576194124584000850e-02,-2.813883048328247871e-01,-2.015531063079833984e-04,-3.145635128021240234e-04
3.092000000000000171e+01,-5.431412149279736534e-02,-2.885486381636402364e-01,-2.016425132751464844e-04,-3.145933151245117188e-04
3.092999999999999972e+01,-6.305242116897774585e-02,-2.952260643922015038e-01,-2.016425132751464844e-04,-3.146529197692871094e-04
3.094000000000000128e+01,-7.196552063854128045e-02,-3.014245405349897933e-01,-2.017021179199218750e-04,-3.146231174468994141e-04
3.094999999999999929e+01,-8.104144087241672845e-02,-3.071492202813472239e-01,-2.017617225646972656e-04,-3.146529197692871094e-04
3.096000000000000085e+01,-9.026755929377054677e-02,-3.124064475156161369e-01,-2.017021179199218750e-04,-3.146529197692871094e-04
3.097000000000000242e+01,-9.963062346327593299e-02,-3.172037501141146132e-01,-2.017021179199218750e-04,-3.147125244140625000e-04
3.098000000000000043e+01,-1.091167652466826371e-01,-3.215498306964089670e-01,-2.018213272094726562e-04,-3.147423267364501953e-04
3.099000000000000199e+01,-1.187115143598276717e-01,-3.254545554164915422e-01,-2.018213272094726562e-04,-3.147721290588378906e-04
3.100000000000000000e+01,-1.283998137464664735e-01,-3.289289378658137308e-01,-2.018809318542480469e-04,-3.147721290588378906e-04
3.101000000000000156e+01,-1.381660360056349290e-01,-3.319851187556731587e-01,-2.018213272094726562e-04,-3.147721290588378906e-04
3.101999999999999957e+01,-1.479940031327916794e-01,-3.346363388291727081e-01,-2.018809318542480469e-04,-3.148019313812255859e-04
3.103000000000000114e+01,-1.578670089773248075e-01,-3.368969054517460537e-01,-2.018809318542480469e-04,-3.148317337036132812e-04
3.103999999999999915e+01,-1.677678463932121000e-01,-3.387821508249336255e-01,-2.018809318542480469e-04,-3.148913383483886719e-04
3.105000000000000071e+01,-1.776788386181023527e-01,-3.403083821342446358e-01,-2.018511295318603516e-04,-3.148913383483886719e-04
3.106000000000000227e+01,-1.875818763478032669e-01,-3.414928223551271236e-01,-2.018511295318603516e-04,-3.148913383483886719e-04
3.107000000000000028e+01,-1.974584601943850659e-01,-3.423535418649903406e-01,-2.018809318542480469e-04,-3.148913383483886719e-04
3.108000000000000185e+01,-2.072897491930213720e-01,-3.429093807398815308e-01,-2.018809318542480469e-04,-3.149509429931640625e-04
3.108999999999999986e+01,-2.170566153005438481e-01,-3.431798615800052410e-01,-2.018809318542480469e-04,-3.149807453155517578e-04
3.110000000000000142e+01,-2.267397034364801722e-01,-3.431850942907940238e-01,-2.019107341766357422e-04,-3.149509429931640625e-04
3.110999999999999943e+01,-2.363194974134663617e-01,-3.429456721562768040e-01,-2.019107341766357422e-04,-3.149509429931640625e-04
3.112000000000000099e+01,-2.457763899826816978e-01,-3.424825624183461259e-01,-2.019107341766357422e-04,-3.149509429931640625e-04
3.112999999999999901e+01,-2.550907578840980183e-01,-3.418169900058161126e-01,-2.019107341766357422e-04,-3.150105476379394531e-04
3.114000000000000057e+01,-2.642430388051431045e-01,-3.409703193464762028e-01,-2.018809318542480469e-04,-3.150105476379394531e-04
3.115000000000000213e+01,-2.732138117127347332e-01,-3.399639321815589033e-01,-2.018809318542480469e-04,-3.149807453155517578e-04
3.116000000000000014e+01,-2.819838764429966060e-01,-3.388191075524188967e-01,-2.019405364990234375e-04,-3.150105476379394531e-04
3.117000000000000171e+01,-2.905343345645933217e-01,-3.375569011774151584e-01,-2.020001411437988281e-04,-3.150701522827148438e-04
3.117999999999999972e+01,-2.988466666769479807e-01,-3.361980312318270658e-01,-2.020001411437988281e-04,-3.150999546051025391e-04
3.119000000000000128e+01,-3.069028086484810736e-01,-3.347627671101946478e-01,-2.020001411437988281e-04,-3.150999546051025391e-04
3.119999999999999929e+01,-3.146852224712383683e-01,-3.332708270227270342e-01,-2.020001411437988281e-04,-3.151297569274902344e-04
3.121000000000000085e+01,-3.221769631817180124e-01,-3.317412829771441141e-01,-2.020001411437988281e-04,-3.151595592498779297e-04
3.122000000000000242e+01,-3.293617396529616159e-01,-3.301924756619320500e-01,-2.019405364990234375e-04,-3.151595592498779297e-04
3.123000000000000043e+01,-3.362239691968656463e-01,-3.286419394721771248e-01,-2.020001411437988281e-04,-3.151893615722656250e-04
3.124000000000000199e+01,-3.427488256187498639e-01,-3.271063380975811064e-01,-2.020597457885742188e-04,-3.152489662170410156e-04
3.125000000000000000e+01,-3.489222805437268149e-01,-3.256014107457038120e-01,-2.021193504333496094e-04,-3.152787685394287109e-04
3.126000000000000156e+01,-3.547311380275144366e-01,-3.241419288558066159e-01,-2.020597457885742188e-04,-3.152787685394287109e-04
3.126999999999999957e+01,-3.601630627535717388e-01,-3.227416627170378027e-01,-2.020597457885742188e-04,-3.152489662170410156e-04
3.128000000000000114e+01,-3.652066021451140232e-01,-3.214133573349186035e-01,-2.022087574005126953e-04,-3.152787685394287109e-04
3.128999999999999915e+01,-3.698512030169737730e-01,-3.201687164545229947e-01,-2.020597457885742188e-04,-3.152787685394287109e-04
3.130000000000000071e+01,-3.740872232989875257e-01,-3.190183938407393782e-01,-2.021193504333496094e-04,-3.153681755065917969e-04
3.131000000000000227e+01,-3.779059395199658722e-01,-3.179719906254087625e-01,-2.022385597229003906e-04,-3.153383731842041016e-04
3.132000000000000028e+01,-3.812995509603895328e-01,-3.170380572135583219e-01,-2.022385597229003906e-04,-3.153681755065917969e-04
3.133000000000000185e+01,-3.842611805351843213e-01,-3.162240996589191777e-01,-2.022385597229003906e-04,-3.153681755065917969e-04
3.133999999999999986e+01,-3.867848744192545207e-01,-3.155365871588643456e-01,-2.022385597229003906e-04,-3.154277801513671875e-04
3.135000000000000142e+01,-3.888655994926130677e-01,-3.149809622102889284e-01,-2.022385597229003906e-04,-3.154277801513671875e-04
3.135999999999999943e+01,-3.904992410765829036e-01,-3.145616493962917759e-01,-2.022385597229003906e-04,-3.154575824737548828e-04
3.137000000000000099e+01,-3.916825988140781312e-01,-3.142820662847103930e-01,-2.022385597229003906e-04,-3.154873847961425781e-04
3.137999999999999901e+01,-3.924133846210273169e-01,-3.141446300219391530e-01,-2.022087574005126953e-04,-3.154873847961425781e-04
3.139000000000000057e+01,-3.926902197451273002e-01,-3.141507644904931729e-01,-2.022981643676757812e-04,-3.154873847961425781e-04
3.140000000000000213e+01,-3.925126333236504395e-01,-3.143009041001267323e-01,-2.022981643676757812e-04,-3.154575824737548828e-04
3.141000000000000014e+01,-3.918810620676278500e-01,-3.145944948346934278e-01,-2.022683620452880859e-04,-3.155171871185302734e-04
3.142000000000000171e+01,-3.907968503898728296e-01,-3.150299936614728846e-01,-2.023875713348388672e-04,-3.155171871185302734e-04
3.142999999999999972e+01,-3.892622522169136845e-01,-3.156048642787093184e-01,-2.023577690124511719e-04,-3.155469894409179688e-04
3.144000000000000128e+01,-3.872804330975719300e-01,-3.163155714639496741e-01,-2.023577690124511719e-04,-3.155469894409179688e-04
3.144999999999999929e+01,-3.848554730984712902e-01,-3.171575732150644922e-01,-2.023577690124511719e-04,-3.156065940856933594e-04
3.146000000000000085e+01,-3.819923698444229188e-01,-3.181253117575661982e-01,-2.023577690124511719e-04,-3.156363964080810547e-04
3.147000000000000242e+01,-3.786970414058264955e-01,-3.192122038431129405e-01,-2.023577690124511719e-04,-3.156661987304687500e-04
3.148000000000000043e+01,-3.749763282873617154e-01,-3.204106316041420710e-01,-2.023577690124511719e-04,-3.156661987304687500e-04
3.149000000000000199e+01,-3.708379940685805898e-01,-3.217119346858031137e-01,-2.022981643676757812e-04,-3.156661987304687500e-04
3.150000000000000000e+01,-3.662907238275793786e-01,-3.231064050411658894e-01,-2.023875713348388672e-04,-3.156363964080810547e-04
3.151000000000000156e+01,-3.613441205498014730e-01,-3.245832843717087468e-01,-2.024471759796142578e-04,-3.156661987304687500e-04
3.151999999999999957e+01,-3.560086964530389531e-01,-3.261307682859225232e-01,-2.024471759796142578e-04,-3.156661987304687500e-04
3.153000000000000114e+01,-3.502958615850787494e-01,-3.277360148800416706e-01,-2.024471759796142578e-04,-3.156960010528564453e-04
3.153999999999999915e+01,-3.442179068569032885e-01,-3.293851610786804329e-01,-2.024769783020019531e-04,-3.156960010528564453e-04
3.155000000000000071e+01,-3.377879818138036505e-01,-3.310633469530741557e-01,-2.025663852691650391e-04,-3.157258033752441406e-04
3.156000000000000227e+01,-3.310200659147567448e-01,-3.327547498799844350e-01,-2.025365829467773438e-04,-3.157258033752441406e-04
3.157000000000000028e+01,-3.239289338622374781e-01,-3.344426278619266335e-01,-2.025365829467773438e-04,-3.157258033752441406e-04
3.158000000000000185e+01,-3.165301140261060353e-01,-3.361093736223849104e-01,-2.025961875915527344e-04,-3.158152103424072266e-04
3.158999999999999986e+01,-3.088398401240272095e-01,-3.377365794124393417e-01,-2.025961875915527344e-04,-3.158152103424072266e-04
3.160000000000000142e+01,-3.008749965344708066e-01,-3.393051120091361006e-01,-2.025961875915527344e-04,-3.158450126647949219e-04
3.160999999999999943e+01,-2.926530572589168822e-01,-3.407951980833615613e-01,-2.025961875915527344e-04,-3.158450126647949219e-04
3.162000000000000099e+01,-2.841920193012736351e-01,-3.421865189216449221e-01,-2.025961875915527344e-04,-3.158450126647949219e-04
3.162999999999999901e+01,-2.755103313902477757e-01,-3.434583131795558852e-01,-2.025961875915527344e-04,-3.158748149871826172e-04
3.164000000000000057e+01,-2.666268191101125451e-01,-3.445894861709263290e-01,-2.025961875915527344e-04,-3.159046173095703125e-04
3.165000000000000213e+01,-2.575606051045206124e-01,-3.455587275826410565e-01,-2.025663852691650391e-04,-3.159642219543457031e-04
3.166000000000000014e+01,-2.483310297618577245e-01,-3.463446298675967872e-01,-2.025663852691650391e-04,-3.159940242767333984e-04
3.167000000000000171e+01,-2.389575747915943515e-01,-3.469258039179767272e-01,-2.026259899139404297e-04,-3.159940242767333984e-04
3.167999999999999972e+01,-2.294597798311625025e-01,-3.472810052067372144e-01,-2.025663852691650391e-04,-3.159940242767333984e-04
3.169000000000000128e+01,-2.198571652559354606e-01,-3.473892524088289524e-01,-2.025663852691650391e-04,-3.160238265991210938e-04
3.169999999999999929e+01,-2.101691615752037945e-01,-3.472299378758798016e-01,-2.025663852691650391e-04,-3.160536289215087891e-04
3.171000000000000085e+01,-2.004150365985888360e-01,-3.467829403188393278e-01,-2.025663852691650391e-04,-3.160536289215087891e-04
3.172000000000000242e+01,-1.906138314478416917e-01,-3.460287265554102820e-01,-2.026259899139404297e-04,-3.160536289215087891e-04
3.173000000000000043e+01,-1.807843008809585650e-01,-3.449484462978721910e-01,-2.026557922363281250e-04,-3.160536289215087891e-04
3.174000000000000199e+01,-1.709448599347896947e-01,-3.435240175646570582e-01,-2.026557922363281250e-04,-3.160536289215087891e-04
3.175000000000000000e+01,-1.611135353763785971e-01,-3.417382049399735333e-01,-2.027451992034912109e-04,-3.161430358886718750e-04
3.176000000000000156e+01,-1.513079243915163574e-01,-3.395746862868301297e-01,-2.027451992034912109e-04,-3.161430358886718750e-04
3.176999999999999957e+01,-1.415451581231891298e-01,-3.370181114725150917e-01,-2.027451992034912109e-04,-3.161430358886718750e-04
3.178000000000000114e+01,-1.318418706070781377e-01,-3.340541518959195821e-01,-2.027750015258789062e-04,-3.161430358886718750e-04
3.178999999999999915e+01,-1.222141727613947210e-01,-3.306695410582215500e-01,-2.028048038482666016e-04,-3.161728382110595703e-04
3.180000000000000071e+01,-1.126776298982102992e-01,-3.268521082040157233e-01,-2.028048038482666016e-04,-3.162026405334472656e-04
3.181000000000000227e+01,-1.032472430794823814e-01,-3.225908042747000493e-01,-2.028048038482666016e-04,-3.162324428558349609e-04
3.182000000000000028e+01,-9.393743257270832647e-02,-3.178757226546253256e-01,-2.028942108154296875e-04,-3.162324428558349609e-04
3.183000000000000185e+01,-8.476202352558895314e-02,-3.126981142036613925e-01,-2.028942108154296875e-04,-3.162324428558349609e-04
3.183999999999999986e+01,-7.573423223315817188e-02,-3.070503989815677737e-01,-2.028942108154296875e-04,-3.162324428558349609e-04
3.185000000000000142e+01,-6.686665286901377625e-02,-3.009261747130503317e-01,-2.028942108154296875e-04,-3.163218498229980469e-04
3.185999999999999943e+01,-5.817124354482244852e-02,-2.943202235411784273e-01,-2.028942108154296875e-04,-3.163218498229980469e-04
3.187000000000000099e+01,-4.965931129645143743e-02,-2.872285178445969089e-01,-2.028942108154296875e-04,-3.163516521453857422e-04
3.187999999999999901e+01,-4.134149519000795969e-02,-2.796482260643542439e-01,-2.028942108154296875e-04,-3.163516521453857422e-04
3.189000000000000057e+01,-3.322774723364300964e-02,-2.715777193704814185e-01,-2.028942108154296875e-04,-3.163814544677734375e-04
3.190000000000000213e+01,-2.532731056651979853e-02,-2.630165798697352564e-01,-2.029538154602050781e-04,-3.163814544677734375e-04
3.191000000000000014e+01,-1.764869455091019543e-02,-2.539656111308979392e-01,-2.029538154602050781e-04,-3.163814544677734375e-04
3.192000000000000171e+01,-1.019964691294566496e-02,-2.444268511512074360e-01,-2.030134201049804688e-04,-3.163814544677734375e-04
3.192999999999999972e+01,-2.987121533892078684e-03,-2.344035894945517284e-01,-2.030134201049804688e-04,-3.164410591125488281e-04
3.194000000000000128e+01,3.982754891393989680e-03,-2.239003855961567424e-01,-2.030134201049804688e-04,-3.164112567901611328e-04
3.194999999999999929e+01,1.070472215614486945e-02,-2.129230934916221119e-01,-2.031028270721435547e-04,-3.164410591125488281e-04
3.196000000000000085e+01,1.717442559848651046e-02,-2.014788865416978769e-01,-2.031028270721435547e-04,-3.165006637573242188e-04
3.197000000000000242e+01,2.338846048976904457e-02,-1.895762886571354944e-01,-2.031028270721435547e-04,-3.165006637573242188e-04
3.198000000000000043e+01,2.934441485833128027e-02,-1.772252042431228525e-01,-2.031028270721435547e-04,-3.165602684020996094e-04
3.199000000000000199e+01,3.504091620207419600e-02,-1.644369536110514285e-01,-2.031028270721435547e-04,-3.165304660797119141e-04
3.200000000000000000e+01,4.047767471216319468e-02,-1.512243049893115809e-01,-2.031028270721435547e-04,-3.165602684020996094e-04
3.200999999999999801e+01,4.565552780708402592e-02,-1.376015095312521086e-01,-2.031028270721435547e-04,-3.165602684020996094e-04
3.202000000000000313e+01,5.057647888612484127e-02,-1.235843302858982973e-01,-2.031326293945312500e-04,-3.165900707244873047e-04
3.203000000000000114e+01,5.524373350321568760e-02,-1.091900698072468534e-01,-2.031326293945312500e-04,-3.165900707244873047e-04
3.203999999999999915e+01,5.966172727116838409e-02,-9.443758880517900967e-02,-2.031326293945312500e-04,-3.166198730468750000e-04
3.204999999999999716e+01,6.383614607750413839e-02,-7.934731722478147176e-02,-2.031922340393066406e-04,-3.166198730468750000e-04
3.206000000000000227e+01,6.777393565237721518e-02,-6.394125357234570206e-02,-2.031922340393066406e-04,-3.166198730468750000e-04
3.207000000000000028e+01,7.148329774364213518e-02,-4.824294929950478927e-02,-2.033412456512451172e-04,-3.166198730468750000e-04
3.207999999999999829e+01,7.497367336615282096e-02,-3.227747890171333428e-02,-2.032816410064697266e-04,-3.165900707244873047e-04
3.209000000000000341e+01,7.825570720753724507e-02,-1.607138704094264459e-02,-2.032816410064697266e-04,-3.166794776916503906e-04
3.210000000000000142e+01,8.134119815806327425e-02,3.473790552357467311e-04,-2.033412456512451172e-04,-3.167092800140380859e-04
3.210999999999999943e+01,8.424302923433160672e-02,1.694956248837348883e-02,-2.033412456512451172e-04,-3.167092800140380859e-04
3.211999999999999744e+01,8.697507752722047347e-02,3.370471414264845228e-02,-2.034306526184082031e-04,-3.167390823364257812e-04
3.213000000000000256e+01,8.955210901503346532e-02,5.058132760195633432e-02,-2.033412456512451172e-04,-3.167390823364257812e-04
3.214000000000000057e+01,9.198965421110515128e-02,6.754699798351307405e-02,-2.034902572631835938e-04,-3.167390823364257812e-04
3.214999999999999858e+01,9.430386796823791995e-02,8.456860035769209194e-02,-2.035498619079589844e-04,-3.168582916259765625e-04
3.216000000000000369e+01,9.651137738122636534e-02,1.016124829094730148e-01,-2.035498619079589844e-04,-3.168582916259765625e-04
3.217000000000000171e+01,9.862911964684070720e-02,1.186446728220767605e-01,-2.035498619079589844e-04,-3.168880939483642578e-04
3.217999999999999972e+01,1.006741736092358341e-01,1.356310902317224842e-01,-2.035498619079589844e-04,-3.169178962707519531e-04
3.218999999999999773e+01,1.026635889443385935e-01,1.525377654921139248e-01,-2.035498619079589844e-04,-3.169178962707519531e-04
3.220000000000000284e+01,1.046142182578395918e-01,1.693310531478112446e-01,-2.036392688751220703e-04,-3.169476985931396484e-04
3.221000000000000085e+01,1.065425545430165877e-01,1.859778396302466663e-01,-2.036392688751220703e-04,-3.169775009155273438e-04
3.221999999999999886e+01,1.084645783666194074e-01,2.024457393002440930e-01,-2.036392688751220703e-04,-3.170371055603027344e-04
3.223000000000000398e+01,1.103956188839725211e-01,2.187032736597642746e-01,-2.036392688751220703e-04,-3.169775009155273438e-04
3.224000000000000199e+01,1.123502301204420545e-01,2.347200320446032329e-01,-2.036690711975097656e-04,-3.170371055603027344e-04
3.225000000000000000e+01,1.143420854900200206e-01,2.504668100826680788e-01,-2.036690711975097656e-04,-3.170371055603027344e-04
3.225999999999999801e+01,1.163838911377367835e-01,2.659157252584842257e-01,-2.036094665527343750e-04,-3.170669078826904297e-04
3.227000000000000313e+01,1.184873189354895412e-01,2.810403085877564155e-01,-2.036988735198974609e-04,-3.170669078826904297e-04
3.228000000000000114e+01,1.206629587918599811e-01,2.958155728467732892e-01,-2.036988735198974609e-04,-3.170669078826904297e-04
3.228999999999999915e+01,1.229202897655056886e-01,3.102180581343915722e-01,-2.036392688751220703e-04,-3.171563148498535156e-04
3.229999999999999716e+01,1.252676684734218004e-01,3.242258565664744019e-01,-2.036988735198974609e-04,-3.171265125274658203e-04
3.231000000000000227e+01,1.277123320311989996e-01,3.378186196646815742e-01,-2.037882804870605469e-04,-3.171563148498535156e-04
3.232000000000000028e+01,1.302604157478630120e-01,3.509775480783356438e-01,-2.037882804870605469e-04,-3.172159194946289062e-04
3.232999999999999829e+01,1.329169822853222549e-01,3.636853678219726937e-01,-2.036988735198974609e-04,-3.172159194946289062e-04
3.234000000000000341e+01,1.356860595113114076e-01,3.759262963714085082e-01,-2.036988735198974609e-04,-3.172159194946289062e-04
3.235000000000000142e+01,1.385706865908307994e-01,3.876859991246007775e-01,-2.036988735198974609e-04,-3.172159194946289062e-04
3.235999999999999943e+01,1.415729647912317701e-01,3.989515405375927415e-01,-2.036988735198974609e-04,-3.172457218170166016e-04
3.236999999999999744e+01,1.446941123279287533e-01,4.097113306389821852e-01,-2.037882804870605469e-04,-3.172755241394042969e-04
3.238000000000000256e+01,1.479345209221999691e-01,4.199550697448363179e-01,-2.036988735198974609e-04,-3.172755241394042969e-04
3.239000000000000057e+01,1.512938130625086641e-01,4.296736924134207380e-01,-2.036988735198974609e-04,-3.172755241394042969e-04
3.239999999999999858e+01,1.547708987447784512e-01,4.388593120556222305e-01,-2.036988735198974609e-04,-3.173351287841796875e-04
3.241000000000000369e+01,1.583640298395751211e-01,4.475051683835481464e-01,-2.037882804870605469e-04,-3.173351287841796875e-04
3.242000000000000171e+01,1.620708534016021829e-01,4.556055757499324899e-01,-2.036988735198974609e-04,-3.173351287841796875e-04
3.242999999999999972e+01,1.658884601933847125e-01,4.631558770869184105e-01,-2.036988735198974609e-04,-3.173947334289550781e-04
3.243999999999999773e+01,1.698134308557162075e-01,4.701524000876570186e-01,-2.037882804870605469e-04,-3.173947334289550781e-04
3.245000000000000284e+01,1.738418772665414336e-01,4.765924186346804925e-01,-2.036988735198974609e-04,-3.174245357513427734e-04
3.246000000000000085e+01,1.779694799409973216e-01,4.824741182409603146e-01,-2.036988735198974609e-04,-3.174543380737304688e-04
3.246999999999999886e+01,1.821915211098878440e-01,4.877965659196907278e-01,-2.036690711975097656e-04,-3.174543380737304688e-04
3.248000000000000398e+01,1.865029128512629142e-01,4.925596850416895101e-01,-2.036392688751220703e-04,-3.174245357513427734e-04
3.249000000000000199e+01,1.908982213759538582e-01,4.967642338753717191e-01,-2.036988735198974609e-04,-3.174841403961181641e-04
3.250000000000000000e+01,1.953716861693055862e-01,5.004117891845603072e-01,-2.037286758422851562e-04,-3.174841403961181641e-04
3.250999999999999801e+01,1.999172355001370971e-01,5.035047331420496874e-01,-2.038776874542236328e-04,-3.175139427185058594e-04
3.252000000000000313e+01,2.045284972885459407e-01,5.060462445963214151e-01,-2.039074897766113281e-04,-3.174841403961181641e-04
3.253000000000000114e+01,2.091988063862946223e-01,5.080402934924032055e-01,-2.038776874542236328e-04,-3.174841403961181641e-04
3.253999999999999915e+01,2.139212081313247860e-01,5.094916385507661793e-01,-2.039074897766113281e-04,-3.175139427185058594e-04
3.254999999999999716e+01,2.186884585210643051e-01,5.104058277604386351e-01,-2.039074897766113281e-04,-3.175735473632812500e-04
3.256000000000000227e+01,2.234930216144120629e-01,5.107892010327296228e-01,-2.038776874542236328e-04,-3.175735473632812500e-04
3.257000000000000028e+01,2.283270641171770976e-01,5.106488949579754966e-01,-2.038776874542236328e-04,-3.176033496856689453e-04
3.257999999999999829e+01,2.331824481741872068e-01,5.099928485990813387e-01,-2.038776874542236328e-04,-3.176033496856689453e-04
3.259000000000000341e+01,2.380507222684915825e-01,5.088298103208618306e-01,-2.039670944213867188e-04,-3.176033496856689453e-04
3.260000000000000142e+01,2.429231112514821378e-01,5.071693445709687387e-01,-2.039968967437744141e-04,-3.176331520080566406e-04
3.260999999999999943e+01,2.477905058196221422e-01,5.050218381953479607e-01,-2.039670944213867188e-04,-3.176629543304443359e-04
3.261999999999999744e+01,2.526434520856368215e-01,5.023985055741649886e-01,-2.040266990661621094e-04,-3.176629543304443359e-04
3.263000000000000256e+01,2.574721421136231814e-01,4.993113915888184318e-01,-2.040266990661621094e-04,-3.176927566528320312e-04
3.264000000000000057e+01,2.622664057135698501e-01,4.957733720722899973e-01,-2.040266990661621094e-04,-3.176927566528320312e-04
3.264999999999999858e+01,2.670157047141246687e-01,4.917981503845980651e-01,-2.041757106781005859e-04,-3.176927566528320312e-04
3.266000000000000369e+01,2.717091298525888265e-01,4.874002499435364233e-01,-2.040863037109375000e-04,-3.177523612976074219e-04
3.267000000000000171e+01,2.763354015578524669e-01,4.825950012965238289e-01,-2.042353153228759766e-04,-3.177821636199951172e-04
3.267999999999999972e+01,2.808828747579361074e-01,4.773985236015854117e-01,-2.042651176452636719e-04,-3.178119659423828125e-04
3.268999999999999773e+01,2.853395486789079838e-01,4.718276994790402412e-01,-2.042651176452636719e-04,-3.177821636199951172e-04
3.270000000000000284e+01,2.896930819892199471e-01,4.659001428399319189e-01,-2.042651176452636719e-04,-3.177821636199951172e-04
3.271000000000000085e+01,2.939308138006774818e-01,4.596341592506815732e-01,-2.042651176452636719e-04,-3.178119659423828125e-04
3.271999999999999886e+01,2.980397907311300165e-01,4.530486986442137098e-01,-2.043247222900390625e-04,-3.178417682647705078e-04
3.273000000000000398e+01,3.020068002661530082e-01,4.461633002515327795e-01,-2.043247222900390625e-04,-3.178715705871582031e-04
3.274000000000000199e+01,3.058184103224085293e-01,4.389980300044619144e-01,-2.043247222900390625e-04,-3.178715705871582031e-04
3.275000000000000000e+01,3.094610148349961065e-01,4.315734107885492166e-01,-2.043247222900390625e-04,-3.178715705871582031e-04
3.275999999999999801e+01,3.129208852631024107e-01,4.239103456736115216e-01,-2.043247222900390625e-04,-3.179311752319335938e-04
3.277000000000000313e+01,3.161842268160948155e-01,4.160300361810445047e-01,-2.043247222900390625e-04,-3.179311752319335938e-04
3.278000000000000114e+01,3.192372396349090202e-01,4.079538948348197525e-01,-2.044141292572021484e-04,-3.179907798767089844e-04
3.278999999999999915e+01,3.220661828590627440e-01,3.997034551753479437e-01,-2.044141292572021484e-04,-3.179609775543212891e-04
3.279999999999999716e+01,3.246574419618554752e-01,3.913002785924602489e-01,-2.044141292572021484e-04,-3.179907798767089844e-04
3.281000000000000227e+01,3.269975975073579622e-01,3.827658605156660787e-01,-2.044141292572021484e-04,-3.180503845214843750e-04
3.282000000000000028e+01,3.290734940851645085e-01,3.741215374800340721e-01,-2.044141292572021484e-04,-3.180205821990966797e-04
3.282999999999999829e+01,3.308723091771835212e-01,3.653883955031432262e-01,-2.044141292572021484e-04,-3.180205821990966797e-04
3.284000000000000341e+01,3.323816199556252626e-01,3.565871821044578338e-01,-2.044141292572021484e-04,-3.180503845214843750e-04
3.285000000000000142e+01,3.335894678887721954e-01,3.477382222598289219e-01,-2.044141292572021484e-04,-3.180503845214843750e-04
3.285999999999999943e+01,3.344844196502291256e-01,3.388613399906961199e-01,-2.045035362243652344e-04,-3.180503845214843750e-04
3.286999999999999744e+01,3.350556242622110270e-01,3.299757855413475993e-01,-2.045035362243652344e-04,-3.181099891662597656e-04
3.288000000000000256e+01,3.352928651570685759e-01,3.211001698190583120e-01,-2.045631408691406250e-04,-3.181397914886474609e-04
3.289000000000000057e+01,3.351866077998611471e-01,3.122524048570115007e-01,-2.045631408691406250e-04,-3.181695938110351562e-04
3.289999999999999858e+01,3.347280415021145483e-01,3.034496521374853706e-01,-2.045631408691406250e-04,-3.181695938110351562e-04
3.291000000000000369e+01,3.339091163927880301e-01,2.947082770947294095e-01,-2.045631408691406250e-04,-3.181993961334228516e-04
3.292000000000000171e+01,3.327225751193441106e-01,2.860438102935415894e-01,-2.046227455139160156e-04,-3.181993961334228516e-04
3.292999999999999972e+01,3.311619794514243931e-01,2.774709147917598928e-01,-2.047121524810791016e-04,-3.182291984558105469e-04
3.293999999999999773e+01,3.292217327841207020e-01,2.690033582193985251e-01,-2.047121524810791016e-04,-3.182291984558105469e-04
3.295000000000000284e+01,3.268970966502155462e-01,2.606539918357893559e-01,-2.047121524810791016e-04,-3.183186054229736328e-04
3.296000000000000085e+01,3.241842072418364418e-01,2.524347286538590196e-01,-2.047121524810791016e-04,-3.183186054229736328e-04
3.296999999999999886e+01,3.210800845938040493e-01,2.443565298569037314e-01,-2.047717571258544922e-04,-3.182888031005859375e-04
3.298000000000000398e+01,3.175826418165363929e-01,2.364293903091670423e-01,-2.047717571258544922e-04,-3.183186054229736328e-04
3.299000000000000199e+01,3.136906907621025420e-01,2.286623269894710042e-01,-2.047419548034667969e-04,-3.183186054229736328e-04
3.300000000000000000e+01,3.094039465106492304e-01,2.210633679894607739e-01,-2.047419548034667969e-04,-3.183484077453613281e-04
3.300999999999999801e+01,3.047230307489940948e-01,2.136395413597327875e-01,-2.047419548034667969e-04,-3.183484077453613281e-04
3.302000000000000313e+01,2.996494735095495687e-01,2.063968648428814445e-01,-2.047419548034667969e-04,-3.183782100677490234e-04
3.303000000000000114e+01,2.941857146914680921e-01,1.993403348293807664e-01,-2.047419548034667969e-04,-3.183782100677490234e-04
3.303999999999999915e+01,2.883351053791387564e-01,1.924739138112915304e-01,-2.048611640930175781e-04,-3.184080123901367188e-04
3.304999999999999716e+01,2.821019079543432562e-01,1.858005191706299797e-01,-2.048611640930175781e-04,-3.184080123901367188e-04
3.306000000000000227e+01,2.754912975314096624e-01,1.793220082343962296e-01,-2.048611640930175781e-04,-3.184676170349121094e-04
3.307000000000000028e+01,2.685093606425395518e-01,1.730391673550156773e-01,-2.049207687377929688e-04,-3.184974193572998047e-04
3.307999999999999829e+01,2.611630964487916540e-01,1.669516958647618288e-01,-2.049803733825683594e-04,-3.185272216796875000e-04
3.309000000000000341e+01,2.534604141427435620e-01,1.610581957898924721e-01,-2.049803733825683594e-04,-3.184676170349121094e-04
3.310000000000000142e+01,2.454101323135463308e-01,1.553561578849521618e-01,-2.049207687377929688e-04,-3.184974193572998047e-04
3.310999999999999943e+01,2.370219742737374735e-01,1.498419538250810867e-01,-2.049803733825683594e-04,-3.184974193572998047e-04
3.311999999999999744e+01,2.283065636006120780e-01,1.445108279665388018e-01,-2.049803733825683594e-04,-3.185272216796875000e-04
3.313000000000000256e+01,2.192754160256924767e-01,1.393568947758878074e-01,-2.049803733825683594e-04,-3.185272216796875000e-04
3.314000000000000057e+01,2.099409288861292799e-01,1.343731402944875197e-01,-2.050399780273437500e-04,-3.185570240020751953e-04
3.314999999999999858e+01,2.003163673545912682e-01,1.295514288328096231e-01,-2.050399780273437500e-04,-3.185570240020751953e-04
3.316000000000000369e+01,1.904158456493508234e-01,1.248825178227350174e-01,-2.050399780273437500e-04,-3.185868263244628906e-04
3.317000000000000171e+01,1.802543049871853376e-01,1.203560783401889794e-01,-2.049505710601806641e-04,-3.186762332916259766e-04
3.317999999999999972e+01,1.698474848254307168e-01,1.159607262578157411e-01,-2.050399780273437500e-04,-3.186762332916259766e-04
3.318999999999999773e+01,1.592118896614468926e-01,1.116840611952521212e-01,-2.050995826721191406e-04,-3.186762332916259766e-04
3.320000000000000284e+01,1.483647497370735868e-01,1.075127153972183086e-01,-2.050399780273437500e-04,-3.187060356140136719e-04
3.321000000000000085e+01,1.373239750057471953e-01,1.034324136889161888e-01,-2.050995826721191406e-04,-3.187060356140136719e-04
3.321999999999999886e+01,1.261081028869328602e-01,9.942804367522430076e-02,-2.050995826721191406e-04,-3.187358379364013672e-04
3.323000000000000398e+01,1.147362405388679396e-01,9.548373511211490083e-02,-2.050697803497314453e-04,-3.187656402587890625e-04
3.324000000000000199e+01,1.032280005471840623e-01,9.158295005524116905e-02,-2.050697803497314453e-04,-3.187358379364013672e-04
3.325000000000000000e+01,9.160343150682216662e-02,8.770858144695485581e-02,-2.051293849945068359e-04,-3.187358379364013672e-04
3.325999999999999801e+01,7.988294292972145105e-02,8.384306106760826272e-02,-2.051293849945068359e-04,-3.187656402587890625e-04
3.327000000000000313e+01,6.808722760411292652e-02,7.996847175906610095e-02,-2.052187919616699219e-04,-3.187358379364013672e-04
3.328000000000000114e+01,5.623717888528871611e-02,7.606666799040695537e-02,-2.052187919616699219e-04,-3.188252449035644531e-04
3.328999999999999915e+01,4.435380752891987521e-02,7.211939727357762064e-02,-2.052187919616699219e-04,-3.188252449035644531e-04
3.329999999999999716e+01,3.245815575429814720e-02,6.810842618241237656e-02,-2.052485942840576172e-04,-3.188550472259521484e-04
3.331000000000000227e+01,2.057121312645907030e-02,6.401566350046611342e-02,-2.053081989288330078e-04,-3.188550472259521484e-04
3.332000000000000028e+01,8.713831914795834577e-03,5.982328427299349327e-02,-2.052485942840576172e-04,-3.188848495483398438e-04
3.332999999999999829e+01,-3.093353967678061887e-03,5.551384800530018149e-02,-2.052485942840576172e-04,-3.189146518707275391e-04
3.334000000000000341e+01,-1.483000806353153289e-02,5.107041372880970209e-02,-2.053081989288330078e-04,-3.189444541931152344e-04
3.335000000000000142e+01,-2.647616541411702482e-02,4.647664667566186320e-02,-2.053081989288330078e-04,-3.189146518707275391e-04
3.335999999999999943e+01,-3.801230252909622298e-02,4.171691822027909224e-02,-2.053081989288330078e-04,-3.189444541931152344e-04
3.336999999999999744e+01,-4.941940178691623525e-02,3.677639650667371279e-02,-2.053081989288330078e-04,-3.189146518707275391e-04
3.338000000000000256e+01,-6.067901033773698966e-02,3.164112781378387862e-02,-2.053976058959960938e-04,-3.190040588378906250e-04
3.339000000000000057e+01,-7.177329322717938831e-02,2.629810813281936027e-02,-2.053976058959960938e-04,-3.190040588378906250e-04
3.339999999999999858e+01,-8.268508065690567677e-02,2.073534468095168323e-02,-2.053976058959960938e-04,-3.190338611602783203e-04
3.341000000000000369e+01,-9.339790947747120264e-02,1.494190746134564131e-02,-2.053976058959960938e-04,-3.190338611602783203e-04
3.342000000000000171e+01,-1.038960596223273275e-01,8.907971958461834844e-03,-2.053976058959960938e-04,-3.190338611602783203e-04
3.342999999999999972e+01,-1.141645852264234068e-01,2.624852487561335490e-03,-2.053976058959960938e-04,-3.190338611602783203e-04
3.343999999999999773e+01,-1.241893412499525812e-01,-3.914972522131457064e-03,-2.053976058959960938e-04,-3.190934658050537109e-04
3.345000000000000284e+01,-1.339570061707869297e-01,-1.071784238325311847e-02,-2.054572105407714844e-04,-3.190934658050537109e-04
3.346000000000000085e+01,-1.434551010595742915e-01,-1.778890262206436756e-02,-2.055168151855468750e-04,-3.191232681274414062e-04
3.346999999999999886e+01,-1.526720057879999981e-01,-2.513209881930537209e-02,-2.054572105407714844e-04,-3.191828727722167969e-04
3.348000000000000398e+01,-1.615969728361655033e-01,-3.275017496294275327e-02,-2.054572105407714844e-04,-3.191232681274414062e-04
3.349000000000000199e+01,-1.702201391660556895e-01,-4.064467546964699307e-02,-2.054274082183837891e-04,-3.191828727722167969e-04
3.350000000000000000e+01,-1.785325366317732920e-01,-4.881594997059841845e-02,-2.054274082183837891e-04,-3.192126750946044922e-04
3.350999999999999801e+01,-1.865261013811780055e-01,-5.726316000818168495e-02,-2.054274082183837891e-04,-3.192424774169921875e-04
3.352000000000000313e+01,-1.941936824074269874e-01,-6.598428713219442465e-02,-2.054572105407714844e-04,-3.192424774169921875e-04
3.353000000000000114e+01,-2.015290494352958428e-01,-7.497614178385425543e-02,-2.055168151855468750e-04,-3.192424774169921875e-04
3.353999999999999915e+01,-2.085269005443350365e-01,-8.423437244299923632e-02,-2.056062221527099609e-04,-3.192722797393798828e-04
3.354999999999999716e+01,-2.151828690492408602e-01,-9.375347517209026149e-02,-2.055168151855468750e-04,-3.192722797393798828e-04
3.356000000000000227e+01,-2.214935301606433260e-01,-1.035268026463997404e-01,-2.055168151855468750e-04,-3.193616867065429688e-04
3.357000000000000028e+01,-2.274564067907039189e-01,-1.135465734328686416e-01,-2.056062221527099609e-04,-3.193020820617675781e-04
3.357999999999999829e+01,-2.330699743482871622e-01,-1.238038813599552368e-01,-2.056062221527099609e-04,-3.193914890289306641e-04
3.359000000000000341e+01,-2.383336641097553443e-01,-1.342887055581409306e-01,-2.056062221527099609e-04,-3.193020820617675781e-04
3.360000000000000142e+01,-2.432478649291193451e-01,-1.449899210979759545e-01,-2.056062221527099609e-04,-3.193616867065429688e-04
3.360999999999999943e+01,-2.478139224977878030e-01,-1.558953113891882736e-01,-2.055764198303222656e-04,-3.193914890289306641e-04
3.361999999999999744e+01,-2.520341356433953295e-01,-1.669915828152191695e-01,-2.055764198303222656e-04,-3.193914890289306641e-04
3.363000000000000256e+01,-2.559117490072463919e-01,-1.782643825090111933e-01,-2.056062221527099609e-04,-3.193914890289306641e-04
3.364000000000000057e+01,-2.594509416084775366e-01,-1.896983198574439811e-01,-2.056658267974853516e-04,-3.194212913513183594e-04
3.364999999999999858e+01,-2.626568104569822482e-01,-2.012769929404472635e-01,-2.057552337646484375e-04,-3.194510936737060547e-04
3.366000000000000369e+01,-2.655353486516705552e-01,-2.129830206809149307e-01,-2.057552337646484375e-04,-3.194510936737060547e-04
3.367000000000000171e+01,-2.680934173838326884e-01,-2.247980816154361572e-01,-2.056658267974853516e-04,-3.194808959960937500e-04
3.367999999999999972e+01,-2.703387116074487673e-01,-2.367029596830123039e-01,-2.057552337646484375e-04,-3.195405006408691406e-04
3.368999999999999773e+01,-2.722797187062310775e-01,-2.486775981446046335e-01,-2.057552337646484375e-04,-3.195405006408691406e-04
3.370000000000000284e+01,-2.739256700378092102e-01,-2.607011619387930024e-01,-2.057552337646484375e-04,-3.195405006408691406e-04
3.371000000000000085e+01,-2.752864863548981078e-01,-2.727521073407372931e-01,-2.057552337646484375e-04,-3.195405006408691406e-04
3.371999999999999886e+01,-2.763727155090252574e-01,-2.848082613481787151e-01,-2.057552337646484375e-04,-3.195405006408691406e-04
3.373000000000000398e+01,-2.771954643888253633e-01,-2.968469082151594662e-01,-2.057552337646484375e-04,-3.196001052856445312e-04
3.374000000000000199e+01,-2.777663256235198275e-01,-3.088448829716844424e-01,-2.057552337646484375e-04,-3.196299076080322266e-04
3.375000000000000000e+01,-2.780972989699989628e-01,-3.207786719448842971e-01,-2.056956291198730469e-04,-3.196001052856445312e-04
3.375999999999999801e+01,-2.782007100835062197e-01,-3.326245171567606684e-01,-2.058148384094238281e-04,-3.196299076080322266e-04
3.377000000000000313e+01,-2.780891262411023801e-01,-3.443585251615955967e-01,-2.058148384094238281e-04,-3.197193145751953125e-04
3.378000000000000114e+01,-2.777752716830451107e-01,-3.559567770572849010e-01,-2.058148384094238281e-04,-3.196597099304199219e-04
3.378999999999999915e+01,-2.772719437062852177e-01,-3.673954383742579211e-01,-2.058148384094238281e-04,-3.196597099304199219e-04
3.379999999999999716e+01,-2.765919297539465305e-01,-3.786508685494311965e-01,-2.059340476989746094e-04,-3.197491168975830078e-04
3.381000000000000227e+01,-2.757479296725265927e-01,-3.896997245229082973e-01,-2.059638500213623047e-04,-3.197491168975830078e-04
3.382000000000000028e+01,-2.747524808808924357e-01,-4.005190616040293361e-01,-2.059638500213623047e-04,-3.197491168975830078e-04
3.382999999999999829e+01,-2.736178910671855924e-01,-4.110864254089061642e-01,-2.059936523437500000e-04,-3.197491168975830078e-04
3.384000000000000341e+01,-2.723561763817667902e-01,-4.213799377792351586e-01,-2.059936523437500000e-04,-3.197789192199707031e-04
3.385000000000000142e+01,-2.709790078759070076e-01,-4.313783727378740496e-01,-2.059340476989746094e-04,-3.197789192199707031e-04
3.385999999999999943e+01,-2.694976661371232818e-01,-4.410612227202738156e-01,-2.060234546661376953e-04,-3.198087215423583984e-04
3.386999999999999744e+01,-2.679230039192441737e-01,-4.504087551951655444e-01,-2.061128616333007812e-04,-3.198087215423583984e-04
3.388000000000000256e+01,-2.662654171554731386e-01,-4.594020591000295695e-01,-2.060532569885253906e-04,-3.198087215423583984e-04
3.389000000000000057e+01,-2.645348244119684056e-01,-4.680230810073074399e-01,-2.060532569885253906e-04,-3.198087215423583984e-04
3.389999999999999858e+01,-2.627406532704595898e-01,-4.762546527170896105e-01,-2.061128616333007812e-04,-3.198087215423583984e-04
3.391000000000000369e+01,-2.608918357379751418e-01,-4.840805075914996203e-01,-2.059936523437500000e-04,-3.198385238647460938e-04
3.392000000000000171e+01,-2.589968080352193502e-01,-4.914852915346115125e-01,-2.059936523437500000e-04,-3.198385238647460938e-04
3.392999999999999972e+01,-2.570635178771593643e-01,-4.984545644644363671e-01,-2.059936523437500000e-04,-3.199279308319091797e-04
3.393999999999999773e+01,-2.550994356081811021e-01,-5.049747968849932489e-01,-2.060532569885253906e-04,-3.199577331542968750e-04
3.395000000000000284e+01,-2.531115702468230699e-01,-5.110333600449369351e-01,-2.061426639556884766e-04,-3.199875354766845703e-04
3.396000000000000085e+01,-2.511064886784738492e-01,-5.166185119137285398e-01,-2.061128616333007812e-04,-3.199875354766845703e-04
3.396999999999999886e+01,-2.490903368636067094e-01,-5.217193803503451521e-01,-2.060234546661376953e-04,-3.199875354766845703e-04
3.398000000000000398e+01,-2.470688628676654952e-01,-5.263259435697148492e-01,-2.061128616333007812e-04,-3.199577331542968750e-04
3.399000000000000199e+01,-2.450474410995061025e-01,-5.304290085832312762e-01,-2.061724662780761719e-04,-3.200769424438476562e-04
3.400000000000000000e+01,-2.430310962291891419e-01,-5.340201895835550161e-01,-2.061724662780761719e-04,-3.200173377990722656e-04
3.400999999999999801e+01,-2.410245270895680081e-01,-5.370918856937478836e-01,-2.061724662780761719e-04,-3.200769424438476562e-04
3.402000000000000313e+01,-2.390321291356305722e-01,-5.396372599017671412e-01,-2.061724662780761719e-04,-3.200769424438476562e-04
3.403000000000000114e+01,-2.370580157224244366e-01,-5.416502187355316522e-01,-2.061724662780761719e-04,-3.200769424438476562e-04
3.403999999999999915e+01,-2.351060370650771003e-01,-5.431253940805033098e-01,-2.062320709228515625e-04,-3.201365470886230469e-04
3.404999999999999716e+01,-2.331797970263319586e-01,-5.440581268801201187e-01,-2.063512802124023438e-04,-3.201663494110107422e-04
3.406000000000000227e+01,-2.312826671428158676e-01,-5.444444534198583652e-01,-2.064108848571777344e-04,-3.201961517333984375e-04
3.407000000000000028e+01,-2.294177975316253615e-01,-5.442810946108548320e-01,-2.063512802124023438e-04,-3.201663494110107422e-04
3.407999999999999829e+01,-2.275881244557222682e-01,-5.435654485078278420e-01,-2.064108848571777344e-04,-3.201663494110107422e-04
3.409000000000000341e+01,-2.257963746830563834e-01,-5.422955858410875019e-01,-2.064108848571777344e-04,-3.201961517333984375e-04
3.410000000000000142e+01,-2.240450659215739715e-01,-5.404702494851891803e-01,-2.064108848571777344e-04,-3.202557563781738281e-04
3.410999999999999943e+01,-2.223365037125849819e-01,-5.380888573324804636e-01,-2.065002918243408203e-04,-3.202855587005615234e-04
3.411999999999999744e+01,-2.206727742869687980e-01,-5.351515092076444269e-01,-2.065002918243408203e-04,-3.202855587005615234e-04
3.413000000000000256e+01,-2.190557335762287616e-01,-5.316589975897528797e-01,-2.065002918243408203e-04,-3.203153610229492188e-04
3.414000000000000057e+01,-2.174869922284052015e-01,-5.276128223362547276e-01,-2.065300941467285156e-04,-3.203153610229492188e-04
3.414999999999999858e+01,-2.159678966778371956e-01,-5.230152093707290950e-01,-2.065300941467285156e-04,-3.203451633453369141e-04
3.416000000000000369e+01,-2.144995063745748776e-01,-5.178691332530466207e-01,-2.065300941467285156e-04,-3.203451633453369141e-04
3.417000000000000171e+01,-2.130825672388054204e-01,-5.121783435796106732e-01,-2.065300941467285156e-04,-3.203749656677246094e-04
3.417999999999999972e+01,-2.117174813351806739e-01,-5.059473952411630560e-01,-2.065896987915039062e-04,-3.203749656677246094e-04
3.418999999999999773e+01,-2.104042736020204363e-01,-4.991816816838682835e-01,-2.065896987915039062e-04,-3.204345703125000000e-04
3.420000000000000284e+01,-2.091425549399113515e-01,-4.918874718953770153e-01,-2.065300941467285156e-04,-3.204345703125000000e-04
3.421000000000000085e+01,-2.079314832199094798e-01,-4.840719495007466677e-01,-2.065896987915039062e-04,-3.204643726348876953e-04
3.421999999999999886e+01,-2.067697218013595239e-01,-4.757432543498674726e-01,-2.065896987915039062e-04,-3.204643726348876953e-04
3.423000000000000398e+01,-2.056553963040871069e-01,-4.669105258402427294e-01,-2.066791057586669922e-04,-3.205239772796630859e-04
3.424000000000000199e+01,-2.045860515663784629e-01,-4.575839457811662903e-01,-2.065896987915039062e-04,-3.205239772796630859e-04
3.425000000000000000e+01,-2.035586067271108746e-01,-4.477747830869857615e-01,-2.065896987915039062e-04,-3.205537796020507812e-04
3.425999999999999801e+01,-2.025693140444128626e-01,-4.374954339856034213e-01,-2.067387104034423828e-04,-3.205537796020507812e-04
3.427000000000000313e+01,-2.016137168200811403e-01,-4.267594628894126330e-01,-2.067387104034423828e-04,-3.206133842468261719e-04
3.428000000000000114e+01,-2.006866133050956291e-01,-4.155816361235639689e-01,-2.067387104034423828e-04,-3.205239772796630859e-04
3.428999999999999915e+01,-1.997820243375737215e-01,-4.039779509015234971e-01,-2.067387104034423828e-04,-3.205537796020507812e-04
3.430000000000000426e+01,-1.988931651686962065e-01,-3.919656591838107662e-01,-2.067387104034423828e-04,-3.206431865692138672e-04
3.431000000000000227e+01,-1.980124275248979770e-01,-3.795632790719741245e-01,-2.067387104034423828e-04,-3.206431865692138672e-04
3.432000000000000028e+01,-1.971313727075108546e-01,-3.667905929364770889e-01,-2.068281173706054688e-04,-3.206431865692138672e-04
3.432999999999999829e+01,-1.962407297644923887e-01,-3.536686391156983467e-01,-2.068281173706054688e-04,-3.206431865692138672e-04
3.434000000000000341e+01,-1.953304069531032472e-01,-3.402196871715266746e-01,-2.068281173706054688e-04,-3.206431865692138672e-04
3.435000000000000142e+01,-1.943895185179353724e-01,-3.264671951860859678e-01,-2.068281173706054688e-04,-3.207027912139892578e-04
3.435999999999999943e+01,-1.934064236686680038e-01,-3.124357518872820649e-01,-2.068877220153808594e-04,-3.207027912139892578e-04
3.436999999999999744e+01,-1.923687786317829496e-01,-2.981510025170732159e-01,-2.067387104034423828e-04,-3.207027912139892578e-04
3.438000000000000256e+01,-1.912636039228219620e-01,-2.836395566781371169e-01,-2.068281173706054688e-04,-3.207027912139892578e-04
3.439000000000000057e+01,-1.900773644528722939e-01,-2.689288804831729274e-01,-2.068281173706054688e-04,-3.207027912139892578e-04
3.439999999999999858e+01,-1.887960632198864563e-01,-2.540471722221664952e-01,-2.068877220153808594e-04,-3.207325935363769531e-04
3.441000000000000369e+01,-1.874053466004178548e-01,-2.390232241624195841e-01,-2.068877220153808594e-04,-3.208220005035400391e-04
3.442000000000000171e+01,-1.858906174418877844e-01,-2.238862751598898748e-01,-2.070367336273193359e-04,-3.208220005035400391e-04
3.442999999999999972e+01,-1.842371578660885745e-01,-2.086658517419768544e-01,-2.070665359497070312e-04,-3.208220005035400391e-04
3.443999999999999773e+01,-1.824302562896051860e-01,-1.933916045155668895e-01,-2.071261405944824219e-04,-3.208518028259277344e-04
3.445000000000000284e+01,-1.804553357662932456e-01,-1.780931434826265314e-01,-2.071261405944824219e-04,-3.208220005035400391e-04
3.446000000000000085e+01,-1.782980834366624245e-01,-1.627998725149945869e-01,-2.071857452392578125e-04,-3.208220005035400391e-04
3.446999999999999886e+01,-1.759445757391502607e-01,-1.475408294954571597e-01,-2.071857452392578125e-04,-3.208816051483154297e-04
3.448000000000000398e+01,-1.733813987662371214e-01,-1.323445329584682084e-01,-2.072453498840332031e-04,-3.208816051483154297e-04
3.449000000000000199e+01,-1.705957602660108097e-01,-1.172388392805987639e-01,-2.072453498840332031e-04,-3.208816051483154297e-04
3.450000000000000000e+01,-1.675755921108554869e-01,-1.022508118385586362e-01,-2.072155475616455078e-04,-3.209114074707031250e-04
3.450999999999999801e+01,-1.643096416218431111e-01,-8.740660389645762973e-02,-2.072155475616455078e-04,-3.208816051483154297e-04
3.452000000000000313e+01,-1.607875508369715489e-01,-7.273135619209483704e-02,-2.072155475616455078e-04,-3.208816051483154297e-04
3.453000000000000114e+01,-1.569999230325430373e-01,-5.824910980452537718e-02,-2.072155475616455078e-04,-3.208816051483154297e-04
3.453999999999999915e+01,-1.529383763804359475e-01,-4.398273424620202654e-02,-2.072155475616455078e-04,-3.209710121154785156e-04
3.455000000000000426e+01,-1.485955855936635095e-01,-2.995386950463504658e-02,-2.072453498840332031e-04,-3.209114074707031250e-04
3.456000000000000227e+01,-1.439653116803459865e-01,-1.618288172607225406e-02,-2.072453498840332031e-04,-3.210306167602539062e-04
3.457000000000000028e+01,-1.390424206151847641e-01,-2.688831262291733505e-03,-2.072453498840332031e-04,-3.210008144378662109e-04
3.457999999999999829e+01,-1.338228924850322354e-01,1.051054892651159291e-02,-2.071857452392578125e-04,-3.210008144378662109e-04
3.459000000000000341e+01,-1.283038221146524105e-01,2.339886586895684184e-02,-2.071857452392578125e-04,-3.210008144378662109e-04
3.460000000000000142e+01,-1.224834124005356878e-01,3.596107177918076575e-02,-2.071857452392578125e-04,-3.210604190826416016e-04
3.460999999999999943e+01,-1.163609617955193298e-01,4.818346364847177904e-02,-2.072453498840332031e-04,-3.210604190826416016e-04
3.461999999999999744e+01,-1.099368471547702286e-01,6.005367866751189915e-02,-2.071857452392578125e-04,-3.210902214050292969e-04
3.463000000000000256e+01,-1.032125030635690360e-01,7.156068684085688247e-02,-2.072453498840332031e-04,-3.211498260498046875e-04
3.464000000000000057e+01,-9.619039903347788301e-02,8.269478246079446648e-02,-2.072453498840332031e-04,-3.211498260498046875e-04
3.464999999999999858e+01,-8.887401473814404707e-02,9.344757400600148256e-02,-2.072453498840332031e-04,-3.211498260498046875e-04
3.466000000000000369e+01,-8.126781513471821594e-02,1.038119754885171164e-01,-2.072453498840332031e-04,-3.211796283721923828e-04
3.467000000000000171e+01,-7.337722533440738104e-02,1.137821976509477556e-01,-2.072155475616455078e-04,-3.212094306945800781e-04
3.467999999999999972e+01,-6.520860597265186465e-02,1.233537408370539434e-01,-2.072155475616455078e-04,-3.212094306945800781e-04
3.468999999999999773e+01,-5.676923026074204293e-02,1.325233898371897256e-01,-2.072453498840332031e-04,-3.212094306945800781e-04
3.470000000000000284e+01,-4.806726109252699303e-02,1.412892087647174000e-01,-2.072453498840332031e-04,-3.212392330169677734e-04
3.471000000000000085e+01,-3.911173029660507117e-02,1.496505385150307677e-01,-2.072155475616455078e-04,-3.212392330169677734e-04
3.471999999999999886e+01,-2.991251858091339283e-02,1.576079936982305862e-01,-2.073049545288085938e-04,-3.212392330169677734e-04
3.473000000000000398e+01,-2.048033698114036169e-02,1.651634615086523816e-01,-2.073049545288085938e-04,-3.212690353393554688e-04
3.474000000000000199e+01,-1.082670851689540928e-02,1.723200980253433157e-01,-2.073049545288085938e-04,-3.212690353393554688e-04
3.475000000000000000e+01,-9.639513018907357178e-04,1.790823265334378078e-01,-2.073049545288085938e-04,-3.212690353393554688e-04
3.475999999999999801e+01,9.094840028289773171e-03,1.854558297199026540e-01,-2.074241638183593750e-04,-3.212690353393554688e-04
3.477000000000000313e+01,1.933581109096980943e-02,1.914475442338664513e-01,-2.074241638183593750e-04,-3.213286399841308594e-04
3.478000000000000114e+01,2.974436891996132259e-02,1.970656449803873944e-01,-2.074241638183593750e-04,-3.213584423065185547e-04
3.478999999999999915e+01,4.030520112482326167e-02,2.023195316557166168e-01,-2.074241638183593750e-04,-3.213584423065185547e-04
3.480000000000000426e+01,5.100230198440262180e-02,2.072198016428283551e-01,-2.074241638183593750e-04,-3.213584423065185547e-04
3.481000000000000227e+01,6.181899720627995198e-02,2.117782236306810228e-01,-2.074241638183593750e-04,-3.213584423065185547e-04
3.482000000000000028e+01,7.273797704353676674e-02,2.160076961812151530e-01,-2.074241638183593750e-04,-3.213882446289062500e-04
3.482999999999999829e+01,8.374132998487873736e-02,2.199222038513088395e-01,-2.074241638183593750e-04,-3.213882446289062500e-04
3.484000000000000341e+01,9.481058465722969064e-02,2.235367591330842396e-01,-2.074837684631347656e-04,-3.214180469512939453e-04
3.485000000000000142e+01,1.059267549219461146e-01,2.268673381874677375e-01,-2.074837684631347656e-04,-3.215074539184570312e-04
3.485999999999999943e+01,1.170703920887157384e-01,2.299308043764228815e-01,-2.074241638183593750e-04,-3.214478492736816406e-04
3.486999999999999744e+01,1.282216420694353154e-01,2.327448235060000370e-01,-2.074241638183593750e-04,-3.214478492736816406e-04
3.488000000000000256e+01,1.393603096991573587e-01,2.353277676637230420e-01,-2.074241638183593750e-04,-3.215074539184570312e-04
3.489000000000000057e+01,1.504659256857117378e-01,2.376986137210736205e-01,-2.074837684631347656e-04,-3.215074539184570312e-04
3.489999999999999858e+01,1.615178212317397999e-01,2.398768306568760944e-01,-2.074241638183593750e-04,-3.215074539184570312e-04
3.491000000000000369e+01,1.724952062819094245e-01,2.418822610439837484e-01,-2.074241638183593750e-04,-3.215670585632324219e-04
3.492000000000000171e+01,1.833772498336394829e-01,2.437349995447192219e-01,-2.074241638183593750e-04,-3.215968608856201172e-04
3.492999999999999972e+01,1.941431640373063594e-01,2.454552658854339819e-01,-2.074837684631347656e-04,-3.216266632080078125e-04
3.493999999999999773e+01,2.047722892778543469e-01,2.470632768300914661e-01,-2.074837684631347656e-04,-3.215968608856201172e-04
3.495000000000000284e+01,2.152441783376368434e-01,2.485791202348140438e-01,-2.074837684631347656e-04,-3.216266632080078125e-04
3.496000000000000085e+01,2.255386803995581557e-01,2.500226298711724637e-01,-2.074837684631347656e-04,-3.216266632080078125e-04
3.496999999999999886e+01,2.356360223829542522e-01,2.514132651375839966e-01,-2.074837684631347656e-04,-3.216266632080078125e-04
3.498000000000000398e+01,2.455168861039546957e-01,2.527699979327683311e-01,-2.075433731079101562e-04,-3.216266632080078125e-04
3.499000000000000199e+01,2.551624816867408274e-01,2.541112059860449190e-01,-2.076029777526855469e-04,-3.216266632080078125e-04
3.500000000000000000e+01,2.645546152281728070e-01,2.554545758017333079e-01,-2.076625823974609375e-04,-3.216862678527832031e-04
3.500999999999999801e+01,2.736757498789484377e-01,2.568170163547239260e-01,-2.076625823974609375e-04,-3.217160701751708984e-04
3.502000000000000313e+01,2.825090614313864879e-01,2.582145819065230774e-01,-2.076625823974609375e-04,-3.217160701751708984e-04
3.503000000000000114e+01,2.910384861210306151e-01,2.596624073776194197e-01,-2.077519893646240234e-04,-3.217458724975585938e-04
3.503999999999999915e+01,2.992487619257352405e-01,2.611746541677776312e-01,-2.077519893646240234e-04,-3.217458724975585938e-04
3.505000000000000426e+01,3.071254632189576728e-01,2.627644667036794779e-01,-2.078115940093994141e-04,-3.217756748199462891e-04
3.506000000000000227e+01,3.146550285899664678e-01,2.644439397680435899e-01,-2.078115940093994141e-04,-3.217756748199462891e-04
3.507000000000000028e+01,3.218247830772190676e-01,2.662240946733311353e-01,-2.078115940093994141e-04,-3.218054771423339844e-04
3.507999999999999829e+01,3.286229543738428682e-01,2.681148649296815067e-01,-2.078115940093994141e-04,-3.218054771423339844e-04
3.509000000000000341e+01,3.350386847366993992e-01,2.701250884595592927e-01,-2.078115940093994141e-04,-3.218054771423339844e-04
3.510000000000000142e+01,3.410620384144172901e-01,2.722625067387648978e-01,-2.078115940093994141e-04,-3.218948841094970703e-04
3.510999999999999943e+01,3.466840053529762211e-01,2.745337695249316368e-01,-2.078115940093994141e-04,-3.218948841094970703e-04
3.511999999999999744e+01,3.518965029866748528e-01,2.769444421600760764e-01,-2.078115940093994141e-04,-3.218948841094970703e-04
3.513000000000000256e+01,3.566923753632583183e-01,2.794990166933744580e-01,-2.078115940093994141e-04,-3.218948841094970703e-04
3.514000000000000057e+01,3.610653894957688292e-01,2.822009270140826143e-01,-2.078115940093994141e-04,-3.218948841094970703e-04
3.514999999999999858e+01,3.650102342096699370e-01,2.850525590563788847e-01,-2.078115940093994141e-04,-3.218948841094970703e-04
3.516000000000000369e+01,3.685225150859485210e-01,2.880552669252276488e-01,-2.079010009765625000e-04,-3.219544887542724609e-04
3.517000000000000171e+01,3.715987520435101166e-01,2.912093837181795597e-01,-2.079010009765625000e-04,-3.219544887542724609e-04
3.517999999999999972e+01,3.742363747483808400e-01,2.945142353760237808e-01,-2.079010009765625000e-04,-3.219544887542724609e-04
3.518999999999999773e+01,3.764337213483555655e-01,2.979681478775371151e-01,-2.078115940093994141e-04,-3.219246864318847656e-04
3.520000000000000284e+01,3.781900351723891940e-01,3.015684572643386185e-01,-2.079010009765625000e-04,-3.219842910766601562e-04
3.521000000000000085e+01,3.795054643196444366e-01,3.053115134621869897e-01,-2.079010009765625000e-04,-3.220736980438232422e-04
3.521999999999999886e+01,3.803810606302137631e-01,3.091926844036800848e-01,-2.080202102661132812e-04,-3.220736980438232422e-04
3.523000000000000398e+01,3.808187787184591500e-01,3.132063589285520311e-01,-2.080202102661132812e-04,-3.221035003662109375e-04
3.524000000000000199e+01,3.808214763337445796e-01,3.173459461334658949e-01,-2.080202102661132812e-04,-3.221035003662109375e-04
3.525000000000000000e+01,3.803929140897334693e-01,3.216038746733117515e-01,-2.080202102661132812e-04,-3.221035003662109375e-04
3.525999999999999801e+01,3.795377537167082815e-01,3.259715931337497374e-01,-2.081096172332763672e-04,-3.221035003662109375e-04
3.527000000000000313e+01,3.782615561630708334e-01,3.304395693725318273e-01,-2.081096172332763672e-04,-3.221035003662109375e-04
3.528000000000000114e+01,3.765707776831971887e-01,3.349972917557348939e-01,-2.081096172332763672e-04,-3.221035003662109375e-04
3.528999999999999915e+01,3.744727629266541014e-01,3.396332738903358739e-01,-2.081692218780517578e-04,-3.221333026885986328e-04
3.530000000000000426e+01,3.719757360506803501e-01,3.443350612577230074e-01,-2.081096172332763672e-04,-3.221631050109863281e-04
3.531000000000000227e+01,3.690887873989950330e-01,3.490892436572615720e-01,-2.081692218780517578e-04,-3.222227096557617188e-04
3.532000000000000028e+01,3.658218559805330172e-01,3.538814732188920176e-01,-2.081990242004394531e-04,-3.221631050109863281e-04
3.532999999999999829e+01,3.621857089784116801e-01,3.586964858938399003e-01,-2.081394195556640625e-04,-3.221631050109863281e-04
3.534000000000000341e+01,3.581919121053598332e-01,3.635181368594985751e-01,-2.082586288452148438e-04,-3.222525119781494141e-04
3.535000000000000142e+01,3.538527990368473541e-01,3.683294360663078026e-01,-2.081692218780517578e-04,-3.222525119781494141e-04
3.535999999999999943e+01,3.491814310407971855e-01,3.731125993357788939e-01,-2.082586288452148438e-04,-3.222823143005371094e-04
3.536999999999999744e+01,3.441915540234934401e-01,3.778491023126705484e-01,-2.081692218780517578e-04,-3.222525119781494141e-04
3.538000000000000256e+01,3.388975470910114973e-01,3.825197484199511222e-01,-2.082586288452148438e-04,-3.222823143005371094e-04
3.539000000000000057e+01,3.333143677048533426e-01,3.871047413538448723e-01,-2.082586288452148438e-04,-3.223121166229248047e-04
3.539999999999999858e+01,3.274574907629718146e-01,3.915837684084344517e-01,-2.082586288452148438e-04,-3.224015235900878906e-04
3.541000000000000369e+01,3.213428444296887454e-01,3.959360884855216978e-01,-2.081692218780517578e-04,-3.224015235900878906e-04
3.542000000000000171e+01,3.149867415033017481e-01,4.001406284458295937e-01,-2.081692218780517578e-04,-3.224015235900878906e-04
3.542999999999999972e+01,3.084058091668577806e-01,4.041760828586595244e-01,-2.082884311676025391e-04,-3.224313259124755859e-04
3.543999999999999773e+01,3.016169165992054202e-01,4.080210183854525163e-01,-2.084374427795410156e-04,-3.224313259124755859e-04
3.545000000000000284e+01,2.946371030346842113e-01,4.116539789845797825e-01,-2.082884311676025391e-04,-3.224313259124755859e-04
3.546000000000000085e+01,2.874835066435261766e-01,4.150535912089990398e-01,-2.083480358123779297e-04,-3.224611282348632812e-04
3.546999999999999886e+01,2.801732947640712679e-01,4.181986689614678454e-01,-2.084970474243164062e-04,-3.224611282348632812e-04
3.548000000000000398e+01,2.727235984073743680e-01,4.210683142554336178e-01,-2.084374427795410156e-04,-3.225207328796386719e-04
3.549000000000000199e+01,2.651514497015455829e-01,4.236420137962705335e-01,-2.084374427795410156e-04,-3.225207328796386719e-04
3.550000000000000000e+01,2.574737243181767221e-01,4.258997303257645028e-01,-2.084374427795410156e-04,-3.225803375244140625e-04
3.550999999999999801e+01,2.497070891108261470e-01,4.278219871888831460e-01,-2.084374427795410156e-04,-3.225207328796386719e-04
3.552000000000000313e+01,2.418679556042003520e-01,4.293899451783125820e-01,-2.084374427795410156e-04,-3.225803375244140625e-04
3.553000000000000114e+01,2.339724391801530357e-01,4.305854718121796543e-01,-2.084970474243164062e-04,-3.225803375244140625e-04
3.553999999999999915e+01,2.260363241981276083e-01,4.313912022595162710e-01,-2.084970474243164062e-04,-3.226399421691894531e-04
3.555000000000000426e+01,2.180750348381527426e-01,4.317905920512250528e-01,-2.084970474243164062e-04,-3.226399421691894531e-04
3.556000000000000227e+01,2.101036112620749408e-01,4.317679618530564922e-01,-2.084374427795410156e-04,-3.226697444915771484e-04
3.557000000000000028e+01,2.021366907440632354e-01,4.313085345851187524e-01,-2.084970474243164062e-04,-3.226399421691894531e-04
3.557999999999999829e+01,1.941884931778372070e-01,4.303984654934784326e-01,-2.084970474243164062e-04,-3.226399421691894531e-04
3.559000000000000341e+01,1.862728099771559231e-01,4.290248658680764215e-01,-2.086460590362548828e-04,-3.226995468139648438e-04
3.560000000000000142e+01,1.784029961064185765e-01,4.271758215534908754e-01,-2.087056636810302734e-04,-3.226995468139648438e-04
3.560999999999999943e+01,1.705919642395025415e-01,4.248404062719447483e-01,-2.087056636810302734e-04,-3.226995468139648438e-04
3.561999999999999744e+01,1.628521804384379934e-01,4.220086913784326654e-01,-2.086460590362548828e-04,-3.227591514587402344e-04
3.563000000000000256e+01,1.551956602926057305e-01,4.186717526312916382e-01,-2.087354660034179688e-04,-3.227591514587402344e-04
3.564000000000000057e+01,1.476339649044014213e-01,4.148216752110964745e-01,-2.087354660034179688e-04,-3.227591514587402344e-04
3.564999999999999858e+01,1.401781962239138091e-01,4.104515573316588339e-01,-2.086758613586425781e-04,-3.227889537811279297e-04
3.566000000000000369e+01,1.328389907027110184e-01,4.055555137967518098e-01,-2.087354660034179688e-04,-3.227889537811279297e-04
3.567000000000000171e+01,1.256265109346425546e-01,4.001286800321493531e-01,-2.088844776153564453e-04,-3.228187561035156250e-04
3.567999999999999972e+01,1.185504345507214924e-01,3.941672174217427660e-01,-2.087354660034179688e-04,-3.228187561035156250e-04
3.568999999999999773e+01,1.116199399976525730e-01,3.876683206025519635e-01,-2.088248729705810547e-04,-3.228187561035156250e-04
3.570000000000000284e+01,1.048436888253816840e-01,3.806302272779839568e-01,-2.089738845825195312e-04,-3.228485584259033203e-04
3.571000000000000085e+01,9.822980331505112850e-02,3.730522318275555915e-01,-2.089738845825195312e-04,-3.228485584259033203e-04
3.571999999999999886e+01,9.178584130859242241e-02,3.649347012999815676e-01,-2.089738845825195312e-04,-3.228783607482910156e-04
3.573000000000000398e+01,8.551876505251179705e-02,3.562790969028972188e-01,-2.089738845825195312e-04,-3.228485584259033203e-04
3.574000000000000199e+01,7.943490669494454592e-02,3.470879987230606201e-01,-2.090334892272949219e-04,-3.228783607482910156e-04
3.575000000000000000e+01,7.353992877211883161e-02,3.373651355329598256e-01,-2.090930938720703125e-04,-3.229379653930664062e-04
3.575999999999999801e+01,6.783878007829853563e-02,3.271154193968988100e-01,-2.090334892272949219e-04,-3.228783607482910156e-04
3.577000000000000313e+01,6.233564862308639543e-02,3.163449836504604318e-01,-2.090930938720703125e-04,-3.229379653930664062e-04
3.578000000000000114e+01,5.703390866299914291e-02,3.050612273646655104e-01,-2.090930938720703125e-04,-3.229379653930664062e-04
3.578999999999999915e+01,5.193606806013814636e-02,2.932728599600333830e-01,-2.090334892272949219e-04,-3.229975700378417969e-04
3.580000000000000426e+01,4.704370879373670489e-02,2.809899538258973650e-01,-2.091825008392333984e-04,-3.229975700378417969e-04
3.581000000000000227e+01,4.235743165072781286e-02,2.682239927132671897e-01,-2.091825008392333984e-04,-3.229975700378417969e-04
3.582000000000000028e+01,3.787679467779617171e-02,2.549879281324281544e-01,-2.091825008392333984e-04,-3.229975700378417969e-04
3.582999999999999829e+01,3.360025941697296348e-02,2.412962270856984504e-01,-2.091825008392333984e-04,-3.229975700378417969e-04
3.584000000000000341e+01,2.952513408865545946e-02,2.271649247022554663e-01,-2.092123031616210938e-04,-3.230571746826171875e-04
3.585000000000000142e+01,2.564752696309031618e-02,2.126116651512764133e-01,-2.092123031616210938e-04,-3.230571746826171875e-04
3.585999999999999943e+01,2.196230331825316934e-02,1.976557397405278582e-01,-2.091825008392333984e-04,-3.230571746826171875e-04
3.586999999999999744e+01,1.846305320036333714e-02,1.823181126933722251e-01,-2.091825008392333984e-04,-3.231167793273925781e-04
3.588000000000000256e+01,1.514207227621702269e-02,1.666214321110465468e-01,-2.091825008392333984e-04,-3.231167793273925781e-04
3.589000000000000057e+01,1.199035290741146120e-02,1.505900300498321520e-01,-2.093315124511718750e-04,-3.230571746826171875e-04
3.589999999999999858e+01,8.997598603870615719e-03,1.342498937353720778e-01,-2.093315124511718750e-04,-3.231167793273925781e-04
3.591000000000000369e+01,6.152250476642348587e-03,1.176286242628235279e-01,-2.092421054840087891e-04,-3.231465816497802734e-04
3.592000000000000171e+01,3.441535475468316535e-03,1.007553690098051541e-01,-2.093911170959472656e-04,-3.231465816497802734e-04
3.592999999999999972e+01,8.515392587509723697e-04,8.366072379194784692e-02,-2.093911170959472656e-04,-3.231763839721679688e-04
3.593999999999999773e+01,-1.632699964214835622e-03,6.637661012926265869e-02,-2.093911170959472656e-04,-3.232061862945556641e-04
3.595000000000000284e+01,-4.027080305115728412e-03,4.893613151731588534e-02,-2.094209194183349609e-04,-3.232061862945556641e-04
3.596000000000000085e+01,-6.348298677699801273e-03,3.137339725495255638e-02,-2.094209194183349609e-04,-3.231763839721679688e-04
3.596999999999999886e+01,-8.613698187268280237e-03,1.372332777543536220e-02,-2.094209194183349609e-04,-3.232359886169433594e-04
3.598000000000000398e+01,-1.084109925611973640e-02,-3.978560076602138604e-03,-2.093613147735595703e-04,-3.232359886169433594e-04
3.599000000000000199e+01,-1.304861943449781014e-02,-2.169638181616426881e-02,-2.092719078063964844e-04,-3.232955932617187500e-04
3.600000000000000000e+01,-1.525448594162784680e-02,-3.939412301799139621e-02,-2.093613147735595703e-04,-3.232359886169433594e-04
3.600999999999999801e+01,-1.747684361151384189e-02,-5.703588289337527262e-02,-2.093613147735595703e-04,-3.232955932617187500e-04
3.602000000000000313e+01,-1.973356906447676709e-02,-7.458611002772860821e-02,-2.094209194183349609e-04,-3.232955932617187500e-04
3.603000000000000114e+01,-2.204208747397500695e-02,-9.200983515765590037e-02,-2.095103263854980469e-04,-3.233551979064941406e-04
3.603999999999999915e+01,-2.441920451551017265e-02,-1.092728850614468894e-01,-2.094209194183349609e-04,-3.234148025512695312e-04
3.605000000000000426e+01,-2.688094997086843893e-02,-1.263420823077451016e-01,-2.095103263854980469e-04,-3.233850002288818359e-04
3.606000000000000227e+01,-2.944244208554057732e-02,-1.431854194031917105e-01,-2.095103263854980469e-04,-3.233850002288818359e-04
3.607000000000000028e+01,-3.211777261910845477e-02,-1.597722076197271857e-01,-2.094209194183349609e-04,-3.233850002288818359e-04
3.607999999999999829e+01,-3.491991071240037325e-02,-1.760732030779622592e-01,-2.095103263854980469e-04,-3.233850002288818359e-04
3.609000000000000341e+01,-3.786063194097403356e-02,-1.920607020762361006e-01,-2.095103263854980469e-04,-3.233850002288818359e-04
3.610000000000000142e+01,-4.095046778743478139e-02,-2.077086119382004770e-01,-2.095699310302734375e-04,-3.233850002288818359e-04
3.610999999999999943e+01,-4.419867510039692665e-02,-2.229924980390761147e-01,-2.095699310302734375e-04,-3.234148025512695312e-04
3.611999999999999744e+01,-4.761322558572299302e-02,-2.378896069306728200e-01,-2.095699310302734375e-04,-3.234744071960449219e-04
3.613000000000000256e+01,-5.120081159689907763e-02,-2.523788704822383377e-01,-2.095699310302734375e-04,-3.234744071960449219e-04
3.614000000000000057e+01,-5.496686652496866887e-02,-2.664408931168558703e-01,-2.095699310302734375e-04,-3.235042095184326172e-04
3.614999999999999858e+01,-5.891559754979129593e-02,-2.800579249181091579e-01,-2.095699310302734375e-04,-3.235340118408203125e-04
3.616000000000000369e+01,-6.305002796959910394e-02,-2.932138241165270776e-01,-2.096295356750488281e-04,-3.235340118408203125e-04
3.617000000000000171e+01,-6.737204703636762160e-02,-3.058940114105439534e-01,-2.096295356750488281e-04,-3.235340118408203125e-04
3.617999999999999972e+01,-7.188246502816206251e-02,-3.180854188333375188e-01,-2.095699310302734375e-04,-3.235936164855957031e-04
3.618999999999999773e+01,-7.658107153641426079e-02,-3.297764355663620472e-01,-2.095699310302734375e-04,-3.235638141632080078e-04
3.620000000000000284e+01,-8.146669535206896295e-02,-3.409568524948221602e-01,-2.095699310302734375e-04,-3.235340118408203125e-04
3.621000000000000085e+01,-8.653726426236051095e-02,-3.516178074038334711e-01,-2.095699310302734375e-04,-3.235936164855957031e-04
3.621999999999999886e+01,-9.178986403123254312e-02,-3.617517315223436891e-01,-2.095699310302734375e-04,-3.236532211303710938e-04
3.623000000000000398e+01,-9.722079453897297663e-02,-3.713522997235094714e-01,-2.096295356750488281e-04,-3.236532211303710938e-04
3.624000000000000199e+01,-1.028256233839361655e-01,-3.804143836812800550e-01,-2.096295356750488281e-04,-3.236830234527587891e-04
3.625000000000000000e+01,-1.085992355886678945e-01,-3.889340095500305461e-01,-2.096295356750488281e-04,-3.236830234527587891e-04
3.625999999999999801e+01,-1.145358790718225828e-01,-3.969083202834928215e-01,-2.097785472869873047e-04,-3.237128257751464844e-04
3.627000000000000313e+01,-1.206292060554449985e-01,-4.043355422113865671e-01,-2.097189426422119141e-04,-3.237426280975341797e-04
3.628000000000000114e+01,-1.268723094410045826e-01,-4.112149568523501553e-01,-2.097785472869873047e-04,-3.237128257751464844e-04
3.628999999999999915e+01,-1.332577548562668412e-01,-4.175468769087619658e-01,-2.098679542541503906e-04,-3.237724304199218750e-04
3.630000000000000426e+01,-1.397776080582670277e-01,-4.233326267012227362e-01,-2.099573612213134766e-04,-3.237724304199218750e-04
3.631000000000000227e+01,-1.464234577820306415e-01,-4.285745267344169829e-01,-2.099573612213134766e-04,-3.237724304199218750e-04
3.632000000000000028e+01,-1.531864344137497669e-01,-4.332758818277322455e-01,-2.099573612213134766e-04,-3.237724304199218750e-04
3.632999999999999829e+01,-1.600572245817778461e-01,-4.374409725683166550e-01,-2.099573612213134766e-04,-3.238320350646972656e-04
3.634000000000000341e+01,-1.670260828637221140e-01,-4.410750486441069596e-01,-2.099573612213134766e-04,-3.238320350646972656e-04
3.635000000000000142e+01,-1.740828393092626047e-01,-4.441843253246921530e-01,-2.100467681884765625e-04,-3.238320350646972656e-04
3.635999999999999943e+01,-1.812169051352703897e-01,-4.467759804638038457e-01,-2.100467681884765625e-04,-3.238916397094726562e-04
3.636999999999999744e+01,-1.884172758373608147e-01,-4.488581526229783458e-01,-2.100467681884765625e-04,-3.239214420318603516e-04
3.638000000000000256e+01,-1.956725332395638228e-01,-4.504399386808390915e-01,-2.100467681884765625e-04,-3.239512443542480469e-04
3.639000000000000057e+01,-2.029708462324927853e-01,-4.515313910393305985e-01,-2.100467681884765625e-04,-3.239512443542480469e-04
3.639999999999999858e+01,-2.102999716637725391e-01,-4.521435128028624129e-01,-2.100467681884765625e-04,-3.239512443542480469e-04
3.641000000000000369e+01,-2.176472556519899737e-01,-4.522882505003773534e-01,-2.100467681884765625e-04,-3.240108489990234375e-04
3.642000000000000171e+01,-2.249996363264858135e-01,-4.519784832571901445e-01,-2.100467681884765625e-04,-3.240108489990234375e-04
3.642999999999999972e+01,-2.323436484849796257e-01,-4.512280078580082621e-01,-2.100467681884765625e-04,-3.240406513214111328e-04
3.643999999999999773e+01,-2.396654311909205137e-01,-4.500515184961169646e-01,-2.100765705108642578e-04,-3.240108489990234375e-04
3.645000000000000284e+01,-2.469507387854241731e-01,-4.484645807955062735e-01,-2.100765705108642578e-04,-3.240406513214111328e-04
3.646000000000000085e+01,-2.541849562679173169e-01,-4.464835989482372480e-01,-2.099871635437011719e-04,-3.240406513214111328e-04
3.646999999999999886e+01,-2.613531191446739066e-01,-4.441257761492002354e-01,-2.099871635437011719e-04,-3.241002559661865234e-04
3.648000000000000398e+01,-2.684399389932336510e-01,-4.414090667389382050e-01,-2.099871635437011719e-04,-3.241300582885742188e-04
3.649000000000000199e+01,-2.754298340130914569e-01,-4.383521213974685415e-01,-2.100765705108642578e-04,-3.241300582885742188e-04
3.650000000000000000e+01,-2.823069662776485078e-01,-4.349742231752874444e-01,-2.100765705108642578e-04,-3.241002559661865234e-04
3.650999999999999801e+01,-2.890552836954792815e-01,-4.312952173884507245e-01,-2.100467681884765625e-04,-3.241300582885742188e-04
3.652000000000000313e+01,-2.956585691528884063e-01,-4.273354321822683266e-01,-2.100765705108642578e-04,-3.241002559661865234e-04
3.653000000000000114e+01,-3.021004932474301574e-01,-4.231155948503817488e-01,-2.100765705108642578e-04,-3.241300582885742188e-04
3.653999999999999915e+01,-3.083646742489465908e-01,-4.186567392504847440e-01,-2.101361751556396484e-04,-3.242492675781250000e-04
3.655000000000000426e+01,-3.144347401112708718e-01,-4.139801113458398962e-01,-2.101361751556396484e-04,-3.242492675781250000e-04
3.656000000000000227e+01,-3.202943942527769483e-01,-4.091070709113950876e-01,-2.101361751556396484e-04,-3.242492675781250000e-04
3.657000000000000028e+01,-3.259274850243528698e-01,-4.040589894698820017e-01,-2.101361751556396484e-04,-3.242790699005126953e-04
3.657999999999999829e+01,-3.313180756290220463e-01,-3.988571489051976338e-01,-2.101659774780273438e-04,-3.242790699005126953e-04
3.659000000000000341e+01,-3.364505135655362356e-01,-3.935226424273757795e-01,-2.101659774780273438e-04,-3.243088722229003906e-04
3.660000000000000142e+01,-3.413095015714426306e-01,-3.880762746391869800e-01,-2.102255821228027344e-04,-3.243088722229003906e-04
3.660999999999999943e+01,-3.458801632271865101e-01,-3.825384706780446953e-01,-2.102255821228027344e-04,-3.243684768676757812e-04
3.661999999999999744e+01,-3.501481095555435408e-01,-3.769291850108332231e-01,-2.102255821228027344e-04,-3.243088722229003906e-04
3.663000000000000256e+01,-3.540994981968828559e-01,-3.712678219584586992e-01,-2.102255821228027344e-04,-3.243684768676757812e-04
3.664000000000000057e+01,-3.577210911595259391e-01,-3.655731592369069194e-01,-2.102255821228027344e-04,-3.243684768676757812e-04
3.664999999999999858e+01,-3.610003055068350397e-01,-3.598632821695179618e-01,-2.102255821228027344e-04,-3.243982791900634766e-04
3.666000000000000369e+01,-3.639252595840246629e-01,-3.541555248797097488e-01,-2.102255821228027344e-04,-3.244280815124511719e-04
3.667000000000000171e+01,-3.664848138368254071e-01,-3.484664195057709524e-01,-2.102255821228027344e-04,-3.244280815124511719e-04
3.667999999999999972e+01,-3.686686050362718570e-01,-3.428116549118717660e-01,-2.102255821228027344e-04,-3.244280815124511719e-04
3.668999999999999773e+01,-3.704670766673942017e-01,-3.372060410066054503e-01,-2.102255821228027344e-04,-3.244578838348388672e-04
3.670000000000000284e+01,-3.718715025586985523e-01,-3.316634821131729804e-01,-2.102255821228027344e-04,-3.244578838348388672e-04
3.671000000000000085e+01,-3.728740066808651221e-01,-3.261969557624397886e-01,-2.102255821228027344e-04,-3.244578838348388672e-04
3.671999999999999886e+01,-3.734675786514084495e-01,-3.208184965996244697e-01,-2.103149890899658203e-04,-3.244876861572265625e-04
3.673000000000000398e+01,-3.736460849878466828e-01,-3.155391860215052136e-01,-2.103149890899658203e-04,-3.245472908020019531e-04
3.674000000000000199e+01,-3.734042777376034850e-01,-3.103691442820957214e-01,-2.103149890899658203e-04,-3.245770931243896484e-04
3.675000000000000000e+01,-3.727378004531952116e-01,-3.053175256709715901e-01,-2.103149890899658203e-04,-3.245472908020019531e-04
3.675999999999999801e+01,-3.716431920806845812e-01,-3.003925153438478102e-01,-2.104043960571289062e-04,-3.245770931243896484e-04
3.677000000000000313e+01,-3.701178896693326781e-01,-2.956013268417606588e-01,-2.103447914123535156e-04,-3.246068954467773438e-04
3.678000000000000114e+01,-3.681602299497107600e-01,-2.909501998920005494e-01,-2.104043960571289062e-04,-3.246366977691650391e-04
3.678999999999999915e+01,-3.657694506299062343e-01,-2.864443974066859799e-01,-2.104043960571289062e-04,-3.246366977691650391e-04
3.680000000000000426e+01,-3.629456914883806284e-01,-2.820882014960008344e-01,-2.104043960571289062e-04,-3.246665000915527344e-04
3.681000000000000227e+01,-3.596899956746995031e-01,-2.778849079565092750e-01,-2.104043960571289062e-04,-3.246665000915527344e-04
3.682000000000000028e+01,-3.560043115110484435e-01,-2.738368188314594387e-01,-2.104341983795166016e-04,-3.246665000915527344e-04
3.682999999999999829e+01,-3.518914945035928055e-01,-2.699452335645944334e-01,-2.104938030242919922e-04,-3.246665000915527344e-04
3.684000000000000341e+01,-3.473553101453253356e-01,-2.662104379047752767e-01,-2.104938030242919922e-04,-3.247261047363281250e-04
3.685000000000000142e+01,-3.424004367303000729e-01,-2.626316919151829299e-01,-2.104341983795166016e-04,-3.247559070587158203e-04
3.685999999999999943e+01,-3.370324687178484213e-01,-2.592072162706833827e-01,-2.104938030242919922e-04,-3.247559070587158203e-04
3.686999999999999744e+01,-3.312579197156094724e-01,-2.559341784541179221e-01,-2.104938030242919922e-04,-3.247857093811035156e-04
3.688000000000000256e+01,-3.250842250504960007e-01,-2.528086789592044470e-01,-2.104938030242919922e-04,-3.248155117034912109e-04
3.689000000000000057e+01,-3.185197435194681015e-01,-2.498257382472916788e-01,-2.104938030242919922e-04,-3.247857093811035156e-04
3.689999999999999858e+01,-3.115737573341457178e-01,-2.469792861048402399e-01,-2.104938030242919922e-04,-3.247857093811035156e-04
3.691000000000000369e+01,-3.042564703458403574e-01,-2.442621533443655457e-01,-2.104938030242919922e-04,-3.247857093811035156e-04
3.692000000000000171e+01,-2.965790031994569032e-01,-2.416660680825463425e-01,-2.104938030242919922e-04,-3.248453140258789062e-04
3.692999999999999972e+01,-2.885533852320990578e-01,-2.391816569446698626e-01,-2.105236053466796875e-04,-3.248453140258789062e-04
3.693999999999999773e+01,-2.801925422183868530e-01,-2.367984527098062619e-01,-2.105236053466796875e-04,-3.249049186706542969e-04
3.695000000000000284e+01,-2.715102793682713789e-01,-2.345049094025915271e-01,-2.105236053466796875e-04,-3.249049186706542969e-04
3.696000000000000085e+01,-2.625212588972264394e-01,-2.322884259685282504e-01,-2.106726169586181641e-04,-3.249347209930419922e-04
3.696999999999999886e+01,-2.532409716682778034e-01,-2.301353793963567540e-01,-2.105236053466796875e-04,-3.249049186706542969e-04
3.698000000000000398e+01,-2.436857024891899981e-01,-2.280311680037418465e-01,-2.105236053466796875e-04,-3.249347209930419922e-04
3.699000000000000199e+01,-2.338724887228289528e-01,-2.259602654928702381e-01,-2.106726169586181641e-04,-3.249645233154296875e-04
3.700000000000000000e+01,-2.238190722100696639e-01,-2.239062857986720834e-01,-2.104938030242919922e-04,-3.249943256378173828e-04
3.700999999999999801e+01,-2.135438441816373545e-01,-2.218520593773643246e-01,-2.104938030242919922e-04,-3.250241279602050781e-04
3.702000000000000313e+01,-2.030657839684546495e-01,-2.197797196062332148e-01,-2.104938030242919922e-04,-3.250241279602050781e-04
3.703000000000000114e+01,-1.924043913463027722e-01,-2.176707996557965819e-01,-2.104938030242919922e-04,-3.250241279602050781e-04
3.703999999999999915e+01,-1.815796137288275547e-01,-2.155063379707556626e-01,-2.104938030242919922e-04,-3.249943256378173828e-04
3.705000000000000426e+01,-1.706117686123306831e-01,-2.132669916885239769e-01,-2.104938030242919922e-04,-3.250837326049804688e-04
3.706000000000000227e+01,-1.595214621137246436e-01,-2.109331567384389594e-01,-2.105832099914550781e-04,-3.251135349273681641e-04
3.707000000000000028e+01,-1.483295055779763894e-01,-2.084850914935846566e-01,-2.105832099914550781e-04,-3.251135349273681641e-04
3.707999999999999829e+01,-1.370568302778122360e-01,-2.059030438856901124e-01,-2.105832099914550781e-04,-3.251135349273681641e-04
3.709000000000000341e+01,-1.257244018110292572e-01,-2.031673794619935358e-01,-2.105832099914550781e-04,-3.251135349273681641e-04
3.710000000000000142e+01,-1.143531362870700702e-01,-2.002587069714990287e-01,-2.105832099914550781e-04,-3.251135349273681641e-04
3.710999999999999943e+01,-1.029638179195383474e-01,-1.971580020131702415e-01,-2.105832099914550781e-04,-3.252029418945312500e-04
3.711999999999999744e+01,-9.157701981095887900e-02,-1.938467258548205174e-01,-2.105832099914550781e-04,-3.251731395721435547e-04
3.713000000000000256e+01,-8.021302945758897185e-02,-1.903069367724712635e-01,-2.105832099914550781e-04,-3.252029418945312500e-04
3.714000000000000057e+01,-6.889177832650522637e-02,-1.865213948640488395e-01,-2.106428146362304688e-04,-3.251731395721435547e-04
3.714999999999999858e+01,-5.763277715281812236e-02,-1.824736575123959703e-01,-2.106726169586181641e-04,-3.252029418945312500e-04
3.716000000000000369e+01,-4.645505645153685109e-02,-1.781481661534622118e-01,-2.106726169586181641e-04,-3.252029418945312500e-04
3.717000000000000171e+01,-3.537711335992446693e-02,-1.735303222664500156e-01,-2.106726169586181641e-04,-3.252923488616943359e-04
3.717999999999999972e+01,-2.441686372513400538e-02,-1.686065542583604360e-01,-2.106726169586181641e-04,-3.252923488616943359e-04
3.718999999999999773e+01,-1.359159991554009794e-02,-1.633643741929516335e-01,-2.106726169586181641e-04,-3.253221511840820312e-04
3.720000000000000284e+01,-2.917953781237557324e-03,-1.577924250912164095e-01,-2.107024192810058594e-04,-3.252923488616943359e-04
3.721000000000000085e+01,7.588135839863008325e-03,-1.518805196343900599e-01,-2.107024192810058594e-04,-3.253221511840820312e-04
3.721999999999999886e+01,1.791145137702236309e-02,-1.456196706270173613e-01,-2.107024192810058594e-04,-3.253519535064697266e-04
3.723000000000000398e+01,2.803752138658306692e-02,-1.390021143959140615e-01,-2.107918262481689453e-04,-3.254413604736328125e-04
3.724000000000000199e+01,3.795264239466575318e-02,-1.320213277292829057e-01,-2.107918262481689453e-04,-3.253817558288574219e-04
3.725000000000000000e+01,4.764389883096658423e-02,-1.246720400093302428e-01,-2.107918262481689453e-04,-3.254413604736328125e-04
3.725999999999999801e+01,5.709918101902307364e-02,-1.169502405008199242e-01,-2.109706401824951172e-04,-3.254413604736328125e-04
3.727000000000000313e+01,6.630720288898378501e-02,-1.088531836164279842e-01,-2.109706401824951172e-04,-3.254413604736328125e-04
3.728000000000000114e+01,7.525751815351511276e-02,-1.003793901081209972e-01,-2.109706401824951172e-04,-3.254711627960205078e-04
3.728999999999999915e+01,8.394053746025118001e-02,-9.152864834998201971e-02,-2.109706401824951172e-04,-3.255009651184082031e-04
3.730000000000000426e+01,9.234754542615138118e-02,-8.230201433411923895e-02,-2.110302448272705078e-04,-3.255307674407958984e-04
3.731000000000000227e+01,1.004707180501359792e-01,-7.270181099578303108e-02,-2.110302448272705078e-04,-3.255009651184082031e-04
3.732000000000000028e+01,1.083031414724057589e-01,-6.273162928840747554e-02,-2.111196517944335938e-04,-3.255009651184082031e-04
3.732999999999999829e+01,1.158388307597960909e-01,-5.239632856661224219e-02,-2.111196517944335938e-04,-3.255307674407958984e-04
3.734000000000000341e+01,1.230727498564329059e-01,-4.170203876381421704e-02,-2.111792564392089844e-04,-3.255307674407958984e-04
3.735000000000000142e+01,1.300008315840133488e-01,-3.065616325973821721e-02,-2.111792564392089844e-04,-3.255307674407958984e-04
3.735999999999999943e+01,1.366199978932256531e-01,-1.926738222752762131e-02,-2.111792564392089844e-04,-3.255307674407958984e-04
3.736999999999999744e+01,1.429281795160799451e-01,-7.545656685576019977e-03,-2.111792564392089844e-04,-3.256201744079589844e-04
3.738000000000000256e+01,1.489243343160513156e-01,4.497768224507940962e-03,-2.111792564392089844e-04,-3.256499767303466797e-04
3.739000000000000057e+01,1.546084642963413969e-01,1.685036033096856678e-02,-2.111196517944335938e-04,-3.256499767303466797e-04
3.739999999999999858e+01,1.599816287441514773e-01,2.949830059784987191e-02,-2.112388610839843750e-04,-3.256201744079589844e-04
3.741000000000000369e+01,1.650459567795622695e-01,4.242648321889891383e-02,-2.112388610839843750e-04,-3.256499767303466797e-04
3.742000000000000171e+01,1.698046490150722510e-01,5.561852632343754210e-02,-2.112388610839843750e-04,-3.256499767303466797e-04
3.742999999999999972e+01,1.742619794815142564e-01,6.905678144758101156e-02,-2.112388610839843750e-04,-3.256499767303466797e-04
3.743999999999999773e+01,1.784232873855328416e-01,8.272235530900270972e-02,-2.112388610839843750e-04,-3.256499767303466797e-04
3.745000000000000284e+01,1.822949608027109869e-01,9.659513746967135495e-02,-2.112388610839843750e-04,-3.256797790527343750e-04
3.746000000000000085e+01,1.858844127288417081e-01,1.106538387383037697e-01,-2.112388610839843750e-04,-3.257095813751220703e-04
3.746999999999999886e+01,1.892000459906761356e-01,1.248760407787949389e-01,-2.112388610839843750e-04,-3.257095813751220703e-04
3.748000000000000398e+01,1.922512071339082806e-01,1.392382580575016182e-01,-2.113282680511474609e-04,-3.257989883422851562e-04
3.749000000000000199e+01,1.950481300875532009e-01,1.537160127497290696e-01,-2.113282680511474609e-04,-3.257989883422851562e-04
3.750000000000000000e+01,1.976018680008829465e-01,1.682839235266852529e-01,-2.113282680511474609e-04,-3.258287906646728516e-04
3.750999999999999801e+01,1.999242150932952489e-01,1.829158057443375784e-01,-2.113282680511474609e-04,-3.258287906646728516e-04
3.752000000000000313e+01,2.020276170424497586e-01,1.975847861579739795e-01,-2.113282680511474609e-04,-3.258287906646728516e-04
3.753000000000000114e+01,2.039250730682484747e-01,2.122634280624898229e-01,-2.113878726959228516e-04,-3.258287906646728516e-04
3.753999999999999915e+01,2.056300293022656767e-01,2.269238672288304004e-01,-2.113878726959228516e-04,-3.258287906646728516e-04
3.755000000000000426e+01,2.071562674163042184e-01,2.415379541490163540e-01,-2.113878726959228516e-04,-3.258883953094482422e-04
3.756000000000000227e+01,2.085177880864636513e-01,2.560774031663631822e-01,-2.114176750183105469e-04,-3.258883953094482422e-04
3.757000000000000028e+01,2.097286928390112992e-01,2.705139441793490418e-01,-2.115070819854736328e-04,-3.258883953094482422e-04
3.757999999999999829e+01,2.108030675821312983e-01,2.848194726819276990e-01,-2.115964889526367188e-04,-3.259181976318359375e-04
3.759000000000000341e+01,2.117548676975249400e-01,2.989661986554628115e-01,-2.115964889526367188e-04,-3.259778022766113281e-04
3.760000000000000142e+01,2.125978097341916229e-01,3.129267876025169648e-01,-2.115964889526367188e-04,-3.259778022766113281e-04
3.760999999999999943e+01,2.133452692144946206e-01,3.266744948045595676e-01,-2.115964889526367188e-04,-3.260374069213867188e-04
3.761999999999999744e+01,2.140101887490825083e-01,3.401832870907726680e-01,-2.115964889526367188e-04,-3.260076045989990234e-04
3.763000000000000256e+01,2.146049960807466517e-01,3.534279528622240041e-01,-2.115368843078613281e-04,-3.260374069213867188e-04
3.764000000000000057e+01,2.151415341308715035e-01,3.663841976008871959e-01,-2.115368843078613281e-04,-3.260374069213867188e-04
3.764999999999999858e+01,2.156310033076877519e-01,3.790287245437897190e-01,-2.115368843078613281e-04,-3.260374069213867188e-04
3.766000000000000369e+01,2.160839163387448247e-01,3.913393001595371068e-01,-2.115368843078613281e-04,-3.260374069213867188e-04
3.767000000000000171e+01,2.165100658468142591e-01,4.032948040762027730e-01,-2.115368843078613281e-04,-3.260672092437744141e-04
3.767999999999999972e+01,2.169185036870058814e-01,4.148752646899261376e-01,-2.115368843078613281e-04,-3.260970115661621094e-04
3.768999999999999773e+01,2.173175315944851638e-01,4.260618809393191819e-01,-2.115368843078613281e-04,-3.261566162109375000e-04
3.770000000000000284e+01,2.177147019820675489e-01,4.368370316828497080e-01,-2.115368843078613281e-04,-3.261566162109375000e-04
3.771000000000000085e+01,2.181168282270646297e-01,4.471842734225389138e-01,-2.115368843078613281e-04,-3.261566162109375000e-04
3.771999999999999886e+01,2.185300025921068923e-01,4.570883286690616276e-01,-2.115368843078613281e-04,-3.261566162109375000e-04
3.773000000000000398e+01,2.189596207818209905e-01,4.665350661111142272e-01,-2.115070819854736328e-04,-3.261864185333251953e-04
3.774000000000000199e+01,2.194104118997939612e-01,4.755114740933998885e-01,-2.115666866302490234e-04,-3.262460231781005859e-04
3.775000000000000000e+01,2.198864724134015070e-01,4.840056290615026291e-01,-2.115666866302490234e-04,-3.262460231781005859e-04
3.775999999999999801e+01,2.203913029933084466e-01,4.920066603151342921e-01,-2.115666866302490234e-04,-3.262758255004882812e-04
3.777000000000000313e+01,2.209278471970222146e-01,4.995047122882897983e-01,-2.115964889526367188e-04,-3.262758255004882812e-04
3.778000000000000114e+01,2.214985306809288124e-01,5.064909059194040442e-01,-2.116560935974121094e-04,-3.262758255004882812e-04
3.778999999999999915e+01,2.221053009229286834e-01,5.129572990458437509e-01,-2.116560935974121094e-04,-3.263354301452636719e-04
3.780000000000000426e+01,2.227496652557513501e-01,5.188968484835287942e-01,-2.116560935974121094e-04,-3.263652324676513672e-04
3.781000000000000227e+01,2.234327285484946635e-01,5.243033721212752019e-01,-2.117156982421875000e-04,-3.263652324676513672e-04
3.782000000000000028e+01,2.241552270507677636e-01,5.291715150853452121e-01,-2.117156982421875000e-04,-3.263652324676513672e-04
3.782999999999999829e+01,2.249175618522660514e-01,5.334967159821323301e-01,-2.117753028869628906e-04,-3.263950347900390625e-04
3.784000000000000341e+01,2.257198271534789080e-01,5.372751786303003874e-01,-2.118349075317382812e-04,-3.263950347900390625e-04
3.785000000000000142e+01,2.265618374902522991e-01,5.405038446297112387e-01,-2.117753028869628906e-04,-3.264248371124267578e-04
3.785999999999999943e+01,2.274431498036581512e-01,5.431803713181941884e-01,-2.117753028869628906e-04,-3.264248371124267578e-04
3.786999999999999744e+01,2.283630828911611399e-01,5.453031122698626110e-01,-2.118647098541259766e-04,-3.264546394348144531e-04
3.788000000000000256e+01,2.293207327736542234e-01,5.468711019760582603e-01,-2.118647098541259766e-04,-3.264546394348144531e-04
3.789000000000000057e+01,2.303149840964354433e-01,5.478840444891360795e-01,-2.118647098541259766e-04,-3.264546394348144531e-04
3.789999999999999858e+01,2.313445180621883090e-01,5.483423055739219398e-01,-2.119243144989013672e-04,-3.264248371124267578e-04
3.791000000000000369e+01,2.324078160874494536e-01,5.482469091141225492e-01,-2.119243144989013672e-04,-3.264546394348144531e-04
3.792000000000000171e+01,2.335031599918999112e-01,5.475995370078385882e-01,-2.119541168212890625e-04,-3.265142440795898438e-04
3.792999999999999972e+01,2.346286281814440322e-01,5.464025330367252575e-01,-2.120137214660644531e-04,-3.265142440795898438e-04
3.793999999999999773e+01,2.357820884125257643e-01,5.446589101246703812e-01,-2.120733261108398438e-04,-3.266036510467529297e-04
3.795000000000000284e+01,2.369611867493550128e-01,5.423723613840799596e-01,-2.121031284332275391e-04,-3.266036510467529297e-04
3.796000000000000085e+01,2.381633336228083375e-01,5.395472739731895784e-01,-2.121031284332275391e-04,-3.265738487243652344e-04
3.796999999999999886e+01,2.393856863083600461e-01,5.361887464756295296e-01,-2.121031284332275391e-04,-3.266036510467529297e-04
3.798000000000000398e+01,2.406251290734957027e-01,5.323026085213948821e-01,-2.121031284332275391e-04,-3.266036510467529297e-04
3.799000000000000199e+01,2.418782502652001565e-01,5.278954433256959344e-01,-2.120733261108398438e-04,-3.266334533691406250e-04
3.800000000000000000e+01,2.431413178399973729e-01,5.229746115883572299e-01,-2.120733261108398438e-04,-3.266930580139160156e-04
3.800999999999999801e+01,2.444102525252615232e-01,5.175482775918612832e-01,-2.121329307556152344e-04,-3.266334533691406250e-04
3.802000000000000313e+01,2.456806006641952533e-01,5.116254352191793586e-01,-2.121329307556152344e-04,-3.266930580139160156e-04
3.803000000000000114e+01,2.469475054854637919e-01,5.052159353053637947e-01,-2.121329307556152344e-04,-3.266930580139160156e-04
3.803999999999999915e+01,2.482056794574266367e-01,4.983305112439492812e-01,-2.121925354003906250e-04,-3.267228603363037109e-04
3.805000000000000426e+01,2.494493763627736727e-01,4.909808044864202858e-01,-2.121925354003906250e-04,-3.267526626586914062e-04
3.806000000000000227e+01,2.506723661364854694e-01,4.831793862977410980e-01,-2.122521400451660156e-04,-3.267824649810791016e-04
3.807000000000000028e+01,2.518679109377717218e-01,4.749397776599932897e-01,-2.121329307556152344e-04,-3.267824649810791016e-04
3.807999999999999829e+01,2.530287458049222393e-01,4.662764632696087541e-01,-2.121329307556152344e-04,-3.267824649810791016e-04
3.809000000000000341e+01,2.541470624584235005e-01,4.572049014387497001e-01,-2.122521400451660156e-04,-3.268122673034667969e-04
3.810000000000000142e+01,2.552144994499286890e-01,4.477415259941314729e-01,-2.122521400451660156e-04,-3.268122673034667969e-04
3.810999999999999943e+01,2.562221375687062097e-01,4.379037415873703321e-01,-2.122819423675537109e-04,-3.268122673034667969e-04
3.811999999999999744e+01,2.571605030240456391e-01,4.277099093295482213e-01,-2.122819423675537109e-04,-3.268122673034667969e-04
3.813000000000000256e+01,2.580195780039588049e-01,4.171793233225483122e-01,-2.122223377227783203e-04,-3.268718719482421875e-04
3.814000000000000057e+01,2.587888200601966560e-01,4.063321763277775722e-01,-2.122521400451660156e-04,-3.268718719482421875e-04
3.814999999999999858e+01,2.594571903008343061e-01,3.951895146735042719e-01,-2.122521400451660156e-04,-3.268718719482421875e-04
3.816000000000000369e+01,2.600131909715802658e-01,3.837731817328326467e-01,-2.122521400451660156e-04,-3.269314765930175781e-04
3.817000000000000171e+01,2.604449122649690196e-01,3.721057502481428525e-01,-2.123117446899414062e-04,-3.269016742706298828e-04
3.817999999999999972e+01,2.607400884375808414e-01,3.602104434684306744e-01,-2.123117446899414062e-04,-3.269612789154052734e-04
3.818999999999999773e+01,2.608861621534307451e-01,3.481110465158238632e-01,-2.123117446899414062e-04,-3.269910812377929688e-04
3.820000000000000284e+01,2.608703573213297378e-01,3.358318077211976949e-01,-2.124607563018798828e-04,-3.269910812377929688e-04
3.821000000000000085e+01,2.606797578289599127e-01,3.233973332032886172e-01,-2.124607563018798828e-04,-3.269612789154052734e-04
3.821999999999999886e+01,2.603013930808813492e-01,3.108324736538276012e-01,-2.124607563018798828e-04,-3.269910812377929688e-04
3.823000000000000398e+01,2.597223261760435165e-01,2.981622084718556498e-01,-2.124607563018798828e-04,-3.269612789154052734e-04
3.824000000000000199e+01,2.589297463211003847e-01,2.854115254094422571e-01,-2.124607563018798828e-04,-3.269910812377929688e-04
3.825000000000000000e+01,2.579110605307890491e-01,2.726053016855137234e-01,-2.126097679138183594e-04,-3.270804882049560547e-04
3.825999999999999801e+01,2.566539854207273708e-01,2.597681857569018038e-01,-2.126097679138183594e-04,-3.270804882049560547e-04
3.827000000000000313e+01,2.551466370629205671e-01,2.469244820032894527e-01,-2.126097679138183594e-04,-3.271400928497314453e-04
3.828000000000000114e+01,2.533776164633921302e-01,2.340980414925070141e-01,-2.126395702362060547e-04,-3.271400928497314453e-04
3.828999999999999915e+01,2.513360895677190787e-01,2.213121597870008617e-01,-2.126395702362060547e-04,-3.271400928497314453e-04
3.830000000000000426e+01,2.490118620379348502e-01,2.085894816369027460e-01,-2.127289772033691406e-04,-3.271698951721191406e-04
3.831000000000000227e+01,2.463954466100686802e-01,1.959519148781387887e-01,-2.127289772033691406e-04,-3.271698951721191406e-04
3.832000000000000028e+01,2.434781230027223409e-01,1.834205535150450206e-01,-2.127289772033691406e-04,-3.272593021392822266e-04
3.832999999999999829e+01,2.402519893636488324e-01,1.710156110466949930e-01,-2.127289772033691406e-04,-3.272294998168945312e-04
3.834000000000000341e+01,2.367100073019352546e-01,1.587563611397729835e-01,-2.127289772033691406e-04,-3.272294998168945312e-04
3.835000000000000142e+01,2.328460372956856761e-01,1.466610896724838409e-01,-2.127289772033691406e-04,-3.272294998168945312e-04
3.835999999999999943e+01,2.286548684334320791e-01,1.347470528272743939e-01,-2.127885818481445312e-04,-3.272593021392822266e-04
3.836999999999999744e+01,2.241322398951308970e-01,1.230304444259587154e-01,-2.128183841705322266e-04,-3.272593021392822266e-04
3.838000000000000256e+01,2.192748571961709303e-01,1.115263684995976834e-01,-2.129077911376953125e-04,-3.273189067840576172e-04
3.839000000000000057e+01,2.140804022546949348e-01,1.002488182599938632e-01,-2.129077911376953125e-04,-3.273189067840576172e-04
3.839999999999999858e+01,2.085475391108457532e-01,8.921065902411290383e-02,-2.129077911376953125e-04,-3.273487091064453125e-04
3.841000000000000369e+01,2.026759150047551528e-01,7.842361545176482207e-02,-2.128481864929199219e-04,-3.273487091064453125e-04
3.842000000000000171e+01,1.964661586373609992e-01,6.789826081898757415e-02,-2.128481864929199219e-04,-3.273487091064453125e-04
3.842999999999999972e+01,1.899198758259593722e-01,5.764400811790633405e-02,-2.129375934600830078e-04,-3.274083137512207031e-04
3.843999999999999773e+01,1.830396426889378814e-01,4.766910292204473709e-02,-2.128481864929199219e-04,-3.274083137512207031e-04
3.845000000000000284e+01,1.758289977637169099e-01,3.798061628110972754e-02,-2.128481864929199219e-04,-3.274083137512207031e-04
3.846000000000000085e+01,1.682924330579369521e-01,2.858443792509794690e-02,-2.128481864929199219e-04,-3.274381160736083984e-04
3.846999999999999886e+01,1.604353842289448218e-01,1.948526968121013642e-02,-2.128481864929199219e-04,-3.274679183959960938e-04
3.848000000000000398e+01,1.522642205706542240e-01,1.068661842279040181e-02,-2.129375934600830078e-04,-3.274679183959960938e-04
3.849000000000000199e+01,1.437862345749028881e-01,2.190789188686862420e-03,-2.128481864929199219e-04,-3.275275230407714844e-04
3.850000000000000000e+01,1.350096312891932437e-01,-6.001121627337545512e-03,-2.128481864929199219e-04,-3.274977207183837891e-04
3.850999999999999801e+01,1.259435173841687294e-01,-1.388923257097552516e-02,-2.128481864929199219e-04,-3.275275230407714844e-04
3.852000000000000313e+01,1.165978895932206216e-01,-2.147488218283559111e-02,-2.129375934600830078e-04,-3.275275230407714844e-04
3.853000000000000114e+01,1.069836225121710838e-01,-2.876063253216048360e-02,-2.128481864929199219e-04,-3.275275230407714844e-04
3.853999999999999915e+01,9.711245526352518809e-02,-3.575027029332385198e-02,-2.129375934600830078e-04,-3.275275230407714844e-04
3.855000000000000426e+01,8.699697649191744098e-02,-4.244880436744260382e-02,-2.129971981048583984e-04,-3.275275230407714844e-04
3.856000000000000227e+01,7.665060737391644896e-02,-4.886245933889871162e-02,-2.129971981048583984e-04,-3.275871276855468750e-04
3.857000000000000028e+01,6.608758208049454741e-02,-5.499866392392565445e-02,-2.128481864929199219e-04,-3.275871276855468750e-04
3.857999999999999829e+01,5.532292507159825706e-02,-6.086603325254936331e-02,-2.129375934600830078e-04,-3.276467323303222656e-04
3.859000000000000341e+01,4.437242453822661664e-02,-6.647434391325807157e-02,-2.128481864929199219e-04,-3.276169300079345703e-04
3.860000000000000142e+01,3.325260174302612642e-02,-7.183450139845852511e-02,-2.129971981048583984e-04,-3.276467323303222656e-04
3.860999999999999943e+01,2.198067561055215557e-02,-7.695849890259136294e-02,-2.129971981048583984e-04,-3.276467323303222656e-04
3.861999999999999744e+01,1.057452180564642276e-02,-8.185936636971853642e-02,-2.129971981048583984e-04,-3.276467323303222656e-04
3.863000000000000256e+01,-9.473732029939476579e-04,-8.655111064351489469e-02,-2.130270004272460938e-04,-3.277063369750976562e-04
3.864000000000000057e+01,-1.256596422390400536e-02,-9.104864501941425936e-02,-2.129673957824707031e-04,-3.277063369750976562e-04
3.864999999999999858e+01,-2.426170497407535709e-02,-9.536770927786020202e-02,-2.129673957824707031e-04,-3.277063369750976562e-04
3.866000000000000369e+01,-3.601461140893642832e-02,-9.952478006934017962e-02,-2.130270004272460938e-04,-3.277659416198730469e-04
3.867000000000000171e+01,-4.780433041951875212e-02,-1.035369723022364769e-01,-2.130270004272460938e-04,-3.277659416198730469e-04
3.867999999999999972e+01,-5.961021338160913535e-02,-1.074219324823816046e-01,-2.130270004272460938e-04,-3.277957439422607422e-04
3.868999999999999773e+01,-7.141139383261080331e-02,-1.111977252771600977e-01,-2.130270004272460938e-04,-3.277957439422607422e-04
3.870000000000000284e+01,-8.318686853029995387e-02,-1.148827145773599900e-01,-2.130270004272460938e-04,-3.278255462646484375e-04
3.871000000000000085e+01,-9.491558231324437322e-02,-1.184954383191270805e-01,-2.130270004272460938e-04,-3.278255462646484375e-04
3.871999999999999886e+01,-1.065765111278487304e-01,-1.220544867404761424e-01,-2.130270004272460938e-04,-3.278255462646484375e-04
3.873000000000000398e+01,-1.181487490471449103e-01,-1.255783739949767885e-01,-2.130270004272460938e-04,-3.278255462646484375e-04
3.874000000000000199e+01,-1.296115916977377824e-01,-1.290854156702119782e-01,-2.131164073944091797e-04,-3.278851509094238281e-04
3.875000000000000000e+01,-1.409446189699214702e-01,-1.325936080602081180e-01,-2.131164073944091797e-04,-3.279447555541992188e-04
3.875999999999999801e+01,-1.521277751296565561e-01,-1.361205111940612666e-01,-2.131164073944091797e-04,-3.278851509094238281e-04
3.877000000000000313e+01,-1.631414438610521989e-01,-1.396831408555768428e-01,-2.131462097167968750e-04,-3.279447555541992188e-04
3.878000000000000114e+01,-1.739665188097712090e-01,-1.432978678552476737e-01,-2.131462097167968750e-04,-3.279447555541992188e-04
3.878999999999999915e+01,-1.845844687927102878e-01,-1.469803258309304028e-01,-2.132058143615722656e-04,-3.279745578765869141e-04
3.880000000000000426e+01,-1.949773969896324843e-01,-1.507453292880260587e-01,-2.132058143615722656e-04,-3.279447555541992188e-04
3.881000000000000227e+01,-2.051280940342163628e-01,-1.546068015582999222e-01,-2.131760120391845703e-04,-3.280043601989746094e-04
3.882000000000000028e+01,-2.150200840973079397e-01,-1.585777141622224384e-01,-2.132654190063476562e-04,-3.280043601989746094e-04
3.882999999999999829e+01,-2.246376650253181229e-01,-1.626700360152895375e-01,-2.131760120391845703e-04,-3.280043601989746094e-04
3.884000000000000341e+01,-2.339659424682855593e-01,-1.668946924684837352e-01,-2.133250236511230469e-04,-3.280043601989746094e-04
3.885000000000000142e+01,-2.429908577085032884e-01,-1.712615346062017208e-01,-2.133250236511230469e-04,-3.280043601989746094e-04
3.885999999999999943e+01,-2.516992102534727493e-01,-1.757793171304162516e-01,-2.133548259735107422e-04,-3.280341625213623047e-04
3.886999999999999744e+01,-2.600786758184941982e-01,-1.804556837564203764e-01,-2.133548259735107422e-04,-3.280639648437500000e-04
3.888000000000000256e+01,-2.681178196540470737e-01,-1.852971601084886233e-01,-2.133250236511230469e-04,-3.281235694885253906e-04
3.889000000000000057e+01,-2.758061061358477728e-01,-1.903091526671752409e-01,-2.133548259735107422e-04,-3.281235694885253906e-04
3.889999999999999858e+01,-2.831339058409385046e-01,-1.954959516010189857e-01,-2.133250236511230469e-04,-3.281235694885253906e-04
3.891000000000000369e+01,-2.900924994521448808e-01,-2.008607386177846121e-01,-2.133250236511230469e-04,-3.281235694885253906e-04
3.892000000000000171e+01,-2.966740800634360409e-01,-2.064055970450776045e-01,-2.133846282958984375e-04,-3.281235694885253906e-04
3.892999999999999972e+01,-3.028717539584672158e-01,-2.121315240716481199e-01,-2.133846282958984375e-04,-3.281533718109130859e-04
3.893999999999999773e+01,-3.086795405064782782e-01,-2.180384438897867427e-01,-2.133846282958984375e-04,-3.281831741333007812e-04
3.895000000000000284e+01,-3.140923711412980657e-01,-2.241252217248816403e-01,-2.133846282958984375e-04,-3.282129764556884766e-04
3.896000000000000085e+01,-3.191060882715234803e-01,-2.303896772669278559e-01,-2.133250236511230469e-04,-3.281831741333007812e-04
3.896999999999999886e+01,-3.237174436604441929e-01,-2.368285980802785906e-01,-2.133846282958984375e-04,-3.282129764556884766e-04
3.898000000000000398e+01,-3.279240971871404953e-01,-2.434377514520392194e-01,-2.134740352630615234e-04,-3.282129764556884766e-04
3.899000000000000199e+01,-3.317246148666113115e-01,-2.502118962721824880e-01,-2.135038375854492188e-04,-3.283023834228515625e-04
3.900000000000000000e+01,-3.351184673984051177e-01,-2.571447928638623259e-01,-2.135038375854492188e-04,-3.283321857452392578e-04
3.900999999999999801e+01,-3.381060277739295628e-01,-2.642292129307979853e-01,-2.135634422302246094e-04,-3.283023834228515625e-04
3.902000000000000313e+01,-3.406885686930317125e-01,-2.714569483415410489e-01,-2.135634422302246094e-04,-3.283023834228515625e-04
3.903000000000000114e+01,-3.428682587819514294e-01,-2.788188202313255926e-01,-2.135634422302246094e-04,-3.283619880676269531e-04
3.903999999999999915e+01,-3.446481575789555052e-01,-2.863046884203896969e-01,-2.135634422302246094e-04,-3.283321857452392578e-04
3.905000000000000426e+01,-3.460322088847604949e-01,-2.939034616490693308e-01,-2.135634422302246094e-04,-3.283917903900146484e-04
3.906000000000000227e+01,-3.470252314461013121e-01,-3.016031103189020790e-01,-2.136230468750000000e-04,-3.283917903900146484e-04
3.907000000000000028e+01,-3.476329072925566921e-01,-3.093906810671885887e-01,-2.136230468750000000e-04,-3.284215927124023438e-04
3.907999999999999829e+01,-3.478617664148425104e-01,-3.172523153866846357e-01,-2.136230468750000000e-04,-3.284215927124023438e-04
3.909000000000000341e+01,-3.477191678378101503e-01,-3.251732721254028124e-01,-2.136230468750000000e-04,-3.284215927124023438e-04
3.910000000000000142e+01,-3.472132762602929135e-01,-3.331379552513417663e-01,-2.136230468750000000e-04,-3.284811973571777344e-04
3.910999999999999943e+01,-3.463530341769082699e-01,-3.411299472020171697e-01,-2.136230468750000000e-04,-3.284811973571777344e-04
3.911999999999999744e+01,-3.451481288231436073e-01,-3.491320487622048274e-01,-2.136826515197753906e-04,-3.285109996795654297e-04
3.913000000000000256e+01,-3.436089542128691887e-01,-3.571263255133766412e-01,-2.136826515197753906e-04,-3.285408020019531250e-04
3.914000000000000057e+01,-3.417465676862542767e-01,-3.650941616260133249e-01,-2.136826515197753906e-04,-3.285408020019531250e-04
3.914999999999999858e+01,-3.395726415353932381e-01,-3.730163206225104999e-01,-2.136826515197753906e-04,-3.285408020019531250e-04
3.916000000000000369e+01,-3.370994098000148487e-01,-3.808730130511198131e-01,-2.136528491973876953e-04,-3.285408020019531250e-04
3.917000000000000171e+01,-3.343396103321125135e-01,-3.886439712126851243e-01,-2.136528491973876953e-04,-3.285706043243408203e-04
3.917999999999999972e+01,-3.313064236792770956e-01,-3.963085289510318021e-01,-2.136826515197753906e-04,-3.286004066467285156e-04
3.918999999999999773e+01,-3.280134080226219662e-01,-4.038457077692258479e-01,-2.137124538421630859e-04,-3.286004066467285156e-04
3.920000000000000284e+01,-3.244744328721190230e-01,-4.112343056490565529e-01,-2.138316631317138672e-04,-3.286898136138916016e-04
3.921000000000000085e+01,-3.207036109504987076e-01,-4.184529895028170077e-01,-2.138316631317138672e-04,-3.286898136138916016e-04
3.921999999999999886e+01,-3.167152295354733194e-01,-4.254803897414852210e-01,-2.138018608093261719e-04,-3.286898136138916016e-04
3.923000000000000398e+01,-3.125236830018490730e-01,-4.322951944206683828e-01,-2.138018608093261719e-04,-3.287196159362792969e-04
3.924000000000000199e+01,-3.081434091066204140e-01,-4.388762393615492918e-01,-2.138018608093261719e-04,-3.287196159362792969e-04
3.925000000000000000e+01,-3.035888244814828885e-01,-4.452026014566629053e-01,-2.138018608093261719e-04,-3.287196159362792969e-04
3.925999999999999801e+01,-2.988742673010666984e-01,-4.512536822736569198e-01,-2.138614654541015625e-04,-3.287196159362792969e-04
3.927000000000000313e+01,-2.940139429207040966e-01,-4.570092897871868565e-01,-2.138614654541015625e-04,-3.287494182586669922e-04
3.928000000000000114e+01,-2.890218741252085777e-01,-4.624497149133913743e-01,-2.138614654541015625e-04,-3.287494182586669922e-04
3.928999999999999915e+01,-2.839118587316732389e-01,-4.675557985780310344e-01,-2.138614654541015625e-04,-3.287792205810546875e-04
3.930000000000000426e+01,-2.786974328341209617e-01,-4.723089920510309403e-01,-2.138614654541015625e-04,-3.287792205810546875e-04
3.931000000000000227e+01,-2.733918385911868199e-01,-4.766914121001221138e-01,-2.138614654541015625e-04,-3.288686275482177734e-04
3.932000000000000028e+01,-2.680079992253398546e-01,-4.806858866965012522e-01,-2.138614654541015625e-04,-3.288388252258300781e-04
3.932999999999999829e+01,-2.625584997942399523e-01,-4.842759931608949242e-01,-2.138614654541015625e-04,-3.288388252258300781e-04
3.934000000000000341e+01,-2.570555735881279724e-01,-4.874460889782421535e-01,-2.138614654541015625e-04,-3.288686275482177734e-04
3.935000000000000142e+01,-2.515110919035648540e-01,-4.901813378847124092e-01,-2.138614654541015625e-04,-3.288984298706054688e-04
3.935999999999999943e+01,-2.459365601774718690e-01,-4.924677272025068109e-01,-2.138614654541015625e-04,-3.289282321929931641e-04
3.936999999999999744e+01,-2.403431167397701851e-01,-4.942920811528251912e-01,-2.139806747436523438e-04,-3.289580345153808594e-04
3.938000000000000256e+01,-2.347415349080500535e-01,-4.956420691037024540e-01,-2.139806747436523438e-04,-3.290176391601562500e-04
3.939000000000000057e+01,-2.291422272436364482e-01,-4.965062101000387584e-01,-2.140402793884277344e-04,-3.290176391601562500e-04
3.939999999999999858e+01,-2.235552517754113011e-01,-4.968738738157764678e-01,-2.139806747436523438e-04,-3.290474414825439453e-04
3.941000000000000369e+01,-2.179903190245556510e-01,-4.967352793093766095e-01,-2.140402793884277344e-04,-3.290474414825439453e-04
3.942000000000000171e+01,-2.124567991467196104e-01,-4.960814924341272469e-01,-2.140402793884277344e-04,-3.290474414825439453e-04
3.942999999999999972e+01,-2.069637288510807749e-01,-4.949044221168657498e-01,-2.140402793884277344e-04,-3.290772438049316406e-04
3.943999999999999773e+01,-2.015198173404282866e-01,-4.931968165305517515e-01,-2.140402793884277344e-04,-3.290772438049316406e-04
3.945000000000000284e+01,-1.961334505636006531e-01,-4.909522599007800081e-01,-2.140402793884277344e-04,-3.291070461273193359e-04
3.946000000000000085e+01,-1.908126933717706475e-01,-4.881651704614382581e-01,-2.140402793884277344e-04,-3.291368484497070312e-04
3.946999999999999886e+01,-1.855652891705748264e-01,-4.848308000306278953e-01,-2.140402793884277344e-04,-3.291368484497070312e-04
3.948000000000000398e+01,-1.803986565713884549e-01,-4.809452358248694770e-01,-2.141892910003662109e-04,-3.291964530944824219e-04
3.949000000000000199e+01,-1.753198825408925077e-01,-4.765054050875444092e-01,-2.141892910003662109e-04,-3.291368484497070312e-04
3.950000000000000000e+01,-1.703357119340833115e-01,-4.715090827369817217e-01,-2.141892910003662109e-04,-3.291964530944824219e-04
3.950999999999999801e+01,-1.654525329185742022e-01,-4.659549026511969338e-01,-2.141892910003662109e-04,-3.292262554168701172e-04
3.952000000000000313e+01,-1.606763581852793665e-01,-4.598423727599141309e-01,-2.141892910003662109e-04,-3.292560577392578125e-04
3.953000000000000114e+01,-1.560128017334806994e-01,-4.531718942879282563e-01,-2.142488956451416016e-04,-3.292560577392578125e-04
3.953999999999999915e+01,-1.514670510464622699e-01,-4.459447854203521522e-01,-2.142488956451416016e-04,-3.292560577392578125e-04
3.955000000000000426e+01,-1.470438347400763457e-01,-4.381633094358486358e-01,-2.143383026123046875e-04,-3.293156623840332031e-04
3.956000000000000227e+01,-1.427473854517292973e-01,-4.298307076345692090e-01,-2.143681049346923828e-04,-3.294050693511962891e-04
3.957000000000000028e+01,-1.385813985087155087e-01,-4.209512366174547049e-01,-2.143681049346923828e-04,-3.294050693511962891e-04
3.957999999999999829e+01,-1.345489859568855529e-01,-4.115302104634967484e-01,-2.143681049346923828e-04,-3.293752670288085938e-04
3.959000000000000341e+01,-1.306526271198336364e-01,-4.015740466384297158e-01,-2.143681049346923828e-04,-3.294050693511962891e-04
3.960000000000000142e+01,-1.268941150539837359e-01,-3.910903164528098941e-01,-2.143681049346923828e-04,-3.294050693511962891e-04
3.960999999999999943e+01,-1.232745009529778862e-01,-3.800877978314085581e-01,-2.143681049346923828e-04,-3.294050693511962891e-04
3.961999999999999744e+01,-1.197940354877279484e-01,-3.685765317034467303e-01,-2.144277095794677734e-04,-3.294348716735839844e-04
3.963000000000000256e+01,-1.164521103060746493e-01,-3.565678782917238165e-01,-2.144277095794677734e-04,-3.294348716735839844e-04
3.964000000000000057e+01,-1.132471981941971934e-01,-3.440745752662469625e-01,-2.144277095794677734e-04,-3.294348716735839844e-04
3.964999999999999858e+01,-1.101767965262099580e-01,-3.311107921877443072e-01,-2.145171165466308594e-04,-3.294646739959716797e-04
3.966000000000000369e+01,-1.072373719218428501e-01,-3.176921840318513990e-01,-2.145171165466308594e-04,-3.294944763183593750e-04
3.967000000000000171e+01,-1.044243121453864442e-01,-3.038359362713971557e-01,-2.145171165466308594e-04,-3.294944763183593750e-04
3.967999999999999972e+01,-1.017318827129388009e-01,-2.895608050185382032e-01,-2.145171165466308594e-04,-3.294944763183593750e-04
3.968999999999999773e+01,-9.915319515691602137e-02,-2.748871432903693401e-01,-2.144575119018554688e-04,-3.295540809631347656e-04
3.970000000000000284e+01,-9.668018444365210351e-02,-2.598369170432355824e-01,-2.144575119018554688e-04,-3.295838832855224609e-04
3.971000000000000085e+01,-9.430360215104666155e-02,-2.444337021624634065e-01,-2.145171165466308594e-04,-3.295540809631347656e-04
3.971999999999999886e+01,-9.201302399242725083e-02,-2.287026648731231571e-01,-2.145767211914062500e-04,-3.295838832855224609e-04
3.973000000000000398e+01,-8.979687591148310943e-02,-2.126705194798828580e-01,-2.145469188690185547e-04,-3.296136856079101562e-04
3.974000000000000199e+01,-8.764247948463715909e-02,-1.963654630515094812e-01,-2.145767211914062500e-04,-3.295838832855224609e-04
3.975000000000000000e+01,-8.553611621261864029e-02,-1.798170874863696533e-01,-2.145767211914062500e-04,-3.296434879302978516e-04
3.975999999999999801e+01,-8.346311435093205222e-02,-1.630562638548813115e-01,-2.145767211914062500e-04,-3.296732902526855469e-04
3.977000000000000313e+01,-8.140795607478984452e-02,-1.461150020636808322e-01,-2.145767211914062500e-04,-3.296732902526855469e-04
3.978000000000000114e+01,-7.935440134504032073e-02,-1.290262903485779045e-01,-2.145767211914062500e-04,-3.296732902526855469e-04
3.978999999999999915e+01,-7.728563211292169277e-02,-1.118239097635040091e-01,-2.146065235137939453e-04,-3.297328948974609375e-04
3.980000000000000426e+01,-7.518440984517861525e-02,-9.454223250667792566e-02,-2.146363258361816406e-04,-3.297328948974609375e-04
3.981000000000000227e+01,-7.303324349622324074e-02,-7.721600761913237354e-02,-2.146363258361816406e-04,-3.297328948974609375e-04
3.982000000000000028e+01,-7.081456611932261669e-02,-5.988013623048375755e-02,-2.146363258361816406e-04,-3.297626972198486328e-04
3.982999999999999829e+01,-6.851091305303660950e-02,-4.256944517215458662e-02,-2.146363258361816406e-04,-3.297626972198486328e-04
3.984000000000000341e+01,-6.610509975294114049e-02,-2.531846127099544874e-02,-2.146363258361816406e-04,-3.297626972198486328e-04
3.985000000000000142e+01,-6.358039262033741978e-02,-8.161194598724205718e-03,-2.146363258361816406e-04,-3.297626972198486328e-04
3.985999999999999943e+01,-6.092067082074839601e-02,8.869067001131721029e-03,-2.146363258361816406e-04,-3.297924995422363281e-04
3.986999999999999744e+01,-5.811057424441196106e-02,2.573994608059651523e-02,-2.146363258361816406e-04,-3.297626972198486328e-04
3.988000000000000256e+01,-5.513563522570021774e-02,4.242014372683335088e-02,-2.147257328033447266e-04,-3.298223018646240234e-04
3.989000000000000057e+01,-5.198239254388032499e-02,5.887958598279866007e-02,-2.147257328033447266e-04,-3.298521041870117188e-04
3.989999999999999858e+01,-4.863848470816466152e-02,7.508954498284607648e-02,-2.147853374481201172e-04,-3.298521041870117188e-04
3.991000000000000369e+01,-4.509272500988124183e-02,9.102273821471104642e-02,-2.147853374481201172e-04,-3.299117088317871094e-04
3.992000000000000171e+01,-4.133515504548988112e-02,1.066534018821301139e-01,-2.147853374481201172e-04,-3.299415111541748047e-04
3.992999999999999972e+01,-3.735708043104195297e-02,1.219573433440077070e-01,-2.148747444152832031e-04,-3.299713134765625000e-04
3.993999999999999773e+01,-3.315108932329696723e-02,1.369119734671697952e-01,-2.148747444152832031e-04,-3.299713134765625000e-04
3.995000000000000284e+01,-2.871105407228047648e-02,1.514963195228672677e-01,-2.148747444152832031e-04,-3.300011157989501953e-04
3.996000000000000085e+01,-2.403212076027891678e-02,1.656910245916026481e-01,-2.148747444152832031e-04,-3.300011157989501953e-04
3.996999999999999886e+01,-1.911068614894257528e-02,1.794783329503208680e-01,-2.149045467376708984e-04,-3.300309181213378906e-04
3.998000000000000398e+01,-1.394436581190217073e-02,1.928420662045878253e-01,-2.148747444152832031e-04,-3.300011157989501953e-04
3.999000000000000199e+01,-8.531955156172488924e-03,2.057675920654083168e-01,-2.148151397705078125e-04,-3.300011157989501953e-04
4.000000000000000000e+01,-2.873384884668492636e-03,2.182417877781418492e-01,-2.148151397705078125e-04,-3.300905227661132812e-04
4.000999999999999801e+01,3.030326400686157717e-03,2.302530015223882287e-01,-2.148747444152832031e-04,-3.300905227661132812e-04
4.002000000000000313e+01,9.177121663394363638e-03,2.417910119167262784e-01,-2.149343490600585938e-04,-3.300905227661132812e-04
4.003000000000000114e+01,1.556395581142241795e-02,2.528469880217936172e-01,-2.149045467376708984e-04,-3.300905227661132812e-04
4.003999999999999915e+01,2.218684358963775305e-02,2.634134522202769002e-01,-2.149045467376708984e-04,-3.300905227661132812e-04
4.005000000000000426e+01,2.904090958464439209e-02,2.734842421551196834e-01,-2.149045467376708984e-04,-3.301501274108886719e-04
4.006000000000000227e+01,3.612042929058474627e-02,2.830544823405457544e-01,-2.149343490600585938e-04,-3.301501274108886719e-04
4.007000000000000028e+01,4.341887289092057067e-02,2.921205534926183400e-01,-2.149641513824462891e-04,-3.302097320556640625e-04
4.007999999999999829e+01,5.092894476611354443e-02,3.006800665601371825e-01,-2.149045467376708984e-04,-3.301799297332763672e-04
4.009000000000000341e+01,5.864261617333343252e-02,3.087318438965889200e-01,-2.149045467376708984e-04,-3.302097320556640625e-04
4.010000000000000142e+01,6.655115687864715524e-02,3.162759013917942896e-01,-2.149641513824462891e-04,-3.302097320556640625e-04
4.010999999999999943e+01,7.464516275774807363e-02,3.233134340286810127e-01,-2.149641513824462891e-04,-3.302693367004394531e-04
4.011999999999999744e+01,8.291457896996866361e-02,3.298468055599283466e-01,-2.149939537048339844e-04,-3.302991390228271484e-04
4.013000000000000256e+01,9.134872028481556827e-02,3.358795401212908427e-01,-2.150833606719970703e-04,-3.303289413452148438e-04
4.014000000000000057e+01,9.993628868169218693e-02,3.414163150352641507e-01,-2.151429653167724609e-04,-3.303289413452148438e-04
4.014999999999999858e+01,1.086653881924049131e-01,3.464629552083640651e-01,-2.151429653167724609e-04,-3.303289413452148438e-04
4.016000000000000369e+01,1.175235377274437137e-01,3.510264277226512464e-01,-2.151429653167724609e-04,-3.303587436676025391e-04
4.017000000000000171e+01,1.264976830127388929e-01,3.551148350247341212e-01,-2.150833606719970703e-04,-3.303587436676025391e-04
4.017999999999999972e+01,1.355742068382281285e-01,3.587374080713427449e-01,-2.151429653167724609e-04,-3.303885459899902344e-04
4.018999999999999773e+01,1.447389414715065104e-01,3.619044935189792978e-01,-2.151429653167724609e-04,-3.303885459899902344e-04
4.020000000000000284e+01,1.539771796689072825e-01,3.646275408165166598e-01,-2.151429653167724609e-04,-3.304481506347656250e-04
4.021000000000000085e+01,1.632736886810795263e-01,3.669190827151266876e-01,-2.151429653167724609e-04,-3.304481506347656250e-04
4.021999999999999886e+01,1.726127263423109792e-01,3.687927103322107270e-01,-2.151429653167724609e-04,-3.304481506347656250e-04
4.023000000000000398e+01,1.819780603179041445e-01,3.702630419817920515e-01,-2.151429653167724609e-04,-3.304779529571533203e-04
4.024000000000000199e+01,1.913529916168846545e-01,3.713456841493311678e-01,-2.151429653167724609e-04,-3.305077552795410156e-04
4.025000000000000000e+01,2.007203826831525095e-01,3.720571843939436962e-01,-2.151429653167724609e-04,-3.305077552795410156e-04
4.025999999999999801e+01,2.100626903840488169e-01,3.724149760853521229e-01,-2.152919769287109375e-04,-3.305375576019287109e-04
4.027000000000000313e+01,2.193620052142357391e-01,3.724373132074719761e-01,-2.152323722839355469e-04,-3.305375576019287109e-04
4.028000000000000114e+01,2.286000955167099558e-01,3.721431974955463629e-01,-2.152323722839355469e-04,-3.305375576019287109e-04
4.028999999999999915e+01,2.377584588732032100e-01,3.715522947742588844e-01,-2.152919769287109375e-04,-3.305375576019287109e-04
4.030000000000000426e+01,2.468183777116723099e-01,3.706848453361715756e-01,-2.153515815734863281e-04,-3.305673599243164062e-04
4.031000000000000227e+01,2.557609824133450505e-01,3.695615636707330065e-01,-2.152919769287109375e-04,-3.305673599243164062e-04
4.032000000000000028e+01,2.645673171043239069e-01,3.682035348647129114e-01,-2.152919769287109375e-04,-3.306269645690917969e-04
4.032999999999999829e+01,2.732184121696598633e-01,3.666321020734551461e-01,-2.153515815734863281e-04,-3.306567668914794922e-04
4.034000000000000341e+01,2.816953574747941280e-01,3.648687538114857021e-01,-2.152919769287109375e-04,-3.306269645690917969e-04
4.035000000000000142e+01,2.899793803888862098e-01,3.629350055656186402e-01,-2.153515815734863281e-04,-3.306567668914794922e-04
4.035999999999999943e+01,2.980519226397815857e-01,3.608522841485151678e-01,-2.153515815734863281e-04,-3.306567668914794922e-04
4.036999999999999744e+01,3.058947189329258021e-01,3.586418110086216360e-01,-2.153515815734863281e-04,-3.307163715362548828e-04
4.038000000000000256e+01,3.134898727680414665e-01,3.563244908067952910e-01,-2.154111862182617188e-04,-3.307163715362548828e-04
4.039000000000000057e+01,3.208199308366494473e-01,3.539208035393656138e-01,-2.154707908630371094e-04,-3.307163715362548828e-04
4.039999999999999858e+01,3.278679529898738676e-01,3.514507043788585583e-01,-2.154707908630371094e-04,-3.307163715362548828e-04
4.041000000000000369e+01,3.346175783587094221e-01,3.489335303608364636e-01,-2.155303955078125000e-04,-3.307163715362548828e-04
4.042000000000000171e+01,3.410530853995562550e-01,3.463879171548402969e-01,-2.154707908630371094e-04,-3.307163715362548828e-04
4.042999999999999972e+01,3.471594470820022482e-01,3.438317237926250547e-01,-2.156198024749755859e-04,-3.308057785034179688e-04
4.043999999999999773e+01,3.529223779285889373e-01,3.412819704641209539e-01,-2.156198024749755859e-04,-3.308057785034179688e-04
4.045000000000000284e+01,3.583283764299807772e-01,3.387547835143224773e-01,-2.156198024749755859e-04,-3.308355808258056641e-04
4.046000000000000085e+01,3.633647606708229061e-01,3.362653507949249776e-01,-2.156198024749755859e-04,-3.308355808258056641e-04
4.046999999999999886e+01,3.680196962204357880e-01,3.338278889779849878e-01,-2.156198024749755859e-04,-3.308355808258056641e-04
4.048000000000000398e+01,3.722822203706588895e-01,3.314556167614509663e-01,-2.156496047973632812e-04,-3.308355808258056641e-04
4.049000000000000199e+01,3.761422590186098147e-01,3.291607381549693234e-01,-2.157092094421386719e-04,-3.308355808258056641e-04
4.050000000000000000e+01,3.795906380804341396e-01,3.269544335969874482e-01,-2.157092094421386719e-04,-3.308951854705810547e-04
4.050999999999999801e+01,3.826190937913533374e-01,3.248468531997299458e-01,-2.157092094421386719e-04,-3.309249877929687500e-04
4.052000000000000313e+01,3.852202785899734860e-01,3.228471156600974945e-01,-2.157092094421386719e-04,-3.309249877929687500e-04
4.053000000000000114e+01,3.873877605967731008e-01,3.209633155099028690e-01,-2.157092094421386719e-04,-3.309249877929687500e-04
4.053999999999999915e+01,3.891160245558588637e-01,3.192025280539708687e-01,-2.157092094421386719e-04,-3.309845924377441406e-04
4.055000000000000426e+01,3.904004728515142464e-01,3.175708134389926274e-01,-2.157092094421386719e-04,-3.309845924377441406e-04
4.056000000000000227e+01,3.912374218604487419e-01,3.160732263580591783e-01,-2.157986164093017578e-04,-3.310441970825195312e-04
4.057000000000000028e+01,3.916240983915475482e-01,3.147138247751191109e-01,-2.157986164093017578e-04,-3.310441970825195312e-04
4.057999999999999829e+01,3.915586393862168224e-01,3.134956729574475687e-01,-2.157986164093017578e-04,-3.310739994049072266e-04
4.059000000000000341e+01,3.910400905613989342e-01,3.124208449263402576e-01,-2.157986164093017578e-04,-3.310441970825195312e-04
4.060000000000000142e+01,3.900684039560342042e-01,3.114904283556350073e-01,-2.157986164093017578e-04,-3.310739994049072266e-04
4.060999999999999943e+01,3.886444385924717748e-01,3.107045228900219280e-01,-2.157092094421386719e-04,-3.310739994049072266e-04
4.061999999999999744e+01,3.867699625738860725e-01,3.100622353079397486e-01,-2.157986164093017578e-04,-3.311038017272949219e-04
4.063000000000000256e+01,3.844476544235262971e-01,3.095616746465773006e-01,-2.157986164093017578e-04,-3.311634063720703125e-04
4.064000000000000057e+01,3.816811055443073419e-01,3.091999446865755230e-01,-2.158582210540771484e-04,-3.311634063720703125e-04
4.064999999999999858e+01,3.784748243814722857e-01,3.089731330380239283e-01,-2.158582210540771484e-04,-3.311932086944580078e-04
4.066000000000000369e+01,3.748342401128497148e-01,3.088763000052282548e-01,-2.158582210540771484e-04,-3.311634063720703125e-04
4.067000000000000171e+01,3.707657054783147221e-01,3.089034678853490035e-01,-2.159476280212402344e-04,-3.311634063720703125e-04
4.067999999999999972e+01,3.662764995702468274e-01,3.090476096770451431e-01,-2.158582210540771484e-04,-3.311932086944580078e-04
4.068999999999999773e+01,3.613748292769847215e-01,3.093006391835055324e-01,-2.158582210540771484e-04,-3.311932086944580078e-04
4.070000000000000284e+01,3.560698281644774088e-01,3.096534044056408752e-01,-2.160072326660156250e-04,-3.312230110168457031e-04
4.071000000000000085e+01,3.503715528343153141e-01,3.100956843339495728e-01,-2.160668373107910156e-04,-3.312528133392333984e-04
4.071999999999999886e+01,3.442909757594841968e-01,3.106161907385237564e-01,-2.160072326660156250e-04,-3.312528133392333984e-04
4.073000000000000398e+01,3.378399738133671670e-01,3.112025762552927399e-01,-2.160668373107910156e-04,-3.312528133392333984e-04
4.074000000000000199e+01,3.310313118868752902e-01,3.118414498184478023e-01,-2.161860466003417969e-04,-3.312826156616210938e-04
4.075000000000000000e+01,3.238786209037650687e-01,3.125184005880401461e-01,-2.161264419555664062e-04,-3.313422203063964844e-04
4.075999999999999801e+01,3.163963698051875384e-01,3.132180311689690133e-01,-2.161264419555664062e-04,-3.313422203063964844e-04
4.077000000000000313e+01,3.085998307288588260e-01,3.139240014549198321e-01,-2.161264419555664062e-04,-3.313422203063964844e-04
4.078000000000000114e+01,3.005050377235282677e-01,3.146190826194413259e-01,-2.161264419555664062e-04,-3.313422203063964844e-04
4.078999999999999915e+01,2.921287383635168267e-01,3.152852224286193383e-01,-2.160668373107910156e-04,-3.313720226287841797e-04
4.080000000000000426e+01,2.834883386952714024e-01,3.159036213442784624e-01,-2.160668373107910156e-04,-3.314316272735595703e-04
4.081000000000000227e+01,2.746018418736836941e-01,3.164548189026818448e-01,-2.160668373107910156e-04,-3.314018249511718750e-04
4.082000000000000028e+01,2.654877807476889173e-01,3.169187901496031134e-01,-2.160668373107910156e-04,-3.314018249511718750e-04
4.082999999999999829e+01,2.561651455494679541e-01,3.172750504922877690e-01,-2.161860466003417969e-04,-3.314614295959472656e-04
4.084000000000000341e+01,2.466533073129270337e-01,3.175027679630528787e-01,-2.161860466003417969e-04,-3.314614295959472656e-04
4.085000000000000142e+01,2.369719382730092472e-01,3.175808812433849604e-01,-2.161264419555664062e-04,-3.315210342407226562e-04
4.085999999999999943e+01,2.271409303985853223e-01,3.174882213809118725e-01,-2.161562442779541016e-04,-3.315210342407226562e-04
4.086999999999999744e+01,2.171803131168282830e-01,3.172036359713304443e-01,-2.161264419555664062e-04,-3.315508365631103516e-04
4.088000000000000256e+01,2.071101717349203564e-01,3.167061131652856298e-01,-2.161562442779541016e-04,-3.315508365631103516e-04
4.089000000000000057e+01,1.969505677706208657e-01,3.159749036774243680e-01,-2.161264419555664062e-04,-3.316104412078857422e-04
4.089999999999999858e+01,1.867214620830990601e-01,3.149896393630498004e-01,-2.161562442779541016e-04,-3.316104412078857422e-04
4.091000000000000369e+01,1.764426419981910965e-01,3.137304462742524502e-01,-2.162158489227294922e-04,-3.316402435302734375e-04
4.092000000000000171e+01,1.661336530488681240e-01,3.121780511273579140e-01,-2.162158489227294922e-04,-3.316104412078857422e-04
4.092999999999999972e+01,1.558137362663793712e-01,3.103138795487591639e-01,-2.162158489227294922e-04,-3.316998481750488281e-04
4.093999999999999773e+01,1.455017708749751226e-01,3.081201459690247613e-01,-2.162158489227294922e-04,-3.317296504974365234e-04
4.095000000000000284e+01,1.352162231730385245e-01,3.055799338344819538e-01,-2.163648605346679688e-04,-3.317296504974365234e-04
4.096000000000000085e+01,1.249751013118371168e-01,3.026772661987138791e-01,-2.163052558898925781e-04,-3.317296504974365234e-04
4.096999999999999886e+01,1.147959154589920927e-01,2.993971672003754581e-01,-2.163052558898925781e-04,-3.317296504974365234e-04
4.098000000000000398e+01,1.046956437164121845e-01,2.957257136331996050e-01,-2.163648605346679688e-04,-3.317594528198242188e-04
4.099000000000000199e+01,9.469070257213235697e-02,2.916500781082202454e-01,-2.163648605346679688e-04,-3.317594528198242188e-04
4.100000000000000000e+01,8.479692140555304680e-02,2.871585643703071788e-01,-2.163648605346679688e-04,-3.317892551422119141e-04
4.100999999999999801e+01,7.502952091069807483e-02,2.822406346780720887e-01,-2.163350582122802734e-04,-3.317892551422119141e-04
4.102000000000000313e+01,6.540309376341305048e-02,2.768869316266638347e-01,-2.165138721466064453e-04,-3.318190574645996094e-04
4.103000000000000114e+01,5.593158752927714084e-02,2.710892942501471614e-01,-2.165138721466064453e-04,-3.318786621093750000e-04
4.103999999999999915e+01,4.662828858228666024e-02,2.648407701477242249e-01,-2.165138721466064453e-04,-3.319084644317626953e-04
4.105000000000000426e+01,3.750580643870831538e-02,2.581356244622691753e-01,-2.165734767913818359e-04,-3.318786621093750000e-04
4.106000000000000227e+01,2.857605817261597153e-02,2.509693462057702162e-01,-2.165734767913818359e-04,-3.319084644317626953e-04
4.107000000000000028e+01,1.985025120799027709e-02,2.433386544575932842e-01,-2.165734767913818359e-04,-3.319382667541503906e-04
4.107999999999999829e+01,1.133886544783168672e-02,2.352415031675073598e-01,-2.165734767913818359e-04,-3.319382667541503906e-04
4.109000000000000341e+01,3.051632874552710935e-03,2.266770873399777675e-01,-2.165734767913818359e-04,-3.319680690765380859e-04
4.110000000000000142e+01,-5.002485048118752130e-03,2.176458505078381900e-01,-2.165138721466064453e-04,-3.319680690765380859e-04
4.110999999999999943e+01,-1.281532206059688914e-02,2.081494931483620636e-01,-2.165734767913818359e-04,-3.320574760437011719e-04
4.111999999999999744e+01,-2.037953527994008918e-02,1.981909848927121409e-01,-2.165734767913818359e-04,-3.320574760437011719e-04
4.113000000000000256e+01,-2.768863536145169113e-02,1.877745781629584498e-01,-2.165734767913818359e-04,-3.320574760437011719e-04
4.114000000000000057e+01,-3.473701973543767002e-02,1.769058252386017105e-01,-2.165734767913818359e-04,-3.320872783660888672e-04
4.114999999999999858e+01,-4.152000790453969081e-02,1.655915981686363336e-01,-2.165734767913818359e-04,-3.320872783660888672e-04
4.116000000000000369e+01,-4.803387873829908367e-02,1.538401108049134991e-01,-2.165734767913818359e-04,-3.321170806884765625e-04
4.117000000000000171e+01,-5.427590913927773930e-02,1.416609435262965178e-01,-2.166628837585449219e-04,-3.321170806884765625e-04
4.117999999999999972e+01,-6.024441290260332954e-02,1.290650686351345888e-01,-2.166628837585449219e-04,-3.321766853332519531e-04
4.118999999999999773e+01,-6.593877947085605151e-02,1.160648772189883104e-01,-2.166628837585449219e-04,-3.321766853332519531e-04
4.120000000000000284e+01,-7.135951054110666048e-02,1.026742036137915232e-01,-2.166628837585449219e-04,-3.321766853332519531e-04
4.121000000000000085e+01,-7.650825457123235085e-02,8.890834972122865776e-02,-2.165734767913818359e-04,-3.321766853332519531e-04
4.121999999999999886e+01,-8.138783575029943929e-02,7.478410316209214981e-02,-2.165734767913818359e-04,-3.322362899780273438e-04
4.123000000000000398e+01,-8.600227815114051821e-02,6.031975186087379370e-02,-2.166926860809326172e-04,-3.321766853332519531e-04
4.124000000000000199e+01,-9.035682047122040039e-02,4.553508804095722506e-02,-2.166926860809326172e-04,-3.322362899780273438e-04
4.125000000000000000e+01,-9.445792262248942084e-02,3.045140423032593330e-02,-2.166926860809326172e-04,-3.322362899780273438e-04
4.125999999999999801e+01,-9.831325979008252725e-02,1.509147508098412221e-02,-2.166628837585449219e-04,-3.322362899780273438e-04
4.127000000000000313e+01,-1.019317040015061959e-01,-5.204746989468508542e-04,-2.167224884033203125e-04,-3.322660923004150391e-04
4.128000000000000114e+01,-1.053232904987564389e-01,-1.635881986625460291e-02,-2.167224884033203125e-04,-3.322958946228027344e-04
4.128999999999999915e+01,-1.084991690462988739e-01,-3.239660185049653834e-02,-2.166926860809326172e-04,-3.323256969451904297e-04
4.130000000000000426e+01,-1.114715374159249150e-01,-4.860561687585108342e-02,-2.167522907257080078e-04,-3.323554992675781250e-04
4.131000000000000227e+01,-1.142535596729901543e-01,-6.495652252713531027e-02,-2.167820930480957031e-04,-3.323256969451904297e-04
4.132000000000000028e+01,-1.168592654185981461e-01,-8.141896715431458376e-02,-2.167820930480957031e-04,-3.323256969451904297e-04
4.132999999999999829e+01,-1.193034361574207142e-01,-9.796173524416365574e-02,-2.167820930480957031e-04,-3.323256969451904297e-04
4.134000000000000341e+01,-1.216014746496186655e-01,-1.145529136451559765e-01,-2.168715000152587891e-04,-3.323256969451904297e-04
4.135000000000000142e+01,-1.237692644295570327e-01,-1.311600702307298416e-01,-2.169013023376464844e-04,-3.324151039123535156e-04
4.135999999999999943e+01,-1.258230192431507299e-01,-1.477504451990466205e-01,-2.169013023376464844e-04,-3.324449062347412109e-04
4.136999999999999744e+01,-1.277791260571416454e-01,-1.642911508005706900e-01,-2.169013023376464844e-04,-3.324449062347412109e-04
4.138000000000000256e+01,-1.296539874776618528e-01,-1.807493720326538711e-01,-2.169013023376464844e-04,-3.324747085571289062e-04
4.139000000000000057e+01,-1.314638626749384809e-01,-1.970925698569868378e-01,-2.169013023376464844e-04,-3.324747085571289062e-04
4.139999999999999858e+01,-1.332247173542769059e-01,-2.132886732796979434e-01,-2.169013023376464844e-04,-3.324747085571289062e-04
4.141000000000000369e+01,-1.349520771821089149e-01,-2.293062679948462690e-01,-2.169013023376464844e-04,-3.325045108795166016e-04
4.142000000000000171e+01,-1.366608973747183431e-01,-2.451147650818856494e-01,-2.170503139495849609e-04,-3.325343132019042969e-04
4.142999999999999972e+01,-1.383654433275251505e-01,-2.606845566080723819e-01,-2.169609069824218750e-04,-3.325343132019042969e-04
4.143999999999999773e+01,-1.400791890111598437e-01,-2.759871495227567140e-01,-2.169609069824218750e-04,-3.325343132019042969e-04
4.145000000000000284e+01,-1.418147318968772386e-01,-2.909952795100675949e-01,-2.170503139495849609e-04,-3.325343132019042969e-04
4.146000000000000085e+01,-1.435837261101633178e-01,-3.056830026584169691e-01,-2.170503139495849609e-04,-3.325343132019042969e-04
4.146999999999999886e+01,-1.453968333762896692e-01,-3.200257655268797796e-01,-2.170503139495849609e-04,-3.326237201690673828e-04
4.148000000000000398e+01,-1.472636918100608816e-01,-3.340004535703904320e-01,-2.171099185943603516e-04,-3.326237201690673828e-04
4.149000000000000199e+01,-1.491929000057958254e-01,-3.475854210937622812e-01,-2.171099185943603516e-04,-3.326237201690673828e-04
4.150000000000000000e+01,-1.511920168476739990e-01,-3.607605022271917483e-01,-2.171993255615234375e-04,-3.326535224914550781e-04
4.150999999999999801e+01,-1.532675741769668754e-01,-3.735070064883942442e-01,-2.171099185943603516e-04,-3.326535224914550781e-04
4.152000000000000313e+01,-1.554251006932365065e-01,-3.858077009325451834e-01,-2.171397209167480469e-04,-3.326535224914550781e-04
4.153000000000000114e+01,-1.576691553604316343e-01,-3.976467809772927797e-01,-2.171397209167480469e-04,-3.327131271362304688e-04
4.153999999999999915e+01,-1.600033682359682796e-01,-4.090098324699474319e-01,-2.171397209167480469e-04,-3.326833248138427734e-04
4.155000000000000426e+01,-1.624304869189786837e-01,-4.198837871430523006e-01,-2.171397209167480469e-04,-3.327131271362304688e-04
4.156000000000000227e+01,-1.649524269725262671e-01,-4.302568734105002290e-01,-2.171397209167480469e-04,-3.327727317810058594e-04
4.157000000000000028e+01,-1.675703247160207354e-01,-4.401185644038078659e-01,-2.171397209167480469e-04,-3.327131271362304688e-04
4.157999999999999829e+01,-1.702845909414317238e-01,-4.494595249287417493e-01,-2.171397209167480469e-04,-3.327727317810058594e-04
4.159000000000000341e+01,-1.730949646092697081e-01,-4.582715583398758730e-01,-2.171397209167480469e-04,-3.328323364257812500e-04
4.160000000000000142e+01,-1.760005653343875154e-01,-4.665475547653756272e-01,-2.172291278839111328e-04,-3.328323364257812500e-04
4.160999999999999943e+01,-1.789999435833095620e-01,-4.742814418283768929e-01,-2.171993255615234375e-04,-3.328323364257812500e-04
4.161999999999999744e+01,-1.820911286343529778e-01,-4.814681376738227381e-01,-2.171993255615234375e-04,-3.328323364257812500e-04
4.163000000000000256e+01,-1.852716726734043307e-01,-4.881035082314266749e-01,-2.172589302062988281e-04,-3.328621387481689453e-04
4.164000000000000057e+01,-1.885386917816727903e-01,-4.941843276195126422e-01,-2.172589302062988281e-04,-3.328919410705566406e-04
4.164999999999999858e+01,-1.918889026320855506e-01,-4.997082430870328773e-01,-2.172589302062988281e-04,-3.329515457153320312e-04
4.166000000000000369e+01,-1.953186549985763409e-01,-5.046737442287207998e-01,-2.172291278839111328e-04,-3.329515457153320312e-04
4.167000000000000171e+01,-1.988239602839831921e-01,-5.090801361859300656e-01,-2.172887325286865234e-04,-3.329813480377197266e-04
4.167999999999999972e+01,-2.024005152915493988e-01,-5.129275176612707599e-01,-2.172887325286865234e-04,-3.329813480377197266e-04
4.168999999999999773e+01,-2.060437220272548220e-01,-5.162167627788672997e-01,-2.172291278839111328e-04,-3.329813480377197266e-04
4.170000000000000284e+01,-2.097487031270837687e-01,-5.189495072172323198e-01,-2.172291278839111328e-04,-3.329813480377197266e-04
4.171000000000000085e+01,-2.135103127968343562e-01,-5.211281386419812645e-01,-2.173781394958496094e-04,-3.330111503601074219e-04
4.171999999999999886e+01,-2.173231445876929457e-01,-5.227557900368343669e-01,-2.172887325286865234e-04,-3.330409526824951172e-04
4.173000000000000398e+01,-2.211815345915696673e-01,-5.238363373224752539e-01,-2.172291278839111328e-04,-3.330409526824951172e-04
4.174000000000000199e+01,-2.250795615876043654e-01,-5.243743997087925157e-01,-2.172887325286865234e-04,-3.330707550048828125e-04
4.175000000000000000e+01,-2.290110435147977297e-01,-5.243753432817613858e-01,-2.172887325286865234e-04,-3.330707550048828125e-04
4.175999999999999801e+01,-2.329695315736930172e-01,-5.238452865109913814e-01,-2.172887325286865234e-04,-3.330707550048828125e-04
4.177000000000000313e+01,-2.369483012044836245e-01,-5.227911083728120634e-01,-2.173781394958496094e-04,-3.331303596496582031e-04
4.178000000000000114e+01,-2.409403413717604026e-01,-5.212204576119138233e-01,-2.173781394958496094e-04,-3.331601619720458984e-04
4.178999999999999915e+01,-2.449383416890100196e-01,-5.191417635356457838e-01,-2.173781394958496094e-04,-3.331303596496582031e-04
4.180000000000000426e+01,-2.489346789305966201e-01,-5.165642466733768590e-01,-2.173781394958496094e-04,-3.331303596496582031e-04
4.181000000000000227e+01,-2.529214023115376464e-01,-5.134979299546068576e-01,-2.173781394958496094e-04,-3.331303596496582031e-04
4.182000000000000028e+01,-2.568902193111198273e-01,-5.099536484206345088e-01,-2.172887325286865234e-04,-3.331601619720458984e-04
4.182999999999999829e+01,-2.608324815383181172e-01,-5.059430580141163203e-01,-2.174079418182373047e-04,-3.331899642944335938e-04
4.184000000000000341e+01,-2.647391724789710521e-01,-5.014786413491373329e-01,-2.174675464630126953e-04,-3.332197666168212891e-04
4.185000000000000142e+01,-2.686008967021968341e-01,-4.965737109623726275e-01,-2.174675464630126953e-04,-3.332495689392089844e-04
4.185999999999999943e+01,-2.724078722298886035e-01,-4.912424080856430675e-01,-2.174973487854003906e-04,-3.332495689392089844e-04
4.186999999999999744e+01,-2.761499261997545362e-01,-4.854996968020299786e-01,-2.174377441406250000e-04,-3.332495689392089844e-04
4.188000000000000256e+01,-2.798164944002333732e-01,-4.793613529378084603e-01,-2.174973487854003906e-04,-3.332495689392089844e-04
4.189000000000000057e+01,-2.833966261514326845e-01,-4.728439460296894326e-01,-2.174973487854003906e-04,-3.333687782287597656e-04
4.189999999999999858e+01,-2.868789940455353515e-01,-4.659648149363808112e-01,-2.176463603973388672e-04,-3.333985805511474609e-04
4.191000000000000369e+01,-2.902519102700613085e-01,-4.587420352110668231e-01,-2.176463603973388672e-04,-3.334283828735351562e-04
4.192000000000000171e+01,-2.935033486129114411e-01,-4.511943792853349011e-01,-2.176463603973388672e-04,-3.333687782287597656e-04
4.192999999999999972e+01,-2.966209734036726609e-01,-4.433412681109873410e-01,-2.176463603973388672e-04,-3.333985805511474609e-04
4.193999999999999773e+01,-2.995921752116837422e-01,-4.352027146598857477e-01,-2.177357673645019531e-04,-3.333985805511474609e-04
4.195000000000000284e+01,-3.024041128019667735e-01,-4.267992598286835526e-01,-2.177357673645019531e-04,-3.334283828735351562e-04
4.196000000000000085e+01,-3.050437618595570055e-01,-4.181519003991240324e-01,-2.178549766540527344e-04,-3.334879875183105469e-04
4.196999999999999886e+01,-3.074979692338614123e-01,-4.092820107292290954e-01,-2.178549766540527344e-04,-3.334879875183105469e-04
4.198000000000000398e+01,-3.097535127234076757e-01,-4.002112580834973343e-01,-2.178549766540527344e-04,-3.334283828735351562e-04
4.199000000000000199e+01,-3.117971653589277636e-01,-3.909615132160558781e-01,-2.178549766540527344e-04,-3.334879875183105469e-04
4.200000000000000000e+01,-3.136157627351329191e-01,-3.815547580223584978e-01,-2.179145812988281250e-04,-3.334879875183105469e-04
4.200999999999999801e+01,-3.151962737056880903e-01,-3.720129898382329992e-01,-2.179145812988281250e-04,-3.335177898406982422e-04
4.202000000000000313e+01,-3.165258716674293482e-01,-3.623581261100797257e-01,-2.179145812988281250e-04,-3.335475921630859375e-04
4.203000000000000114e+01,-3.175920065524169278e-01,-3.526119090776316245e-01,-2.178549766540527344e-04,-3.335773944854736328e-04
4.203999999999999915e+01,-3.183824752074894682e-01,-3.427958136472661343e-01,-2.180039882659912109e-04,-3.335773944854736328e-04
4.205000000000000426e+01,-3.188854912312391043e-01,-3.329309566143353605e-01,-2.180039882659912109e-04,-3.335773944854736328e-04
4.206000000000000227e+01,-3.190897503388425704e-01,-3.230380127069540364e-01,-2.180039882659912109e-04,-3.335475921630859375e-04
4.207000000000000028e+01,-3.189844932024786806e-01,-3.131371343094832005e-01,-2.180039882659912109e-04,-3.335773944854736328e-04
4.207999999999999829e+01,-3.185595629881136093e-01,-3.032478786441628049e-01,-2.180933952331542969e-04,-3.336668014526367188e-04
4.209000000000000341e+01,-3.178054581849627525e-01,-2.933891412782007602e-01,-2.180933952331542969e-04,-3.336668014526367188e-04
4.210000000000000142e+01,-3.167133803838658723e-01,-2.835790962526444914e-01,-2.180337905883789062e-04,-3.336966037750244141e-04
4.210999999999999943e+01,-3.152752759311507891e-01,-2.738351440880162357e-01,-2.180337905883789062e-04,-3.336966037750244141e-04
4.211999999999999744e+01,-3.134838728459879986e-01,-2.641738655292019677e-01,-2.181231975555419922e-04,-3.337264060974121094e-04
4.213000000000000256e+01,-3.113327116978641951e-01,-2.546109826756263739e-01,-2.180337905883789062e-04,-3.336966037750244141e-04
4.214000000000000057e+01,-3.088161717357218450e-01,-2.451613255048785689e-01,-2.180337905883789062e-04,-3.337264060974121094e-04
4.214999999999999858e+01,-3.059294923250869269e-01,-2.358388036375537178e-01,-2.180337905883789062e-04,-3.337562084197998047e-04
4.216000000000000369e+01,-3.026687896239376174e-01,-2.266563831884452207e-01,-2.181231975555419922e-04,-3.337860107421875000e-04
4.217000000000000171e+01,-2.990310702673539822e-01,-2.176260663965216557e-01,-2.180337905883789062e-04,-3.337860107421875000e-04
4.217999999999999972e+01,-2.950142409203979632e-01,-2.087588752579732365e-01,-2.181231975555419922e-04,-3.337860107421875000e-04
4.218999999999999773e+01,-2.906171156686533918e-01,-2.000648367007592521e-01,-2.180337905883789062e-04,-3.337860107421875000e-04
4.220000000000000284e+01,-2.858394208208828169e-01,-1.915529696744697752e-01,-2.181231975555419922e-04,-3.338456153869628906e-04
4.221000000000000085e+01,-2.806817981408192275e-01,-1.832312728747291786e-01,-2.181231975555419922e-04,-3.338754177093505859e-04
4.221999999999999886e+01,-2.751458064764706890e-01,-1.751067132631092538e-01,-2.181231975555419922e-04,-3.338754177093505859e-04
4.223000000000000398e+01,-2.692339225882406928e-01,-1.671852141611552822e-01,-2.181529998779296875e-04,-3.338754177093505859e-04
4.224000000000000199e+01,-2.629495409561720121e-01,-1.594716436478229582e-01,-2.181828022003173828e-04,-3.338754177093505859e-04
4.225000000000000000e+01,-2.562969733121904792e-01,-1.519698020026890861e-01,-2.181828022003173828e-04,-3.339052200317382812e-04
4.225999999999999801e+01,-2.492814473996216029e-01,-1.446824094007361228e-01,-2.182722091674804688e-04,-3.339350223541259766e-04
4.227000000000000313e+01,-2.419091055008633917e-01,-1.376110930077971417e-01,-2.182722091674804688e-04,-3.339350223541259766e-04
4.228000000000000114e+01,-2.341870023476203544e-01,-1.307563743835292169e-01,-2.182722091674804688e-04,-3.339648246765136719e-04
4.228999999999999915e+01,-2.261231019793403518e-01,-1.241176579901380195e-01,-2.182722091674804688e-04,-3.339648246765136719e-04
4.230000000000000426e+01,-2.177262752144647207e-01,-1.176932183819064254e-01,-2.183318138122558594e-04,-3.340244293212890625e-04
4.231000000000000227e+01,-2.090062934345944812e-01,-1.114801930208271230e-01,-2.182722091674804688e-04,-3.340244293212890625e-04
4.232000000000000028e+01,-1.999738218642908294e-01,-1.054745758942862849e-01,-2.182722091674804688e-04,-3.340244293212890625e-04
4.232999999999999829e+01,-1.906404122656274180e-01,-9.967121212852857182e-02,-2.183318138122558594e-04,-3.340542316436767578e-04
4.234000000000000341e+01,-1.810184889575950085e-01,-9.406380314772427864e-02,-2.183318138122558594e-04,-3.340840339660644531e-04
4.235000000000000142e+01,-1.711213368351540698e-01,-8.864490949956845001e-02,-2.183318138122558594e-04,-3.340840339660644531e-04
4.235999999999999943e+01,-1.609630807288596199e-01,-8.340596710177951290e-02,-2.183318138122558594e-04,-3.341138362884521484e-04
4.236999999999999744e+01,-1.505586637024272367e-01,-7.833730629460526618e-02,-2.183318138122558594e-04,-3.340840339660644531e-04
4.238000000000000256e+01,-1.399238194536101820e-01,-7.342818040485850350e-02,-2.183318138122558594e-04,-3.342032432556152344e-04
4.239000000000000057e+01,-1.290750382018488462e-01,-6.866680466091405755e-02,-2.183616161346435547e-04,-3.341436386108398438e-04
4.239999999999999858e+01,-1.180295299429698075e-01,-6.404040109469705255e-02,-2.183616161346435547e-04,-3.341436386108398438e-04
4.241000000000000369e+01,-1.068051783253848308e-01,-5.953525754587502689e-02,-2.183616161346435547e-04,-3.342032432556152344e-04
4.242000000000000171e+01,-9.542049077976638705e-02,-5.513679382760489772e-02,-2.184510231018066406e-04,-3.342032432556152344e-04
4.242999999999999972e+01,-8.389454158218960511e-02,-5.082963936266856469e-02,-2.184510231018066406e-04,-3.342032432556152344e-04
4.243999999999999773e+01,-7.224690923276863574e-02,-4.659772028468311261e-02,-2.184510231018066406e-04,-3.342628479003906250e-04
4.245000000000000284e+01,-6.049760844505262108e-02,-4.242435548829821823e-02,-2.184510231018066406e-04,-3.342628479003906250e-04
4.246000000000000085e+01,-4.866701706997204196e-02,-3.829236104972163351e-02,-2.184510231018066406e-04,-3.343224525451660156e-04
4.246999999999999886e+01,-3.677579851133176703e-02,-3.418416211126459187e-02,-2.185106277465820312e-04,-3.343224525451660156e-04
4.248000000000000398e+01,-2.484482121248589651e-02,-3.008190959144773496e-02,-2.185106277465820312e-04,-3.343224525451660156e-04
4.249000000000000199e+01,-1.289507522630409242e-02,-2.596760172182395118e-02,-2.185702323913574219e-04,-3.343224525451660156e-04
4.250000000000000000e+01,-9.475876660319619560e-04,-2.182320747373462169e-02,-2.185702323913574219e-04,-3.344118595123291016e-04
4.250999999999999801e+01,1.097666241842592226e-02,-1.763079092707529189e-02,-2.186596393585205078e-04,-3.344416618347167969e-04
4.252000000000000313e+01,2.285682828830581242e-02,-1.337263423661517667e-02,-2.186596393585205078e-04,-3.344118595123291016e-04
4.253000000000000114e+01,3.467227773496046883e-02,-9.031357277051748136e-03,-2.186596393585205078e-04,-3.344416618347167969e-04
4.253999999999999915e+01,4.640267264253365026e-02,-4.590032916933446672e-03,-2.186596393585205078e-04,-3.344416618347167969e-04
4.255000000000000426e+01,5.802804460064850400e-02,-3.229578510303802996e-05,-2.187192440032958984e-04,-3.344416618347167969e-04
4.256000000000000227e+01,6.952886613939845972e-02,4.657556225482238112e-03,-2.188682556152343750e-04,-3.345608711242675781e-04
4.257000000000000028e+01,8.088611666510615861e-02,9.494469251867209553e-03,-2.188086509704589844e-04,-3.345012664794921875e-04
4.257999999999999829e+01,9.208134295641666467e-02,1.449254985985155494e-02,-2.188086509704589844e-04,-3.345608711242675781e-04
4.259000000000000341e+01,1.030967138948222228e-01,1.966499112010281977e-02,-2.188682556152343750e-04,-3.345608711242675781e-04
4.260000000000000142e+01,1.139150686350636765e-01,2.502400970717624101e-02,-2.188980579376220703e-04,-3.345608711242675781e-04
4.260999999999999943e+01,1.245199602907900438e-01,3.058079075059508614e-02,-2.188980579376220703e-04,-3.345906734466552734e-04
4.261999999999999744e+01,1.348956923451443135e-01,3.634544494746111409e-02,-2.188384532928466797e-04,-3.346204757690429688e-04
4.263000000000000256e+01,1.450273511300168017e-01,4.232697258792993134e-02,-2.188980579376220703e-04,-3.346204757690429688e-04
4.264000000000000057e+01,1.549008324186490759e-01,4.853323767469185090e-02,-2.188384532928466797e-04,-3.346502780914306641e-04
4.264999999999999858e+01,1.645028642475533098e-01,5.497094871113378939e-02,-2.188980579376220703e-04,-3.346800804138183594e-04
4.266000000000000369e+01,1.738210255711867824e-01,6.164564672493817732e-02,-2.190172672271728516e-04,-3.346502780914306641e-04
4.267000000000000171e+01,1.828437616101708796e-01,6.856169920067489709e-02,-2.190172672271728516e-04,-3.347396850585937500e-04
4.267999999999999972e+01,1.915603965560393751e-01,7.572229858656714940e-02,-2.190172672271728516e-04,-3.347992897033691406e-04
4.268999999999999773e+01,1.999611438270621488e-01,8.312946523247000119e-02,-2.190172672271728516e-04,-3.347992897033691406e-04
4.270000000000000284e+01,2.080371146538751159e-01,9.078405303273877347e-02,-2.190172672271728516e-04,-3.348290920257568359e-04
4.271000000000000085e+01,2.157803252419395745e-01,9.868575761998603368e-02,-2.190172672271728516e-04,-3.348290920257568359e-04
4.271999999999999886e+01,2.231837028331010997e-01,1.068331260374058289e-01,-2.190768718719482422e-04,-3.348588943481445312e-04
4.273000000000000398e+01,2.302410910622161300e-01,1.152235673953584810e-01,-2.191662788391113281e-04,-3.348290920257568359e-04
4.274000000000000199e+01,2.369472546792301404e-01,1.238533639669750080e-01,-2.191662788391113281e-04,-3.348588943481445312e-04
4.275000000000000000e+01,2.432978836216024843e-01,1.327176826472972748e-01,-2.190768718719482422e-04,-3.348588943481445312e-04
4.275999999999999801e+01,2.492895968359199188e-01,1.418105859069743180e-01,-2.192258834838867188e-04,-3.349184989929199219e-04
4.277000000000000313e+01,2.549199449701016196e-01,1.511250433491626854e-01,-2.192258834838867188e-04,-3.349184989929199219e-04
4.278000000000000114e+01,2.601874127720668617e-01,1.606529424162293496e-01,-2.192258834838867188e-04,-3.349781036376953125e-04
4.278999999999999915e+01,2.650914196649563626e-01,1.703851003524271546e-01,-2.192556858062744141e-04,-3.349184989929199219e-04
4.280000000000000426e+01,2.696323205266976109e-01,1.803112740958993654e-01,-2.192556858062744141e-04,-3.349483013153076172e-04
4.281000000000000227e+01,2.738114011804252956e-01,1.904201764772618932e-01,-2.192556858062744141e-04,-3.349781036376953125e-04
4.282000000000000028e+01,2.776308753421767861e-01,2.006994879041550106e-01,-2.192556858062744141e-04,-3.349781036376953125e-04
4.282999999999999829e+01,2.810938756845002828e-01,2.111358752385193716e-01,-2.193450927734375000e-04,-3.350079059600830078e-04
4.284000000000000341e+01,2.842044428579820758e-01,2.217150111502890764e-01,-2.192556858062744141e-04,-3.350377082824707031e-04
4.285000000000000142e+01,2.869675101547317642e-01,2.324215979693151635e-01,-2.192556858062744141e-04,-3.350377082824707031e-04
4.285999999999999943e+01,2.893888825509735585e-01,2.432393978505359156e-01,-2.193450927734375000e-04,-3.350973129272460938e-04
4.286999999999999744e+01,2.914752121898112613e-01,2.541512655067811322e-01,-2.194046974182128906e-04,-3.350377082824707031e-04
4.288000000000000256e+01,2.932339668475645866e-01,2.651391903821225249e-01,-2.193450927734375000e-04,-3.350973129272460938e-04
4.289000000000000057e+01,2.946733929125469609e-01,2.761843434622087146e-01,-2.194046974182128906e-04,-3.351271152496337891e-04
4.289999999999999858e+01,2.958024728854903307e-01,2.872671320998370081e-01,-2.193450927734375000e-04,-3.351271152496337891e-04
4.291000000000000369e+01,2.966308755711503653e-01,2.983672628539267846e-01,-2.194643020629882812e-04,-3.351271152496337891e-04
4.292000000000000171e+01,2.971689015187193306e-01,3.094638104425196379e-01,-2.194643020629882812e-04,-3.351569175720214844e-04
4.292999999999999972e+01,2.974274214849014775e-01,3.205352957528443958e-01,-2.194643020629882812e-04,-3.351569175720214844e-04
4.293999999999999773e+01,2.974178108057969339e-01,3.315597695847611881e-01,-2.194643020629882812e-04,-3.351867198944091797e-04
4.295000000000000284e+01,2.971518791296059447e-01,3.425149023092215472e-01,-2.195239067077636719e-04,-3.351867198944091797e-04
4.296000000000000085e+01,2.966417959083998412e-01,3.533780795908709749e-01,-2.194643020629882812e-04,-3.351867198944091797e-04
4.296999999999999886e+01,2.959000152998864097e-01,3.641264999135350178e-01,-2.195537090301513672e-04,-3.352761268615722656e-04
4.298000000000000398e+01,2.949391967018762384e-01,3.747372778904544122e-01,-2.195537090301513672e-04,-3.353357315063476562e-04
4.299000000000000199e+01,2.937721295636297469e-01,3.851875435637938105e-01,-2.194643020629882812e-04,-3.353655338287353516e-04
4.300000000000000000e+01,2.924116549244087926e-01,3.954545462528790134e-01,-2.195835113525390625e-04,-3.353357315063476562e-04
4.300999999999999801e+01,2.908705930737550127e-01,4.055157519163170576e-01,-2.195537090301513672e-04,-3.353357315063476562e-04
4.302000000000000313e+01,2.891616731716297739e-01,4.153489386384275339e-01,-2.195537090301513672e-04,-3.353655338287353516e-04
4.303000000000000114e+01,2.872974673075765484e-01,4.249322874898363578e-01,-2.195537090301513672e-04,-3.353655338287353516e-04
4.303999999999999915e+01,2.852903326232499315e-01,4.342444638043341798e-01,-2.196133136749267578e-04,-3.354847431182861328e-04
4.305000000000000426e+01,2.831523561244835285e-01,4.432646959130580044e-01,-2.195537090301513672e-04,-3.354549407958984375e-04
4.306000000000000227e+01,2.808953108961189660e-01,4.519728398373998313e-01,-2.195835113525390625e-04,-3.354847431182861328e-04
4.307000000000000028e+01,2.785306155352129109e-01,4.603494406659646154e-01,-2.194643020629882812e-04,-3.354847431182861328e-04
4.307999999999999829e+01,2.760693042057851265e-01,4.683757807302632026e-01,-2.196133136749267578e-04,-3.355145454406738281e-04
4.309000000000000341e+01,2.735220020637152416e-01,4.760339213949273396e-01,-2.196133136749267578e-04,-3.355145454406738281e-04
4.310000000000000142e+01,2.708989090333251970e-01,4.833067345889853761e-01,-2.196133136749267578e-04,-3.355443477630615234e-04
4.310999999999999943e+01,2.682097893861239424e-01,4.901779269150896012e-01,-2.196133136749267578e-04,-3.355443477630615234e-04
4.311999999999999744e+01,2.654639685802608895e-01,4.966320549703927001e-01,-2.197027206420898438e-04,-3.355443477630615234e-04
4.313000000000000256e+01,2.626703342336136338e-01,5.026545349835540577e-01,-2.196133136749267578e-04,-3.355443477630615234e-04
4.314000000000000057e+01,2.598373434875512755e-01,5.082316446336865301e-01,-2.196133136749267578e-04,-3.355741500854492188e-04
4.314999999999999858e+01,2.569730332159770869e-01,5.133505207566629869e-01,-2.195835113525390625e-04,-3.355741500854492188e-04
4.316000000000000369e+01,2.540850339353113996e-01,5.179991522033222662e-01,-2.196133136749267578e-04,-3.356635570526123047e-04
4.317000000000000171e+01,2.511805869797881230e-01,5.221663682168686815e-01,-2.196133136749267578e-04,-3.356933593750000000e-04
4.317999999999999972e+01,2.482665614886055694e-01,5.258418263857800312e-01,-2.197623252868652344e-04,-3.356635570526123047e-04
4.318999999999999773e+01,2.453494753424992902e-01,5.290159953613770005e-01,-2.197027206420898438e-04,-3.356933593750000000e-04
4.320000000000000284e+01,2.424355130620916843e-01,5.316801404472204506e-01,-2.197623252868652344e-04,-3.356933593750000000e-04
4.321000000000000085e+01,2.395305466683577134e-01,5.338263049783745773e-01,-2.198219299316406250e-04,-3.357231616973876953e-04
4.321999999999999886e+01,2.366401532635681038e-01,5.354472950969848544e-01,-2.197623252868652344e-04,-3.357529640197753906e-04
4.323000000000000398e+01,2.337696326274048275e-01,5.365366634427800596e-01,-2.198219299316406250e-04,-3.357529640197753906e-04
4.324000000000000199e+01,2.309240217879341417e-01,5.370886959091479840e-01,-2.198219299316406250e-04,-3.357529640197753906e-04
4.325000000000000000e+01,2.281081091304474340e-01,5.370983981737316171e-01,-2.198219299316406250e-04,-3.357529640197753906e-04
4.325999999999999801e+01,2.253264439189506252e-01,5.365614867406027777e-01,-2.199113368988037109e-04,-3.358125686645507812e-04
4.327000000000000313e+01,2.225833440036251998e-01,5.354743813694722299e-01,-2.198219299316406250e-04,-3.358125686645507812e-04
4.328000000000000114e+01,2.198828998994667439e-01,5.338342009835536084e-01,-2.199411392211914062e-04,-3.358423709869384766e-04
4.328999999999999915e+01,2.172289754490086267e-01,5.316387627614733713e-01,-2.199411392211914062e-04,-3.358721733093261719e-04
4.330000000000000426e+01,2.146252045211194392e-01,5.288865850199570007e-01,-2.199411392211914062e-04,-3.358721733093261719e-04
4.331000000000000227e+01,2.120749858167023660e-01,5.255768919264394157e-01,-2.199411392211914062e-04,-3.359019756317138672e-04
4.332000000000000028e+01,2.095814693324979661e-01,5.217096262653543315e-01,-2.199411392211914062e-04,-3.359019756317138672e-04
4.332999999999999829e+01,2.071475427266711022e-01,5.172854624019334047e-01,-2.199411392211914062e-04,-3.358721733093261719e-04
4.334000000000000341e+01,2.047758129429877449e-01,5.123058239903042210e-01,-2.199411392211914062e-04,-3.359019756317138672e-04
4.335000000000000142e+01,2.024685824773886644e-01,5.067729069155446631e-01,-2.199411392211914062e-04,-3.359317779541015625e-04
4.335999999999999943e+01,2.002278223260202383e-01,5.006897056262574752e-01,-2.199411392211914062e-04,-3.360211849212646484e-04
4.336999999999999744e+01,1.980551407440817868e-01,4.940600437778824294e-01,-2.199411392211914062e-04,-3.360211849212646484e-04
4.338000000000000256e+01,1.959517484150880839e-01,4.868886085234968575e-01,-2.199411392211914062e-04,-3.360211849212646484e-04
4.339000000000000057e+01,1.939184198525364944e-01,4.791809887093180786e-01,-2.199411392211914062e-04,-3.360509872436523438e-04
4.339999999999999858e+01,1.919554519757081801e-01,4.709437160187076032e-01,-2.199411392211914062e-04,-3.360509872436523438e-04
4.341000000000000369e+01,1.900626195287598574e-01,4.621843093516666001e-01,-2.200007438659667969e-04,-3.361105918884277344e-04
4.342000000000000171e+01,1.882391285334127085e-01,4.529113212846028191e-01,-2.199411392211914062e-04,-3.361105918884277344e-04
4.342999999999999972e+01,1.864835685136300436e-01,4.431343857049929169e-01,-2.200007438659667969e-04,-3.361701965332031250e-04
4.343999999999999773e+01,1.847938632520357838e-01,4.328642669067646054e-01,-2.200007438659667969e-04,-3.361999988555908203e-04
4.345000000000000284e+01,1.831672230696658188e-01,4.221129068353637881e-01,-2.200007438659667969e-04,-3.361999988555908203e-04
4.346000000000000085e+01,1.816000976791261878e-01,4.108934714135238364e-01,-2.200007438659667969e-04,-3.361999988555908203e-04
4.346999999999999886e+01,1.800881316792733999e-01,3.992203936875144965e-01,-2.200901508331298828e-04,-3.361999988555908203e-04
4.348000000000000398e+01,1.786261257098382960e-01,3.871094101664371845e-01,-2.201199531555175781e-04,-3.362298011779785156e-04
4.349000000000000199e+01,1.772080011751658857e-01,3.745775927727058585e-01,-2.201199531555175781e-04,-3.362298011779785156e-04
4.350000000000000000e+01,1.758267740572157234e-01,3.616433699218700171e-01,-2.200901508331298828e-04,-3.362894058227539062e-04
4.350999999999999801e+01,1.744745376103111478e-01,3.483265368262656869e-01,-2.201795578002929688e-04,-3.363490104675292969e-04
4.352000000000000313e+01,1.731424540556421310e-01,3.346482549500991999e-01,-2.201795578002929688e-04,-3.363490104675292969e-04
4.353000000000000114e+01,1.718207615162527513e-01,3.206310330000898823e-01,-2.201795578002929688e-04,-3.363490104675292969e-04
4.353999999999999915e+01,1.704987917693887856e-01,3.062986947877831545e-01,-2.201795578002929688e-04,-3.363788127899169922e-04
4.355000000000000426e+01,1.691650040142574085e-01,2.916763276605896515e-01,-2.201795578002929688e-04,-3.363788127899169922e-04
4.356000000000000227e+01,1.678070349604592615e-01,2.767902110596658916e-01,-2.202689647674560547e-04,-3.363788127899169922e-04
4.357000000000000028e+01,1.664117627959108836e-01,2.616677282459276555e-01,-2.202987670898437500e-04,-3.364384174346923828e-04
4.357999999999999829e+01,1.649653890415521407e-01,2.463372562480604377e-01,-2.202987670898437500e-04,-3.364384174346923828e-04
4.359000000000000341e+01,1.634535338873197297e-01,2.308280395024980280e-01,-2.202987670898437500e-04,-3.364086151123046875e-04
4.360000000000000142e+01,1.618613465767567705e-01,2.151700452733928404e-01,-2.202987670898437500e-04,-3.364086151123046875e-04
4.360999999999999943e+01,1.601736243112882874e-01,1.993938088541861720e-01,-2.203583717346191406e-04,-3.364384174346923828e-04
4.361999999999999744e+01,1.583749478036645675e-01,1.835302588491976306e-01,-2.203583717346191406e-04,-3.364384174346923828e-04
4.363000000000000256e+01,1.564498159897876328e-01,1.676105437197452086e-01,-2.203583717346191406e-04,-3.364682197570800781e-04
4.364000000000000057e+01,1.543827895917219972e-01,1.516658480158833699e-01,-2.203583717346191406e-04,-3.364384174346923828e-04
4.364999999999999858e+01,1.521586335846223936e-01,1.357272104204259033e-01,-2.204179763793945312e-04,-3.364682197570800781e-04
4.366000000000000369e+01,1.497624576129035490e-01,1.198253447852757891e-01,-2.204179763793945312e-04,-3.364682197570800781e-04
4.367000000000000171e+01,1.471798509760840201e-01,1.039904682910006706e-01,-2.205371856689453125e-04,-3.365278244018554688e-04
4.367999999999999972e+01,1.443970094020414485e-01,8.825214006524351174e-02,-2.205371856689453125e-04,-3.364682197570800781e-04
4.368999999999999773e+01,1.414008520622172249e-01,7.263911201994913136e-02,-2.205371856689453125e-04,-3.365278244018554688e-04
4.370000000000000284e+01,1.381791239685723760e-01,5.717919789740986969e-02,-2.205371856689453125e-04,-3.365576267242431641e-04
4.371000000000000085e+01,1.347204875066398688e-01,4.189915530352592010e-02,-2.205371856689453125e-04,-3.365874290466308594e-04
4.371999999999999886e+01,1.310145982128262943e-01,2.682458704405875707e-02,-2.205371856689453125e-04,-3.366470336914062500e-04
4.373000000000000398e+01,1.270521660809442732e-01,1.197985962751458439e-02,-2.206265926361083984e-04,-3.366470336914062500e-04
4.374000000000000199e+01,1.228250023161529120e-01,-2.611961099587172160e-03,-2.204179763793945312e-04,-3.366470336914062500e-04
4.375000000000000000e+01,1.183260526067658608e-01,-1.692915874000629553e-02,-2.204775810241699219e-04,-3.367066383361816406e-04
4.375999999999999801e+01,1.135494176459000970e-01,-3.095140064630119009e-02,-2.206265926361083984e-04,-3.367364406585693359e-04
4.377000000000000313e+01,1.084903621676081703e-01,-4.465975944655273255e-02,-2.206265926361083984e-04,-3.367066383361816406e-04
4.378000000000000114e+01,1.031453135841704366e-01,-5.803672324595574028e-02,-2.206265926361083984e-04,-3.367364406585693359e-04
4.378999999999999915e+01,9.751185309264340240e-02,-7.106619830548122074e-02,-2.206265926361083984e-04,-3.367066383361816406e-04
4.380000000000000426e+01,9.158869862953129826e-02,-8.373350305007744299e-02,-2.206861972808837891e-04,-3.367364406585693359e-04
4.381000000000000227e+01,8.537568306156695375e-02,-9.602535803271955439e-02,-2.206861972808837891e-04,-3.367662429809570312e-04
4.382000000000000028e+01,7.887372781815282785e-02,-1.079298716982597384e-01,-2.207756042480468750e-04,-3.367960453033447266e-04
4.382999999999999829e+01,7.208481405946295939e-02,-1.194365245929389779e-01,-2.206861972808837891e-04,-3.368258476257324219e-04
4.384000000000000341e+01,6.501195205016488399e-02,-1.305361526177319098e-01,-2.207756042480468750e-04,-3.367960453033447266e-04
4.385000000000000142e+01,5.765914984248900199e-02,-1.412209304661395382e-01,-2.207756042480468750e-04,-3.368258476257324219e-04
4.385999999999999943e+01,5.003138211078773934e-02,-1.514843560839879422e-01,-2.208352088928222656e-04,-3.367960453033447266e-04
4.386999999999999744e+01,4.213455989430535398e-02,-1.613212368309656086e-01,-2.208352088928222656e-04,-3.368854522705078125e-04
4.388000000000000256e+01,3.397550157050804182e-02,-1.707276774050289214e-01,-2.207756042480468750e-04,-3.368854522705078125e-04
4.389000000000000057e+01,2.556190552401652744e-02,-1.797010698619100344e-01,-2.207756042480468750e-04,-3.369152545928955078e-04
4.389999999999999858e+01,1.690232476313048224e-02,-1.882400856916625898e-01,-2.207756042480468750e-04,-3.369152545928955078e-04
4.391000000000000369e+01,8.006143407995025205e-03,-1.963446696030919369e-01,-2.207756042480468750e-04,-3.369450569152832031e-04
4.392000000000000171e+01,-1.116445052640233082e-03,-2.040160344577815199e-01,-2.207756042480468750e-04,-3.369450569152832031e-04
4.392999999999999972e+01,-1.045445764937199228e-02,-2.112566572791225172e-01,-2.207756042480468750e-04,-3.369748592376708984e-04
4.393999999999999773e+01,-1.999614057089725561e-02,-2.180702752678961298e-01,-2.208352088928222656e-04,-3.369748592376708984e-04
4.395000000000000284e+01,-2.972898688076516457e-02,-2.244618810287994926e-01,-2.208352088928222656e-04,-3.370046615600585938e-04
4.396000000000000085e+01,-3.963975384933093177e-02,-2.304377162171580562e-01,-2.208650112152099609e-04,-3.370642662048339844e-04
4.396999999999999886e+01,-4.971448034033841556e-02,-2.360052628072256686e-01,-2.208650112152099609e-04,-3.370642662048339844e-04
4.398000000000000398e+01,-5.993850519351277828e-02,-2.411732304852212405e-01,-2.208948135375976562e-04,-3.371536731719970703e-04
4.399000000000000199e+01,-7.029648699116622379e-02,-2.459515396779901608e-01,-2.208948135375976562e-04,-3.371238708496093750e-04
4.400000000000000000e+01,-8.077242554149130505e-02,-2.503512997408429697e-01,-2.208948135375976562e-04,-3.371536731719970703e-04
4.400999999999999801e+01,-9.134968800876738793e-02,-2.543847778107581337e-01,-2.208948135375976562e-04,-3.371536731719970703e-04
4.402000000000000313e+01,-1.020110368981089616e-01,-2.580653631277223248e-01,-2.209842205047607422e-04,-3.371536731719970703e-04
4.403000000000000114e+01,-1.127386632225966662e-01,-2.614075213956091881e-01,-2.209842205047607422e-04,-3.371834754943847656e-04
4.403999999999999915e+01,-1.235142251316852652e-01,-2.644267395950232191e-01,-2.209842205047607422e-04,-3.372430801391601562e-04
4.405000000000000426e+01,-1.343188903267555911e-01,-2.671394630813299087e-01,-2.210438251495361328e-04,-3.373026847839355469e-04
4.406000000000000227e+01,-1.451333865170321147e-01,-2.695630202752202775e-01,-2.210438251495361328e-04,-3.372430801391601562e-04
4.407000000000000028e+01,-1.559380550521192454e-01,-2.717155403874219055e-01,-2.210438251495361328e-04,-3.372430801391601562e-04
4.407999999999999829e+01,-1.667129132411443726e-01,-2.736158589534001817e-01,-2.210438251495361328e-04,-3.373026847839355469e-04
4.409000000000000341e+01,-1.774377197519846627e-01,-2.752834169381915275e-01,-2.210438251495361328e-04,-3.373026847839355469e-04
4.410000000000000142e+01,-1.880920461513820863e-01,-2.767381508390521216e-01,-2.210438251495361328e-04,-3.373622894287109375e-04
4.410999999999999943e+01,-1.986553536017494626e-01,-2.780003755669117615e-01,-2.210438251495361328e-04,-3.374218940734863281e-04
4.411999999999999744e+01,-2.091070719271202472e-01,-2.790906634573552814e-01,-2.210736274719238281e-04,-3.374218940734863281e-04
4.413000000000000256e+01,-2.194266821279020063e-01,-2.800297187645806041e-01,-2.211332321166992188e-04,-3.374218940734863281e-04
4.414000000000000057e+01,-2.295938000458899730e-01,-2.808382511220823829e-01,-2.210736274719238281e-04,-3.374218940734863281e-04
4.414999999999999858e+01,-2.395882601813000834e-01,-2.815368494289395840e-01,-2.210438251495361328e-04,-3.374516963958740234e-04
4.416000000000000369e+01,-2.493901989784052253e-01,-2.821458574034955702e-01,-2.210736274719238281e-04,-3.374814987182617188e-04
4.417000000000000171e+01,-2.589801353559087471e-01,-2.826852542640231891e-01,-2.210736274719238281e-04,-3.374814987182617188e-04
4.417999999999999972e+01,-2.683390479562738906e-01,-2.831745412572301834e-01,-2.211332321166992188e-04,-3.374814987182617188e-04
4.418999999999999773e+01,-2.774484483993287509e-01,-2.836326351738006624e-01,-2.210736274719238281e-04,-3.374814987182617188e-04
4.420000000000000284e+01,-2.862904486702765872e-01,-2.840777716732124647e-01,-2.210736274719238281e-04,-3.374814987182617188e-04
4.421000000000000085e+01,-2.948478225554685417e-01,-2.845274184433937426e-01,-2.211928367614746094e-04,-3.374814987182617188e-04
4.421999999999999886e+01,-3.031040609221019033e-01,-2.849981984970830218e-01,-2.211630344390869141e-04,-3.375411033630371094e-04
4.423000000000000398e+01,-3.110434197122260436e-01,-2.855058252125089457e-01,-2.211630344390869141e-04,-3.376007080078125000e-04
4.424000000000000199e+01,-3.186509611306962975e-01,-2.860650482600492484e-01,-2.212524414062500000e-04,-3.375411033630371094e-04
4.425000000000000000e+01,-3.259125881809198932e-01,-2.866896101652138817e-01,-2.212524414062500000e-04,-3.375411033630371094e-04
4.425999999999999801e+01,-3.328150723801883148e-01,-2.873922135938281053e-01,-2.213716506958007812e-04,-3.376007080078125000e-04
4.427000000000000313e+01,-3.393460756150023516e-01,-2.881844977526329954e-01,-2.213716506958007812e-04,-3.376603126525878906e-04
4.428000000000000114e+01,-3.454941661434139943e-01,-2.890770239480174308e-01,-2.213716506958007812e-04,-3.376603126525878906e-04
4.428999999999999915e+01,-3.512488300404646435e-01,-2.900792678819366088e-01,-2.213716506958007812e-04,-3.377199172973632812e-04
4.430000000000000426e+01,-3.566004782339255441e-01,-2.911996188184987622e-01,-2.214908599853515625e-04,-3.377199172973632812e-04
4.431000000000000227e+01,-3.615404500135812049e-01,-2.924453837134444734e-01,-2.214908599853515625e-04,-3.378093242645263672e-04
4.432000000000000028e+01,-3.660610138117347812e-01,-2.938227953035077444e-01,-2.214014530181884766e-04,-3.377795219421386719e-04
4.432999999999999829e+01,-3.701553658328737284e-01,-2.953370229402368929e-01,-2.214014530181884766e-04,-3.377795219421386719e-04
4.434000000000000341e+01,-3.738176275244097235e-01,-2.969921847238550794e-01,-2.214908599853515625e-04,-3.378093242645263672e-04
4.435000000000000142e+01,-3.770428418870545584e-01,-2.987913607475570221e-01,-2.216100692749023438e-04,-3.377795219421386719e-04
4.435999999999999943e+01,-3.798269697551515667e-01,-3.007366056716502811e-01,-2.217292785644531250e-04,-3.378689289093017578e-04
4.436999999999999744e+01,-3.821668859844304378e-01,-3.028289606571795689e-01,-2.217292785644531250e-04,-3.378689289093017578e-04
4.438000000000000256e+01,-3.840603763423604544e-01,-3.050684633260790091e-01,-2.218484878540039062e-04,-3.378689289093017578e-04
4.439000000000000057e+01,-3.855061348099972918e-01,-3.074541561756777286e-01,-2.217590808868408203e-04,-3.378987312316894531e-04
4.439999999999999858e+01,-3.865037618288000854e-01,-3.099840925556111015e-01,-2.218484878540039062e-04,-3.378689289093017578e-04
4.441000000000000369e+01,-3.870537638713402173e-01,-3.126553395369270349e-01,-2.218484878540039062e-04,-3.379583358764648438e-04
4.442000000000000171e+01,-3.871575527947037076e-01,-3.154639801280342271e-01,-2.218484878540039062e-04,-3.379583358764648438e-04
4.442999999999999972e+01,-3.868174468481727635e-01,-3.184051117693187938e-01,-2.218484878540039062e-04,-3.379583358764648438e-04
4.443999999999999773e+01,-3.860366712459791794e-01,-3.214728444621108849e-01,-2.218484878540039062e-04,-3.379881381988525391e-04
4.445000000000000284e+01,-3.848193594758285152e-01,-3.246602965758933479e-01,-2.218484878540039062e-04,-3.379881381988525391e-04
4.446000000000000085e+01,-3.831705533381221107e-01,-3.279595915871711398e-01,-2.218484878540039062e-04,-3.379881381988525391e-04
4.446999999999999886e+01,-3.810962028062732099e-01,-3.313618539103921901e-01,-2.218484878540039062e-04,-3.379881381988525391e-04
4.448000000000000398e+01,-3.786031635861403233e-01,-3.348572073178634478e-01,-2.218484878540039062e-04,-3.380179405212402344e-04
4.449000000000000199e+01,-3.756991931343976465e-01,-3.384347746073252949e-01,-2.219676971435546875e-04,-3.380477428436279297e-04
4.450000000000000000e+01,-3.723929432195678402e-01,-3.420826817547855669e-01,-2.219080924987792969e-04,-3.380775451660156250e-04
4.450999999999999801e+01,-3.686939494010566531e-01,-3.457880658045615063e-01,-2.219080924987792969e-04,-3.381371498107910156e-04
4.452000000000000313e+01,-3.646126160255025450e-01,-3.495370890127000307e-01,-2.219080924987792969e-04,-3.380775451660156250e-04
4.453000000000000114e+01,-3.601601965027056984e-01,-3.533149594217283584e-01,-2.219080924987792969e-04,-3.380775451660156250e-04
4.453999999999999915e+01,-3.553487684305364214e-01,-3.571059589694607905e-01,-2.219080924987792969e-04,-3.381371498107910156e-04
4.455000000000000426e+01,-3.501912024463809114e-01,-3.608934806623300129e-01,-2.219080924987792969e-04,-3.381669521331787109e-04
4.456000000000000227e+01,-3.447011257813437091e-01,-3.646600738325684321e-01,-2.219080924987792969e-04,-3.381967544555664062e-04
4.457000000000000028e+01,-3.388928792339127583e-01,-3.683874993092730032e-01,-2.219676971435546875e-04,-3.381967544555664062e-04
4.457999999999999829e+01,-3.327814678842956342e-01,-3.720567943528776400e-01,-2.220571041107177734e-04,-3.382265567779541016e-04
4.459000000000000341e+01,-3.263825062851463676e-01,-3.756483464088294921e-01,-2.220571041107177734e-04,-3.381967544555664062e-04
4.460000000000000142e+01,-3.197121580037496913e-01,-3.791419760499464831e-01,-2.220571041107177734e-04,-3.382563591003417969e-04
4.460999999999999943e+01,-3.127870705348988478e-01,-3.825170277399101426e-01,-2.220571041107177734e-04,-3.382563591003417969e-04
4.461999999999999744e+01,-3.056243061737291544e-01,-3.857524677056753948e-01,-2.220571041107177734e-04,-3.383159637451171875e-04
4.463000000000000256e+01,-2.982412697021161185e-01,-3.888269877394039953e-01,-2.220571041107177734e-04,-3.383755683898925781e-04
4.464000000000000057e+01,-2.906556346714314065e-01,-3.917191125431171983e-01,-2.220571041107177734e-04,-3.384053707122802734e-04
4.464999999999999858e+01,-2.828852684548486263e-01,-3.944073101411936788e-01,-2.220869064331054688e-04,-3.383755683898925781e-04
4.466000000000000369e+01,-2.749481579874072379e-01,-3.968701028488690330e-01,-2.221465110778808594e-04,-3.384053707122802734e-04
4.467000000000000171e+01,-2.668623368324533063e-01,-3.990861775884247953e-01,-2.221465110778808594e-04,-3.384351730346679688e-04
4.467999999999999972e+01,-2.586458151675206096e-01,-4.010344933377356647e-01,-2.221465110778808594e-04,-3.384351730346679688e-04
4.468999999999999773e+01,-2.503165133210547011e-01,-4.026943845842219094e-01,-2.221465110778808594e-04,-3.384947776794433594e-04
4.470000000000000284e+01,-2.418921998456912970e-01,-4.040456591794238106e-01,-2.221465110778808594e-04,-3.384351730346679688e-04
4.471000000000000085e+01,-2.333904346304756516e-01,-4.050686897154573973e-01,-2.221465110778808594e-04,-3.385245800018310547e-04
4.471999999999999886e+01,-2.248285177763988119e-01,-4.057444971484438501e-01,-2.221465110778808594e-04,-3.385245800018310547e-04
4.473000000000000398e+01,-2.162234441703722865e-01,-4.060548264681322905e-01,-2.220869064331054688e-04,-3.386139869689941406e-04
4.474000000000000199e+01,-2.075918639816305700e-01,-4.059822138722093965e-01,-2.221465110778808594e-04,-3.385841846466064453e-04
4.475000000000000000e+01,-1.989500495511752343e-01,-4.055100445287848632e-01,-2.221465110778808594e-04,-3.386139869689941406e-04
4.475999999999999801e+01,-1.903138664049193463e-01,-4.046226037028608502e-01,-2.221167087554931641e-04,-3.386139869689941406e-04
4.477000000000000313e+01,-1.816987509287581737e-01,-4.033051176404323646e-01,-2.221167087554931641e-04,-3.385841846466064453e-04
4.478000000000000114e+01,-1.731196912743988570e-01,-4.015437885897391035e-01,-2.222061157226562500e-04,-3.385841846466064453e-04
4.478999999999999915e+01,-1.645912128054555779e-01,-3.993258219644990614e-01,-2.222061157226562500e-04,-3.386735916137695312e-04
4.480000000000000426e+01,-1.561273662778751847e-01,-3.966394479081644109e-01,-2.222061157226562500e-04,-3.387331962585449219e-04
4.481000000000000227e+01,-1.477417183416946389e-01,-3.934739377424846252e-01,-2.222061157226562500e-04,-3.387331962585449219e-04
4.482000000000000028e+01,-1.394473437553337414e-01,-3.898196158077431028e-01,-2.222657203674316406e-04,-3.387331962585449219e-04
4.482999999999999829e+01,-1.312568179868214002e-01,-3.856678686326450722e-01,-2.222657203674316406e-04,-3.387331962585449219e-04
4.484000000000000341e+01,-1.231822100777404672e-01,-3.810111512155819891e-01,-2.222657203674316406e-04,-3.387331962585449219e-04
4.485000000000000142e+01,-1.152350744912309655e-01,-3.758429924188321780e-01,-2.222657203674316406e-04,-3.387928009033203125e-04
4.485999999999999943e+01,-1.074264416562056290e-01,-3.701579995541380841e-01,-2.224147319793701172e-04,-3.387928009033203125e-04
4.486999999999999744e+01,-9.976680624559720878e-02,-3.639518636481935410e-01,-2.223253250122070312e-04,-3.388524055480957031e-04
4.488000000000000256e+01,-9.226611303040163636e-02,-3.572213656245200042e-01,-2.223253250122070312e-04,-3.388524055480957031e-04
4.489000000000000057e+01,-8.493373941902739033e-02,-3.499643845609571868e-01,-2.223253250122070312e-04,-3.388524055480957031e-04
4.489999999999999858e+01,-7.777847451668221113e-02,-3.421799084849217465e-01,-2.223253250122070312e-04,-3.387928009033203125e-04
4.491000000000000369e+01,-7.080849430520290422e-02,-3.338680482794493254e-01,-2.224743366241455078e-04,-3.388822078704833984e-04
4.492000000000000171e+01,-6.403133274691127919e-02,-3.250300552072646898e-01,-2.224147319793701172e-04,-3.389120101928710938e-04
4.492999999999999972e+01,-5.745384865747320963e-02,-3.156683424397963011e-01,-2.225637435913085938e-04,-3.389418125152587891e-04
4.493999999999999773e+01,-5.108218835482737641e-02,-3.057865106375689535e-01,-2.226233482360839844e-04,-3.389418125152587891e-04
4.495000000000000284e+01,-4.492174414054715681e-02,-2.953893782490222830e-01,-2.226233482360839844e-04,-3.389418125152587891e-04
4.496000000000000085e+01,-3.897710881764515634e-02,-2.844830156251151876e-01,-2.226233482360839844e-04,-3.389716148376464844e-04
4.496999999999999886e+01,-3.325202691852797987e-02,-2.730747837603028638e-01,-2.225935459136962891e-04,-3.390610218048095703e-04
4.498000000000000398e+01,-2.774934278498625978e-02,-2.611733760823540806e-01,-2.226531505584716797e-04,-3.390610218048095703e-04
4.499000000000000199e+01,-2.247094649235384378e-02,-2.487888637876536357e-01,-2.226531505584716797e-04,-3.390610218048095703e-04
4.500000000000000000e+01,-1.741771921931870720e-02,-2.359327422069046054e-01,-2.226531505584716797e-04,-3.390610218048095703e-04
4.500999999999999801e+01,-1.258947689191190593e-02,-2.226179797920785075e-01,-2.226531505584716797e-04,-3.390610218048095703e-04
4.502000000000000313e+01,-7.984918310428417917e-03,-2.088590632111418655e-01,-2.226531505584716797e-04,-3.390610218048095703e-04
4.503000000000000114e+01,-3.601572281873762545e-03,-1.946720439436731287e-01,-2.226531505584716797e-04,-3.392100334167480469e-04
4.503999999999999915e+01,5.642459369892141932e-04,-1.800745755631746881e-01,-2.227425575256347656e-04,-3.391504287719726562e-04
4.505000000000000426e+01,4.517474368931304399e-03,-1.650859469859259632e-01,-2.227425575256347656e-04,-3.392100334167480469e-04
4.506000000000000227e+01,8.264334001746797068e-03,-1.497271051765186878e-01,-2.227425575256347656e-04,-3.391504287719726562e-04
4.507000000000000028e+01,1.181234417207733221e-02,-1.340206614839055954e-01,-2.226829528808593750e-04,-3.391504287719726562e-04
4.507999999999999829e+01,1.517032992789229574e-02,-1.179908894614872528e-01,-2.227425575256347656e-04,-3.392398357391357422e-04
4.509000000000000341e+01,1.834840488825927388e-02,-1.016636937358518789e-01,-2.226829528808593750e-04,-3.392100334167480469e-04
4.510000000000000142e+01,2.135794583361501700e-02,-8.506656989082786446e-02,-2.227723598480224609e-04,-3.392398357391357422e-04
4.510999999999999943e+01,2.421153476813619337e-02,-6.822852485124152044e-02,-2.227425575256347656e-04,-3.392100334167480469e-04
4.511999999999999744e+01,2.692289497732799561e-02,-5.117999101555789632e-02,-2.228021621704101562e-04,-3.392398357391357422e-04
4.513000000000000256e+01,2.950679385391500806e-02,-3.395269971552294930e-02,-2.228021621704101562e-04,-3.392994403839111328e-04
4.514000000000000057e+01,3.197892986517522629e-02,-1.657953549836544554e-02,-2.228319644927978516e-04,-3.393292427062988281e-04
4.514999999999999858e+01,3.435579932571239392e-02,9.056343264267950957e-04,-2.228021621704101562e-04,-3.393292427062988281e-04
4.516000000000000369e+01,3.665454419152672921e-02,1.846815346693116838e-02,-2.228319644927978516e-04,-3.393292427062988281e-04
4.517000000000000171e+01,3.889278603767402226e-02,3.607278759355193182e-02,-2.228021621704101562e-04,-3.393888473510742188e-04
4.517999999999999972e+01,4.108844820611080861e-02,5.368394996960554333e-02,-2.228319644927978516e-04,-3.393888473510742188e-04
4.518999999999999773e+01,4.325957111421889489e-02,7.126593568940259305e-02,-2.228021621704101562e-04,-3.393888473510742188e-04
4.520000000000000284e+01,4.542412446960423372e-02,8.878315989504029226e-02,-2.228021621704101562e-04,-3.393888473510742188e-04
4.521000000000000085e+01,4.759982388783488838e-02,1.062003907357468857e-01,-2.228021621704101562e-04,-3.394186496734619141e-04
4.521999999999999886e+01,4.980395170442787622e-02,1.234829772278508153e-01,-2.228021621704101562e-04,-3.394186496734619141e-04
4.523000000000000398e+01,5.205319089663195536e-02,1.405970611295721817e-01,-2.228021621704101562e-04,-3.394484519958496094e-04
4.524000000000000199e+01,5.436347318835799830e-02,1.575097714273514526e-01,-2.228021621704101562e-04,-3.394782543182373047e-04
4.525000000000000000e+01,5.674984536990082540e-02,1.741893965310777614e-01,-2.228617668151855469e-04,-3.394782543182373047e-04
4.525999999999999801e+01,5.922635564858071827e-02,1.906055320061657565e-01,-2.228617668151855469e-04,-3.395676612854003906e-04
4.527000000000000313e+01,6.180596142664915998e-02,2.067292021902916166e-01,-2.228617668151855469e-04,-3.395080566406250000e-04
4.528000000000000114e+01,6.450045865841463888e-02,2.225329556406978881e-01,-2.229511737823486328e-04,-3.395676612854003906e-04
4.528999999999999915e+01,6.732043253966683849e-02,2.379909348310009498e-01,-2.229511737823486328e-04,-3.395676612854003906e-04
4.530000000000000426e+01,7.027522878655242944e-02,2.530789211280443096e-01,-2.229809761047363281e-04,-3.395974636077880859e-04
4.531000000000000227e+01,7.337294312827358223e-02,2.677743581084516822e-01,-2.229809761047363281e-04,-3.395974636077880859e-04
4.532000000000000028e+01,7.662042816559204439e-02,2.820563543376690130e-01,-2.230405807495117188e-04,-3.396570682525634766e-04
4.532999999999999829e+01,8.002331405168652823e-02,2.959056700594608902e-01,-2.230405807495117188e-04,-3.396868705749511719e-04
4.534000000000000341e+01,8.358604161415937595e-02,3.093046895210122549e-01,-2.230405807495117188e-04,-3.396868705749511719e-04
4.535000000000000142e+01,8.731190505167973903e-02,3.222373824595048952e-01,-2.230405807495117188e-04,-3.397464752197265625e-04
4.535999999999999943e+01,9.120310190231725733e-02,3.346892575393137226e-01,-2.230405807495117188e-04,-3.397464752197265625e-04
4.536999999999999744e+01,9.526078899444417880e-02,3.466473092743617146e-01,-2.231299877166748047e-04,-3.398060798645019531e-04
4.538000000000000256e+01,9.948514049661397185e-02,3.580999630460967031e-01,-2.231895923614501953e-04,-3.398358821868896484e-04
4.539000000000000057e+01,1.038754086668086801e-01,3.690370173981382118e-01,-2.231895923614501953e-04,-3.398358821868896484e-04
4.539999999999999858e+01,1.084299842101963396e-01,3.794495872088688992e-01,-2.231895923614501953e-04,-3.398060798645019531e-04
4.541000000000000369e+01,1.131464553224756087e-01,3.893300486697131579e-01,-2.231895923614501953e-04,-3.398656845092773438e-04
4.542000000000000171e+01,1.180216651167755454e-01,3.986719863230397398e-01,-2.231895923614501953e-04,-3.398656845092773438e-04
4.542999999999999972e+01,1.230517657440024643e-01,4.074701439897744359e-01,-2.231895923614501953e-04,-3.399252891540527344e-04
4.543999999999999773e+01,1.282322687772283476e-01,4.157203798841248021e-01,-2.232789993286132812e-04,-3.399550914764404297e-04
4.545000000000000284e+01,1.335580917078509622e-01,4.234196259628459913e-01,-2.232789993286132812e-04,-3.399252891540527344e-04
4.546000000000000085e+01,1.390236000212894396e-01,4.305658519817058272e-01,-2.232789993286132812e-04,-3.399550914764404297e-04
4.546999999999999886e+01,1.446226446625153428e-01,4.371580343442417194e-01,-2.232789993286132812e-04,-3.399550914764404297e-04
4.548000000000000398e+01,1.503485946732237566e-01,4.431961296454730026e-01,-2.233386039733886719e-04,-3.400146961212158203e-04
4.549000000000000199e+01,1.561943650025276187e-01,4.486810530072734560e-01,-2.233386039733886719e-04,-3.400146961212158203e-04
4.550000000000000000e+01,1.621524407270104884e-01,4.536146596810587961e-01,-2.234876155853271484e-04,-3.400146961212158203e-04
4.550999999999999801e+01,1.682148956134817408e-01,4.579997318651622407e-01,-2.234876155853271484e-04,-3.400146961212158203e-04
4.552000000000000313e+01,1.743734071870794988e-01,4.618399684549452378e-01,-2.233982086181640625e-04,-3.400146961212158203e-04
4.553000000000000114e+01,1.806192679777212096e-01,4.651399778517129602e-01,-2.235472202301025391e-04,-3.400444984436035156e-04
4.553999999999999915e+01,1.869433929756103563e-01,4.679052737420868469e-01,-2.235472202301025391e-04,-3.400444984436035156e-04
4.555000000000000426e+01,1.933363242226724954e-01,4.701422727802724300e-01,-2.235472202301025391e-04,-3.400444984436035156e-04
4.556000000000000227e+01,1.997882327462171814e-01,4.718582937801852339e-01,-2.235472202301025391e-04,-3.401339054107666016e-04
4.557000000000000028e+01,2.062889183837273155e-01,4.730615578014242262e-01,-2.235770225524902344e-04,-3.401339054107666016e-04
4.557999999999999829e+01,2.128278081681531930e-01,4.737611883414663549e-01,-2.235770225524902344e-04,-3.401339054107666016e-04
4.559000000000000341e+01,2.193939536802533841e-01,4.739672110685852480e-01,-2.235770225524902344e-04,-3.401935100555419922e-04
4.560000000000000142e+01,2.259760283228958999e-01,4.736905520590503071e-01,-2.236366271972656250e-04,-3.401935100555419922e-04
4.560999999999999943e+01,2.325623249356060240e-01,4.729430340040201575e-01,-2.235770225524902344e-04,-3.401935100555419922e-04
4.561999999999999744e+01,2.391407545918241007e-01,4.717373694286323693e-01,-2.236366271972656250e-04,-3.403127193450927734e-04
4.563000000000000256e+01,2.456988473781032134e-01,4.700871500444671058e-01,-2.236366271972656250e-04,-3.402829170227050781e-04
4.564000000000000057e+01,2.522237556892790722e-01,4.680068316141247076e-01,-2.236664295196533203e-04,-3.402829170227050781e-04
4.564999999999999858e+01,2.587022609166161891e-01,4.655117133527985063e-01,-2.235770225524902344e-04,-3.403127193450927734e-04
4.566000000000000369e+01,2.651207840918703984e-01,4.626179113240080909e-01,-2.237260341644287109e-04,-3.403425216674804688e-04
4.567000000000000171e+01,2.714654013214070627e-01,4.593423249814166387e-01,-2.237260341644287109e-04,-3.403723239898681641e-04
4.567999999999999972e+01,2.777218641163009538e-01,4.557025966246214810e-01,-2.237260341644287109e-04,-3.403425216674804688e-04
4.568999999999999773e+01,2.838756251204375691e-01,4.517170637012464240e-01,-2.238154411315917969e-04,-3.403723239898681641e-04
4.570000000000000284e+01,2.899118702610369858e-01,4.474047023956010394e-01,-2.238750457763671875e-04,-3.403723239898681641e-04
4.571000000000000085e+01,2.958155556634250449e-01,4.427850652893814409e-01,-2.238750457763671875e-04,-3.404915332794189453e-04
4.571999999999999886e+01,3.015714521637387624e-01,4.378782091533858778e-01,-2.238750457763671875e-04,-3.404915332794189453e-04
4.573000000000000398e+01,3.071641928568262792e-01,4.327046194306518045e-01,-2.238154411315917969e-04,-3.404915332794189453e-04
4.574000000000000199e+01,3.125783292019005954e-01,4.272851240575605281e-01,-2.238154411315917969e-04,-3.405213356018066406e-04
4.575000000000000000e+01,3.177983877750445996e-01,4.216408073483064456e-01,-2.238750457763671875e-04,-3.405213356018066406e-04
4.575999999999999801e+01,3.228089352921100774e-01,4.157929140699488935e-01,-2.238750457763671875e-04,-3.405213356018066406e-04
4.577000000000000313e+01,3.275946418894525314e-01,4.097627568325318825e-01,-2.238750457763671875e-04,-3.405213356018066406e-04
4.578000000000000114e+01,3.321403511504450456e-01,4.035716161218402820e-01,-2.239346504211425781e-04,-3.405511379241943359e-04
4.578999999999999915e+01,3.364311466467932443e-01,3.972406459024935832e-01,-2.239346504211425781e-04,-3.406405448913574219e-04
4.580000000000000426e+01,3.404524222027051072e-01,3.907907761955334291e-01,-2.239346504211425781e-04,-3.405809402465820312e-04
4.581000000000000227e+01,3.441899479137546236e-01,3.842426220744907250e-01,-2.238750457763671875e-04,-3.405809402465820312e-04
4.582000000000000028e+01,3.476299360784845249e-01,3.776163948199181553e-01,-2.239346504211425781e-04,-3.406405448913574219e-04
4.582999999999999829e+01,3.507591030272436683e-01,3.709318190877669008e-01,-2.239346504211425781e-04,-3.405809402465820312e-04
4.584000000000000341e+01,3.535647270646836149e-01,3.642080571631015062e-01,-2.239346504211425781e-04,-3.406405448913574219e-04
4.585000000000000142e+01,3.560347028717412710e-01,3.574636382647926047e-01,-2.239346504211425781e-04,-3.406703472137451172e-04
4.585999999999999943e+01,3.581575892881300738e-01,3.507163981914298567e-01,-2.240538597106933594e-04,-3.407001495361328125e-04
4.586999999999999744e+01,3.599226540296638910e-01,3.439834231946191090e-01,-2.240538597106933594e-04,-3.407597541809082031e-04
4.588000000000000256e+01,3.613199106781524450e-01,3.372810050943952365e-01,-2.240538597106933594e-04,-3.407597541809082031e-04
4.589000000000000057e+01,3.623401526862727873e-01,3.306246003408105927e-01,-2.240538597106933594e-04,-3.408193588256835938e-04
4.589999999999999858e+01,3.629749802245971768e-01,3.240287988979429490e-01,-2.241134643554687500e-04,-3.407597541809082031e-04
4.591000000000000369e+01,3.632168238158340334e-01,3.175072971864873472e-01,-2.240240573883056641e-04,-3.408193588256835938e-04
4.592000000000000171e+01,3.630589625223612504e-01,3.110728779470320893e-01,-2.240836620330810547e-04,-3.408491611480712891e-04
4.592999999999999972e+01,3.624955387016308705e-01,3.047373942171493488e-01,-2.241730690002441406e-04,-3.409087657928466797e-04
4.593999999999999773e+01,3.615215694191919460e-01,2.985117569439265650e-01,-2.242326736450195312e-04,-3.409087657928466797e-04
4.595000000000000284e+01,3.601329545739896387e-01,2.924059262273289161e-01,-2.242028713226318359e-04,-3.408789634704589844e-04
4.596000000000000085e+01,3.583264834951260802e-01,2.864289034996464478e-01,-2.242624759674072266e-04,-3.408789634704589844e-04
4.596999999999999886e+01,3.560998389183570034e-01,2.805887261260371357e-01,-2.242624759674072266e-04,-3.409087657928466797e-04
4.598000000000000398e+01,3.534516005704215202e-01,2.748924613536791184e-01,-2.242624759674072266e-04,-3.409385681152343750e-04
4.599000000000000199e+01,3.503812472518024745e-01,2.693462008871322366e-01,-2.242624759674072266e-04,-3.409981727600097656e-04
4.600000000000000000e+01,3.468891588959381322e-01,2.639550544336301541e-01,-2.242624759674072266e-04,-3.410279750823974609e-04
4.600999999999999801e+01,3.429766184456831124e-01,2.587231418821224205e-01,-2.242624759674072266e-04,-3.409385681152343750e-04
4.602000000000000313e+01,3.386458134203162995e-01,2.536535850914443668e-01,-2.242922782897949219e-04,-3.409385681152343750e-04
4.603000000000000114e+01,3.338998385105830247e-01,2.487484965838199225e-01,-2.242922782897949219e-04,-3.410279750823974609e-04
4.603999999999999915e+01,3.287426971357195193e-01,2.440089691667973182e-01,-2.243816852569580078e-04,-3.410875797271728516e-04
4.605000000000000426e+01,3.231793048275855007e-01,2.394350614508148345e-01,-2.245306968688964844e-04,-3.410577774047851562e-04
4.606000000000000227e+01,3.172154906249604056e-01,2.350257859489386647e-01,-2.244412899017333984e-04,-3.410875797271728516e-04
4.607000000000000028e+01,3.108580004846764333e-01,2.307790930643809635e-01,-2.244412899017333984e-04,-3.410875797271728516e-04
4.607999999999999829e+01,3.041144976665861588e-01,2.266918594323975855e-01,-2.244412899017333984e-04,-3.411769866943359375e-04
4.609000000000000341e+01,2.969935646586701616e-01,2.227598732086286115e-01,-2.245306968688964844e-04,-3.412067890167236328e-04
4.610000000000000142e+01,2.895047010391711417e-01,2.189778254675650015e-01,-2.244412899017333984e-04,-3.412067890167236328e-04
4.610999999999999943e+01,2.816583218711876668e-01,2.153393004431574387e-01,-2.244412899017333984e-04,-3.412067890167236328e-04
4.611999999999999744e+01,2.734657506787689374e-01,2.118367741181842179e-01,-2.244412899017333984e-04,-3.412365913391113281e-04
4.613000000000000256e+01,2.649392117056191265e-01,2.084616138590851819e-01,-2.245306968688964844e-04,-3.412067890167236328e-04
4.614000000000000057e+01,2.560918164090426608e-01,2.052040871432208313e-01,-2.245306968688964844e-04,-3.412067890167236328e-04
4.614999999999999858e+01,2.469375462688805367e-01,2.020533761258423988e-01,-2.245306968688964844e-04,-3.412663936614990234e-04
4.616000000000000369e+01,2.374912299595339782e-01,1.989976012483095635e-01,-2.246499061584472656e-04,-3.412961959838867188e-04
4.617000000000000171e+01,2.277685149899369710e-01,1.960238537429208061e-01,-2.246499061584472656e-04,-3.413558006286621094e-04
4.617999999999999972e+01,2.177858330573596846e-01,1.931182383031951610e-01,-2.246499061584472656e-04,-3.413558006286621094e-04
4.618999999999999773e+01,2.075603592039462764e-01,1.902659257758463895e-01,-2.246499061584472656e-04,-3.413856029510498047e-04
4.620000000000000284e+01,1.971099638275926325e-01,1.874512175144301962e-01,-2.246499061584472656e-04,-3.414452075958251953e-04
4.621000000000000085e+01,1.864531586229007942e-01,1.846576195872821624e-01,-2.247393131256103516e-04,-3.414452075958251953e-04
4.621999999999999886e+01,1.756090356288624033e-01,1.818679282945413478e-01,-2.247393131256103516e-04,-3.414154052734375000e-04
4.623000000000000398e+01,1.645972006814386268e-01,1.790643248871579274e-01,-2.247393131256103516e-04,-3.414452075958251953e-04
4.624000000000000199e+01,1.534377009386515278e-01,1.762284800403406682e-01,-2.247393131256103516e-04,-3.414750099182128906e-04
4.625000000000000000e+01,1.421509481567883315e-01,1.733416654751228636e-01,-2.247393131256103516e-04,-3.415346145629882812e-04
4.625999999999999801e+01,1.307576380351650469e-01,1.703848721572679414e-01,-2.247393131256103516e-04,-3.415346145629882812e-04
4.627000000000000313e+01,1.192786662775615902e-01,1.673389340904495037e-01,-2.247989177703857422e-04,-3.414750099182128906e-04
4.628000000000000114e+01,1.077350442608002029e-01,1.641846530638516322e-01,-2.247393131256103516e-04,-3.415644168853759766e-04
4.628999999999999915e+01,9.614781296596429383e-02,1.609029264487595312e-01,-2.247989177703857422e-04,-3.415346145629882812e-04
4.630000000000000426e+01,8.453795807266505091e-02,1.574748734180112797e-01,-2.247989177703857422e-04,-3.416240215301513672e-04
4.631000000000000227e+01,7.292632771745650999e-02,1.538819570390200231e-01,-2.248287200927734375e-04,-3.416538238525390625e-04
4.632000000000000028e+01,6.133355157156416410e-02,1.501061044091299979e-01,-2.248287200927734375e-04,-3.417134284973144531e-04
4.632999999999999829e+01,4.977996500923947965e-02,1.461298186218252249e-01,-2.247989177703857422e-04,-3.416538238525390625e-04
4.634000000000000341e+01,3.828553751039563691e-02,1.419362837761342921e-01,-2.248883247375488281e-04,-3.416538238525390625e-04
4.635000000000000142e+01,2.686980550929453371e-02,1.375094627287598570e-01,-2.249181270599365234e-04,-3.417134284973144531e-04
4.635999999999999943e+01,1.555181186867556596e-02,1.328341836732752079e-01,-2.249181270599365234e-04,-3.417432308197021484e-04
4.636999999999999744e+01,4.350050158356898178e-03,1.278962185184396305e-01,-2.249479293823242188e-04,-3.417432308197021484e-04
4.638000000000000256e+01,-6.717584954153706100e-03,1.226823508147542596e-01,-2.249181270599365234e-04,-3.417730331420898438e-04
4.639000000000000057e+01,-1.763384163625578149e-02,1.171804334838922601e-01,-2.249181270599365234e-04,-3.417730331420898438e-04
4.639999999999999858e+01,-2.838214984006021124e-02,1.113794377399319468e-01,-2.249181270599365234e-04,-3.417730331420898438e-04
4.641000000000000369e+01,-3.894665493549345769e-02,1.052694922377644393e-01,-2.249181270599365234e-04,-3.418028354644775391e-04
4.642000000000000171e+01,-4.931224749357939613e-02,9.884191468292492788e-02,-2.249777317047119141e-04,-3.418326377868652344e-04
4.642999999999999972e+01,-5.946458870389838974e-02,9.208923528178854234e-02,-2.250671386718750000e-04,-3.418922424316406250e-04
4.643999999999999773e+01,-6.939013283345976668e-02,8.500521389375863268e-02,-2.250671386718750000e-04,-3.418922424316406250e-04
4.645000000000000284e+01,-7.907614732416398673e-02,7.758485205891785252e-02,-2.250671386718750000e-04,-3.419220447540283203e-04
4.646000000000000085e+01,-8.851073017068986082e-02,6.982439930999502498e-02,-2.251267433166503906e-04,-3.419220447540283203e-04
4.646999999999999886e+01,-9.768282662842379949e-02,6.172135705350224877e-02,-2.250671386718750000e-04,-3.419518470764160156e-04
4.648000000000000398e+01,-1.065822446640708882e-01,5.327447935781185612e-02,-2.250671386718750000e-04,-3.419518470764160156e-04
4.649000000000000199e+01,-1.151996687022136950e-01,4.448376967664120774e-02,-2.250671386718750000e-04,-3.419816493988037109e-04
4.650000000000000000e+01,-1.235266760573212469e-01,3.535048155995790947e-02,-2.250671386718750000e-04,-3.420114517211914062e-04
4.650999999999999801e+01,-1.315557500007094038e-01,2.587711258888827220e-02,-2.250671386718750000e-04,-3.420114517211914062e-04
4.652000000000000313e+01,-1.392802957158814914e-01,1.606740353416766590e-02,-2.251863479614257812e-04,-3.420114517211914062e-04
4.653000000000000114e+01,-1.466946544921217954e-01,5.926333591441420787e-03,-2.251863479614257812e-04,-3.420114517211914062e-04
4.653999999999999915e+01,-1.537941196221912776e-01,-4.539880543673865954e-03,-2.251863479614257812e-04,-3.421008586883544922e-04
4.655000000000000426e+01,-1.605749509400685449e-01,-1.532378769605517721e-02,-2.252459526062011719e-04,-3.420710563659667969e-04
4.656000000000000227e+01,-1.670343899418521016e-01,-2.641670328087106223e-02,-2.253055572509765625e-04,-3.421008586883544922e-04
4.657000000000000028e+01,-1.731706730349844015e-01,-3.780871156845567321e-02,-2.252459526062011719e-04,-3.421604633331298828e-04
4.657999999999999829e+01,-1.789830447772370603e-01,-4.948866730526357838e-02,-2.253055572509765625e-04,-3.421604633331298828e-04
4.659000000000000341e+01,-1.844717668848621928e-01,-6.144420038182636656e-02,-2.253651618957519531e-04,-3.421902656555175781e-04
4.660000000000000142e+01,-1.896381271882436603e-01,-7.366172011697537381e-02,-2.253651618957519531e-04,-3.421902656555175781e-04
4.660999999999999943e+01,-1.944844411964692654e-01,-8.612642618485466528e-02,-2.253651618957519531e-04,-3.422796726226806641e-04
4.661999999999999744e+01,-1.990140549471074161e-01,-9.882231747067374283e-02,-2.254545688629150391e-04,-3.423094749450683594e-04
4.663000000000000256e+01,-2.032313340197441920e-01,-1.117322155951140927e-01,-2.254545688629150391e-04,-3.423392772674560547e-04
4.664000000000000057e+01,-2.071416525045331469e-01,-1.248377868239441968e-01,-2.253651618957519531e-04,-3.423392772674560547e-04
4.664999999999999858e+01,-2.107513729410125658e-01,-1.381195756420130760e-01,-2.253651618957519531e-04,-3.423392772674560547e-04
4.666000000000000369e+01,-2.140678174111431409e-01,-1.515570472312757766e-01,-2.254545688629150391e-04,-3.423690795898437500e-04
4.667000000000000171e+01,-2.170992305176622228e-01,-1.651286371457404145e-01,-2.255141735076904297e-04,-3.423690795898437500e-04
4.667999999999999972e+01,-2.198547324304996609e-01,-1.788118143452583908e-01,-2.254545688629150391e-04,-3.424286842346191406e-04
4.668999999999999773e+01,-2.223442621821697662e-01,-1.925831564928960071e-01,-2.255141735076904297e-04,-3.424584865570068359e-04
4.670000000000000284e+01,-2.245785124892045459e-01,-2.064184332066210104e-01,-2.254545688629150391e-04,-3.424286842346191406e-04
4.671000000000000085e+01,-2.265688552900495256e-01,-2.202927014714158860e-01,-2.255141735076904297e-04,-3.424286842346191406e-04
4.671999999999999886e+01,-2.283272577536369918e-01,-2.341804133787913911e-01,-2.256035804748535156e-04,-3.424286842346191406e-04
4.673000000000000398e+01,-2.298661907195271026e-01,-2.480555329085309679e-01,-2.256035804748535156e-04,-3.424584865570068359e-04
4.674000000000000199e+01,-2.311985333425150002e-01,-2.618916576168550114e-01,-2.256035804748535156e-04,-3.424882888793945312e-04
4.675000000000000000e+01,-2.323374700164118900e-01,-2.756621506411552347e-01,-2.256035804748535156e-04,-3.425180912017822266e-04
4.675999999999999801e+01,-2.332963860464174477e-01,-2.893402747007076670e-01,-2.256035804748535156e-04,-3.424882888793945312e-04
4.677000000000000313e+01,-2.340887622355695974e-01,-3.028993279335366884e-01,-2.256333827972412109e-04,-3.425478935241699219e-04
4.678000000000000114e+01,-2.347280705687432856e-01,-3.163127790923240257e-01,-2.256929874420166016e-04,-3.425478935241699219e-04
4.678999999999999915e+01,-2.352276728732040911e-01,-3.295543996019815736e-01,-2.256929874420166016e-04,-3.426373004913330078e-04
4.680000000000000426e+01,-2.356007242482249242e-01,-3.425983903933081387e-01,-2.257227897644042969e-04,-3.426074981689453125e-04
4.681000000000000227e+01,-2.358600838011650214e-01,-3.554195001658168596e-01,-2.257227897644042969e-04,-3.426373004913330078e-04
4.682000000000000028e+01,-2.360182331134513256e-01,-3.679931346294250116e-01,-2.257227897644042969e-04,-3.426671028137207031e-04
4.682999999999999829e+01,-2.360872044546795945e-01,-3.802954540998877975e-01,-2.258121967315673828e-04,-3.426671028137207031e-04
4.684000000000000341e+01,-2.360785191238738145e-01,-3.923034589485294710e-01,-2.258121967315673828e-04,-3.426969051361083984e-04
4.685000000000000142e+01,-2.360031366091741023e-01,-4.039950619888811878e-01,-2.258121967315673828e-04,-3.427267074584960938e-04
4.685999999999999943e+01,-2.358714147785626603e-01,-4.153491474719719911e-01,-2.259910106658935547e-04,-3.427267074584960938e-04
4.686999999999999744e+01,-2.356930812254782182e-01,-4.263456164738453347e-01,-2.258419990539550781e-04,-3.427863121032714844e-04
4.688000000000000256e+01,-2.354772144500333064e-01,-4.369654202951406274e-01,-2.259910106658935547e-04,-3.427863121032714844e-04
4.689000000000000057e+01,-2.352322353757498874e-01,-4.471905811740879977e-01,-2.259612083435058594e-04,-3.428161144256591797e-04
4.689999999999999858e+01,-2.349659077379070427e-01,-4.570042020919454218e-01,-2.259612083435058594e-04,-3.428161144256591797e-04
4.691000000000000369e+01,-2.346853463773233839e-01,-4.663904668285239752e-01,-2.260208129882812500e-04,-3.429055213928222656e-04
4.692000000000000171e+01,-2.343970325667487364e-01,-4.753346312885389224e-01,-2.260208129882812500e-04,-3.428757190704345703e-04
4.692999999999999972e+01,-2.341068351418875704e-01,-4.838230075896946536e-01,-2.260208129882812500e-04,-3.428757190704345703e-04
4.693999999999999773e+01,-2.338200362996411263e-01,-4.918429422639043480e-01,-2.259910106658935547e-04,-3.428757190704345703e-04
4.695000000000000284e+01,-2.335413610259105543e-01,-4.993827898010873012e-01,-2.260804176330566406e-04,-3.429055213928222656e-04
4.696000000000000085e+01,-2.332750091547921845e-01,-5.064318827165100734e-01,-2.260804176330566406e-04,-3.429651260375976562e-04
4.696999999999999886e+01,-2.330246887770910102e-01,-5.129804997020993573e-01,-2.261698246002197266e-04,-3.429651260375976562e-04
4.698000000000000398e+01,-2.327936504485537961e-01,-5.190198323746459952e-01,-2.261698246002197266e-04,-3.429949283599853516e-04
4.699000000000000199e+01,-2.325847221812612498e-01,-5.245419508229269834e-01,-2.261698246002197266e-04,-3.429949283599853516e-04
4.700000000000000000e+01,-2.324003420788366137e-01,-5.295397714341789630e-01,-2.261698246002197266e-04,-3.430247306823730469e-04
4.700999999999999801e+01,-2.322425901705171269e-01,-5.340070252051756228e-01,-2.262294292449951172e-04,-3.430843353271484375e-04
4.702000000000000313e+01,-2.321132190478676638e-01,-5.379382271092627565e-01,-2.261996269226074219e-04,-3.430545330047607422e-04
4.703000000000000114e+01,-2.320136821942517524e-01,-5.413286476514035384e-01,-2.262294292449951172e-04,-3.430545330047607422e-04
4.703999999999999915e+01,-2.319451573019972179e-01,-5.441742897284684854e-01,-2.261996269226074219e-04,-3.430843353271484375e-04
4.705000000000000426e+01,-2.319085695041923634e-01,-5.464718651338463795e-01,-2.262592315673828125e-04,-3.430843353271484375e-04
4.706000000000000227e+01,-2.319046099091888191e-01,-5.482187759550721795e-01,-2.262592315673828125e-04,-3.431439399719238281e-04
4.707000000000000028e+01,-2.319337504013761209e-01,-5.494130997863991839e-01,-2.262592315673828125e-04,-3.431737422943115234e-04
4.707999999999999829e+01,-2.319962555605991072e-01,-5.500535777358311895e-01,-2.262592315673828125e-04,-3.432035446166992188e-04
4.709000000000000341e+01,-2.320921904173497141e-01,-5.501396066198532830e-01,-2.262592315673828125e-04,-3.432333469390869141e-04
4.710000000000000142e+01,-2.322214244363887681e-01,-5.496712349844415924e-01,-2.262592315673828125e-04,-3.432333469390869141e-04
4.710999999999999943e+01,-2.323836322145164390e-01,-5.486491624214271390e-01,-2.262592315673828125e-04,-3.432333469390869141e-04
4.711999999999999744e+01,-2.325782894774410248e-01,-5.470747435776306400e-01,-2.263486385345458984e-04,-3.432631492614746094e-04
4.713000000000000256e+01,-2.328046659900410986e-01,-5.449499952840837214e-01,-2.263486385345458984e-04,-3.433227539062500000e-04
4.714000000000000057e+01,-2.330618148441167270e-01,-5.422776073176128753e-01,-2.263486385345458984e-04,-3.433227539062500000e-04
4.714999999999999858e+01,-2.333485576791268501e-01,-5.390609572309138509e-01,-2.264976501464843750e-04,-3.433823585510253906e-04
4.716000000000000369e+01,-2.336634665707845726e-01,-5.353041285242040592e-01,-2.265274524688720703e-04,-3.433823585510253906e-04
4.717000000000000171e+01,-2.340048429486006054e-01,-5.310119317760708668e-01,-2.265572547912597656e-04,-3.433823585510253906e-04
4.717999999999999972e+01,-2.343706933884062427e-01,-5.261899288740815583e-01,-2.265572547912597656e-04,-3.433823585510253906e-04
4.718999999999999773e+01,-2.347587026775544150e-01,-5.208444599192201263e-01,-2.266168594360351562e-04,-3.433823585510253906e-04
4.720000000000000284e+01,-2.351662047754811413e-01,-5.149826721629158222e-01,-2.266168594360351562e-04,-3.434121608734130859e-04
4.721000000000000085e+01,-2.355901515558320169e-01,-5.086125509872370110e-01,-2.266168594360351562e-04,-3.434121608734130859e-04
4.721999999999999886e+01,-2.360270795056562676e-01,-5.017429527643740839e-01,-2.265572547912597656e-04,-3.434419631958007812e-04
4.723000000000000398e+01,-2.364730783766331723e-01,-4.943836354482727402e-01,-2.266168594360351562e-04,-3.434419631958007812e-04
4.724000000000000199e+01,-2.369237568539202532e-01,-4.865452917495818319e-01,-2.265572547912597656e-04,-3.435015678405761719e-04
4.725000000000000000e+01,-2.373742100837216429e-01,-4.782395799878960130e-01,-2.266168594360351562e-04,-3.435313701629638672e-04
4.725999999999999801e+01,-2.378189892247964399e-01,-4.694791521318605887e-01,-2.265870571136474609e-04,-3.435313701629638672e-04
4.727000000000000313e+01,-2.382520729932557646e-01,-4.602776791018513558e-01,-2.265572547912597656e-04,-3.435313701629638672e-04
4.728000000000000114e+01,-2.386668426572799984e-01,-4.506498716323439901e-01,-2.266168594360351562e-04,-3.435611724853515625e-04
4.728999999999999915e+01,-2.390560626161246094e-01,-4.406114941406396035e-01,-2.265870571136474609e-04,-3.436207771301269531e-04
4.730000000000000426e+01,-2.394118659727220155e-01,-4.301793722972283573e-01,-2.265870571136474609e-04,-3.435909748077392578e-04
4.731000000000000227e+01,-2.397257458021093135e-01,-4.193713934735769922e-01,-2.266168594360351562e-04,-3.435611724853515625e-04
4.732000000000000028e+01,-2.399885577988992991e-01,-4.082064932838128102e-01,-2.265572547912597656e-04,-3.435611724853515625e-04
4.732999999999999829e+01,-2.401905271956259191e-01,-3.967046366965031323e-01,-2.265870571136474609e-04,-3.436207771301269531e-04
4.734000000000000341e+01,-2.403212692264935224e-01,-3.848867826582508811e-01,-2.266764640808105469e-04,-3.436803817749023438e-04
4.735000000000000142e+01,-2.403698169257234563e-01,-3.727748396879997372e-01,-2.266764640808105469e-04,-3.436803817749023438e-04
4.735999999999999943e+01,-2.403246611366209318e-01,-3.603916066046622957e-01,-2.267360687255859375e-04,-3.437101840972900391e-04
4.736999999999999744e+01,-2.401738008096598598e-01,-3.477607008344338890e-01,-2.266168594360351562e-04,-3.437399864196777344e-04
4.738000000000000256e+01,-2.399048034632128290e-01,-3.349064743134591016e-01,-2.267062664031982422e-04,-3.437697887420654297e-04
4.739000000000000057e+01,-2.395048762675009990e-01,-3.218539168858803312e-01,-2.267062664031982422e-04,-3.437697887420654297e-04
4.739999999999999858e+01,-2.389609450532745594e-01,-3.086285500464890363e-01,-2.267062664031982422e-04,-3.437399864196777344e-04
4.741000000000000369e+01,-2.382597426462743362e-01,-2.952563098589073287e-01,-2.267062664031982422e-04,-3.437697887420654297e-04
4.742000000000000171e+01,-2.373879029057237577e-01,-2.817634232888154844e-01,-2.267062664031982422e-04,-3.437697887420654297e-04
4.742999999999999972e+01,-2.363320598453193255e-01,-2.681762788693856647e-01,-2.267062664031982422e-04,-3.438591957092285156e-04
4.743999999999999773e+01,-2.350789496060217421e-01,-2.545212944780499420e-01,-2.267658710479736328e-04,-3.438889980316162109e-04
4.745000000000000284e+01,-2.336155133725268673e-01,-2.408247844664462012e-01,-2.267956733703613281e-04,-3.439188003540039062e-04
4.746000000000000085e+01,-2.319290000875769142e-01,-2.271128278741191275e-01,-2.267956733703613281e-04,-3.438889980316162109e-04
4.746999999999999886e+01,-2.300070654559425165e-01,-2.134111415747107221e-01,-2.269446849822998047e-04,-3.439188003540039062e-04
4.748000000000000398e+01,-2.278378665590148067e-01,-1.997449593531080148e-01,-2.268850803375244141e-04,-3.439188003540039062e-04
4.749000000000000199e+01,-2.254101511577820405e-01,-1.861389179323444387e-01,-2.267956733703613281e-04,-3.440380096435546875e-04
4.750000000000000000e+01,-2.227133390574676242e-01,-1.726169530265293517e-01,-2.267956733703613281e-04,-3.440380096435546875e-04
4.750999999999999801e+01,-2.197375956963016908e-01,-1.592022050101593589e-01,-2.268850803375244141e-04,-3.440380096435546875e-04
4.752000000000000313e+01,-2.164738966721381219e-01,-1.459169356367535642e-01,-2.268850803375244141e-04,-3.439784049987792969e-04
4.753000000000000114e+01,-2.129140829924489331e-01,-1.327824558441479674e-01,-2.268850803375244141e-04,-3.439784049987792969e-04
4.753999999999999915e+01,-2.090509072997042694e-01,-1.198190641310705740e-01,-2.268850803375244141e-04,-3.440678119659423828e-04
4.755000000000000426e+01,-2.048780710975191821e-01,-1.070459953874943748e-01,-2.268850803375244141e-04,-3.440678119659423828e-04
4.756000000000000227e+01,-2.003902527854611593e-01,-9.448137978438754525e-02,-2.269446849822998047e-04,-3.440678119659423828e-04
4.757000000000000028e+01,-1.955831291331369126e-01,-8.214220906071950656e-02,-2.269148826599121094e-04,-3.440678119659423828e-04
4.757999999999999829e+01,-1.904533882221061680e-01,-7.004431171836517089e-02,-2.269148826599121094e-04,-3.440678119659423828e-04
4.759000000000000341e+01,-1.849987369738747001e-01,-5.820233375470505732e-02,-2.269446849822998047e-04,-3.441274166107177734e-04
4.760000000000000142e+01,-1.792179026162781519e-01,-4.662972521510562462e-02,-2.270340919494628906e-04,-3.441572189331054688e-04
4.760999999999999943e+01,-1.731106302298519029e-01,-3.533873018222696144e-02,-2.270936965942382812e-04,-3.442466259002685547e-04
4.761999999999999744e+01,-1.666776761732943757e-01,-2.434038040529252350e-02,-2.270936965942382812e-04,-3.442466259002685547e-04
4.763000000000000256e+01,-1.599207989357371018e-01,-1.364449057960198664e-02,-2.270936965942382812e-04,-3.442764282226562500e-04
4.764000000000000057e+01,-1.528427479199263028e-01,-3.259654931320823262e-03,-2.271533012390136719e-04,-3.443062305450439453e-04
4.764999999999999858e+01,-1.454472506213026761e-01,6.806755437417029084e-03,-2.271533012390136719e-04,-3.443360328674316406e-04
4.766000000000000369e+01,-1.377389990503228023e-01,1.654859530603962348e-02,-2.271533012390136719e-04,-3.443956375122070312e-04
4.767000000000000171e+01,-1.297236355801442698e-01,2.596094815161537409e-02,-2.271533012390136719e-04,-3.443956375122070312e-04
4.767999999999999972e+01,-1.214077391419749047e-01,3.504013017964412169e-02,-2.271533012390136719e-04,-3.443956375122070312e-04
4.768999999999999773e+01,-1.127988101531645360e-01,4.378369255416100780e-02,-2.272427082061767578e-04,-3.444254398345947266e-04
4.770000000000000284e+01,-1.039052574824954056e-01,5.219042690300811776e-02,-2.272427082061767578e-04,-3.444850444793701172e-04
4.771000000000000085e+01,-9.473638333195787131e-02,6.026036731105360866e-02,-2.272427082061767578e-04,-3.444850444793701172e-04
4.771999999999999886e+01,-8.530237027925005600e-02,6.799479494237514743e-02,-2.272427082061767578e-04,-3.444850444793701172e-04
4.773000000000000398e+01,-7.561426577314039887e-02,7.539623811431346578e-02,-2.272427082061767578e-04,-3.444850444793701172e-04
4.774000000000000199e+01,-6.568396816383362258e-02,8.246847348977609515e-02,-2.273023128509521484e-04,-3.445148468017578125e-04
4.775000000000000000e+01,-5.552420946794459078e-02,8.921652138500456297e-02,-2.272427082061767578e-04,-3.445744514465332031e-04
4.775999999999999801e+01,-4.514853864437854553e-02,9.564664009876817918e-02,-2.272725105285644531e-04,-3.445744514465332031e-04
4.777000000000000313e+01,-3.457130077305294730e-02,1.017663129735853766e-01,-2.272725105285644531e-04,-3.446042537689208984e-04
4.778000000000000114e+01,-2.380761527548737669e-02,1.075842319441387557e-01,-2.273023128509521484e-04,-3.446340560913085938e-04
4.778999999999999915e+01,-1.287334922242230374e-02,1.131102725471129083e-01,-2.273023128509521484e-04,-3.445744514465332031e-04
4.780000000000000426e+01,-1.785088071597870640e-03,1.183554628183241808e-01,-2.273023128509521484e-04,-3.446638584136962891e-04
4.781000000000000227e+01,9.439899116634066847e-03,1.233319428136471080e-01,-2.273917198181152344e-04,-3.446340560913085938e-04
4.782000000000000028e+01,2.078369875708933195e-02,1.280529153912823570e-01,-2.273917198181152344e-04,-3.446638584136962891e-04
4.782999999999999829e+01,3.222779746246356297e-02,1.325325877894346083e-01,-2.273917198181152344e-04,-3.446638584136962891e-04
4.784000000000000341e+01,4.375313220011294718e-02,1.367861027929574980e-01,-2.273917198181152344e-04,-3.446638584136962891e-04
4.785000000000000142e+01,5.534014638052052459e-02,1.408294601369830812e-01,-2.273917198181152344e-04,-3.446936607360839844e-04
4.785999999999999943e+01,6.696885162300619809e-02,1.446794282924742381e-01,-2.274513244628906250e-04,-3.447532653808593750e-04
4.787000000000000455e+01,7.861889480367900696e-02,1.483534471423401668e-01,-2.274513244628906250e-04,-3.447532653808593750e-04
4.788000000000000256e+01,9.026963038732598033e-02,1.518695220962705261e-01,-2.275109291076660156e-04,-3.447532653808593750e-04
4.789000000000000057e+01,1.019001971299822729e-01,1.552461110087120788e-01,-2.275109291076660156e-04,-3.447830677032470703e-04
4.789999999999999858e+01,1.134895985054783785e-01,1.585020051303196176e-01,-2.275109291076660156e-04,-3.448128700256347656e-04
4.791000000000000369e+01,1.250167858029163914e-01,1.616562058923621259e-01,-2.275109291076660156e-04,-3.448426723480224609e-04
4.792000000000000171e+01,1.364607429775675784e-01,1.647277990174723372e-01,-2.275109291076660156e-04,-3.448724746704101562e-04
4.792999999999999972e+01,1.478005729229657506e-01,1.677358265393107950e-01,-2.275109291076660156e-04,-3.448724746704101562e-04
4.793999999999999773e+01,1.590155811403000941e-01,1.706991634388159984e-01,-2.275705337524414062e-04,-3.449320793151855469e-04
4.795000000000000284e+01,1.700853599131530169e-01,1.736363935444017181e-01,-2.276301383972167969e-04,-3.449320793151855469e-04
4.796000000000000085e+01,1.809898683335188219e-01,1.765656924807437467e-01,-2.275705337524414062e-04,-3.449618816375732422e-04
4.796999999999999886e+01,1.917095091682267660e-01,1.795047159573953388e-01,-2.276301383972167969e-04,-3.449916839599609375e-04
4.798000000000000398e+01,2.022252004061849406e-01,1.824704969255465659e-01,-2.276301383972167969e-04,-3.450214862823486328e-04
4.799000000000000199e+01,2.125184417297757422e-01,1.854793510392317990e-01,-2.276897430419921875e-04,-3.449916839599609375e-04
4.800000000000000000e+01,2.225713747125802056e-01,1.885467925047567828e-01,-2.277791500091552734e-04,-3.450214862823486328e-04
4.800999999999999801e+01,2.323668366033492250e-01,1.916874603798549015e-01,-2.277791500091552734e-04,-3.450512886047363281e-04
4.802000000000000313e+01,2.418884078263719428e-01,1.949150551480687277e-01,-2.277791500091552734e-04,-3.451108932495117188e-04
4.803000000000000114e+01,2.511204523206773120e-01,1.982422869418465905e-01,-2.278387546539306641e-04,-3.450512886047363281e-04
4.803999999999999915e+01,2.600481521292788978e-01,2.016808331081236250e-01,-2.278387546539306641e-04,-3.451108932495117188e-04
4.805000000000000426e+01,2.686575352975543729e-01,2.052413065977463924e-01,-2.278387546539306641e-04,-3.451108932495117188e-04
4.806000000000000227e+01,2.769354986626447190e-01,2.089332325974766202e-01,-2.278685569763183594e-04,-3.451704978942871094e-04
4.807000000000000028e+01,2.848698248695094026e-01,2.127650344374374392e-01,-2.278685569763183594e-04,-3.452003002166748047e-04
4.807999999999999829e+01,2.924491954417141049e-01,2.167440257710304130e-01,-2.278685569763183594e-04,-3.452003002166748047e-04
4.809000000000000341e+01,2.996631996157903544e-01,2.208764094557917335e-01,-2.278387546539306641e-04,-3.452003002166748047e-04
4.810000000000000142e+01,3.065023400428564804e-01,2.251672812845672833e-01,-2.279281616210937500e-04,-3.452003002166748047e-04
4.810999999999999943e+01,3.129580358594775125e-01,2.296206376899525281e-01,-2.278387546539306641e-04,-3.452003002166748047e-04
4.812000000000000455e+01,3.190226236145657923e-01,2.342393865714051393e-01,-2.279281616210937500e-04,-3.452301025390625000e-04
4.813000000000000256e+01,3.246893569894225839e-01,2.390253596382000967e-01,-2.279281616210937500e-04,-3.452897071838378906e-04
4.814000000000000057e+01,3.299524052338703717e-01,2.439793262935417983e-01,-2.279281616210937500e-04,-3.453195095062255859e-04
4.814999999999999858e+01,3.348068511510780554e-01,2.491010076335192225e-01,-2.279579639434814453e-04,-3.453493118286132812e-04
4.816000000000000369e+01,3.392486888176594051e-01,2.543890901519406111e-01,-2.279281616210937500e-04,-3.453791141510009766e-04
4.817000000000000171e+01,3.432748212811706501e-01,2.598412386531154805e-01,-2.279877662658691406e-04,-3.453791141510009766e-04
4.817999999999999972e+01,3.468830583965476499e-01,2.654541078918128405e-01,-2.279877662658691406e-04,-3.453791141510009766e-04
4.818999999999999773e+01,3.500721147502712238e-01,2.712233535716405131e-01,-2.280473709106445312e-04,-3.453791141510009766e-04
4.820000000000000284e+01,3.528416078621119389e-01,2.771436407467307572e-01,-2.281069755554199219e-04,-3.454089164733886719e-04
4.821000000000000085e+01,3.551920562292809613e-01,2.832086521502779064e-01,-2.281367778778076172e-04,-3.454685211181640625e-04
4.821999999999999886e+01,3.571248773141630917e-01,2.894110950056669185e-01,-2.281367778778076172e-04,-3.455281257629394531e-04
4.823000000000000398e+01,3.586423848419951765e-01,2.957427070300797656e-01,-2.281367778778076172e-04,-3.455281257629394531e-04
4.824000000000000199e+01,3.597477851950102723e-01,3.021942630613494996e-01,-2.281367778778076172e-04,-3.455579280853271484e-04
4.825000000000000000e+01,3.604451728012817990e-01,3.087555815922733427e-01,-2.281367778778076172e-04,-3.455579280853271484e-04
4.825999999999999801e+01,3.607395230339744407e-01,3.154155330206983021e-01,-2.281367778778076172e-04,-3.455877304077148438e-04
4.827000000000000313e+01,3.606366831231252457e-01,3.221620501909724377e-01,-2.281367778778076172e-04,-3.456473350524902344e-04
4.828000000000000114e+01,3.601433606658847042e-01,3.289821410594389595e-01,-2.281367778778076172e-04,-3.456473350524902344e-04
4.828999999999999915e+01,3.592671074171211454e-01,3.358619065482518762e-01,-2.281069755554199219e-04,-3.456771373748779297e-04
4.830000000000000426e+01,3.580162998576745248e-01,3.427865626323686188e-01,-2.281665802001953125e-04,-3.456473350524902344e-04
4.831000000000000227e+01,3.564001158666590952e-01,3.497404671157628986e-01,-2.281665802001953125e-04,-3.456771373748779297e-04
4.832000000000000028e+01,3.544285055233525328e-01,3.567071538693711852e-01,-2.281665802001953125e-04,-3.457367420196533203e-04
4.832999999999999829e+01,3.521121585953260746e-01,3.636693720222831661e-01,-2.281665802001953125e-04,-3.457367420196533203e-04
4.834000000000000341e+01,3.494624608783222786e-01,3.706091390890257631e-01,-2.282857894897460938e-04,-3.457367420196533203e-04
4.835000000000000142e+01,3.464914538997975191e-01,3.775077919610517196e-01,-2.283453941345214844e-04,-3.457665443420410156e-04
4.835999999999999943e+01,3.432117855207096335e-01,3.843460500383116818e-01,-2.283751964569091797e-04,-3.458261489868164062e-04
4.837000000000000455e+01,3.396366527462189588e-01,3.911040876555213486e-01,-2.284049987792968750e-04,-3.458261489868164062e-04
4.838000000000000256e+01,3.357797445526205515e-01,3.977616104558122090e-01,-2.284646034240722656e-04,-3.458559513092041016e-04
4.839000000000000057e+01,3.316551789906205805e-01,4.042979388325075862e-01,-2.284646034240722656e-04,-3.458559513092041016e-04
4.839999999999999858e+01,3.272774377361908349e-01,4.106920961460610586e-01,-2.284646034240722656e-04,-3.458559513092041016e-04
4.841000000000000369e+01,3.226612986354786550e-01,4.169229014493864294e-01,-2.284944057464599609e-04,-3.458857536315917969e-04
4.842000000000000171e+01,3.178217673310088642e-01,4.229690644028779034e-01,-2.284944057464599609e-04,-3.459155559539794922e-04
4.842999999999999972e+01,3.127740088471372415e-01,4.288092817500907539e-01,-2.284944057464599609e-04,-3.459453582763671875e-04
4.843999999999999773e+01,3.075332805904776867e-01,4.344223332697312867e-01,-2.284944057464599609e-04,-3.459453582763671875e-04
4.845000000000000284e+01,3.021148675080015389e-01,4.397871760763974458e-01,-2.284944057464599609e-04,-3.460049629211425781e-04
4.846000000000000085e+01,2.965340187936387761e-01,4.448830381659990563e-01,-2.285540103912353516e-04,-3.460049629211425781e-04
4.846999999999999886e+01,2.908058925173969134e-01,4.496895023558575288e-01,-2.285540103912353516e-04,-3.460049629211425781e-04
4.848000000000000398e+01,2.849455004858908458e-01,4.541865909936653178e-01,-2.286434173583984375e-04,-3.460645675659179688e-04
4.849000000000000199e+01,2.789676613176798603e-01,4.583548404437583490e-01,-2.287030220031738281e-04,-3.460943698883056641e-04
4.850000000000000000e+01,2.728869582083950363e-01,4.621753698839973223e-01,-2.287626266479492188e-04,-3.461241722106933594e-04
4.850999999999999801e+01,2.667177023023398208e-01,4.656299433750953898e-01,-2.288520336151123047e-04,-3.461837768554687500e-04
4.852000000000000313e+01,2.604739028355191333e-01,4.687010226160387427e-01,-2.287626266479492188e-04,-3.461837768554687500e-04
4.853000000000000114e+01,2.541692420200851177e-01,4.713718141318847255e-01,-2.288520336151123047e-04,-3.462135791778564453e-04
4.853999999999999915e+01,2.478170562445777270e-01,4.736263072278872888e-01,-2.289116382598876953e-04,-3.462433815002441406e-04
4.855000000000000426e+01,2.414303220877678791e-01,4.754493056959329667e-01,-2.289116382598876953e-04,-3.462731838226318359e-04
4.856000000000000227e+01,2.350216464630688618e-01,4.768264533399931837e-01,-2.290010452270507812e-04,-3.462731838226318359e-04
4.857000000000000028e+01,2.286032613104910793e-01,4.777442525423529207e-01,-2.290010452270507812e-04,-3.463625907897949219e-04
4.857999999999999829e+01,2.221870211998704103e-01,4.781900782839806352e-01,-2.290010452270507812e-04,-3.463625907897949219e-04
4.859000000000000341e+01,2.157844033626545033e-01,4.781521880458767249e-01,-2.290010452270507812e-04,-3.463625907897949219e-04
4.860000000000000142e+01,2.094065100385808509e-01,4.776197269287607572e-01,-2.290010452270507812e-04,-3.463625907897949219e-04
4.860999999999999943e+01,2.030640716368642684e-01,4.765827306924622087e-01,-2.290010452270507812e-04,-3.463923931121826172e-04
4.862000000000000455e+01,1.967674502096885270e-01,4.750321268141339259e-01,-2.289116382598876953e-04,-3.463923931121826172e-04
4.863000000000000256e+01,1.905266428433607107e-01,4.729597340757882296e-01,-2.289116382598876953e-04,-3.464221954345703125e-04
4.864000000000000057e+01,1.843512839449726326e-01,4.703582616773222536e-01,-2.289414405822753906e-04,-3.464519977569580078e-04
4.864999999999999858e+01,1.782506458386759196e-01,4.672213089412252662e-01,-2.290308475494384766e-04,-3.464818000793457031e-04
4.866000000000000369e+01,1.722336384709064194e-01,4.635433653717444535e-01,-2.288818359375000000e-04,-3.464818000793457031e-04
4.867000000000000171e+01,1.663088040309915472e-01,4.593198125607264592e-01,-2.289414405822753906e-04,-3.464818000793457031e-04
4.867999999999999972e+01,1.604843109135967449e-01,4.545469282827092061e-01,-2.289414405822753906e-04,-3.466010093688964844e-04
4.868999999999999773e+01,1.547679427417433251e-01,4.492218939377804476e-01,-2.289414405822753906e-04,-3.465712070465087891e-04
4.870000000000000284e+01,1.491670842383646389e-01,4.433428038816510375e-01,-2.288818359375000000e-04,-3.466010093688964844e-04
4.871000000000000085e+01,1.436887032532163100e-01,4.369086783134459306e-01,-2.290308475494384766e-04,-3.466010093688964844e-04
4.871999999999999886e+01,1.383393269415326698e-01,4.299194818958782527e-01,-2.290308475494384766e-04,-3.466010093688964844e-04
4.873000000000000398e+01,1.331250151383765734e-01,4.223761444306630142e-01,-2.290904521942138672e-04,-3.465712070465087891e-04
4.874000000000000199e+01,1.280513278920052678e-01,4.142805875908812108e-01,-2.290904521942138672e-04,-3.466308116912841797e-04
4.875000000000000000e+01,1.231232888719610008e-01,4.056357556060942726e-01,-2.290904521942138672e-04,-3.466606140136718750e-04
4.875999999999999801e+01,1.183453439066110280e-01,3.964456508525514011e-01,-2.291202545166015625e-04,-3.467202186584472656e-04
4.877000000000000313e+01,1.137213152921000281e-01,3.867153742030833841e-01,-2.291202545166015625e-04,-3.467202186584472656e-04
4.878000000000000114e+01,1.092543517418541749e-01,3.764511696551238740e-01,-2.291202545166015625e-04,-3.467500209808349609e-04
4.878999999999999915e+01,1.049468749016959912e-01,3.656604733051617706e-01,-2.291202545166015625e-04,-3.467798233032226562e-04
4.880000000000000426e+01,1.008005226811130306e-01,3.543519655897574006e-01,-2.290606498718261719e-04,-3.467798233032226562e-04
4.881000000000000227e+01,9.681608992658785606e-02,3.425356269431327205e-01,-2.290606498718261719e-04,-3.467798233032226562e-04
4.882000000000000028e+01,9.299346901651786568e-02,3.302227938779822014e-01,-2.290606498718261719e-04,-3.467798233032226562e-04
4.882999999999999829e+01,8.933158808889174463e-02,3.174262178625371633e-01,-2.291202545166015625e-04,-3.467798233032226562e-04
4.884000000000000341e+01,8.582835383268921925e-02,3.041601197445137350e-01,-2.292096614837646484e-04,-3.468394279479980469e-04
4.885000000000000142e+01,8.248059393021420216e-02,2.904402445867036997e-01,-2.291202545166015625e-04,-3.468394279479980469e-04
4.885999999999999943e+01,7.928400679660337069e-02,2.762839088115741082e-01,-2.292096614837646484e-04,-3.468990325927734375e-04
4.887000000000000455e+01,7.623311818791986272e-02,2.617100394816663789e-01,-2.292096614837646484e-04,-3.468990325927734375e-04
4.888000000000000256e+01,7.332124435393146122e-02,2.467392064513999894e-01,-2.292096614837646484e-04,-3.469288349151611328e-04
4.889000000000000057e+01,7.054047251636731686e-02,2.313936342507031951e-01,-2.292096614837646484e-04,-3.469586372375488281e-04
4.889999999999999858e+01,6.788164774864906270e-02,2.156972067741368959e-01,-2.292692661285400391e-04,-3.470182418823242188e-04
4.891000000000000369e+01,6.533438384472635418e-02,1.996754434560958080e-01,-2.292394638061523438e-04,-3.470182418823242188e-04
4.892000000000000171e+01,6.288708574949791741e-02,1.833554618380446311e-01,-2.292692661285400391e-04,-3.470182418823242188e-04
4.892999999999999972e+01,6.052699940791918948e-02,1.667659070197243520e-01,-2.292692661285400391e-04,-3.471076488494873047e-04
4.893999999999999773e+01,5.824027329366192329e-02,1.499368672958615312e-01,-2.292692661285400391e-04,-3.471076488494873047e-04
4.895000000000000284e+01,5.601204965206687397e-02,1.328997536061983231e-01,-2.293586730957031250e-04,-3.471076488494873047e-04
4.896000000000000085e+01,5.382657355268847393e-02,1.156871573430487549e-01,-2.293586730957031250e-04,-3.471076488494873047e-04
4.896999999999999886e+01,5.166732217749579748e-02,9.833268341548229152e-02,-2.293586730957031250e-04,-3.471672534942626953e-04
4.898000000000000398e+01,4.951715317766545305e-02,8.087076003146118075e-02,-2.293586730957031250e-04,-3.471672534942626953e-04
4.899000000000000199e+01,4.735846779870332701e-02,6.333643040746836372e-02,-2.293586730957031250e-04,-3.472566604614257812e-04
4.900000000000000000e+01,4.517338635001659497e-02,4.576512938684670212e-02,-2.293586730957031250e-04,-3.471970558166503906e-04
4.900999999999999801e+01,4.294393111547578634e-02,2.819245103008639897e-02,-2.293586730957031250e-04,-3.471970558166503906e-04
4.902000000000000313e+01,4.065221180649065263e-02,1.065391325228103037e-02,-2.293586730957031250e-04,-3.471970558166503906e-04
4.903000000000000114e+01,3.828061043040474620e-02,-6.815276645846905790e-03,-2.294182777404785156e-04,-3.472864627838134766e-04
4.903999999999999915e+01,3.581195965749862237e-02,-2.418044824200594328e-02,-2.294182777404785156e-04,-3.472864627838134766e-04
4.905000000000000426e+01,3.322970976789028225e-02,-4.140768000942916804e-02,-2.294182777404785156e-04,-3.472864627838134766e-04
4.906000000000000227e+01,3.051808242126267251e-02,-5.846399500047214093e-02,-2.294182777404785156e-04,-3.473162651062011719e-04
4.907000000000000028e+01,2.766220948290371018e-02,-7.531753805725273365e-02,-2.294182777404785156e-04,-3.473162651062011719e-04
4.907999999999999829e+01,2.464824349884674193e-02,-9.193771830327178429e-02,-2.295672893524169922e-04,-3.473162651062011719e-04
4.909000000000000341e+01,2.146346110741135724e-02,-1.082953431388379018e-01,-2.295374870300292969e-04,-3.474354743957519531e-04
4.910000000000000142e+01,1.809633426684216159e-02,-1.243627130887541843e-01,-2.295970916748046875e-04,-3.474354743957519531e-04
4.910999999999999943e+01,1.453658494631569938e-02,-1.401136969851063951e-01,-2.295970916748046875e-04,-3.474652767181396484e-04
4.912000000000000455e+01,1.077522031885947904e-02,-1.555237840241453229e-01,-2.297461032867431641e-04,-3.474950790405273438e-04
4.913000000000000256e+01,6.804547897485870543e-03,-1.705701121443933266e-01,-2.296566963195800781e-04,-3.474652767181396484e-04
4.914000000000000057e+01,2.618175622796015643e-03,-1.852314791709297193e-01,-2.297163009643554688e-04,-3.474950790405273438e-04
4.914999999999999858e+01,-1.789003056077224409e-03,-1.994883367637717841e-01,-2.296566963195800781e-04,-3.475248813629150391e-04
4.916000000000000369e+01,-6.420835606488624683e-03,-2.133227716458875323e-01,-2.298355102539062500e-04,-3.475546836853027344e-04
4.917000000000000171e+01,-1.127994783287466704e-02,-2.267184746948900653e-01,-2.299249172210693359e-04,-3.476142883300781250e-04
4.917999999999999972e+01,-1.636778593603646983e-02,-2.396607058147228464e-01,-2.298057079315185547e-04,-3.475546836853027344e-04
4.918999999999999773e+01,-2.168466675461386273e-02,-2.521362499544095859e-01,-2.298057079315185547e-04,-3.476142883300781250e-04
4.920000000000000284e+01,-2.722983012026687633e-02,-2.641333717982021767e-01,-2.298057079315185547e-04,-3.476738929748535156e-04
4.921000000000000085e+01,-3.300149232969493140e-02,-2.756417700469676602e-01,-2.298355102539062500e-04,-3.477036952972412109e-04
4.921999999999999886e+01,-3.899690134055463359e-02,-2.866525304625852089e-01,-2.299249172210693359e-04,-3.477036952972412109e-04
4.923000000000000398e+01,-4.521239009599304498e-02,-2.971580818256466805e-01,-2.298951148986816406e-04,-3.477036952972412109e-04
4.924000000000000199e+01,-5.164342757660757288e-02,-3.071521549207844592e-01,-2.299249172210693359e-04,-3.477334976196289062e-04
4.925000000000000000e+01,-5.828466803769134785e-02,-3.166297440003071340e-01,-2.299845218658447266e-04,-3.477931022644042969e-04
4.925999999999999801e+01,-6.512999633326650717e-02,-3.255870728806769532e-01,-2.299249172210693359e-04,-3.477334976196289062e-04
4.927000000000000313e+01,-7.217256905970632908e-02,-3.340215654956728009e-01,-2.299845218658447266e-04,-3.477334976196289062e-04
4.928000000000000114e+01,-7.940485263366055257e-02,-3.419318198828186772e-01,-2.299845218658447266e-04,-3.477931022644042969e-04
4.928999999999999915e+01,-8.681865654574305591e-02,-3.493175869588669435e-01,-2.300143241882324219e-04,-3.478229045867919922e-04
4.930000000000000426e+01,-9.440516240705845719e-02,-3.561797532702311586e-01,-2.300143241882324219e-04,-3.478527069091796875e-04
4.931000000000000227e+01,-1.021549493353686305e-01,-3.625203269180174992e-01,-2.300143241882324219e-04,-3.478825092315673828e-04
4.932000000000000028e+01,-1.100580152120174821e-01,-3.683424269114576322e-01,-2.300143241882324219e-04,-3.478825092315673828e-04
4.932999999999999829e+01,-1.181037945859684524e-01,-3.736502748805097252e-01,-2.301037311553955078e-04,-3.478825092315673828e-04
4.934000000000000341e+01,-1.262811734368594618e-01,-3.784491886945682282e-01,-2.301037311553955078e-04,-3.479719161987304688e-04
4.935000000000000142e+01,-1.345785014329859697e-01,-3.827455770529842316e-01,-2.301037311553955078e-04,-3.479719161987304688e-04
4.935999999999999943e+01,-1.429836018407615039e-01,-3.865469348464230515e-01,-2.301633358001708984e-04,-3.480017185211181641e-04
4.937000000000000455e+01,-1.514837799233346716e-01,-3.898618381104743680e-01,-2.301633358001708984e-04,-3.480017185211181641e-04
4.938000000000000256e+01,-1.600658318105313005e-01,-3.926999356067590874e-01,-2.302527427673339844e-04,-3.480017185211181641e-04
4.939000000000000057e+01,-1.687160515903725067e-01,-3.950719408386005327e-01,-2.302527427673339844e-04,-3.480315208435058594e-04
4.939999999999999858e+01,-1.774202405119065795e-01,-3.969896186758951062e-01,-2.302527427673339844e-04,-3.480613231658935547e-04
4.941000000000000369e+01,-1.861637170233655103e-01,-3.984657685649566350e-01,-2.301931381225585938e-04,-3.480911254882812500e-04
4.942000000000000171e+01,-1.949313292819175036e-01,-3.995142023629049688e-01,-2.303123474121093750e-04,-3.480911254882812500e-04
4.942999999999999972e+01,-2.037074711028014906e-01,-4.001497156038389402e-01,-2.302825450897216797e-04,-3.480911254882812500e-04
4.943999999999999773e+01,-2.124761015349903304e-01,-4.003880520241623886e-01,-2.302825450897216797e-04,-3.481507301330566406e-04
4.945000000000000284e+01,-2.212207689088029339e-01,-4.002458606221125925e-01,-2.302825450897216797e-04,-3.481805324554443359e-04
4.946000000000000085e+01,-2.299246402928577515e-01,-3.997406439036443326e-01,-2.302825450897216797e-04,-3.481805324554443359e-04
4.946999999999999886e+01,-2.385705359053814922e-01,-3.988906985617523548e-01,-2.303421497344970703e-04,-3.482103347778320312e-04
4.948000000000000398e+01,-2.471409702363703553e-01,-3.977150460219833206e-01,-2.303719520568847656e-04,-3.482103347778320312e-04
4.949000000000000199e+01,-2.556181978572300562e-01,-3.962333563555446858e-01,-2.303719520568847656e-04,-3.482401371002197266e-04
4.950000000000000000e+01,-2.639842665844467362e-01,-3.944658617300152437e-01,-2.304911613464355469e-04,-3.482699394226074219e-04
4.950999999999999801e+01,-2.722210742997366317e-01,-3.924332651329666133e-01,-2.304911613464355469e-04,-3.483295440673828125e-04
4.952000000000000313e+01,-2.803104343793982878e-01,-3.901566374968237216e-01,-2.304911613464355469e-04,-3.483593463897705078e-04
4.953000000000000114e+01,-2.882341404468127810e-01,-3.876573165233745399e-01,-2.305209636688232422e-04,-3.483295440673828125e-04
4.953999999999999915e+01,-2.959740383386683105e-01,-3.849567965550011461e-01,-2.306103706359863281e-04,-3.483891487121582031e-04
4.955000000000000426e+01,-3.035121000546727732e-01,-3.820766165814190041e-01,-2.305209636688232422e-04,-3.483891487121582031e-04
4.956000000000000227e+01,-3.108304984328440490e-01,-3.790382481965345884e-01,-2.306401729583740234e-04,-3.484189510345458984e-04
4.957000000000000028e+01,-3.179116828607294054e-01,-3.758629843649254898e-01,-2.306401729583740234e-04,-3.484487533569335938e-04
4.957999999999999829e+01,-3.247384535642419690e-01,-3.725718312754289219e-01,-2.306699752807617188e-04,-3.484487533569335938e-04
4.959000000000000341e+01,-3.312940334482725180e-01,-3.691854044563370740e-01,-2.306699752807617188e-04,-3.484487533569335938e-04
4.960000000000000142e+01,-3.375621377294216185e-01,-3.657238304192864664e-01,-2.306699752807617188e-04,-3.485381603240966797e-04
4.960999999999999943e+01,-3.435270394592938592e-01,-3.622066551869128626e-01,-2.306699752807617188e-04,-3.485381603240966797e-04
4.962000000000000455e+01,-3.491736288120458886e-01,-3.586527626757059495e-01,-2.306997776031494141e-04,-3.485381603240966797e-04
4.963000000000000256e+01,-3.544874679749142610e-01,-3.550803008198554767e-01,-2.306699752807617188e-04,-3.485381603240966797e-04
4.964000000000000057e+01,-3.594548403418775795e-01,-3.515066166859021624e-01,-2.307295799255371094e-04,-3.485977649688720703e-04
4.964999999999999858e+01,-3.640627925288237310e-01,-3.479482026002195250e-01,-2.306997776031494141e-04,-3.485977649688720703e-04
4.966000000000000369e+01,-3.682991704884416295e-01,-3.444206513838429240e-01,-2.307295799255371094e-04,-3.487169742584228516e-04
4.967000000000000171e+01,-3.721526502550887017e-01,-3.409386196613846121e-01,-2.306699752807617188e-04,-3.486871719360351562e-04
4.967999999999999972e+01,-3.756127621470989886e-01,-3.375158007791930204e-01,-2.307295799255371094e-04,-3.486871719360351562e-04
4.968999999999999773e+01,-3.786699092006501899e-01,-3.341649060487975054e-01,-2.307295799255371094e-04,-3.487765789031982422e-04
4.970000000000000284e+01,-3.813153823711643020e-01,-3.308976504228220428e-01,-2.308189868927001953e-04,-3.487765789031982422e-04
4.971000000000000085e+01,-3.835413703233629401e-01,-3.277247456093090872e-01,-2.308189868927001953e-04,-3.488063812255859375e-04
4.971999999999999886e+01,-3.853409660167377848e-01,-3.246558973887586075e-01,-2.308189868927001953e-04,-3.488063812255859375e-04
4.973000000000000398e+01,-3.867081705797835722e-01,-3.216998060974841644e-01,-2.308189868927001953e-04,-3.488659858703613281e-04
4.974000000000000199e+01,-3.876378948414083148e-01,-3.188641697710045131e-01,-2.307891845703125000e-04,-3.488659858703613281e-04
4.975000000000000000e+01,-3.881259597469957079e-01,-3.161556879505711959e-01,-2.308487892150878906e-04,-3.488957881927490234e-04
4.975999999999999801e+01,-3.881690952354506785e-01,-3.135800668111791700e-01,-2.309083938598632812e-04,-3.489553928375244141e-04
4.977000000000000313e+01,-3.877649392828304564e-01,-3.111420229484197497e-01,-2.309978008270263672e-04,-3.489255905151367188e-04
4.978000000000000114e+01,-3.869120365915439397e-01,-3.088452865961383020e-01,-2.310574054718017578e-04,-3.489255905151367188e-04
4.978999999999999915e+01,-3.856098380200227993e-01,-3.066926026460701782e-01,-2.310276031494140625e-04,-3.489851951599121094e-04
4.980000000000000426e+01,-3.838587003947900311e-01,-3.046857299566356203e-01,-2.310574054718017578e-04,-3.490447998046875000e-04
4.981000000000000227e+01,-3.816598872735569858e-01,-3.028254381902309444e-01,-2.310276031494140625e-04,-3.489851951599121094e-04
4.982000000000000028e+01,-3.790155707005578023e-01,-3.011115020455631397e-01,-2.310276031494140625e-04,-3.490447998046875000e-04
4.982999999999999829e+01,-3.759288335818134485e-01,-2.995426936144161556e-01,-2.311468124389648438e-04,-3.490447998046875000e-04
4.984000000000000341e+01,-3.724036731394880229e-01,-2.981167720778119534e-01,-2.312064170837402344e-04,-3.491044044494628906e-04
4.985000000000000142e+01,-3.684450043171516032e-01,-2.968304726770822910e-01,-2.311766147613525391e-04,-3.491044044494628906e-04
4.985999999999999943e+01,-3.640586639876749464e-01,-2.956794935659162182e-01,-2.311766147613525391e-04,-3.491640090942382812e-04
4.987000000000000455e+01,-3.592514140460653649e-01,-2.946584837267164358e-01,-2.311468124389648438e-04,-3.491342067718505859e-04
4.988000000000000256e+01,-3.540309446139273120e-01,-2.937610299655391000e-01,-2.312064170837402344e-04,-3.491640090942382812e-04
4.989000000000000057e+01,-3.484058746910610460e-01,-2.929796473726060113e-01,-2.312064170837402344e-04,-3.492236137390136719e-04
4.989999999999999858e+01,-3.423857520810680843e-01,-2.923057702958178905e-01,-2.312064170837402344e-04,-3.492534160614013672e-04
4.991000000000000369e+01,-3.359810487440661464e-01,-2.917297501019276429e-01,-2.312064170837402344e-04,-3.492236137390136719e-04
4.992000000000000171e+01,-3.292031545468823706e-01,-2.912408549741650199e-01,-2.312660217285156250e-04,-3.492534160614013672e-04
4.992999999999999972e+01,-3.220643654419739765e-01,-2.908272781862305534e-01,-2.313256263732910156e-04,-3.492832183837890625e-04
4.993999999999999773e+01,-3.145778671654688163e-01,-2.904761531485227644e-01,-2.313256263732910156e-04,-3.492832183837890625e-04
4.995000000000000284e+01,-3.067577132392329542e-01,-2.901735772498634236e-01,-2.313256263732910156e-04,-3.493130207061767578e-04
4.996000000000000085e+01,-2.986187970055118046e-01,-2.899046449670349967e-01,-2.313256263732910156e-04,-3.493428230285644531e-04
4.996999999999999886e+01,-2.901768167690455535e-01,-2.896534918823860938e-01,-2.314448356628417969e-04,-3.493428230285644531e-04
4.998000000000000398e+01,-2.814482345762240323e-01,-2.894033487163003571e-01,-2.314448356628417969e-04,-3.493428230285644531e-04
4.999000000000000199e+01,-2.724502274110310873e-01,-2.891366076148980113e-01,-2.314448356628417969e-04,-3.494322299957275391e-04
5.000000000000000000e+01,-2.632006322342055893e-01,-2.888348983311759266e-01,-2.314448356628417969e-04,-3.494024276733398438e-04
